ISO-10303-21;
HEADER;

/* File generated by Shapr3D Version 26.142.11496.0 */

FILE_DESCRIPTION(('HOOPS Exchange Step'),'2;1');

FILE_NAME('C:\\Users\\cdeit\\AppData\\Local\\Packages\\Shapr3D.Shapr3D_j403pzjkqtqbj\\TempState\\export\\temp_export',
'2026-08-14T12:05:05-04:00',
('cdeit'),
('Shapr3D Limited'),
'HOOPS Exchange 2026.3',
'Shapr3D',
'Authorized');

FILE_SCHEMA( ('AP242_MANAGED_MODEL_BASED_3D_ENGINEERING_MIM_LF {1 0 10303 442 1 1 4}') );

ENDSEC;

DATA;
#3=(NAMED_UNIT(*)PLANE_ANGLE_UNIT()SI_UNIT($,.RADIAN.));
#4=PLANE_ANGLE_MEASURE_WITH_UNIT(PLANE_ANGLE_MEASURE(0.0174532925),#3);
#5=(CONVERSION_BASED_UNIT('DEGREE',#4)NAMED_UNIT(#6)PLANE_ANGLE_UNIT());
#6=DIMENSIONAL_EXPONENTS(0.,0.,0.,0.,0.,0.,0.);
#7=(NAMED_UNIT(*)SI_UNIT($,.STERADIAN.)SOLID_ANGLE_UNIT());
#8=(LENGTH_UNIT()NAMED_UNIT(*)SI_UNIT(.MILLI.,.METRE.));
#9=UNCERTAINTY_MEASURE_WITH_UNIT(LENGTH_MEASURE(1.000000E-05),#8,'DISTANCE_ACCURACY_VALUE','Maximum Tolerance applied to model');
#10=(GEOMETRIC_REPRESENTATION_CONTEXT(3)GLOBAL_UNCERTAINTY_ASSIGNED_CONTEXT((#9))GLOBAL_UNIT_ASSIGNED_CONTEXT((#8,#5,#7))REPRESENTATION_CONTEXT('','belt cart mod'));
#12=CARTESIAN_POINT('',(0.,0.,0.));
#13=DIRECTION('',(0.,0.,1.));
#14=DIRECTION('',(1.,0.,0.));
#15=AXIS2_PLACEMENT_3D('',#12,#13,#14);
#27=CARTESIAN_POINT('',(-108.050000381,197.146992443,-47.496));
#28=CARTESIAN_POINT('',(-108.050000381,196.884719437,-47.496));
#29=CARTESIAN_POINT('',(-108.050000381,196.623626789,-47.443921289));
#30=CARTESIAN_POINT('',(-108.050000381,196.139624367,-47.243596841));
#31=CARTESIAN_POINT('',(-108.050000381,195.918028422,-47.095361245));
#32=CARTESIAN_POINT('',(-108.050000381,195.547529339,-46.72506588));
#33=CARTESIAN_POINT('',(-108.050000381,195.399528687,-46.50331295));
#34=CARTESIAN_POINT('',(-108.050000381,195.198938069,-46.01942078));
#35=CARTESIAN_POINT('',(-108.050000381,195.147064468,-45.757910389));
#36=CARTESIAN_POINT('',(-108.050000381,195.146920418,-45.234089611));
#37=CARTESIAN_POINT('',(-108.050000381,195.199071154,-44.972634346));
#38=CARTESIAN_POINT('',(-108.050000381,195.399395602,-44.488631924));
#39=CARTESIAN_POINT('',(-108.050000381,195.547631198,-44.267035979));
#40=CARTESIAN_POINT('',(-108.050000381,195.917926563,-43.896536896));
#41=CARTESIAN_POINT('',(-108.050000381,196.139679493,-43.748536244));
#42=CARTESIAN_POINT('',(-108.050000381,196.623571663,-43.547945626));
#43=CARTESIAN_POINT('',(-108.050000381,196.885082054,-43.496072025));
#44=CARTESIAN_POINT('',(-108.050000381,197.408902832,-43.495927975));
#45=CARTESIAN_POINT('',(-108.050000381,197.670358097,-43.548078711));
#46=CARTESIAN_POINT('',(-108.050000381,198.154360519,-43.748403159));
#47=CARTESIAN_POINT('',(-108.050000381,198.375956464,-43.896638755));
#48=CARTESIAN_POINT('',(-108.050000381,198.746455547,-44.26693412));
#49=CARTESIAN_POINT('',(-108.050000381,198.894456199,-44.48868705));
#50=CARTESIAN_POINT('',(-108.050000381,199.095046817,-44.97257922));
#51=CARTESIAN_POINT('',(-108.050000381,199.146920418,-45.234089611));
#52=CARTESIAN_POINT('',(-108.050000381,199.147064468,-45.757910389));
#53=CARTESIAN_POINT('',(-108.050000381,199.094913732,-46.019365654));
#54=CARTESIAN_POINT('',(-108.050000381,198.894589284,-46.503368076));
#55=CARTESIAN_POINT('',(-108.050000381,198.746353688,-46.724964021));
#56=CARTESIAN_POINT('',(-108.050000381,198.376058323,-47.095463104));
#57=CARTESIAN_POINT('',(-108.050000381,198.154305393,-47.243463756));
#58=CARTESIAN_POINT('',(-108.050000381,197.670413223,-47.444054374));
#59=CARTESIAN_POINT('',(-108.050000381,197.409265449,-47.496));
#60=CARTESIAN_POINT('',(-108.050000381,197.146992443,-47.496));
#61=CARTESIAN_POINT('',(-119.867190429,197.146992443,-47.496));
#62=CARTESIAN_POINT('',(-119.867190429,196.884719437,-47.496));
#63=CARTESIAN_POINT('',(-119.867190429,196.623626789,-47.443921289));
#64=CARTESIAN_POINT('',(-119.867190429,196.139624367,-47.243596841));
#65=CARTESIAN_POINT('',(-119.867190429,195.918028422,-47.095361245));
#66=CARTESIAN_POINT('',(-119.867190429,195.547529339,-46.72506588));
#67=CARTESIAN_POINT('',(-119.867190429,195.399528687,-46.50331295));
#68=CARTESIAN_POINT('',(-119.867190429,195.198938069,-46.01942078));
#69=CARTESIAN_POINT('',(-119.867190429,195.147064468,-45.757910389));
#70=CARTESIAN_POINT('',(-119.867190429,195.146920418,-45.234089611));
#71=CARTESIAN_POINT('',(-119.867190429,195.199071154,-44.972634346));
#72=CARTESIAN_POINT('',(-119.867190429,195.399395602,-44.488631924));
#73=CARTESIAN_POINT('',(-119.867190429,195.547631198,-44.267035979));
#74=CARTESIAN_POINT('',(-119.867190429,195.917926563,-43.896536896));
#75=CARTESIAN_POINT('',(-119.867190429,196.139679493,-43.748536244));
#76=CARTESIAN_POINT('',(-119.867190429,196.623571663,-43.547945626));
#77=CARTESIAN_POINT('',(-119.867190429,196.885082054,-43.496072025));
#78=CARTESIAN_POINT('',(-119.867190429,197.408902832,-43.495927975));
#79=CARTESIAN_POINT('',(-119.867190429,197.670358097,-43.548078711));
#80=CARTESIAN_POINT('',(-119.867190429,198.154360519,-43.748403159));
#81=CARTESIAN_POINT('',(-119.867190429,198.375956464,-43.896638755));
#82=CARTESIAN_POINT('',(-119.867190429,198.746455547,-44.26693412));
#83=CARTESIAN_POINT('',(-119.867190429,198.894456199,-44.48868705));
#84=CARTESIAN_POINT('',(-119.867190429,199.095046817,-44.97257922));
#85=CARTESIAN_POINT('',(-119.867190429,199.146920418,-45.234089611));
#86=CARTESIAN_POINT('',(-119.867190429,199.147064468,-45.757910389));
#87=CARTESIAN_POINT('',(-119.867190429,199.094913732,-46.019365654));
#88=CARTESIAN_POINT('',(-119.867190429,198.894589284,-46.503368076));
#89=CARTESIAN_POINT('',(-119.867190429,198.746353688,-46.724964021));
#90=CARTESIAN_POINT('',(-119.867190429,198.376058323,-47.095463104));
#91=CARTESIAN_POINT('',(-119.867190429,198.154305393,-47.243463756));
#92=CARTESIAN_POINT('',(-119.867190429,197.670413223,-47.444054374));
#93=CARTESIAN_POINT('',(-119.867190429,197.409265449,-47.496));
#94=CARTESIAN_POINT('',(-119.867190429,197.146992443,-47.496));
#95=B_SPLINE_SURFACE_WITH_KNOTS('',1,3,((#27,#28,#29,#30,#31,#32,#33,#34,#35,#36,#37,#38,#39,#40,#41,#42,#43,#44,#45,#46,#47,#48,#49,#50,#51,#52,
#53,#54,#55,#56,#57,#58,#59,#60),(#61,#62,#63,#64,#65,#66,#67,#68,#69,#70,#71,#72,#73,#74,#75,#76,#77,#78,#79,#80,#81,#82,#83,#84,#85,#86,
#87,#88,#89,#90,#91,#92,#93,#94)),.UNSPECIFIED.,.F.,.T.,.U.,(2,2),(4,2,2,2,2,2,2,2,2,2,2,2,2,2,2,2,4),(0.,0.288224148),(0.,0.0625,0.125,0.1875,0.25,0.3125,0.375,0.4375,0.5,0.5625,0.625,0.6875,0.75,0.8125,0.875,0.9375,1.),.UNSPECIFIED.);
#96=CARTESIAN_POINT('',(-119.867190429,197.146992443,-47.496));
#97=VERTEX_POINT('',#96);
#98=CARTESIAN_POINT('',(-108.050000381,197.146992443,-47.496));
#99=VERTEX_POINT('',#98);
#100=CARTESIAN_POINT('',(-119.867190429,197.146992443,-47.496));
#101=CARTESIAN_POINT('',(-108.050000381,197.146992443,-47.496));
#102=B_SPLINE_CURVE_WITH_KNOTS('',1,(#100,#101),.UNSPECIFIED.,.F.,.F.,(2,2),(0.711775852,1.),.UNSPECIFIED.);
#103=EDGE_CURVE('',#97,#99,#102,.T.);
#104=ORIENTED_EDGE('',*,*,#103,.T.);
#105=CARTESIAN_POINT('',(-108.050000381,197.146992443,-47.496));
#106=CARTESIAN_POINT('',(-108.050000381,196.950287688,-47.496));
#107=CARTESIAN_POINT('',(-108.050000381,196.756811799,-47.457570561));
#108=CARTESIAN_POINT('',(-108.050000381,196.56414287,-47.419301405));
#109=CARTESIAN_POINT('',(-108.050000381,196.381625578,-47.343759065));
#110=CARTESIAN_POINT('',(-108.050000381,196.20012467,-47.268637397));
#111=CARTESIAN_POINT('',(-108.050000381,196.035851977,-47.158939225));
#112=CARTESIAN_POINT('',(-108.050000381,195.872494068,-47.049851928));
#113=CARTESIAN_POINT('',(-108.050000381,195.732778881,-46.910213562));
#114=CARTESIAN_POINT('',(-108.050000381,195.593841724,-46.7713528));
#115=CARTESIAN_POINT('',(-108.050000381,195.484053218,-46.607140466));
#116=CARTESIAN_POINT('',(-108.050000381,195.374876091,-46.44384258));
#117=CARTESIAN_POINT('',(-108.050000381,195.299233378,-46.261366865));
#118=CARTESIAN_POINT('',(-108.050000381,195.224011896,-46.079907301));
#119=CARTESIAN_POINT('',(-108.050000381,195.185421882,-45.886180644));
#120=CARTESIAN_POINT('',(-108.050000381,195.147046765,-45.693532792));
#121=CARTESIAN_POINT('',(-108.050000381,195.146992443,-45.496));
#122=CARTESIAN_POINT('',(-108.050000381,195.146938424,-45.299567208));
#123=CARTESIAN_POINT('',(-108.050000381,195.185421882,-45.105819356));
#124=CARTESIAN_POINT('',(-108.050000381,195.223691038,-44.913150427));
#125=CARTESIAN_POINT('',(-108.050000381,195.299233378,-44.730633135));
#126=CARTESIAN_POINT('',(-108.050000381,195.374355046,-44.549132227));
#127=CARTESIAN_POINT('',(-108.050000381,195.484053218,-44.384859534));
#128=CARTESIAN_POINT('',(-108.050000381,195.593140515,-44.221501625));
#129=CARTESIAN_POINT('',(-108.050000381,195.732778881,-44.081786438));
#130=CARTESIAN_POINT('',(-108.050000381,195.871639643,-43.942849281));
#131=CARTESIAN_POINT('',(-108.050000381,196.035851977,-43.833060775));
#132=CARTESIAN_POINT('',(-108.050000381,196.199149863,-43.723883648));
#133=CARTESIAN_POINT('',(-108.050000381,196.381625578,-43.648240935));
#134=CARTESIAN_POINT('',(-108.050000381,196.563085142,-43.573019453));
#135=CARTESIAN_POINT('',(-108.050000381,196.756811799,-43.534429439));
#136=CARTESIAN_POINT('',(-108.050000381,196.949459651,-43.496054322));
#137=CARTESIAN_POINT('',(-108.050000381,197.146992443,-43.496));
#138=CARTESIAN_POINT('',(-108.050000381,197.343425235,-43.495945981));
#139=CARTESIAN_POINT('',(-108.050000381,197.537173087,-43.534429439));
#140=CARTESIAN_POINT('',(-108.050000381,197.729842016,-43.572698595));
#141=CARTESIAN_POINT('',(-108.050000381,197.912359308,-43.648240935));
#142=CARTESIAN_POINT('',(-108.050000381,198.093860216,-43.723362603));
#143=CARTESIAN_POINT('',(-108.050000381,198.258132909,-43.833060775));
#144=CARTESIAN_POINT('',(-108.050000381,198.421490818,-43.942148072));
#145=CARTESIAN_POINT('',(-108.050000381,198.561206005,-44.081786438));
#146=CARTESIAN_POINT('',(-108.050000381,198.700143162,-44.2206472));
#147=CARTESIAN_POINT('',(-108.050000381,198.809931668,-44.384859534));
#148=CARTESIAN_POINT('',(-108.050000381,198.919108795,-44.54815742));
#149=CARTESIAN_POINT('',(-108.050000381,198.994751508,-44.730633135));
#150=CARTESIAN_POINT('',(-108.050000381,199.06997299,-44.912092699));
#151=CARTESIAN_POINT('',(-108.050000381,199.108563004,-45.105819356));
#152=CARTESIAN_POINT('',(-108.050000381,199.146938121,-45.298467208));
#153=CARTESIAN_POINT('',(-108.050000381,199.146992443,-45.496));
#154=CARTESIAN_POINT('',(-108.050000381,199.147046462,-45.692432792));
#155=CARTESIAN_POINT('',(-108.050000381,199.108563004,-45.886180644));
#156=CARTESIAN_POINT('',(-108.050000381,199.070293848,-46.078849573));
#157=CARTESIAN_POINT('',(-108.050000381,198.994751508,-46.261366865));
#158=CARTESIAN_POINT('',(-108.050000381,198.91962984,-46.442867773));
#159=CARTESIAN_POINT('',(-108.050000381,198.809931668,-46.607140466));
#160=CARTESIAN_POINT('',(-108.050000381,198.700844371,-46.770498375));
#161=CARTESIAN_POINT('',(-108.050000381,198.561206005,-46.910213562));
#162=CARTESIAN_POINT('',(-108.050000381,198.422345243,-47.049150719));
#163=CARTESIAN_POINT('',(-108.050000381,198.258132909,-47.158939225));
#164=CARTESIAN_POINT('',(-108.050000381,198.094835023,-47.268116352));
#165=CARTESIAN_POINT('',(-108.050000381,197.912359308,-47.343759065));
#166=CARTESIAN_POINT('',(-108.050000381,197.730899744,-47.418980547));
#167=CARTESIAN_POINT('',(-108.050000381,197.537173087,-47.457570561));
#168=CARTESIAN_POINT('',(-108.050000381,197.344252534,-47.496));
#169=CARTESIAN_POINT('',(-108.050000381,197.146992443,-47.496));
#170=B_SPLINE_CURVE_WITH_KNOTS('',2,(#105,#106,#107,#108,#109,#110,#111,#112,#113,#114,#115,#116,#117,#118,#119,#120,#121,#122,#123,#124,#125,#126,#127,#128,#129,#130,
#131,#132,#133,#134,#135,#136,#137,#138,#139,#140,#141,#142,#143,#144,#145,#146,#147,#148,#149,#150,#151,#152,#153,#154,#155,
#156,#157,#158,#159,#160,#161,#162,#163,#164,#165,#166,#167,#168,#169),.UNSPECIFIED.,.T.,.F.,(3,2,2,2,2,2,2,2,2,2,2,2,2,2,2,2,2,2,2,2,2,2,2,2,2,2,
2,2,2,2,2,2,3),(0.,0.03125,0.0625,0.09375,0.125,0.15625,0.1875,0.21875,0.25,0.28125,0.3125,0.34375,0.375,0.40625,0.4375,0.46875,0.5,0.53125,0.5625,0.59375,0.625,0.65625,0.6875,0.71875,0.75,0.78125,
0.8125,0.84375,0.875,0.90625,0.9375,0.96875,1.),.UNSPECIFIED.);
#171=EDGE_CURVE('',#99,#99,#170,.T.);
#172=ORIENTED_EDGE('',*,*,#171,.F.);
#173=ORIENTED_EDGE('',*,*,#103,.F.);
#174=CARTESIAN_POINT('',(-119.867190429,197.146992443,-47.496));
#175=CARTESIAN_POINT('',(-119.867190429,197.014846118,-47.496));
#176=CARTESIAN_POINT('',(-119.867190429,196.884923742,-47.482935456));
#177=CARTESIAN_POINT('',(-119.867190429,196.757103951,-47.457519322));
#178=CARTESIAN_POINT('',(-119.867190429,196.62928416,-47.432103188));
#179=CARTESIAN_POINT('',(-119.867190429,196.502237804,-47.393718046));
#180=CARTESIAN_POINT('',(-119.867190429,196.381129051,-47.343553477));
#181=CARTESIAN_POINT('',(-119.867190429,196.260020298,-47.293388909));
#182=CARTESIAN_POINT('',(-119.867190429,196.145212116,-47.231846927));
#183=CARTESIAN_POINT('',(-119.867190429,196.036521704,-47.159257631));
#184=CARTESIAN_POINT('',(-119.867190429,195.927831292,-47.086668335));
#185=CARTESIAN_POINT('',(-119.867190429,195.82486082,-47.00226778));
#186=CARTESIAN_POINT('',(-119.867190429,195.732605619,-46.910040374));
#187=CARTESIAN_POINT('',(-119.867190429,195.640350418,-46.817812969));
#188=CARTESIAN_POINT('',(-119.867190429,195.557666292,-46.717056478));
#189=CARTESIAN_POINT('',(-119.867190429,195.484584787,-46.60774279));
#190=CARTESIAN_POINT('',(-119.867190429,195.411503283,-46.498429103));
#191=CARTESIAN_POINT('',(-119.867190429,195.34931321,-46.382095628));
#192=CARTESIAN_POINT('',(-119.867190429,195.299413526,-46.261801298));
#193=CARTESIAN_POINT('',(-119.867190429,195.249513843,-46.141506967));
#194=CARTESIAN_POINT('',(-119.867190429,195.211239079,-46.015439803));
#195=CARTESIAN_POINT('',(-119.867190429,195.185572062,-45.886385726));
#196=CARTESIAN_POINT('',(-119.867190429,195.159905046,-45.757331649));
#197=CARTESIAN_POINT('',(-119.867190429,195.147104823,-45.627584974));
#198=CARTESIAN_POINT('',(-119.867190429,195.146993097,-45.497155297));
#199=CARTESIAN_POINT('',(-119.867190429,195.146881371,-45.366725621));
#200=CARTESIAN_POINT('',(-119.867190429,195.159977739,-45.234245127));
#201=CARTESIAN_POINT('',(-119.867190429,195.185495821,-45.105997578));
#202=CARTESIAN_POINT('',(-119.867190429,195.211013904,-44.977750029));
#203=CARTESIAN_POINT('',(-119.867190429,195.248671809,-44.853037107));
#204=CARTESIAN_POINT('',(-119.867190429,195.298698966,-44.731925611));
#205=CARTESIAN_POINT('',(-119.867190429,195.348726124,-44.610814115));
#206=CARTESIAN_POINT('',(-119.867190429,195.411454693,-44.493730636));
#207=CARTESIAN_POINT('',(-119.867190429,195.483859112,-44.385343164));
#208=CARTESIAN_POINT('',(-119.867190429,195.556263531,-44.276955692));
#209=CARTESIAN_POINT('',(-119.867190429,195.638850865,-44.175848922));
#210=CARTESIAN_POINT('',(-119.867190429,195.732158706,-44.082407228));
#211=CARTESIAN_POINT('',(-119.867190429,195.825466547,-43.988965533));
#212=CARTESIAN_POINT('',(-119.867190429,195.926733138,-43.906160045));
#213=CARTESIAN_POINT('',(-119.867190429,196.035045638,-43.833728756));
#214=CARTESIAN_POINT('',(-119.867190429,196.143358138,-43.761297467));
#215=CARTESIAN_POINT('',(-119.867190429,196.260188523,-43.698602262));
#216=CARTESIAN_POINT('',(-119.867190429,196.381350347,-43.648355052));
#217=CARTESIAN_POINT('',(-119.867190429,196.502512171,-43.598107843));
#218=CARTESIAN_POINT('',(-119.867190429,196.62720586,-43.560403103));
#219=CARTESIAN_POINT('',(-119.867190429,196.755317545,-43.534836455));
#220=CARTESIAN_POINT('',(-119.867190429,196.883429229,-43.509269808));
#221=CARTESIAN_POINT('',(-119.867190429,197.015947383,-43.496072259));
#222=CARTESIAN_POINT('',(-119.867190429,197.146442239,-43.496000228));
#223=CARTESIAN_POINT('',(-119.867190429,197.276937095,-43.495928196));
#224=CARTESIAN_POINT('',(-119.867190429,197.406624871,-43.508664698));
#225=CARTESIAN_POINT('',(-119.867190429,197.535505698,-43.534207655));
#226=CARTESIAN_POINT('',(-119.867190429,197.664386525,-43.559750613));
#227=CARTESIAN_POINT('',(-119.867190429,197.79083745,-43.598033198));
#228=CARTESIAN_POINT('',(-119.867190429,197.911204236,-43.647763287));
#229=CARTESIAN_POINT('',(-119.867190429,198.031571023,-43.697493375));
#230=CARTESIAN_POINT('',(-119.867190429,198.14759499,-43.759398644));
#231=CARTESIAN_POINT('',(-119.867190429,198.257124075,-43.832515945));
#232=CARTESIAN_POINT('',(-119.867190429,198.36665316,-43.905633246));
#233=CARTESIAN_POINT('',(-119.867190429,198.467500032,-43.988315759));
#234=CARTESIAN_POINT('',(-119.867190429,198.559815149,-44.08039772));
#235=CARTESIAN_POINT('',(-119.867190429,198.652130266,-44.172479682));
#236=CARTESIAN_POINT('',(-119.867190429,198.736555876,-44.275323946));
#237=CARTESIAN_POINT('',(-119.867190429,198.809279084,-44.38407622));
#238=CARTESIAN_POINT('',(-119.867190429,198.882002292,-44.492828493));
#239=CARTESIAN_POINT('',(-119.867190429,198.943591981,-44.607614918));
#240=CARTESIAN_POINT('',(-119.867190429,198.993877444,-44.728528014));
#241=CARTESIAN_POINT('',(-119.867190429,199.044162908,-44.84944111));
#242=CARTESIAN_POINT('',(-119.867190429,199.082694559,-44.97667296));
#243=CARTESIAN_POINT('',(-119.867190429,199.108196005,-45.104525679));
#244=CARTESIAN_POINT('',(-119.867190429,199.133697452,-45.232378398));
#245=CARTESIAN_POINT('',(-119.867190429,199.146831438,-45.362218232));
#246=CARTESIAN_POINT('',(-119.867190429,199.146991064,-45.494142692));
#247=CARTESIAN_POINT('',(-119.867190429,199.14715069,-45.626067153));
#248=CARTESIAN_POINT('',(-119.867190429,199.134138267,-45.75652571));
#249=CARTESIAN_POINT('',(-119.867190429,199.108821368,-45.88432864));
#250=CARTESIAN_POINT('',(-119.867190429,199.083504468,-46.012131569));
#251=CARTESIAN_POINT('',(-119.867190429,199.045334973,-46.138944321));
#252=CARTESIAN_POINT('',(-119.867190429,198.995209902,-46.260258396));
#253=CARTESIAN_POINT('',(-119.867190429,198.945084831,-46.381572471));
#254=CARTESIAN_POINT('',(-119.867190429,198.883603771,-46.496440785));
#255=CARTESIAN_POINT('',(-119.867190429,198.811169918,-46.605092197));
#256=CARTESIAN_POINT('',(-119.867190429,198.738736064,-46.713743608));
#257=CARTESIAN_POINT('',(-119.867190429,198.654405197,-46.816833601));
#258=CARTESIAN_POINT('',(-119.867190429,198.562185157,-46.909233189));
#259=CARTESIAN_POINT('',(-119.867190429,198.469965116,-47.001632777));
#260=CARTESIAN_POINT('',(-119.867190429,198.369300969,-47.084347578));
#261=CARTESIAN_POINT('',(-119.867190429,198.260222849,-47.157412154));
#262=CARTESIAN_POINT('',(-119.867190429,198.151144729,-47.230476731));
#263=CARTESIAN_POINT('',(-119.867190429,198.034525653,-47.292969448));
#264=CARTESIAN_POINT('',(-119.867190429,197.91426097,-47.342969603));
#265=CARTESIAN_POINT('',(-119.867190429,197.673731605,-47.442969911));
#266=CARTESIAN_POINT('',(-119.867190429,197.411218584,-47.496));
#267=CARTESIAN_POINT('',(-119.867190429,197.146992443,-47.496));
#268=B_SPLINE_CURVE_WITH_KNOTS('',3,(#174,#175,#176,#177,#178,#179,#180,#181,#182,#183,#184,#185,#186,#187,#188,#189,#190,#191,#192,#193,#194,#195,#196,#197,#198,#199,
#200,#201,#202,#203,#204,#205,#206,#207,#208,#209,#210,#211,#212,#213,#214,#215,#216,#217,#218,#219,#220,#221,#222,#223,#224,
#225,#226,#227,#228,#229,#230,#231,#232,#233,#234,#235,#236,#237,#238,#239,#240,#241,#242,#243,#244,#245,#246,#247,#248,#249,
#250,#251,#252,#253,#254,#255,#256,#257,#258,#259,#260,#261,#262,#263,#264,#265,#266,#267),.UNSPECIFIED.,.T.,.F.,(4,3,3,3,3,3,3,3,3,3,3,3,3,3,3,3,3,3,3,3,3,3,3,3,3,3,
3,3,3,3,3,4),(0.,0.000390817,0.000781634,0.001172451,0.001563268,0.001954085,0.002344902,0.002735719,0.003126536,0.003517353,0.00390817,0.004298987,0.004689803,0.00508062,0.005471437,0.005862254,0.006253071,0.006643888,0.007034705,0.007425522,0.007816339,0.008207156,0.008597973,0.00898879,0.009379607,0.009770424,
0.010161241,0.010552058,0.010942875,0.011333692,0.011724509,0.012506143),.UNSPECIFIED.);
#269=EDGE_CURVE('',#97,#97,#268,.T.);
#270=ORIENTED_EDGE('',*,*,#269,.T.);
#271=EDGE_LOOP('',(#104,#172,#173,#270));
#272=FACE_BOUND('',#271,.T.);
#273=ADVANCED_FACE('',(#272),#95,.T.);
#274=CARTESIAN_POINT('',(-108.050000381,217.146992443,-47.496));
#275=CARTESIAN_POINT('',(-108.050000381,216.884719437,-47.496));
#276=CARTESIAN_POINT('',(-108.050000381,216.623626789,-47.443921289));
#277=CARTESIAN_POINT('',(-108.050000381,216.139624367,-47.243596841));
#278=CARTESIAN_POINT('',(-108.050000381,215.918028422,-47.095361245));
#279=CARTESIAN_POINT('',(-108.050000381,215.547529339,-46.72506588));
#280=CARTESIAN_POINT('',(-108.050000381,215.399528687,-46.50331295));
#281=CARTESIAN_POINT('',(-108.050000381,215.198938069,-46.01942078));
#282=CARTESIAN_POINT('',(-108.050000381,215.147064468,-45.757910389));
#283=CARTESIAN_POINT('',(-108.050000381,215.146920418,-45.234089611));
#284=CARTESIAN_POINT('',(-108.050000381,215.199071154,-44.972634346));
#285=CARTESIAN_POINT('',(-108.050000381,215.399395602,-44.488631924));
#286=CARTESIAN_POINT('',(-108.050000381,215.547631198,-44.267035979));
#287=CARTESIAN_POINT('',(-108.050000381,215.917926563,-43.896536896));
#288=CARTESIAN_POINT('',(-108.050000381,216.139679493,-43.748536244));
#289=CARTESIAN_POINT('',(-108.050000381,216.623571663,-43.547945626));
#290=CARTESIAN_POINT('',(-108.050000381,216.885082054,-43.496072025));
#291=CARTESIAN_POINT('',(-108.050000381,217.408902832,-43.495927975));
#292=CARTESIAN_POINT('',(-108.050000381,217.670358097,-43.548078711));
#293=CARTESIAN_POINT('',(-108.050000381,218.154360519,-43.748403159));
#294=CARTESIAN_POINT('',(-108.050000381,218.375956464,-43.896638755));
#295=CARTESIAN_POINT('',(-108.050000381,218.746455547,-44.26693412));
#296=CARTESIAN_POINT('',(-108.050000381,218.894456199,-44.48868705));
#297=CARTESIAN_POINT('',(-108.050000381,219.095046817,-44.97257922));
#298=CARTESIAN_POINT('',(-108.050000381,219.146920418,-45.234089611));
#299=CARTESIAN_POINT('',(-108.050000381,219.147064468,-45.757910389));
#300=CARTESIAN_POINT('',(-108.050000381,219.094913732,-46.019365654));
#301=CARTESIAN_POINT('',(-108.050000381,218.894589284,-46.503368076));
#302=CARTESIAN_POINT('',(-108.050000381,218.746353688,-46.724964021));
#303=CARTESIAN_POINT('',(-108.050000381,218.376058323,-47.095463104));
#304=CARTESIAN_POINT('',(-108.050000381,218.154305393,-47.243463756));
#305=CARTESIAN_POINT('',(-108.050000381,217.670413223,-47.444054374));
#306=CARTESIAN_POINT('',(-108.050000381,217.409265449,-47.496));
#307=CARTESIAN_POINT('',(-108.050000381,217.146992443,-47.496));
#308=CARTESIAN_POINT('',(-119.867190429,217.146992443,-47.496));
#309=CARTESIAN_POINT('',(-119.867190429,216.884719437,-47.496));
#310=CARTESIAN_POINT('',(-119.867190429,216.623626789,-47.443921289));
#311=CARTESIAN_POINT('',(-119.867190429,216.139624367,-47.243596841));
#312=CARTESIAN_POINT('',(-119.867190429,215.918028422,-47.095361245));
#313=CARTESIAN_POINT('',(-119.867190429,215.547529339,-46.72506588));
#314=CARTESIAN_POINT('',(-119.867190429,215.399528687,-46.50331295));
#315=CARTESIAN_POINT('',(-119.867190429,215.198938069,-46.01942078));
#316=CARTESIAN_POINT('',(-119.867190429,215.147064468,-45.757910389));
#317=CARTESIAN_POINT('',(-119.867190429,215.146920418,-45.234089611));
#318=CARTESIAN_POINT('',(-119.867190429,215.199071154,-44.972634346));
#319=CARTESIAN_POINT('',(-119.867190429,215.399395602,-44.488631924));
#320=CARTESIAN_POINT('',(-119.867190429,215.547631198,-44.267035979));
#321=CARTESIAN_POINT('',(-119.867190429,215.917926563,-43.896536896));
#322=CARTESIAN_POINT('',(-119.867190429,216.139679493,-43.748536244));
#323=CARTESIAN_POINT('',(-119.867190429,216.623571663,-43.547945626));
#324=CARTESIAN_POINT('',(-119.867190429,216.885082054,-43.496072025));
#325=CARTESIAN_POINT('',(-119.867190429,217.408902832,-43.495927975));
#326=CARTESIAN_POINT('',(-119.867190429,217.670358097,-43.548078711));
#327=CARTESIAN_POINT('',(-119.867190429,218.154360519,-43.748403159));
#328=CARTESIAN_POINT('',(-119.867190429,218.375956464,-43.896638755));
#329=CARTESIAN_POINT('',(-119.867190429,218.746455547,-44.26693412));
#330=CARTESIAN_POINT('',(-119.867190429,218.894456199,-44.48868705));
#331=CARTESIAN_POINT('',(-119.867190429,219.095046817,-44.97257922));
#332=CARTESIAN_POINT('',(-119.867190429,219.146920418,-45.234089611));
#333=CARTESIAN_POINT('',(-119.867190429,219.147064468,-45.757910389));
#334=CARTESIAN_POINT('',(-119.867190429,219.094913732,-46.019365654));
#335=CARTESIAN_POINT('',(-119.867190429,218.894589284,-46.503368076));
#336=CARTESIAN_POINT('',(-119.867190429,218.746353688,-46.724964021));
#337=CARTESIAN_POINT('',(-119.867190429,218.376058323,-47.095463104));
#338=CARTESIAN_POINT('',(-119.867190429,218.154305393,-47.243463756));
#339=CARTESIAN_POINT('',(-119.867190429,217.670413223,-47.444054374));
#340=CARTESIAN_POINT('',(-119.867190429,217.409265449,-47.496));
#341=CARTESIAN_POINT('',(-119.867190429,217.146992443,-47.496));
#342=B_SPLINE_SURFACE_WITH_KNOTS('',1,3,((#274,#275,#276,#277,#278,#279,#280,#281,#282,#283,#284,#285,#286,#287,#288,#289,#290,#291,#292,#293,#294,#295,#296,#297,#298,#299,
#300,#301,#302,#303,#304,#305,#306,#307),(#308,#309,#310,#311,#312,#313,#314,#315,#316,#317,#318,#319,#320,#321,#322,#323,#324,#325,#326,#327,#328,#329,#330,#331,#332,#333,
#334,#335,#336,#337,#338,#339,#340,#341)),.UNSPECIFIED.,.F.,.T.,.U.,(2,2),(4,2,2,2,2,2,2,2,2,2,2,2,2,2,2,2,4),(0.,0.288224148),(0.,0.0625,0.125,0.1875,0.25,0.3125,0.375,0.4375,0.5,0.5625,0.625,0.6875,0.75,0.8125,0.875,0.9375,1.),.UNSPECIFIED.);
#343=CARTESIAN_POINT('',(-119.867190429,217.146992443,-47.496));
#344=VERTEX_POINT('',#343);
#345=CARTESIAN_POINT('',(-108.050000381,217.146992443,-47.496));
#346=VERTEX_POINT('',#345);
#347=CARTESIAN_POINT('',(-119.867190429,217.146992443,-47.496));
#348=CARTESIAN_POINT('',(-108.050000381,217.146992443,-47.496));
#349=B_SPLINE_CURVE_WITH_KNOTS('',1,(#347,#348),.UNSPECIFIED.,.F.,.F.,(2,2),(0.711775852,1.),.UNSPECIFIED.);
#350=EDGE_CURVE('',#344,#346,#349,.T.);
#351=ORIENTED_EDGE('',*,*,#350,.T.);
#352=CARTESIAN_POINT('',(-108.050000381,217.146992443,-47.496));
#353=CARTESIAN_POINT('',(-108.050000381,216.950287688,-47.496));
#354=CARTESIAN_POINT('',(-108.050000381,216.756811799,-47.457570561));
#355=CARTESIAN_POINT('',(-108.050000381,216.56414287,-47.419301405));
#356=CARTESIAN_POINT('',(-108.050000381,216.381625578,-47.343759065));
#357=CARTESIAN_POINT('',(-108.050000381,216.20012467,-47.268637397));
#358=CARTESIAN_POINT('',(-108.050000381,216.035851977,-47.158939225));
#359=CARTESIAN_POINT('',(-108.050000381,215.872494068,-47.049851928));
#360=CARTESIAN_POINT('',(-108.050000381,215.732778881,-46.910213562));
#361=CARTESIAN_POINT('',(-108.050000381,215.593841724,-46.7713528));
#362=CARTESIAN_POINT('',(-108.050000381,215.484053218,-46.607140466));
#363=CARTESIAN_POINT('',(-108.050000381,215.374876091,-46.44384258));
#364=CARTESIAN_POINT('',(-108.050000381,215.299233378,-46.261366865));
#365=CARTESIAN_POINT('',(-108.050000381,215.224011896,-46.079907301));
#366=CARTESIAN_POINT('',(-108.050000381,215.185421882,-45.886180644));
#367=CARTESIAN_POINT('',(-108.050000381,215.147046765,-45.693532792));
#368=CARTESIAN_POINT('',(-108.050000381,215.146992443,-45.496));
#369=CARTESIAN_POINT('',(-108.050000381,215.146938424,-45.299567208));
#370=CARTESIAN_POINT('',(-108.050000381,215.185421882,-45.105819356));
#371=CARTESIAN_POINT('',(-108.050000381,215.223691038,-44.913150427));
#372=CARTESIAN_POINT('',(-108.050000381,215.299233378,-44.730633135));
#373=CARTESIAN_POINT('',(-108.050000381,215.374355046,-44.549132227));
#374=CARTESIAN_POINT('',(-108.050000381,215.484053218,-44.384859534));
#375=CARTESIAN_POINT('',(-108.050000381,215.593140515,-44.221501625));
#376=CARTESIAN_POINT('',(-108.050000381,215.732778881,-44.081786438));
#377=CARTESIAN_POINT('',(-108.050000381,215.871639643,-43.942849281));
#378=CARTESIAN_POINT('',(-108.050000381,216.035851977,-43.833060775));
#379=CARTESIAN_POINT('',(-108.050000381,216.199149863,-43.723883648));
#380=CARTESIAN_POINT('',(-108.050000381,216.381625578,-43.648240935));
#381=CARTESIAN_POINT('',(-108.050000381,216.563085142,-43.573019453));
#382=CARTESIAN_POINT('',(-108.050000381,216.756811799,-43.534429439));
#383=CARTESIAN_POINT('',(-108.050000381,216.949459651,-43.496054322));
#384=CARTESIAN_POINT('',(-108.050000381,217.146992443,-43.496));
#385=CARTESIAN_POINT('',(-108.050000381,217.343425235,-43.495945981));
#386=CARTESIAN_POINT('',(-108.050000381,217.537173087,-43.534429439));
#387=CARTESIAN_POINT('',(-108.050000381,217.729842016,-43.572698595));
#388=CARTESIAN_POINT('',(-108.050000381,217.912359308,-43.648240935));
#389=CARTESIAN_POINT('',(-108.050000381,218.093860216,-43.723362603));
#390=CARTESIAN_POINT('',(-108.050000381,218.258132909,-43.833060775));
#391=CARTESIAN_POINT('',(-108.050000381,218.421490818,-43.942148072));
#392=CARTESIAN_POINT('',(-108.050000381,218.561206005,-44.081786438));
#393=CARTESIAN_POINT('',(-108.050000381,218.700143162,-44.2206472));
#394=CARTESIAN_POINT('',(-108.050000381,218.809931668,-44.384859534));
#395=CARTESIAN_POINT('',(-108.050000381,218.919108795,-44.54815742));
#396=CARTESIAN_POINT('',(-108.050000381,218.994751508,-44.730633135));
#397=CARTESIAN_POINT('',(-108.050000381,219.06997299,-44.912092699));
#398=CARTESIAN_POINT('',(-108.050000381,219.108563004,-45.105819356));
#399=CARTESIAN_POINT('',(-108.050000381,219.146938121,-45.298467208));
#400=CARTESIAN_POINT('',(-108.050000381,219.146992443,-45.496));
#401=CARTESIAN_POINT('',(-108.050000381,219.147046462,-45.692432792));
#402=CARTESIAN_POINT('',(-108.050000381,219.108563004,-45.886180644));
#403=CARTESIAN_POINT('',(-108.050000381,219.070293848,-46.078849573));
#404=CARTESIAN_POINT('',(-108.050000381,218.994751508,-46.261366865));
#405=CARTESIAN_POINT('',(-108.050000381,218.91962984,-46.442867773));
#406=CARTESIAN_POINT('',(-108.050000381,218.809931668,-46.607140466));
#407=CARTESIAN_POINT('',(-108.050000381,218.700844371,-46.770498375));
#408=CARTESIAN_POINT('',(-108.050000381,218.561206005,-46.910213562));
#409=CARTESIAN_POINT('',(-108.050000381,218.422345243,-47.049150719));
#410=CARTESIAN_POINT('',(-108.050000381,218.258132909,-47.158939225));
#411=CARTESIAN_POINT('',(-108.050000381,218.094835023,-47.268116352));
#412=CARTESIAN_POINT('',(-108.050000381,217.912359308,-47.343759065));
#413=CARTESIAN_POINT('',(-108.050000381,217.730899744,-47.418980547));
#414=CARTESIAN_POINT('',(-108.050000381,217.537173087,-47.457570561));
#415=CARTESIAN_POINT('',(-108.050000381,217.344252534,-47.496));
#416=CARTESIAN_POINT('',(-108.050000381,217.146992443,-47.496));
#417=B_SPLINE_CURVE_WITH_KNOTS('',2,(#352,#353,#354,#355,#356,#357,#358,#359,#360,#361,#362,#363,#364,#365,#366,#367,#368,#369,#370,#371,#372,#373,#374,#375,#376,#377,
#378,#379,#380,#381,#382,#383,#384,#385,#386,#387,#388,#389,#390,#391,#392,#393,#394,#395,#396,#397,#398,#399,#400,#401,#402,
#403,#404,#405,#406,#407,#408,#409,#410,#411,#412,#413,#414,#415,#416),.UNSPECIFIED.,.T.,.F.,(3,2,2,2,2,2,2,2,2,2,2,2,2,2,2,2,2,2,2,2,2,2,2,2,2,2,
2,2,2,2,2,2,3),(0.,0.03125,0.0625,0.09375,0.125,0.15625,0.1875,0.21875,0.25,0.28125,0.3125,0.34375,0.375,0.40625,0.4375,0.46875,0.5,0.53125,0.5625,0.59375,0.625,0.65625,0.6875,0.71875,0.75,0.78125,
0.8125,0.84375,0.875,0.90625,0.9375,0.96875,1.),.UNSPECIFIED.);
#418=EDGE_CURVE('',#346,#346,#417,.T.);
#419=ORIENTED_EDGE('',*,*,#418,.F.);
#420=ORIENTED_EDGE('',*,*,#350,.F.);
#421=CARTESIAN_POINT('',(-119.867190429,217.146992443,-47.496));
#422=CARTESIAN_POINT('',(-119.867190429,217.014846118,-47.496));
#423=CARTESIAN_POINT('',(-119.867190429,216.884923742,-47.482935456));
#424=CARTESIAN_POINT('',(-119.867190429,216.757103951,-47.457519322));
#425=CARTESIAN_POINT('',(-119.867190429,216.62928416,-47.432103188));
#426=CARTESIAN_POINT('',(-119.867190429,216.502237804,-47.393718046));
#427=CARTESIAN_POINT('',(-119.867190429,216.381129051,-47.343553477));
#428=CARTESIAN_POINT('',(-119.867190429,216.260020298,-47.293388909));
#429=CARTESIAN_POINT('',(-119.867190429,216.145212116,-47.231846927));
#430=CARTESIAN_POINT('',(-119.867190429,216.036521704,-47.159257631));
#431=CARTESIAN_POINT('',(-119.867190429,215.927831292,-47.086668335));
#432=CARTESIAN_POINT('',(-119.867190429,215.82486082,-47.00226778));
#433=CARTESIAN_POINT('',(-119.867190429,215.732605619,-46.910040374));
#434=CARTESIAN_POINT('',(-119.867190429,215.640350418,-46.817812969));
#435=CARTESIAN_POINT('',(-119.867190429,215.557666292,-46.717056478));
#436=CARTESIAN_POINT('',(-119.867190429,215.484584787,-46.60774279));
#437=CARTESIAN_POINT('',(-119.867190429,215.411503283,-46.498429103));
#438=CARTESIAN_POINT('',(-119.867190429,215.34931321,-46.382095628));
#439=CARTESIAN_POINT('',(-119.867190429,215.299413526,-46.261801298));
#440=CARTESIAN_POINT('',(-119.867190429,215.249513843,-46.141506967));
#441=CARTESIAN_POINT('',(-119.867190429,215.211239079,-46.015439803));
#442=CARTESIAN_POINT('',(-119.867190429,215.185572062,-45.886385726));
#443=CARTESIAN_POINT('',(-119.867190429,215.159905046,-45.757331649));
#444=CARTESIAN_POINT('',(-119.867190429,215.147104823,-45.627584974));
#445=CARTESIAN_POINT('',(-119.867190429,215.146993097,-45.497155297));
#446=CARTESIAN_POINT('',(-119.867190429,215.146881371,-45.366725621));
#447=CARTESIAN_POINT('',(-119.867190429,215.159977739,-45.234245127));
#448=CARTESIAN_POINT('',(-119.867190429,215.185495821,-45.105997578));
#449=CARTESIAN_POINT('',(-119.867190429,215.211013904,-44.977750029));
#450=CARTESIAN_POINT('',(-119.867190429,215.248671809,-44.853037107));
#451=CARTESIAN_POINT('',(-119.867190429,215.298698966,-44.731925611));
#452=CARTESIAN_POINT('',(-119.867190429,215.348726124,-44.610814115));
#453=CARTESIAN_POINT('',(-119.867190429,215.411454693,-44.493730636));
#454=CARTESIAN_POINT('',(-119.867190429,215.483859112,-44.385343164));
#455=CARTESIAN_POINT('',(-119.867190429,215.556263531,-44.276955692));
#456=CARTESIAN_POINT('',(-119.867190429,215.638850865,-44.175848922));
#457=CARTESIAN_POINT('',(-119.867190429,215.732158706,-44.082407228));
#458=CARTESIAN_POINT('',(-119.867190429,215.825466547,-43.988965533));
#459=CARTESIAN_POINT('',(-119.867190429,215.926733138,-43.906160045));
#460=CARTESIAN_POINT('',(-119.867190429,216.035045638,-43.833728756));
#461=CARTESIAN_POINT('',(-119.867190429,216.143358138,-43.761297467));
#462=CARTESIAN_POINT('',(-119.867190429,216.260188523,-43.698602262));
#463=CARTESIAN_POINT('',(-119.867190429,216.381350347,-43.648355052));
#464=CARTESIAN_POINT('',(-119.867190429,216.502512171,-43.598107843));
#465=CARTESIAN_POINT('',(-119.867190429,216.62720586,-43.560403103));
#466=CARTESIAN_POINT('',(-119.867190429,216.755317545,-43.534836455));
#467=CARTESIAN_POINT('',(-119.867190429,216.883429229,-43.509269808));
#468=CARTESIAN_POINT('',(-119.867190429,217.015947383,-43.496072259));
#469=CARTESIAN_POINT('',(-119.867190429,217.146442239,-43.496000228));
#470=CARTESIAN_POINT('',(-119.867190429,217.276937095,-43.495928196));
#471=CARTESIAN_POINT('',(-119.867190429,217.406624871,-43.508664698));
#472=CARTESIAN_POINT('',(-119.867190429,217.535505698,-43.534207655));
#473=CARTESIAN_POINT('',(-119.867190429,217.664386525,-43.559750613));
#474=CARTESIAN_POINT('',(-119.867190429,217.79083745,-43.598033198));
#475=CARTESIAN_POINT('',(-119.867190429,217.911204236,-43.647763287));
#476=CARTESIAN_POINT('',(-119.867190429,218.031571023,-43.697493375));
#477=CARTESIAN_POINT('',(-119.867190429,218.14759499,-43.759398644));
#478=CARTESIAN_POINT('',(-119.867190429,218.257124075,-43.832515945));
#479=CARTESIAN_POINT('',(-119.867190429,218.36665316,-43.905633246));
#480=CARTESIAN_POINT('',(-119.867190429,218.467500032,-43.988315759));
#481=CARTESIAN_POINT('',(-119.867190429,218.559815149,-44.08039772));
#482=CARTESIAN_POINT('',(-119.867190429,218.652130266,-44.172479682));
#483=CARTESIAN_POINT('',(-119.867190429,218.736555876,-44.275323946));
#484=CARTESIAN_POINT('',(-119.867190429,218.809279084,-44.38407622));
#485=CARTESIAN_POINT('',(-119.867190429,218.882002292,-44.492828493));
#486=CARTESIAN_POINT('',(-119.867190429,218.943591981,-44.607614918));
#487=CARTESIAN_POINT('',(-119.867190429,218.993877444,-44.728528014));
#488=CARTESIAN_POINT('',(-119.867190429,219.044162908,-44.84944111));
#489=CARTESIAN_POINT('',(-119.867190429,219.082694559,-44.97667296));
#490=CARTESIAN_POINT('',(-119.867190429,219.108196005,-45.104525679));
#491=CARTESIAN_POINT('',(-119.867190429,219.133697452,-45.232378398));
#492=CARTESIAN_POINT('',(-119.867190429,219.146831438,-45.362218232));
#493=CARTESIAN_POINT('',(-119.867190429,219.146991064,-45.494142692));
#494=CARTESIAN_POINT('',(-119.867190429,219.14715069,-45.626067153));
#495=CARTESIAN_POINT('',(-119.867190429,219.134138267,-45.75652571));
#496=CARTESIAN_POINT('',(-119.867190429,219.108821368,-45.88432864));
#497=CARTESIAN_POINT('',(-119.867190429,219.083504468,-46.012131569));
#498=CARTESIAN_POINT('',(-119.867190429,219.045334973,-46.138944321));
#499=CARTESIAN_POINT('',(-119.867190429,218.995209902,-46.260258396));
#500=CARTESIAN_POINT('',(-119.867190429,218.945084831,-46.381572471));
#501=CARTESIAN_POINT('',(-119.867190429,218.883603771,-46.496440785));
#502=CARTESIAN_POINT('',(-119.867190429,218.811169918,-46.605092197));
#503=CARTESIAN_POINT('',(-119.867190429,218.738736064,-46.713743608));
#504=CARTESIAN_POINT('',(-119.867190429,218.654405197,-46.816833601));
#505=CARTESIAN_POINT('',(-119.867190429,218.562185157,-46.909233189));
#506=CARTESIAN_POINT('',(-119.867190429,218.469965116,-47.001632777));
#507=CARTESIAN_POINT('',(-119.867190429,218.369300969,-47.084347578));
#508=CARTESIAN_POINT('',(-119.867190429,218.260222849,-47.157412154));
#509=CARTESIAN_POINT('',(-119.867190429,218.151144729,-47.230476731));
#510=CARTESIAN_POINT('',(-119.867190429,218.034525653,-47.292969448));
#511=CARTESIAN_POINT('',(-119.867190429,217.91426097,-47.342969603));
#512=CARTESIAN_POINT('',(-119.867190429,217.673731605,-47.442969911));
#513=CARTESIAN_POINT('',(-119.867190429,217.411218584,-47.496));
#514=CARTESIAN_POINT('',(-119.867190429,217.146992443,-47.496));
#515=B_SPLINE_CURVE_WITH_KNOTS('',3,(#421,#422,#423,#424,#425,#426,#427,#428,#429,#430,#431,#432,#433,#434,#435,#436,#437,#438,#439,#440,#441,#442,#443,#444,#445,#446,
#447,#448,#449,#450,#451,#452,#453,#454,#455,#456,#457,#458,#459,#460,#461,#462,#463,#464,#465,#466,#467,#468,#469,#470,#471,
#472,#473,#474,#475,#476,#477,#478,#479,#480,#481,#482,#483,#484,#485,#486,#487,#488,#489,#490,#491,#492,#493,#494,#495,#496,
#497,#498,#499,#500,#501,#502,#503,#504,#505,#506,#507,#508,#509,#510,#511,#512,#513,#514),.UNSPECIFIED.,.T.,.F.,(4,3,3,3,3,3,3,3,3,3,3,3,3,3,3,3,3,3,3,3,3,3,3,3,3,3,
3,3,3,3,3,4),(0.,0.000390817,0.000781634,0.001172451,0.001563268,0.001954085,0.002344902,0.002735719,0.003126536,0.003517353,0.00390817,0.004298987,0.004689803,0.00508062,0.005471437,0.005862254,0.006253071,0.006643888,0.007034705,0.007425522,0.007816339,0.008207156,0.008597973,0.00898879,0.009379607,0.009770424,
0.010161241,0.010552058,0.010942875,0.011333692,0.011724509,0.012506143),.UNSPECIFIED.);
#516=EDGE_CURVE('',#344,#344,#515,.T.);
#517=ORIENTED_EDGE('',*,*,#516,.T.);
#518=EDGE_LOOP('',(#351,#419,#420,#517));
#519=FACE_BOUND('',#518,.T.);
#520=ADVANCED_FACE('',(#519),#342,.T.);
#521=CARTESIAN_POINT('',(-108.050000381,197.146992443,-67.496));
#522=CARTESIAN_POINT('',(-108.050000381,196.884719437,-67.496));
#523=CARTESIAN_POINT('',(-108.050000381,196.623626789,-67.443921289));
#524=CARTESIAN_POINT('',(-108.050000381,196.139624367,-67.243596841));
#525=CARTESIAN_POINT('',(-108.050000381,195.918028422,-67.095361245));
#526=CARTESIAN_POINT('',(-108.050000381,195.547529339,-66.72506588));
#527=CARTESIAN_POINT('',(-108.050000381,195.399528687,-66.50331295));
#528=CARTESIAN_POINT('',(-108.050000381,195.198938069,-66.01942078));
#529=CARTESIAN_POINT('',(-108.050000381,195.147064468,-65.757910389));
#530=CARTESIAN_POINT('',(-108.050000381,195.146920418,-65.234089611));
#531=CARTESIAN_POINT('',(-108.050000381,195.199071154,-64.972634346));
#532=CARTESIAN_POINT('',(-108.050000381,195.399395602,-64.488631924));
#533=CARTESIAN_POINT('',(-108.050000381,195.547631198,-64.267035979));
#534=CARTESIAN_POINT('',(-108.050000381,195.917926563,-63.896536896));
#535=CARTESIAN_POINT('',(-108.050000381,196.139679493,-63.748536244));
#536=CARTESIAN_POINT('',(-108.050000381,196.623571663,-63.547945626));
#537=CARTESIAN_POINT('',(-108.050000381,196.885082054,-63.496072025));
#538=CARTESIAN_POINT('',(-108.050000381,197.408902832,-63.495927975));
#539=CARTESIAN_POINT('',(-108.050000381,197.670358097,-63.548078711));
#540=CARTESIAN_POINT('',(-108.050000381,198.154360519,-63.748403159));
#541=CARTESIAN_POINT('',(-108.050000381,198.375956464,-63.896638755));
#542=CARTESIAN_POINT('',(-108.050000381,198.746455547,-64.26693412));
#543=CARTESIAN_POINT('',(-108.050000381,198.894456199,-64.48868705));
#544=CARTESIAN_POINT('',(-108.050000381,199.095046817,-64.97257922));
#545=CARTESIAN_POINT('',(-108.050000381,199.146920418,-65.234089611));
#546=CARTESIAN_POINT('',(-108.050000381,199.147064468,-65.757910389));
#547=CARTESIAN_POINT('',(-108.050000381,199.094913732,-66.019365654));
#548=CARTESIAN_POINT('',(-108.050000381,198.894589284,-66.503368076));
#549=CARTESIAN_POINT('',(-108.050000381,198.746353688,-66.724964021));
#550=CARTESIAN_POINT('',(-108.050000381,198.376058323,-67.095463104));
#551=CARTESIAN_POINT('',(-108.050000381,198.154305393,-67.243463756));
#552=CARTESIAN_POINT('',(-108.050000381,197.670413223,-67.444054374));
#553=CARTESIAN_POINT('',(-108.050000381,197.409265449,-67.496));
#554=CARTESIAN_POINT('',(-108.050000381,197.146992443,-67.496));
#555=CARTESIAN_POINT('',(-119.867190429,197.146992443,-67.496));
#556=CARTESIAN_POINT('',(-119.867190429,196.884719437,-67.496));
#557=CARTESIAN_POINT('',(-119.867190429,196.623626789,-67.443921289));
#558=CARTESIAN_POINT('',(-119.867190429,196.139624367,-67.243596841));
#559=CARTESIAN_POINT('',(-119.867190429,195.918028422,-67.095361245));
#560=CARTESIAN_POINT('',(-119.867190429,195.547529339,-66.72506588));
#561=CARTESIAN_POINT('',(-119.867190429,195.399528687,-66.50331295));
#562=CARTESIAN_POINT('',(-119.867190429,195.198938069,-66.01942078));
#563=CARTESIAN_POINT('',(-119.867190429,195.147064468,-65.757910389));
#564=CARTESIAN_POINT('',(-119.867190429,195.146920418,-65.234089611));
#565=CARTESIAN_POINT('',(-119.867190429,195.199071154,-64.972634346));
#566=CARTESIAN_POINT('',(-119.867190429,195.399395602,-64.488631924));
#567=CARTESIAN_POINT('',(-119.867190429,195.547631198,-64.267035979));
#568=CARTESIAN_POINT('',(-119.867190429,195.917926563,-63.896536896));
#569=CARTESIAN_POINT('',(-119.867190429,196.139679493,-63.748536244));
#570=CARTESIAN_POINT('',(-119.867190429,196.623571663,-63.547945626));
#571=CARTESIAN_POINT('',(-119.867190429,196.885082054,-63.496072025));
#572=CARTESIAN_POINT('',(-119.867190429,197.408902832,-63.495927975));
#573=CARTESIAN_POINT('',(-119.867190429,197.670358097,-63.548078711));
#574=CARTESIAN_POINT('',(-119.867190429,198.154360519,-63.748403159));
#575=CARTESIAN_POINT('',(-119.867190429,198.375956464,-63.896638755));
#576=CARTESIAN_POINT('',(-119.867190429,198.746455547,-64.26693412));
#577=CARTESIAN_POINT('',(-119.867190429,198.894456199,-64.48868705));
#578=CARTESIAN_POINT('',(-119.867190429,199.095046817,-64.97257922));
#579=CARTESIAN_POINT('',(-119.867190429,199.146920418,-65.234089611));
#580=CARTESIAN_POINT('',(-119.867190429,199.147064468,-65.757910389));
#581=CARTESIAN_POINT('',(-119.867190429,199.094913732,-66.019365654));
#582=CARTESIAN_POINT('',(-119.867190429,198.894589284,-66.503368076));
#583=CARTESIAN_POINT('',(-119.867190429,198.746353688,-66.724964021));
#584=CARTESIAN_POINT('',(-119.867190429,198.376058323,-67.095463104));
#585=CARTESIAN_POINT('',(-119.867190429,198.154305393,-67.243463756));
#586=CARTESIAN_POINT('',(-119.867190429,197.670413223,-67.444054374));
#587=CARTESIAN_POINT('',(-119.867190429,197.409265449,-67.496));
#588=CARTESIAN_POINT('',(-119.867190429,197.146992443,-67.496));
#589=B_SPLINE_SURFACE_WITH_KNOTS('',1,3,((#521,#522,#523,#524,#525,#526,#527,#528,#529,#530,#531,#532,#533,#534,#535,#536,#537,#538,#539,#540,#541,#542,#543,#544,#545,#546,
#547,#548,#549,#550,#551,#552,#553,#554),(#555,#556,#557,#558,#559,#560,#561,#562,#563,#564,#565,#566,#567,#568,#569,#570,#571,#572,#573,#574,#575,#576,#577,#578,#579,#580,
#581,#582,#583,#584,#585,#586,#587,#588)),.UNSPECIFIED.,.F.,.T.,.U.,(2,2),(4,2,2,2,2,2,2,2,2,2,2,2,2,2,2,2,4),(0.,0.288224148),(0.,0.0625,0.125,0.1875,0.25,0.3125,0.375,0.4375,0.5,0.5625,0.625,0.6875,0.75,0.8125,0.875,0.9375,1.),.UNSPECIFIED.);
#590=CARTESIAN_POINT('',(-119.867190429,197.146992443,-67.496));
#591=VERTEX_POINT('',#590);
#592=CARTESIAN_POINT('',(-108.050000381,197.146992443,-67.496));
#593=VERTEX_POINT('',#592);
#594=CARTESIAN_POINT('',(-119.867190429,197.146992443,-67.496));
#595=CARTESIAN_POINT('',(-108.050000381,197.146992443,-67.496));
#596=B_SPLINE_CURVE_WITH_KNOTS('',1,(#594,#595),.UNSPECIFIED.,.F.,.F.,(2,2),(0.711775852,1.),.UNSPECIFIED.);
#597=EDGE_CURVE('',#591,#593,#596,.T.);
#598=ORIENTED_EDGE('',*,*,#597,.T.);
#599=CARTESIAN_POINT('',(-108.050000381,197.146992443,-67.496));
#600=CARTESIAN_POINT('',(-108.050000381,196.950287688,-67.496));
#601=CARTESIAN_POINT('',(-108.050000381,196.756811799,-67.457570561));
#602=CARTESIAN_POINT('',(-108.050000381,196.56414287,-67.419301405));
#603=CARTESIAN_POINT('',(-108.050000381,196.381625578,-67.343759065));
#604=CARTESIAN_POINT('',(-108.050000381,196.20012467,-67.268637397));
#605=CARTESIAN_POINT('',(-108.050000381,196.035851977,-67.158939225));
#606=CARTESIAN_POINT('',(-108.050000381,195.872494068,-67.049851928));
#607=CARTESIAN_POINT('',(-108.050000381,195.732778881,-66.910213562));
#608=CARTESIAN_POINT('',(-108.050000381,195.593841724,-66.7713528));
#609=CARTESIAN_POINT('',(-108.050000381,195.484053218,-66.607140466));
#610=CARTESIAN_POINT('',(-108.050000381,195.374876091,-66.44384258));
#611=CARTESIAN_POINT('',(-108.050000381,195.299233378,-66.261366865));
#612=CARTESIAN_POINT('',(-108.050000381,195.224011896,-66.079907301));
#613=CARTESIAN_POINT('',(-108.050000381,195.185421882,-65.886180644));
#614=CARTESIAN_POINT('',(-108.050000381,195.147046765,-65.693532792));
#615=CARTESIAN_POINT('',(-108.050000381,195.146992443,-65.496));
#616=CARTESIAN_POINT('',(-108.050000381,195.146938424,-65.299567208));
#617=CARTESIAN_POINT('',(-108.050000381,195.185421882,-65.105819356));
#618=CARTESIAN_POINT('',(-108.050000381,195.223691038,-64.913150427));
#619=CARTESIAN_POINT('',(-108.050000381,195.299233378,-64.730633135));
#620=CARTESIAN_POINT('',(-108.050000381,195.374355046,-64.549132227));
#621=CARTESIAN_POINT('',(-108.050000381,195.484053218,-64.384859534));
#622=CARTESIAN_POINT('',(-108.050000381,195.593140515,-64.221501625));
#623=CARTESIAN_POINT('',(-108.050000381,195.732778881,-64.081786438));
#624=CARTESIAN_POINT('',(-108.050000381,195.871639643,-63.942849281));
#625=CARTESIAN_POINT('',(-108.050000381,196.035851977,-63.833060775));
#626=CARTESIAN_POINT('',(-108.050000381,196.199149863,-63.723883648));
#627=CARTESIAN_POINT('',(-108.050000381,196.381625578,-63.648240935));
#628=CARTESIAN_POINT('',(-108.050000381,196.563085142,-63.573019453));
#629=CARTESIAN_POINT('',(-108.050000381,196.756811799,-63.534429439));
#630=CARTESIAN_POINT('',(-108.050000381,196.949459651,-63.496054322));
#631=CARTESIAN_POINT('',(-108.050000381,197.146992443,-63.496));
#632=CARTESIAN_POINT('',(-108.050000381,197.343425235,-63.495945981));
#633=CARTESIAN_POINT('',(-108.050000381,197.537173087,-63.534429439));
#634=CARTESIAN_POINT('',(-108.050000381,197.729842016,-63.572698595));
#635=CARTESIAN_POINT('',(-108.050000381,197.912359308,-63.648240935));
#636=CARTESIAN_POINT('',(-108.050000381,198.093860216,-63.723362603));
#637=CARTESIAN_POINT('',(-108.050000381,198.258132909,-63.833060775));
#638=CARTESIAN_POINT('',(-108.050000381,198.421490818,-63.942148072));
#639=CARTESIAN_POINT('',(-108.050000381,198.561206005,-64.081786438));
#640=CARTESIAN_POINT('',(-108.050000381,198.700143162,-64.2206472));
#641=CARTESIAN_POINT('',(-108.050000381,198.809931668,-64.384859534));
#642=CARTESIAN_POINT('',(-108.050000381,198.919108795,-64.54815742));
#643=CARTESIAN_POINT('',(-108.050000381,198.994751508,-64.730633135));
#644=CARTESIAN_POINT('',(-108.050000381,199.06997299,-64.912092699));
#645=CARTESIAN_POINT('',(-108.050000381,199.108563004,-65.105819356));
#646=CARTESIAN_POINT('',(-108.050000381,199.146938121,-65.298467208));
#647=CARTESIAN_POINT('',(-108.050000381,199.146992443,-65.496));
#648=CARTESIAN_POINT('',(-108.050000381,199.147046462,-65.692432792));
#649=CARTESIAN_POINT('',(-108.050000381,199.108563004,-65.886180644));
#650=CARTESIAN_POINT('',(-108.050000381,199.070293848,-66.078849573));
#651=CARTESIAN_POINT('',(-108.050000381,198.994751508,-66.261366865));
#652=CARTESIAN_POINT('',(-108.050000381,198.91962984,-66.442867773));
#653=CARTESIAN_POINT('',(-108.050000381,198.809931668,-66.607140466));
#654=CARTESIAN_POINT('',(-108.050000381,198.700844371,-66.770498375));
#655=CARTESIAN_POINT('',(-108.050000381,198.561206005,-66.910213562));
#656=CARTESIAN_POINT('',(-108.050000381,198.422345243,-67.049150719));
#657=CARTESIAN_POINT('',(-108.050000381,198.258132909,-67.158939225));
#658=CARTESIAN_POINT('',(-108.050000381,198.094835023,-67.268116352));
#659=CARTESIAN_POINT('',(-108.050000381,197.912359308,-67.343759065));
#660=CARTESIAN_POINT('',(-108.050000381,197.730899744,-67.418980547));
#661=CARTESIAN_POINT('',(-108.050000381,197.537173087,-67.457570561));
#662=CARTESIAN_POINT('',(-108.050000381,197.344252534,-67.496));
#663=CARTESIAN_POINT('',(-108.050000381,197.146992443,-67.496));
#664=B_SPLINE_CURVE_WITH_KNOTS('',2,(#599,#600,#601,#602,#603,#604,#605,#606,#607,#608,#609,#610,#611,#612,#613,#614,#615,#616,#617,#618,#619,#620,#621,#622,#623,#624,
#625,#626,#627,#628,#629,#630,#631,#632,#633,#634,#635,#636,#637,#638,#639,#640,#641,#642,#643,#644,#645,#646,#647,#648,#649,
#650,#651,#652,#653,#654,#655,#656,#657,#658,#659,#660,#661,#662,#663),.UNSPECIFIED.,.T.,.F.,(3,2,2,2,2,2,2,2,2,2,2,2,2,2,2,2,2,2,2,2,2,2,2,2,2,2,
2,2,2,2,2,2,3),(0.,0.03125,0.0625,0.09375,0.125,0.15625,0.1875,0.21875,0.25,0.28125,0.3125,0.34375,0.375,0.40625,0.4375,0.46875,0.5,0.53125,0.5625,0.59375,0.625,0.65625,0.6875,0.71875,0.75,0.78125,
0.8125,0.84375,0.875,0.90625,0.9375,0.96875,1.),.UNSPECIFIED.);
#665=EDGE_CURVE('',#593,#593,#664,.T.);
#666=ORIENTED_EDGE('',*,*,#665,.F.);
#667=ORIENTED_EDGE('',*,*,#597,.F.);
#668=CARTESIAN_POINT('',(-119.867190429,197.146992443,-67.496));
#669=CARTESIAN_POINT('',(-119.867190429,197.014846118,-67.496));
#670=CARTESIAN_POINT('',(-119.867190429,196.884923742,-67.482935456));
#671=CARTESIAN_POINT('',(-119.867190429,196.757103951,-67.457519322));
#672=CARTESIAN_POINT('',(-119.867190429,196.62928416,-67.432103188));
#673=CARTESIAN_POINT('',(-119.867190429,196.502237804,-67.393718046));
#674=CARTESIAN_POINT('',(-119.867190429,196.381129051,-67.343553477));
#675=CARTESIAN_POINT('',(-119.867190429,196.260020298,-67.293388909));
#676=CARTESIAN_POINT('',(-119.867190429,196.145212116,-67.231846927));
#677=CARTESIAN_POINT('',(-119.867190429,196.036521704,-67.159257631));
#678=CARTESIAN_POINT('',(-119.867190429,195.927831292,-67.086668335));
#679=CARTESIAN_POINT('',(-119.867190429,195.82486082,-67.00226778));
#680=CARTESIAN_POINT('',(-119.867190429,195.732605619,-66.910040374));
#681=CARTESIAN_POINT('',(-119.867190429,195.640350418,-66.817812969));
#682=CARTESIAN_POINT('',(-119.867190429,195.557666292,-66.717056478));
#683=CARTESIAN_POINT('',(-119.867190429,195.484584787,-66.60774279));
#684=CARTESIAN_POINT('',(-119.867190429,195.411503283,-66.498429103));
#685=CARTESIAN_POINT('',(-119.867190429,195.34931321,-66.382095628));
#686=CARTESIAN_POINT('',(-119.867190429,195.299413526,-66.261801298));
#687=CARTESIAN_POINT('',(-119.867190429,195.249513843,-66.141506967));
#688=CARTESIAN_POINT('',(-119.867190429,195.211239079,-66.015439803));
#689=CARTESIAN_POINT('',(-119.867190429,195.185572062,-65.886385726));
#690=CARTESIAN_POINT('',(-119.867190429,195.159905046,-65.757331649));
#691=CARTESIAN_POINT('',(-119.867190429,195.147104823,-65.627584974));
#692=CARTESIAN_POINT('',(-119.867190429,195.146993097,-65.497155297));
#693=CARTESIAN_POINT('',(-119.867190429,195.146881371,-65.366725621));
#694=CARTESIAN_POINT('',(-119.867190429,195.159977739,-65.234245127));
#695=CARTESIAN_POINT('',(-119.867190429,195.185495821,-65.105997578));
#696=CARTESIAN_POINT('',(-119.867190429,195.211013904,-64.977750029));
#697=CARTESIAN_POINT('',(-119.867190429,195.248671809,-64.853037107));
#698=CARTESIAN_POINT('',(-119.867190429,195.298698966,-64.731925611));
#699=CARTESIAN_POINT('',(-119.867190429,195.348726124,-64.610814115));
#700=CARTESIAN_POINT('',(-119.867190429,195.411454693,-64.493730636));
#701=CARTESIAN_POINT('',(-119.867190429,195.483859112,-64.385343164));
#702=CARTESIAN_POINT('',(-119.867190429,195.556263531,-64.276955692));
#703=CARTESIAN_POINT('',(-119.867190429,195.638850865,-64.175848922));
#704=CARTESIAN_POINT('',(-119.867190429,195.732158706,-64.082407228));
#705=CARTESIAN_POINT('',(-119.867190429,195.825466547,-63.988965533));
#706=CARTESIAN_POINT('',(-119.867190429,195.926733138,-63.906160045));
#707=CARTESIAN_POINT('',(-119.867190429,196.035045638,-63.833728756));
#708=CARTESIAN_POINT('',(-119.867190429,196.143358138,-63.761297467));
#709=CARTESIAN_POINT('',(-119.867190429,196.260188523,-63.698602262));
#710=CARTESIAN_POINT('',(-119.867190429,196.381350347,-63.648355052));
#711=CARTESIAN_POINT('',(-119.867190429,196.502512171,-63.598107843));
#712=CARTESIAN_POINT('',(-119.867190429,196.62720586,-63.560403103));
#713=CARTESIAN_POINT('',(-119.867190429,196.755317545,-63.534836455));
#714=CARTESIAN_POINT('',(-119.867190429,196.883429229,-63.509269808));
#715=CARTESIAN_POINT('',(-119.867190429,197.015947383,-63.496072259));
#716=CARTESIAN_POINT('',(-119.867190429,197.146442239,-63.496000228));
#717=CARTESIAN_POINT('',(-119.867190429,197.276937095,-63.495928196));
#718=CARTESIAN_POINT('',(-119.867190429,197.406624871,-63.508664698));
#719=CARTESIAN_POINT('',(-119.867190429,197.535505698,-63.534207655));
#720=CARTESIAN_POINT('',(-119.867190429,197.664386525,-63.559750613));
#721=CARTESIAN_POINT('',(-119.867190429,197.79083745,-63.598033198));
#722=CARTESIAN_POINT('',(-119.867190429,197.911204236,-63.647763287));
#723=CARTESIAN_POINT('',(-119.867190429,198.031571023,-63.697493375));
#724=CARTESIAN_POINT('',(-119.867190429,198.14759499,-63.759398644));
#725=CARTESIAN_POINT('',(-119.867190429,198.257124075,-63.832515945));
#726=CARTESIAN_POINT('',(-119.867190429,198.36665316,-63.905633246));
#727=CARTESIAN_POINT('',(-119.867190429,198.467500032,-63.988315759));
#728=CARTESIAN_POINT('',(-119.867190429,198.559815149,-64.08039772));
#729=CARTESIAN_POINT('',(-119.867190429,198.652130266,-64.172479682));
#730=CARTESIAN_POINT('',(-119.867190429,198.736555876,-64.275323946));
#731=CARTESIAN_POINT('',(-119.867190429,198.809279084,-64.38407622));
#732=CARTESIAN_POINT('',(-119.867190429,198.882002292,-64.492828493));
#733=CARTESIAN_POINT('',(-119.867190429,198.943591981,-64.607614918));
#734=CARTESIAN_POINT('',(-119.867190429,198.993877444,-64.728528014));
#735=CARTESIAN_POINT('',(-119.867190429,199.044162908,-64.84944111));
#736=CARTESIAN_POINT('',(-119.867190429,199.082694559,-64.97667296));
#737=CARTESIAN_POINT('',(-119.867190429,199.108196005,-65.104525679));
#738=CARTESIAN_POINT('',(-119.867190429,199.133697452,-65.232378398));
#739=CARTESIAN_POINT('',(-119.867190429,199.146831438,-65.362218232));
#740=CARTESIAN_POINT('',(-119.867190429,199.146991064,-65.494142692));
#741=CARTESIAN_POINT('',(-119.867190429,199.14715069,-65.626067153));
#742=CARTESIAN_POINT('',(-119.867190429,199.134138267,-65.75652571));
#743=CARTESIAN_POINT('',(-119.867190429,199.108821368,-65.88432864));
#744=CARTESIAN_POINT('',(-119.867190429,199.083504468,-66.012131569));
#745=CARTESIAN_POINT('',(-119.867190429,199.045334973,-66.138944321));
#746=CARTESIAN_POINT('',(-119.867190429,198.995209902,-66.260258396));
#747=CARTESIAN_POINT('',(-119.867190429,198.945084831,-66.381572471));
#748=CARTESIAN_POINT('',(-119.867190429,198.883603771,-66.496440785));
#749=CARTESIAN_POINT('',(-119.867190429,198.811169918,-66.605092197));
#750=CARTESIAN_POINT('',(-119.867190429,198.738736064,-66.713743608));
#751=CARTESIAN_POINT('',(-119.867190429,198.654405197,-66.816833601));
#752=CARTESIAN_POINT('',(-119.867190429,198.562185157,-66.909233189));
#753=CARTESIAN_POINT('',(-119.867190429,198.469965116,-67.001632777));
#754=CARTESIAN_POINT('',(-119.867190429,198.369300969,-67.084347578));
#755=CARTESIAN_POINT('',(-119.867190429,198.260222849,-67.157412154));
#756=CARTESIAN_POINT('',(-119.867190429,198.151144729,-67.230476731));
#757=CARTESIAN_POINT('',(-119.867190429,198.034525653,-67.292969448));
#758=CARTESIAN_POINT('',(-119.867190429,197.91426097,-67.342969603));
#759=CARTESIAN_POINT('',(-119.867190429,197.673731605,-67.442969911));
#760=CARTESIAN_POINT('',(-119.867190429,197.411218584,-67.496));
#761=CARTESIAN_POINT('',(-119.867190429,197.146992443,-67.496));
#762=B_SPLINE_CURVE_WITH_KNOTS('',3,(#668,#669,#670,#671,#672,#673,#674,#675,#676,#677,#678,#679,#680,#681,#682,#683,#684,#685,#686,#687,#688,#689,#690,#691,#692,#693,
#694,#695,#696,#697,#698,#699,#700,#701,#702,#703,#704,#705,#706,#707,#708,#709,#710,#711,#712,#713,#714,#715,#716,#717,#718,
#719,#720,#721,#722,#723,#724,#725,#726,#727,#728,#729,#730,#731,#732,#733,#734,#735,#736,#737,#738,#739,#740,#741,#742,#743,
#744,#745,#746,#747,#748,#749,#750,#751,#752,#753,#754,#755,#756,#757,#758,#759,#760,#761),.UNSPECIFIED.,.T.,.F.,(4,3,3,3,3,3,3,3,3,3,3,3,3,3,3,3,3,3,3,3,3,3,3,3,3,3,
3,3,3,3,3,4),(0.,0.000390817,0.000781634,0.001172451,0.001563268,0.001954085,0.002344902,0.002735719,0.003126536,0.003517353,0.00390817,0.004298987,0.004689803,0.00508062,0.005471437,0.005862254,0.006253071,0.006643888,0.007034705,0.007425522,0.007816339,0.008207156,0.008597973,0.00898879,0.009379607,0.009770424,
0.010161241,0.010552058,0.010942875,0.011333692,0.011724509,0.012506143),.UNSPECIFIED.);
#763=EDGE_CURVE('',#591,#591,#762,.T.);
#764=ORIENTED_EDGE('',*,*,#763,.T.);
#765=EDGE_LOOP('',(#598,#666,#667,#764));
#766=FACE_BOUND('',#765,.T.);
#767=ADVANCED_FACE('',(#766),#589,.T.);
#768=CARTESIAN_POINT('',(-119.867190429,227.161506833,-55.444011589));
#769=DIRECTION('',(-1.,0.,0.));
#770=DIRECTION('',(-0.,-1.,0.));
#771=AXIS2_PLACEMENT_3D('',#768,#769,#770);
#772=PLANE('',#771);
#773=ORIENTED_EDGE('',*,*,#269,.F.);
#774=EDGE_LOOP('',(#773));
#775=FACE_BOUND('',#774,.T.);
#776=ORIENTED_EDGE('',*,*,#516,.F.);
#777=EDGE_LOOP('',(#776));
#778=FACE_BOUND('',#777,.T.);
#779=ORIENTED_EDGE('',*,*,#763,.F.);
#780=EDGE_LOOP('',(#779));
#781=FACE_BOUND('',#780,.T.);
#782=CARTESIAN_POINT('',(-119.867190429,187.161506833,-33.044011589));
#783=VERTEX_POINT('',#782);
#784=CARTESIAN_POINT('',(-119.867190429,187.161506833,-77.844011589));
#785=VERTEX_POINT('',#784);
#786=CARTESIAN_POINT('',(-119.867190429,187.161506833,-33.044011589));
#787=DIRECTION('',(0.,0.,-1.));
#788=VECTOR('',#787,44.8);
#789=LINE('',#786,#788);
#790=EDGE_CURVE('',#783,#785,#789,.T.);
#791=ORIENTED_EDGE('',*,*,#790,.F.);
#792=CARTESIAN_POINT('',(-119.867190429,227.161506833,-33.044011589));
#793=VERTEX_POINT('',#792);
#794=CARTESIAN_POINT('',(-119.867190429,227.161506833,-33.044011589));
#795=DIRECTION('',(-0.,-1.,-0.));
#796=VECTOR('',#795,40.);
#797=LINE('',#794,#796);
#798=EDGE_CURVE('',#793,#783,#797,.T.);
#799=ORIENTED_EDGE('',*,*,#798,.F.);
#800=CARTESIAN_POINT('',(-119.867190429,227.161506833,-77.844011589));
#801=VERTEX_POINT('',#800);
#802=CARTESIAN_POINT('',(-119.867190429,227.161506833,-33.044011589));
#803=DIRECTION('',(0.,0.,-1.));
#804=VECTOR('',#803,44.8);
#805=LINE('',#802,#804);
#806=EDGE_CURVE('',#793,#801,#805,.T.);
#807=ORIENTED_EDGE('',*,*,#806,.T.);
#808=CARTESIAN_POINT('',(-119.867190429,227.161506833,-77.844011589));
#809=DIRECTION('',(-0.,-1.,-0.));
#810=VECTOR('',#809,40.);
#811=LINE('',#808,#810);
#812=EDGE_CURVE('',#801,#785,#811,.T.);
#813=ORIENTED_EDGE('',*,*,#812,.T.);
#814=EDGE_LOOP('',(#791,#799,#807,#813));
#815=FACE_BOUND('',#814,.T.);
#816=CARTESIAN_POINT('',(-119.867190429,217.146992443,-67.496));
#817=VERTEX_POINT('',#816);
#818=CARTESIAN_POINT('',(-119.867190429,217.146992443,-67.496));
#819=CARTESIAN_POINT('',(-119.867190429,217.279141304,-67.496));
#820=CARTESIAN_POINT('',(-119.867190429,217.409072209,-67.482969001));
#821=CARTESIAN_POINT('',(-119.867190429,217.536897986,-67.457569893));
#822=CARTESIAN_POINT('',(-119.867190429,217.664723763,-67.432170785));
#823=CARTESIAN_POINT('',(-119.867190429,217.791780464,-67.393782787));
#824=CARTESIAN_POINT('',(-119.867190429,217.912870788,-67.343546955));
#825=CARTESIAN_POINT('',(-119.867190429,218.033961111,-67.293311122));
#826=CARTESIAN_POINT('',(-119.867190429,218.148799754,-67.231789803));
#827=CARTESIAN_POINT('',(-119.867190429,218.257518324,-67.159220578));
#828=CARTESIAN_POINT('',(-119.867190429,218.366236895,-67.086651353));
#829=CARTESIAN_POINT('',(-119.867190429,218.469241,-67.002260496));
#830=CARTESIAN_POINT('',(-119.867190429,218.561444711,-66.909974685));
#831=CARTESIAN_POINT('',(-119.867190429,218.653648422,-66.817688874));
#832=CARTESIAN_POINT('',(-119.867190429,218.736355428,-66.716947179));
#833=CARTESIAN_POINT('',(-119.867190429,218.809458902,-66.60765448));
#834=CARTESIAN_POINT('',(-119.867190429,218.882562376,-66.498361781));
#835=CARTESIAN_POINT('',(-119.867190429,218.94478742,-66.382022048));
#836=CARTESIAN_POINT('',(-119.867190429,218.994612968,-66.261701503));
#837=CARTESIAN_POINT('',(-119.867190429,219.044438516,-66.141380959));
#838=CARTESIAN_POINT('',(-119.867190429,219.082730394,-66.015355598));
#839=CARTESIAN_POINT('',(-119.867190429,219.108428861,-65.886304871));
#840=CARTESIAN_POINT('',(-119.867190429,219.134127327,-65.757254144));
#841=CARTESIAN_POINT('',(-119.867190429,219.146954915,-65.627520685));
#842=CARTESIAN_POINT('',(-119.867190429,219.146992436,-65.49710878));
#843=CARTESIAN_POINT('',(-119.867190429,219.147029957,-65.366696875));
#844=CARTESIAN_POINT('',(-119.867190429,219.133969379,-65.23424414));
#845=CARTESIAN_POINT('',(-119.867190429,219.108489454,-65.10599977));
#846=CARTESIAN_POINT('',(-119.867190429,219.083009529,-64.977755401));
#847=CARTESIAN_POINT('',(-119.867190429,219.045392932,-64.853053742));
#848=CARTESIAN_POINT('',(-119.867190429,218.995313397,-64.731990029));
#849=CARTESIAN_POINT('',(-119.867190429,218.945233862,-64.610926317));
#850=CARTESIAN_POINT('',(-119.867190429,218.882546032,-64.49383251));
#851=CARTESIAN_POINT('',(-119.867190429,218.810183063,-64.385429238));
#852=CARTESIAN_POINT('',(-119.867190429,218.737820093,-64.277025967));
#853=CARTESIAN_POINT('',(-119.867190429,218.655279249,-64.175906174));
#854=CARTESIAN_POINT('',(-119.867190429,218.561936218,-64.082516631));
#855=CARTESIAN_POINT('',(-119.867190429,218.468593187,-63.989127088));
#856=CARTESIAN_POINT('',(-119.867190429,218.367329987,-63.906265342));
#857=CARTESIAN_POINT('',(-119.867190429,218.259031138,-63.833790598));
#858=CARTESIAN_POINT('',(-119.867190429,218.15073229,-63.761315854));
#859=CARTESIAN_POINT('',(-119.867190429,218.033904621,-63.698574859));
#860=CARTESIAN_POINT('',(-119.867190429,217.912709678,-63.64838599));
#861=CARTESIAN_POINT('',(-119.867190429,217.791514735,-63.598197121));
#862=CARTESIAN_POINT('',(-119.867190429,217.666817058,-63.560450845));
#863=CARTESIAN_POINT('',(-119.867190429,217.538702039,-63.534843832));
#864=CARTESIAN_POINT('',(-119.867190429,217.410587019,-63.509236819));
#865=CARTESIAN_POINT('',(-119.867190429,217.278049172,-63.496000608));
#866=CARTESIAN_POINT('',(-119.867190429,217.147544607,-63.495999926));
#867=CARTESIAN_POINT('',(-119.867190429,217.017040041,-63.495999243));
#868=CARTESIAN_POINT('',(-119.867190429,216.887341721,-63.508704751));
#869=CARTESIAN_POINT('',(-119.867190429,216.758455758,-63.534212772));
#870=CARTESIAN_POINT('',(-119.867190429,216.629569795,-63.559720793));
#871=CARTESIAN_POINT('',(-119.867190429,216.503085586,-63.597978713));
#872=CARTESIAN_POINT('',(-119.867190429,216.3827476,-63.647776222));
#873=CARTESIAN_POINT('',(-119.867190429,216.262409614,-63.697573731));
#874=CARTESIAN_POINT('',(-119.867190429,216.146401049,-63.759434561));
#875=CARTESIAN_POINT('',(-119.867190429,216.036846086,-63.832526153));
#876=CARTESIAN_POINT('',(-119.867190429,215.927291123,-63.905617746));
#877=CARTESIAN_POINT('',(-119.867190429,215.826428793,-63.988270997));
#878=CARTESIAN_POINT('',(-119.867190429,215.73417383,-64.080392117));
#879=CARTESIAN_POINT('',(-119.867190429,215.641918868,-64.172513237));
#880=CARTESIAN_POINT('',(-119.867190429,215.557485544,-64.275311659));
#881=CARTESIAN_POINT('',(-119.867190429,215.484733304,-64.38403563));
#882=CARTESIAN_POINT('',(-119.867190429,215.411981063,-64.492759602));
#883=CARTESIAN_POINT('',(-119.867190429,215.350366406,-64.607509833));
#884=CARTESIAN_POINT('',(-119.867190429,215.300148279,-64.728426435));
#885=CARTESIAN_POINT('',(-119.867190429,215.249930153,-64.849343037));
#886=CARTESIAN_POINT('',(-119.867190429,215.211361387,-64.976552382));
#887=CARTESIAN_POINT('',(-119.867190429,215.185816854,-65.104387583));
#888=CARTESIAN_POINT('',(-119.867190429,215.16027232,-65.232222784));
#889=CARTESIAN_POINT('',(-119.867190429,215.14709385,-65.362039188));
#890=CARTESIAN_POINT('',(-119.867190429,215.146992945,-65.493950788));
#891=CARTESIAN_POINT('',(-119.867190429,215.14689204,-65.625862388));
#892=CARTESIAN_POINT('',(-119.867190429,215.159860917,-65.756356266));
#893=CARTESIAN_POINT('',(-119.867190429,215.185134535,-65.884179386));
#894=CARTESIAN_POINT('',(-119.867190429,215.210408153,-66.012002505));
#895=CARTESIAN_POINT('',(-119.867190429,215.248539043,-66.138843241));
#896=CARTESIAN_POINT('',(-119.867190429,215.298726117,-66.260142017));
#897=CARTESIAN_POINT('',(-119.867190429,215.348913192,-66.381440792));
#898=CARTESIAN_POINT('',(-119.867190429,215.410366969,-66.496343364));
#899=CARTESIAN_POINT('',(-119.867190429,215.482773123,-66.605028178));
#900=CARTESIAN_POINT('',(-119.867190429,215.555179276,-66.713712993));
#901=CARTESIAN_POINT('',(-119.867190429,215.639494577,-66.81684624));
#902=CARTESIAN_POINT('',(-119.867190429,215.731770637,-66.909205143));
#903=CARTESIAN_POINT('',(-119.867190429,215.824046696,-67.001564046));
#904=CARTESIAN_POINT('',(-119.867190429,215.92469698,-67.084310408));
#905=CARTESIAN_POINT('',(-119.867190429,216.033754558,-67.157406268));
#906=CARTESIAN_POINT('',(-119.867190429,216.142812135,-67.230502128));
#907=CARTESIAN_POINT('',(-119.867190429,216.259436426,-67.293037906));
#908=CARTESIAN_POINT('',(-119.867190429,216.379727776,-67.342972422));
#909=CARTESIAN_POINT('',(-119.867190429,216.620310475,-67.442841453));
#910=CARTESIAN_POINT('',(-119.867190429,216.88277041,-67.496));
#911=CARTESIAN_POINT('',(-119.867190429,217.146992443,-67.496));
#912=B_SPLINE_CURVE_WITH_KNOTS('',3,(#818,#819,#820,#821,#822,#823,#824,#825,#826,#827,#828,#829,#830,#831,#832,#833,#834,#835,#836,#837,#838,#839,#840,#841,#842,#843,
#844,#845,#846,#847,#848,#849,#850,#851,#852,#853,#854,#855,#856,#857,#858,#859,#860,#861,#862,#863,#864,#865,#866,#867,#868,
#869,#870,#871,#872,#873,#874,#875,#876,#877,#878,#879,#880,#881,#882,#883,#884,#885,#886,#887,#888,#889,#890,#891,#892,#893,
#894,#895,#896,#897,#898,#899,#900,#901,#902,#903,#904,#905,#906,#907,#908,#909,#910,#911),.UNSPECIFIED.,.T.,.F.,(4,3,3,3,3,3,3,3,3,3,3,3,3,3,3,3,3,3,3,3,3,3,3,3,3,3,
3,3,3,3,3,4),(0.,0.000390826,0.000781652,0.001172478,0.001563303,0.001954129,0.002344955,0.002735781,0.003126607,0.003517433,0.003908259,0.004299084,0.00468991,0.005080736,0.005471562,0.005862388,0.006253214,0.00664404,0.007034866,0.007425691,0.007816517,0.008207343,0.008598169,0.008988995,0.009379821,0.009770647,
0.010161472,0.010552298,0.010943124,0.01133395,0.011724776,0.012506428),.UNSPECIFIED.);
#913=EDGE_CURVE('',#817,#817,#912,.T.);
#914=ORIENTED_EDGE('',*,*,#913,.T.);
#915=EDGE_LOOP('',(#914));
#916=FACE_BOUND('',#915,.T.);
#917=ADVANCED_FACE('',(#775,#778,#781,#815,#916),#772,.T.);
#918=CARTESIAN_POINT('',(-108.050000381,217.146992443,-67.496));
#919=CARTESIAN_POINT('',(-108.050000381,216.884719437,-67.496));
#920=CARTESIAN_POINT('',(-108.050000381,216.623626789,-67.443921289));
#921=CARTESIAN_POINT('',(-108.050000381,216.139624367,-67.243596841));
#922=CARTESIAN_POINT('',(-108.050000381,215.918028422,-67.095361245));
#923=CARTESIAN_POINT('',(-108.050000381,215.547529339,-66.72506588));
#924=CARTESIAN_POINT('',(-108.050000381,215.399528687,-66.50331295));
#925=CARTESIAN_POINT('',(-108.050000381,215.198938069,-66.01942078));
#926=CARTESIAN_POINT('',(-108.050000381,215.147064468,-65.757910389));
#927=CARTESIAN_POINT('',(-108.050000381,215.146920418,-65.234089611));
#928=CARTESIAN_POINT('',(-108.050000381,215.199071154,-64.972634346));
#929=CARTESIAN_POINT('',(-108.050000381,215.399395602,-64.488631924));
#930=CARTESIAN_POINT('',(-108.050000381,215.547631198,-64.267035979));
#931=CARTESIAN_POINT('',(-108.050000381,215.917926563,-63.896536896));
#932=CARTESIAN_POINT('',(-108.050000381,216.139679493,-63.748536244));
#933=CARTESIAN_POINT('',(-108.050000381,216.623571663,-63.547945626));
#934=CARTESIAN_POINT('',(-108.050000381,216.885082054,-63.496072025));
#935=CARTESIAN_POINT('',(-108.050000381,217.408902832,-63.495927975));
#936=CARTESIAN_POINT('',(-108.050000381,217.670358097,-63.548078711));
#937=CARTESIAN_POINT('',(-108.050000381,218.154360519,-63.748403159));
#938=CARTESIAN_POINT('',(-108.050000381,218.375956464,-63.896638755));
#939=CARTESIAN_POINT('',(-108.050000381,218.746455547,-64.26693412));
#940=CARTESIAN_POINT('',(-108.050000381,218.894456199,-64.48868705));
#941=CARTESIAN_POINT('',(-108.050000381,219.095046817,-64.97257922));
#942=CARTESIAN_POINT('',(-108.050000381,219.146920418,-65.234089611));
#943=CARTESIAN_POINT('',(-108.050000381,219.147064468,-65.757910389));
#944=CARTESIAN_POINT('',(-108.050000381,219.094913732,-66.019365654));
#945=CARTESIAN_POINT('',(-108.050000381,218.894589284,-66.503368076));
#946=CARTESIAN_POINT('',(-108.050000381,218.746353688,-66.724964021));
#947=CARTESIAN_POINT('',(-108.050000381,218.376058323,-67.095463104));
#948=CARTESIAN_POINT('',(-108.050000381,218.154305393,-67.243463756));
#949=CARTESIAN_POINT('',(-108.050000381,217.670413223,-67.444054374));
#950=CARTESIAN_POINT('',(-108.050000381,217.409265449,-67.496));
#951=CARTESIAN_POINT('',(-108.050000381,217.146992443,-67.496));
#952=CARTESIAN_POINT('',(-119.867190429,217.146992443,-67.496));
#953=CARTESIAN_POINT('',(-119.867190429,216.884719437,-67.496));
#954=CARTESIAN_POINT('',(-119.867190429,216.623626789,-67.443921289));
#955=CARTESIAN_POINT('',(-119.867190429,216.139624367,-67.243596841));
#956=CARTESIAN_POINT('',(-119.867190429,215.918028422,-67.095361245));
#957=CARTESIAN_POINT('',(-119.867190429,215.547529339,-66.72506588));
#958=CARTESIAN_POINT('',(-119.867190429,215.399528687,-66.50331295));
#959=CARTESIAN_POINT('',(-119.867190429,215.198938069,-66.01942078));
#960=CARTESIAN_POINT('',(-119.867190429,215.147064468,-65.757910389));
#961=CARTESIAN_POINT('',(-119.867190429,215.146920418,-65.234089611));
#962=CARTESIAN_POINT('',(-119.867190429,215.199071154,-64.972634346));
#963=CARTESIAN_POINT('',(-119.867190429,215.399395602,-64.488631924));
#964=CARTESIAN_POINT('',(-119.867190429,215.547631198,-64.267035979));
#965=CARTESIAN_POINT('',(-119.867190429,215.917926563,-63.896536896));
#966=CARTESIAN_POINT('',(-119.867190429,216.139679493,-63.748536244));
#967=CARTESIAN_POINT('',(-119.867190429,216.623571663,-63.547945626));
#968=CARTESIAN_POINT('',(-119.867190429,216.885082054,-63.496072025));
#969=CARTESIAN_POINT('',(-119.867190429,217.408902832,-63.495927975));
#970=CARTESIAN_POINT('',(-119.867190429,217.670358097,-63.548078711));
#971=CARTESIAN_POINT('',(-119.867190429,218.154360519,-63.748403159));
#972=CARTESIAN_POINT('',(-119.867190429,218.375956464,-63.896638755));
#973=CARTESIAN_POINT('',(-119.867190429,218.746455547,-64.26693412));
#974=CARTESIAN_POINT('',(-119.867190429,218.894456199,-64.48868705));
#975=CARTESIAN_POINT('',(-119.867190429,219.095046817,-64.97257922));
#976=CARTESIAN_POINT('',(-119.867190429,219.146920418,-65.234089611));
#977=CARTESIAN_POINT('',(-119.867190429,219.147064468,-65.757910389));
#978=CARTESIAN_POINT('',(-119.867190429,219.094913732,-66.019365654));
#979=CARTESIAN_POINT('',(-119.867190429,218.894589284,-66.503368076));
#980=CARTESIAN_POINT('',(-119.867190429,218.746353688,-66.724964021));
#981=CARTESIAN_POINT('',(-119.867190429,218.376058323,-67.095463104));
#982=CARTESIAN_POINT('',(-119.867190429,218.154305393,-67.243463756));
#983=CARTESIAN_POINT('',(-119.867190429,217.670413223,-67.444054374));
#984=CARTESIAN_POINT('',(-119.867190429,217.409265449,-67.496));
#985=CARTESIAN_POINT('',(-119.867190429,217.146992443,-67.496));
#986=B_SPLINE_SURFACE_WITH_KNOTS('',1,3,((#918,#919,#920,#921,#922,#923,#924,#925,#926,#927,#928,#929,#930,#931,#932,#933,#934,#935,#936,#937,#938,#939,#940,#941,#942,#943,
#944,#945,#946,#947,#948,#949,#950,#951),(#952,#953,#954,#955,#956,#957,#958,#959,#960,#961,#962,#963,#964,#965,#966,#967,#968,#969,#970,#971,#972,#973,#974,#975,#976,#977,
#978,#979,#980,#981,#982,#983,#984,#985)),.UNSPECIFIED.,.F.,.T.,.U.,(2,2),(4,2,2,2,2,2,2,2,2,2,2,2,2,2,2,2,4),(0.,0.288224148),(0.,0.0625,0.125,0.1875,0.25,0.3125,0.375,0.4375,0.5,0.5625,0.625,0.6875,0.75,0.8125,0.875,0.9375,1.),.UNSPECIFIED.);
#987=CARTESIAN_POINT('',(-108.050000381,217.146992443,-67.496));
#988=VERTEX_POINT('',#987);
#989=CARTESIAN_POINT('',(-119.867190429,217.146992443,-67.496));
#990=CARTESIAN_POINT('',(-108.050000381,217.146992443,-67.496));
#991=B_SPLINE_CURVE_WITH_KNOTS('',1,(#989,#990),.UNSPECIFIED.,.F.,.F.,(2,2),(0.711775852,1.),.UNSPECIFIED.);
#992=EDGE_CURVE('',#817,#988,#991,.T.);
#993=ORIENTED_EDGE('',*,*,#992,.T.);
#994=CARTESIAN_POINT('',(-108.050000381,217.146992443,-67.496));
#995=CARTESIAN_POINT('',(-108.050000381,216.950287688,-67.496));
#996=CARTESIAN_POINT('',(-108.050000381,216.756811799,-67.457570561));
#997=CARTESIAN_POINT('',(-108.050000381,216.56414287,-67.419301405));
#998=CARTESIAN_POINT('',(-108.050000381,216.381625578,-67.343759065));
#999=CARTESIAN_POINT('',(-108.050000381,216.20012467,-67.268637397));
#1000=CARTESIAN_POINT('',(-108.050000381,216.035851977,-67.158939225));
#1001=CARTESIAN_POINT('',(-108.050000381,215.872494068,-67.049851928));
#1002=CARTESIAN_POINT('',(-108.050000381,215.732778881,-66.910213562));
#1003=CARTESIAN_POINT('',(-108.050000381,215.593841724,-66.7713528));
#1004=CARTESIAN_POINT('',(-108.050000381,215.484053218,-66.607140466));
#1005=CARTESIAN_POINT('',(-108.050000381,215.374876091,-66.44384258));
#1006=CARTESIAN_POINT('',(-108.050000381,215.299233378,-66.261366865));
#1007=CARTESIAN_POINT('',(-108.050000381,215.224011896,-66.079907301));
#1008=CARTESIAN_POINT('',(-108.050000381,215.185421882,-65.886180644));
#1009=CARTESIAN_POINT('',(-108.050000381,215.147046765,-65.693532792));
#1010=CARTESIAN_POINT('',(-108.050000381,215.146992443,-65.496));
#1011=CARTESIAN_POINT('',(-108.050000381,215.146938424,-65.299567208));
#1012=CARTESIAN_POINT('',(-108.050000381,215.185421882,-65.105819356));
#1013=CARTESIAN_POINT('',(-108.050000381,215.223691038,-64.913150427));
#1014=CARTESIAN_POINT('',(-108.050000381,215.299233378,-64.730633135));
#1015=CARTESIAN_POINT('',(-108.050000381,215.374355046,-64.549132227));
#1016=CARTESIAN_POINT('',(-108.050000381,215.484053218,-64.384859534));
#1017=CARTESIAN_POINT('',(-108.050000381,215.593140515,-64.221501625));
#1018=CARTESIAN_POINT('',(-108.050000381,215.732778881,-64.081786438));
#1019=CARTESIAN_POINT('',(-108.050000381,215.871639643,-63.942849281));
#1020=CARTESIAN_POINT('',(-108.050000381,216.035851977,-63.833060775));
#1021=CARTESIAN_POINT('',(-108.050000381,216.199149863,-63.723883648));
#1022=CARTESIAN_POINT('',(-108.050000381,216.381625578,-63.648240935));
#1023=CARTESIAN_POINT('',(-108.050000381,216.563085142,-63.573019453));
#1024=CARTESIAN_POINT('',(-108.050000381,216.756811799,-63.534429439));
#1025=CARTESIAN_POINT('',(-108.050000381,216.949459651,-63.496054322));
#1026=CARTESIAN_POINT('',(-108.050000381,217.146992443,-63.496));
#1027=CARTESIAN_POINT('',(-108.050000381,217.343425235,-63.495945981));
#1028=CARTESIAN_POINT('',(-108.050000381,217.537173087,-63.534429439));
#1029=CARTESIAN_POINT('',(-108.050000381,217.729842016,-63.572698595));
#1030=CARTESIAN_POINT('',(-108.050000381,217.912359308,-63.648240935));
#1031=CARTESIAN_POINT('',(-108.050000381,218.093860216,-63.723362603));
#1032=CARTESIAN_POINT('',(-108.050000381,218.258132909,-63.833060775));
#1033=CARTESIAN_POINT('',(-108.050000381,218.421490818,-63.942148072));
#1034=CARTESIAN_POINT('',(-108.050000381,218.561206005,-64.081786438));
#1035=CARTESIAN_POINT('',(-108.050000381,218.700143162,-64.2206472));
#1036=CARTESIAN_POINT('',(-108.050000381,218.809931668,-64.384859534));
#1037=CARTESIAN_POINT('',(-108.050000381,218.919108795,-64.54815742));
#1038=CARTESIAN_POINT('',(-108.050000381,218.994751508,-64.730633135));
#1039=CARTESIAN_POINT('',(-108.050000381,219.06997299,-64.912092699));
#1040=CARTESIAN_POINT('',(-108.050000381,219.108563004,-65.105819356));
#1041=CARTESIAN_POINT('',(-108.050000381,219.146938121,-65.298467208));
#1042=CARTESIAN_POINT('',(-108.050000381,219.146992443,-65.496));
#1043=CARTESIAN_POINT('',(-108.050000381,219.147046462,-65.692432792));
#1044=CARTESIAN_POINT('',(-108.050000381,219.108563004,-65.886180644));
#1045=CARTESIAN_POINT('',(-108.050000381,219.070293848,-66.078849573));
#1046=CARTESIAN_POINT('',(-108.050000381,218.994751508,-66.261366865));
#1047=CARTESIAN_POINT('',(-108.050000381,218.91962984,-66.442867773));
#1048=CARTESIAN_POINT('',(-108.050000381,218.809931668,-66.607140466));
#1049=CARTESIAN_POINT('',(-108.050000381,218.700844371,-66.770498375));
#1050=CARTESIAN_POINT('',(-108.050000381,218.561206005,-66.910213562));
#1051=CARTESIAN_POINT('',(-108.050000381,218.422345243,-67.049150719));
#1052=CARTESIAN_POINT('',(-108.050000381,218.258132909,-67.158939225));
#1053=CARTESIAN_POINT('',(-108.050000381,218.094835023,-67.268116352));
#1054=CARTESIAN_POINT('',(-108.050000381,217.912359308,-67.343759065));
#1055=CARTESIAN_POINT('',(-108.050000381,217.730899744,-67.418980547));
#1056=CARTESIAN_POINT('',(-108.050000381,217.537173087,-67.457570561));
#1057=CARTESIAN_POINT('',(-108.050000381,217.344252534,-67.496));
#1058=CARTESIAN_POINT('',(-108.050000381,217.146992443,-67.496));
#1059=B_SPLINE_CURVE_WITH_KNOTS('',2,(#994,#995,#996,#997,#998,#999,#1000,#1001,#1002,#1003,#1004,#1005,#1006,#1007,#1008,#1009,#1010,#1011,#1012,#1013,#1014,#1015,#1016,#1017,#1018,#1019,
#1020,#1021,#1022,#1023,#1024,#1025,#1026,#1027,#1028,#1029,#1030,#1031,#1032,#1033,#1034,#1035,#1036,#1037,#1038,#1039,#1040,#1041,#1042,#1043,#1044,
#1045,#1046,#1047,#1048,#1049,#1050,#1051,#1052,#1053,#1054,#1055,#1056,#1057,#1058),.UNSPECIFIED.,.T.,.F.,(3,2,2,2,2,2,2,2,2,2,2,2,2,2,2,2,2,2,2,2,2,2,2,2,2,2,
2,2,2,2,2,2,3),(0.,0.03125,0.0625,0.09375,0.125,0.15625,0.1875,0.21875,0.25,0.28125,0.3125,0.34375,0.375,0.40625,0.4375,0.46875,0.5,0.53125,0.5625,0.59375,0.625,0.65625,0.6875,0.71875,0.75,0.78125,
0.8125,0.84375,0.875,0.90625,0.9375,0.96875,1.),.UNSPECIFIED.);
#1060=EDGE_CURVE('',#988,#988,#1059,.T.);
#1061=ORIENTED_EDGE('',*,*,#1060,.F.);
#1062=ORIENTED_EDGE('',*,*,#992,.F.);
#1063=ORIENTED_EDGE('',*,*,#913,.F.);
#1064=EDGE_LOOP('',(#993,#1061,#1062,#1063));
#1065=FACE_BOUND('',#1064,.T.);
#1066=ADVANCED_FACE('',(#1065),#986,.T.);
#1067=CARTESIAN_POINT('',(-108.050000381,184.478796208,-65.402860773));
#1068=DIRECTION('',(1.,-0.,0.));
#1069=DIRECTION('',(0.,1.,0.));
#1070=AXIS2_PLACEMENT_3D('',#1067,#1068,#1069);
#1071=PLANE('',#1070);
#1072=ORIENTED_EDGE('',*,*,#665,.T.);
#1073=EDGE_LOOP('',(#1072));
#1074=FACE_BOUND('',#1073,.T.);
#1075=CARTESIAN_POINT('',(-108.050000381,180.620049982,-62.015576629));
#1076=VERTEX_POINT('',#1075);
#1077=CARTESIAN_POINT('',(-108.050000381,181.961506833,-65.344011589));
#1078=VERTEX_POINT('',#1077);
#1079=CARTESIAN_POINT('',(-108.050000381,177.161506833,-65.344011589));
#1080=DIRECTION('',(-1.,0.,-0.));
#1081=DIRECTION('',(-0.,-1.,-0.));
#1082=AXIS2_PLACEMENT_3D('',#1079,#1080,#1081);
#1083=CIRCLE('',#1082,4.8);
#1084=EDGE_CURVE('',#1076,#1078,#1083,.T.);
#1085=ORIENTED_EDGE('',*,*,#1084,.T.);
#1086=CARTESIAN_POINT('',(-108.050000381,180.621962506,-68.670458122));
#1087=VERTEX_POINT('',#1086);
#1088=CARTESIAN_POINT('',(-108.050000381,177.161506833,-65.344011589));
#1089=DIRECTION('',(-1.,0.,-0.));
#1090=DIRECTION('',(-0.,-1.,-0.));
#1091=AXIS2_PLACEMENT_3D('',#1088,#1089,#1090);
#1092=CIRCLE('',#1091,4.8);
#1093=EDGE_CURVE('',#1078,#1087,#1092,.T.);
#1094=ORIENTED_EDGE('',*,*,#1093,.T.);
#1095=CARTESIAN_POINT('',(-108.050000381,227.161506833,-68.670458122));
#1096=VERTEX_POINT('',#1095);
#1097=CARTESIAN_POINT('',(-108.050000381,180.621962506,-68.670458122));
#1098=DIRECTION('',(0.,1.,0.));
#1099=VECTOR('',#1098,46.539544327);
#1100=LINE('',#1097,#1099);
#1101=EDGE_CURVE('',#1087,#1096,#1100,.T.);
#1102=ORIENTED_EDGE('',*,*,#1101,.T.);
#1103=CARTESIAN_POINT('',(-108.050000381,227.161506833,-62.015576644));
#1104=VERTEX_POINT('',#1103);
#1105=CARTESIAN_POINT('',(-108.050000381,227.161506833,-62.015576644));
#1106=DIRECTION('',(0.,0.,-1.));
#1107=VECTOR('',#1106,6.654881478);
#1108=LINE('',#1105,#1107);
#1109=EDGE_CURVE('',#1104,#1096,#1108,.T.);
#1110=ORIENTED_EDGE('',*,*,#1109,.F.);
#1111=CARTESIAN_POINT('',(-108.050000381,187.161506833,-62.015576644));
#1112=VERTEX_POINT('',#1111);
#1113=CARTESIAN_POINT('',(-108.050000381,227.161506833,-62.015576644));
#1114=DIRECTION('',(-0.,-1.,-0.));
#1115=VECTOR('',#1114,40.);
#1116=LINE('',#1113,#1115);
#1117=EDGE_CURVE('',#1104,#1112,#1116,.T.);
#1118=ORIENTED_EDGE('',*,*,#1117,.T.);
#1119=CARTESIAN_POINT('',(-108.050000381,180.620049982,-62.015576629));
#1120=DIRECTION('',(0.,1.,0.000000275));
#1121=VECTOR('',#1120,6.541456851);
#1122=LINE('',#1119,#1121);
#1123=EDGE_CURVE('',#1076,#1112,#1122,.T.);
#1124=ORIENTED_EDGE('',*,*,#1123,.F.);
#1125=EDGE_LOOP('',(#1085,#1094,#1102,#1110,#1118,#1124));
#1126=FACE_BOUND('',#1125,.T.);
#1127=ORIENTED_EDGE('',*,*,#1060,.T.);
#1128=EDGE_LOOP('',(#1127));
#1129=FACE_BOUND('',#1128,.T.);
#1130=ADVANCED_FACE('',(#1074,#1126,#1129),#1071,.T.);
#1131=CARTESIAN_POINT('',(-108.050000381,184.478796208,-45.485162405));
#1132=DIRECTION('',(1.,-0.,0.));
#1133=DIRECTION('',(0.,1.,0.));
#1134=AXIS2_PLACEMENT_3D('',#1131,#1132,#1133);
#1135=PLANE('',#1134);
#1136=ORIENTED_EDGE('',*,*,#171,.T.);
#1137=EDGE_LOOP('',(#1136));
#1138=FACE_BOUND('',#1137,.T.);
#1139=CARTESIAN_POINT('',(-108.050000381,181.961506833,-45.544011589));
#1140=VERTEX_POINT('',#1139);
#1141=CARTESIAN_POINT('',(-108.050000381,180.621962506,-42.217565056));
#1142=VERTEX_POINT('',#1141);
#1143=CARTESIAN_POINT('',(-108.050000381,177.161506833,-45.544011589));
#1144=DIRECTION('',(1.,-0.,0.));
#1145=DIRECTION('',(-0.,-1.,-0.));
#1146=AXIS2_PLACEMENT_3D('',#1143,#1144,#1145);
#1147=CIRCLE('',#1146,4.8);
#1148=EDGE_CURVE('',#1140,#1142,#1147,.T.);
#1149=ORIENTED_EDGE('',*,*,#1148,.F.);
#1150=CARTESIAN_POINT('',(-108.050000381,180.620049982,-48.87244655));
#1151=VERTEX_POINT('',#1150);
#1152=CARTESIAN_POINT('',(-108.050000381,177.161506833,-45.544011589));
#1153=DIRECTION('',(1.,-0.,0.));
#1154=DIRECTION('',(-0.,-1.,-0.));
#1155=AXIS2_PLACEMENT_3D('',#1152,#1153,#1154);
#1156=CIRCLE('',#1155,4.8);
#1157=EDGE_CURVE('',#1151,#1140,#1156,.T.);
#1158=ORIENTED_EDGE('',*,*,#1157,.F.);
#1159=CARTESIAN_POINT('',(-108.050000381,187.161506833,-48.872446534));
#1160=VERTEX_POINT('',#1159);
#1161=CARTESIAN_POINT('',(-108.050000381,180.620049982,-48.87244655));
#1162=DIRECTION('',(0.,1.,-0.000000275));
#1163=VECTOR('',#1162,6.541456851);
#1164=LINE('',#1161,#1163);
#1165=EDGE_CURVE('',#1151,#1160,#1164,.T.);
#1166=ORIENTED_EDGE('',*,*,#1165,.T.);
#1167=CARTESIAN_POINT('',(-108.050000381,227.161506833,-48.872446534));
#1168=VERTEX_POINT('',#1167);
#1169=CARTESIAN_POINT('',(-108.050000381,227.161506833,-48.872446534));
#1170=DIRECTION('',(-0.,-1.,-0.));
#1171=VECTOR('',#1170,40.);
#1172=LINE('',#1169,#1171);
#1173=EDGE_CURVE('',#1168,#1160,#1172,.T.);
#1174=ORIENTED_EDGE('',*,*,#1173,.F.);
#1175=CARTESIAN_POINT('',(-108.050000381,227.161506833,-42.217565056));
#1176=VERTEX_POINT('',#1175);
#1177=CARTESIAN_POINT('',(-108.050000381,227.161506833,-48.872446534));
#1178=DIRECTION('',(-0.,-0.,1.));
#1179=VECTOR('',#1178,6.654881478);
#1180=LINE('',#1177,#1179);
#1181=EDGE_CURVE('',#1168,#1176,#1180,.T.);
#1182=ORIENTED_EDGE('',*,*,#1181,.T.);
#1183=CARTESIAN_POINT('',(-108.050000381,180.621962506,-42.217565056));
#1184=DIRECTION('',(0.,1.,0.));
#1185=VECTOR('',#1184,46.539544327);
#1186=LINE('',#1183,#1185);
#1187=EDGE_CURVE('',#1142,#1176,#1186,.T.);
#1188=ORIENTED_EDGE('',*,*,#1187,.F.);
#1189=EDGE_LOOP('',(#1149,#1158,#1166,#1174,#1182,#1188));
#1190=FACE_BOUND('',#1189,.T.);
#1191=ORIENTED_EDGE('',*,*,#418,.T.);
#1192=EDGE_LOOP('',(#1191));
#1193=FACE_BOUND('',#1192,.T.);
#1194=ADVANCED_FACE('',(#1138,#1190,#1193),#1135,.T.);
#1195=CARTESIAN_POINT('',(-116.118147385,187.161506833,-28.479733533));
#1196=DIRECTION('',(0.,1.,0.));
#1197=DIRECTION('',(1.,-0.,0.));
#1198=AXIS2_PLACEMENT_3D('',#1195,#1196,#1197);
#1199=PLANE('',#1198);
#1200=CARTESIAN_POINT('',(-143.95,187.161506833,-33.044011589));
#1201=VERTEX_POINT('',#1200);
#1202=CARTESIAN_POINT('',(-143.95,187.161506833,-33.044011589));
#1203=DIRECTION('',(1.,-0.,0.));
#1204=VECTOR('',#1203,24.082809571);
#1205=LINE('',#1202,#1204);
#1206=EDGE_CURVE('',#1201,#783,#1205,.T.);
#1207=ORIENTED_EDGE('',*,*,#1206,.T.);
#1208=ORIENTED_EDGE('',*,*,#790,.T.);
#1209=CARTESIAN_POINT('',(-143.95,187.161506833,-77.844011589));
#1210=VERTEX_POINT('',#1209);
#1211=CARTESIAN_POINT('',(-143.95,187.161506833,-77.844011589));
#1212=DIRECTION('',(1.,-0.,0.));
#1213=VECTOR('',#1212,24.082809571);
#1214=LINE('',#1211,#1213);
#1215=EDGE_CURVE('',#1210,#785,#1214,.T.);
#1216=ORIENTED_EDGE('',*,*,#1215,.F.);
#1217=CARTESIAN_POINT('',(-143.95,187.161506833,-33.044011589));
#1218=DIRECTION('',(0.,0.,-1.));
#1219=VECTOR('',#1218,44.8);
#1220=LINE('',#1217,#1219);
#1221=EDGE_CURVE('',#1201,#1210,#1220,.T.);
#1222=ORIENTED_EDGE('',*,*,#1221,.F.);
#1223=EDGE_LOOP('',(#1207,#1208,#1216,#1222));
#1224=FACE_BOUND('',#1223,.T.);
#1225=ADVANCED_FACE('',(#1224),#1199,.T.);
#1226=CARTESIAN_POINT('',(-108.646321295,167.077110676,-49.468767447));
#1227=DIRECTION('',(0.707106781,-0.,-0.707106781));
#1228=DIRECTION('',(0.707106781,-0.,0.707106781));
#1229=AXIS2_PLACEMENT_3D('',#1226,#1227,#1228);
#1230=PLANE('',#1229);
#1231=CARTESIAN_POINT('',(-108.050000381,173.702963668,-48.872446533));
#1232=VERTEX_POINT('',#1231);
#1233=CARTESIAN_POINT('',(-109.198011589,175.429044544,-50.020458218));
#1234=VERTEX_POINT('',#1233);
#1235=CARTESIAN_POINT('',(-104.721565437,177.161506833,-45.544011589));
#1236=DIRECTION('',(0.707106781,-0.,-0.707106781));
#1237=DIRECTION('',(-0.707106781,0.,-0.707106781));
#1238=AXIS2_PLACEMENT_3D('',#1235,#1236,#1237);
#1239=ELLIPSE('',#1238,6.788225099,4.8);
#1240=EDGE_CURVE('',#1232,#1234,#1239,.T.);
#1241=ORIENTED_EDGE('',*,*,#1240,.F.);
#1242=CARTESIAN_POINT('',(-108.050000381,160.620049998,-48.872446533));
#1243=VERTEX_POINT('',#1242);
#1244=CARTESIAN_POINT('',(-108.050000381,173.702963668,-48.872446533));
#1245=DIRECTION('',(-0.,-1.,-0.));
#1246=VECTOR('',#1245,13.08291367);
#1247=LINE('',#1244,#1246);
#1248=EDGE_CURVE('',#1232,#1243,#1247,.T.);
#1249=ORIENTED_EDGE('',*,*,#1248,.T.);
#1250=CARTESIAN_POINT('',(-109.198011589,158.893969122,-50.020458218));
#1251=VERTEX_POINT('',#1250);
#1252=CARTESIAN_POINT('',(-104.721565437,157.161506833,-45.544011589));
#1253=DIRECTION('',(0.707106781,-0.,-0.707106781));
#1254=DIRECTION('',(-0.707106781,0.,-0.707106781));
#1255=AXIS2_PLACEMENT_3D('',#1252,#1253,#1254);
#1256=ELLIPSE('',#1255,6.788225099,4.8);
#1257=EDGE_CURVE('',#1251,#1243,#1256,.T.);
#1258=ORIENTED_EDGE('',*,*,#1257,.F.);
#1259=CARTESIAN_POINT('',(-109.198011589,158.893969122,-50.020458218));
#1260=DIRECTION('',(0.,1.,0.));
#1261=VECTOR('',#1260,16.535075423);
#1262=LINE('',#1259,#1261);
#1263=EDGE_CURVE('',#1251,#1234,#1262,.T.);
#1264=ORIENTED_EDGE('',*,*,#1263,.T.);
#1265=EDGE_LOOP('',(#1241,#1249,#1258,#1264));
#1266=FACE_BOUND('',#1265,.T.);
#1267=ADVANCED_FACE('',(#1266),#1230,.T.);
#1268=CARTESIAN_POINT('',(-108.050000381,167.103166706,-45.485807357));
#1269=DIRECTION('',(1.,-0.,0.));
#1270=DIRECTION('',(0.,1.,0.));
#1271=AXIS2_PLACEMENT_3D('',#1268,#1269,#1270);
#1272=PLANE('',#1271);
#1273=CARTESIAN_POINT('',(-108.050000381,173.70105116,-42.217565056));
#1274=VERTEX_POINT('',#1273);
#1275=CARTESIAN_POINT('',(-108.050000381,177.161506833,-45.544011589));
#1276=DIRECTION('',(1.,-0.,0.));
#1277=DIRECTION('',(-0.,-1.,-0.));
#1278=AXIS2_PLACEMENT_3D('',#1275,#1276,#1277);
#1279=CIRCLE('',#1278,4.8);
#1280=EDGE_CURVE('',#1274,#1232,#1279,.T.);
#1281=ORIENTED_EDGE('',*,*,#1280,.F.);
#1282=CARTESIAN_POINT('',(-108.050000381,160.621962506,-42.217565056));
#1283=VERTEX_POINT('',#1282);
#1284=CARTESIAN_POINT('',(-108.050000381,173.70105116,-42.217565056));
#1285=DIRECTION('',(-0.,-1.,-0.));
#1286=VECTOR('',#1285,13.079088655);
#1287=LINE('',#1284,#1286);
#1288=EDGE_CURVE('',#1274,#1283,#1287,.T.);
#1289=ORIENTED_EDGE('',*,*,#1288,.T.);
#1290=CARTESIAN_POINT('',(-108.050000381,161.961506833,-45.544011589));
#1291=VERTEX_POINT('',#1290);
#1292=CARTESIAN_POINT('',(-108.050000381,157.161506833,-45.544011589));
#1293=DIRECTION('',(1.,-0.,0.));
#1294=DIRECTION('',(-0.,-1.,-0.));
#1295=AXIS2_PLACEMENT_3D('',#1292,#1293,#1294);
#1296=CIRCLE('',#1295,4.8);
#1297=EDGE_CURVE('',#1291,#1283,#1296,.T.);
#1298=ORIENTED_EDGE('',*,*,#1297,.F.);
#1299=CARTESIAN_POINT('',(-108.050000381,157.161506833,-45.544011589));
#1300=DIRECTION('',(1.,-0.,0.));
#1301=DIRECTION('',(-0.,-1.,-0.));
#1302=AXIS2_PLACEMENT_3D('',#1299,#1300,#1301);
#1303=CIRCLE('',#1302,4.8);
#1304=EDGE_CURVE('',#1243,#1291,#1303,.T.);
#1305=ORIENTED_EDGE('',*,*,#1304,.F.);
#1306=ORIENTED_EDGE('',*,*,#1248,.F.);
#1307=EDGE_LOOP('',(#1281,#1289,#1298,#1305,#1306));
#1308=FACE_BOUND('',#1307,.T.);
#1309=ADVANCED_FACE('',(#1308),#1272,.T.);
#1310=CARTESIAN_POINT('',(-109.198011589,149.973768526,-54.150616515));
#1311=DIRECTION('',(1.,-0.,0.));
#1312=DIRECTION('',(0.,1.,0.));
#1313=AXIS2_PLACEMENT_3D('',#1310,#1311,#1312);
#1314=PLANE('',#1313);
#1315=CARTESIAN_POINT('',(-109.198011589,187.161506833,-60.867564961));
#1316=VERTEX_POINT('',#1315);
#1317=CARTESIAN_POINT('',(-109.198011589,178.893972064,-60.86756496));
#1318=VERTEX_POINT('',#1317);
#1319=CARTESIAN_POINT('',(-109.198011589,187.161506833,-60.86756496));
#1320=DIRECTION('',(-0.,-1.,-0.));
#1321=VECTOR('',#1320,8.267534769);
#1322=LINE('',#1319,#1321);
#1323=EDGE_CURVE('',#1316,#1318,#1322,.T.);
#1324=ORIENTED_EDGE('',*,*,#1323,.F.);
#1325=CARTESIAN_POINT('',(-109.198011589,227.161506833,-60.867564961));
#1326=VERTEX_POINT('',#1325);
#1327=CARTESIAN_POINT('',(-109.198011589,227.161506833,-60.867564961));
#1328=DIRECTION('',(-0.,-1.,-0.));
#1329=VECTOR('',#1328,40.);
#1330=LINE('',#1327,#1329);
#1331=EDGE_CURVE('',#1326,#1316,#1330,.T.);
#1332=ORIENTED_EDGE('',*,*,#1331,.F.);
#1333=CARTESIAN_POINT('',(-109.198011589,227.161506833,-50.020458217));
#1334=VERTEX_POINT('',#1333);
#1335=CARTESIAN_POINT('',(-109.198011589,227.161506833,-60.867564961));
#1336=DIRECTION('',(-0.,-0.,1.));
#1337=VECTOR('',#1336,10.847106743);
#1338=LINE('',#1335,#1337);
#1339=EDGE_CURVE('',#1326,#1334,#1338,.T.);
#1340=ORIENTED_EDGE('',*,*,#1339,.T.);
#1341=CARTESIAN_POINT('',(-109.198011589,187.161506833,-50.020458217));
#1342=VERTEX_POINT('',#1341);
#1343=CARTESIAN_POINT('',(-109.198011589,227.161506833,-50.020458217));
#1344=DIRECTION('',(-0.,-1.,-0.));
#1345=VECTOR('',#1344,40.);
#1346=LINE('',#1343,#1345);
#1347=EDGE_CURVE('',#1334,#1342,#1346,.T.);
#1348=ORIENTED_EDGE('',*,*,#1347,.T.);
#1349=CARTESIAN_POINT('',(-109.198011589,178.893972064,-50.020458218));
#1350=VERTEX_POINT('',#1349);
#1351=CARTESIAN_POINT('',(-109.198011589,187.161506833,-50.020458218));
#1352=DIRECTION('',(-0.,-1.,-0.));
#1353=VECTOR('',#1352,8.267534769);
#1354=LINE('',#1351,#1353);
#1355=EDGE_CURVE('',#1342,#1350,#1354,.T.);
#1356=ORIENTED_EDGE('',*,*,#1355,.T.);
#1357=CARTESIAN_POINT('',(-109.198011589,177.161506833,-45.544011589));
#1358=DIRECTION('',(1.,-0.,0.));
#1359=DIRECTION('',(-0.,-1.,-0.));
#1360=AXIS2_PLACEMENT_3D('',#1357,#1358,#1359);
#1361=CIRCLE('',#1360,4.8);
#1362=EDGE_CURVE('',#1234,#1350,#1361,.T.);
#1363=ORIENTED_EDGE('',*,*,#1362,.F.);
#1364=ORIENTED_EDGE('',*,*,#1263,.F.);
#1365=CARTESIAN_POINT('',(-109.198011589,155.429044544,-50.020458218));
#1366=VERTEX_POINT('',#1365);
#1367=CARTESIAN_POINT('',(-109.198011589,157.161506833,-45.544011589));
#1368=DIRECTION('',(1.,-0.,0.));
#1369=DIRECTION('',(-0.,-1.,-0.));
#1370=AXIS2_PLACEMENT_3D('',#1367,#1368,#1369);
#1371=CIRCLE('',#1370,4.8);
#1372=EDGE_CURVE('',#1366,#1251,#1371,.T.);
#1373=ORIENTED_EDGE('',*,*,#1372,.F.);
#1374=CARTESIAN_POINT('',(-109.198011589,147.161506833,-50.020458195));
#1375=VERTEX_POINT('',#1374);
#1376=CARTESIAN_POINT('',(-109.198011589,155.429044544,-50.020458218));
#1377=DIRECTION('',(-0.,-1.,-0.));
#1378=VECTOR('',#1377,8.267537711);
#1379=LINE('',#1376,#1378);
#1380=EDGE_CURVE('',#1366,#1375,#1379,.T.);
#1381=ORIENTED_EDGE('',*,*,#1380,.T.);
#1382=CARTESIAN_POINT('',(-109.198011589,147.161506833,-60.867564983));
#1383=VERTEX_POINT('',#1382);
#1384=CARTESIAN_POINT('',(-109.198011589,147.161506833,-50.020458195));
#1385=DIRECTION('',(0.,0.,-1.));
#1386=VECTOR('',#1385,10.847106788);
#1387=LINE('',#1384,#1386);
#1388=EDGE_CURVE('',#1375,#1383,#1387,.T.);
#1389=ORIENTED_EDGE('',*,*,#1388,.T.);
#1390=CARTESIAN_POINT('',(-109.198011589,155.429044544,-60.86756496));
#1391=VERTEX_POINT('',#1390);
#1392=CARTESIAN_POINT('',(-109.198011589,155.429044544,-60.86756496));
#1393=DIRECTION('',(-0.,-1.,-0.));
#1394=VECTOR('',#1393,8.267537711);
#1395=LINE('',#1392,#1394);
#1396=EDGE_CURVE('',#1391,#1383,#1395,.T.);
#1397=ORIENTED_EDGE('',*,*,#1396,.F.);
#1398=CARTESIAN_POINT('',(-109.198011589,158.893969122,-60.86756496));
#1399=VERTEX_POINT('',#1398);
#1400=CARTESIAN_POINT('',(-109.198011589,157.161506833,-65.344011589));
#1401=DIRECTION('',(-1.,0.,-0.));
#1402=DIRECTION('',(-0.,-1.,-0.));
#1403=AXIS2_PLACEMENT_3D('',#1400,#1401,#1402);
#1404=CIRCLE('',#1403,4.8);
#1405=EDGE_CURVE('',#1391,#1399,#1404,.T.);
#1406=ORIENTED_EDGE('',*,*,#1405,.T.);
#1407=CARTESIAN_POINT('',(-109.198011589,175.429044544,-60.86756496));
#1408=VERTEX_POINT('',#1407);
#1409=CARTESIAN_POINT('',(-109.198011589,158.893969122,-60.86756496));
#1410=DIRECTION('',(0.,1.,0.));
#1411=VECTOR('',#1410,16.535075423);
#1412=LINE('',#1409,#1411);
#1413=EDGE_CURVE('',#1399,#1408,#1412,.T.);
#1414=ORIENTED_EDGE('',*,*,#1413,.T.);
#1415=CARTESIAN_POINT('',(-109.198011589,177.161506833,-65.344011589));
#1416=DIRECTION('',(-1.,0.,-0.));
#1417=DIRECTION('',(-0.,-1.,-0.));
#1418=AXIS2_PLACEMENT_3D('',#1415,#1416,#1417);
#1419=CIRCLE('',#1418,4.8);
#1420=EDGE_CURVE('',#1408,#1318,#1419,.T.);
#1421=ORIENTED_EDGE('',*,*,#1420,.T.);
#1422=EDGE_LOOP('',(#1324,#1332,#1340,#1348,#1356,#1363,#1364,#1373,#1381,#1389,#1397,#1406,#1414,#1421));
#1423=FACE_BOUND('',#1422,.T.);
#1424=ADVANCED_FACE('',(#1423),#1314,.T.);
#1425=CARTESIAN_POINT('',(-108.081874183,167.074904438,-42.185691254));
#1426=DIRECTION('',(0.707106781,-0.,0.707106781));
#1427=DIRECTION('',(-0.707106781,0.,0.707106781));
#1428=AXIS2_PLACEMENT_3D('',#1425,#1426,#1427);
#1429=PLANE('',#1428);
#1430=CARTESIAN_POINT('',(-109.2,175.429044544,-41.06756496));
#1431=VERTEX_POINT('',#1430);
#1432=CARTESIAN_POINT('',(-104.723553848,177.161506833,-45.544011589));
#1433=DIRECTION('',(0.707106781,-0.,0.707106781));
#1434=DIRECTION('',(-0.707106781,0.,0.707106781));
#1435=AXIS2_PLACEMENT_3D('',#1432,#1433,#1434);
#1436=ELLIPSE('',#1435,6.788225099,4.8);
#1437=EDGE_CURVE('',#1431,#1274,#1436,.T.);
#1438=ORIENTED_EDGE('',*,*,#1437,.F.);
#1439=CARTESIAN_POINT('',(-109.2,158.893969122,-41.06756496));
#1440=VERTEX_POINT('',#1439);
#1441=CARTESIAN_POINT('',(-109.2,175.429044544,-41.06756496));
#1442=DIRECTION('',(-0.,-1.,-0.));
#1443=VECTOR('',#1442,16.535075423);
#1444=LINE('',#1441,#1443);
#1445=EDGE_CURVE('',#1431,#1440,#1444,.T.);
#1446=ORIENTED_EDGE('',*,*,#1445,.T.);
#1447=CARTESIAN_POINT('',(-104.723553848,157.161506833,-45.544011589));
#1448=DIRECTION('',(0.707106781,-0.,0.707106781));
#1449=DIRECTION('',(-0.707106781,0.,0.707106781));
#1450=AXIS2_PLACEMENT_3D('',#1447,#1448,#1449);
#1451=ELLIPSE('',#1450,6.788225099,4.8);
#1452=EDGE_CURVE('',#1283,#1440,#1451,.T.);
#1453=ORIENTED_EDGE('',*,*,#1452,.F.);
#1454=ORIENTED_EDGE('',*,*,#1288,.F.);
#1455=EDGE_LOOP('',(#1438,#1446,#1453,#1454));
#1456=FACE_BOUND('',#1455,.T.);
#1457=ADVANCED_FACE('',(#1456),#1429,.T.);
#1458=CARTESIAN_POINT('',(-109.2,150.371703463,-39.177242855));
#1459=DIRECTION('',(1.,-0.,0.));
#1460=DIRECTION('',(0.,1.,0.));
#1461=AXIS2_PLACEMENT_3D('',#1458,#1459,#1460);
#1462=PLANE('',#1461);
#1463=CARTESIAN_POINT('',(-109.2,178.893970798,-41.06756496));
#1464=VERTEX_POINT('',#1463);
#1465=CARTESIAN_POINT('',(-109.2,177.161506833,-45.544011589));
#1466=DIRECTION('',(1.,-0.,0.));
#1467=DIRECTION('',(-0.,-1.,-0.));
#1468=AXIS2_PLACEMENT_3D('',#1465,#1466,#1467);
#1469=CIRCLE('',#1468,4.8);
#1470=EDGE_CURVE('',#1464,#1431,#1469,.T.);
#1471=ORIENTED_EDGE('',*,*,#1470,.F.);
#1472=CARTESIAN_POINT('',(-109.199999997,187.161506833,-41.067564964));
#1473=VERTEX_POINT('',#1472);
#1474=CARTESIAN_POINT('',(-109.2,178.893970798,-41.06756496));
#1475=DIRECTION('',(0.,1.,0.));
#1476=VECTOR('',#1475,8.267536035);
#1477=LINE('',#1474,#1476);
#1478=EDGE_CURVE('',#1464,#1473,#1477,.T.);
#1479=ORIENTED_EDGE('',*,*,#1478,.T.);
#1480=CARTESIAN_POINT('',(-109.199999997,227.161506833,-41.067564964));
#1481=VERTEX_POINT('',#1480);
#1482=CARTESIAN_POINT('',(-109.199999997,227.161506833,-41.067564964));
#1483=DIRECTION('',(-0.,-1.,-0.));
#1484=VECTOR('',#1483,40.);
#1485=LINE('',#1482,#1484);
#1486=EDGE_CURVE('',#1481,#1473,#1485,.T.);
#1487=ORIENTED_EDGE('',*,*,#1486,.F.);
#1488=CARTESIAN_POINT('',(-109.2,227.161506833,-35.294011589));
#1489=VERTEX_POINT('',#1488);
#1490=CARTESIAN_POINT('',(-109.2,227.161506833,-41.067564964));
#1491=DIRECTION('',(-0.,-0.,1.));
#1492=VECTOR('',#1491,5.773553375);
#1493=LINE('',#1490,#1492);
#1494=EDGE_CURVE('',#1481,#1489,#1493,.T.);
#1495=ORIENTED_EDGE('',*,*,#1494,.T.);
#1496=CARTESIAN_POINT('',(-109.2,147.161506833,-35.294011589));
#1497=VERTEX_POINT('',#1496);
#1498=CARTESIAN_POINT('',(-109.2,227.161506833,-35.294011589));
#1499=DIRECTION('',(-0.,-1.,-0.));
#1500=VECTOR('',#1499,80.);
#1501=LINE('',#1498,#1500);
#1502=EDGE_CURVE('',#1489,#1497,#1501,.T.);
#1503=ORIENTED_EDGE('',*,*,#1502,.T.);
#1504=CARTESIAN_POINT('',(-109.2,147.161506833,-41.06756496));
#1505=VERTEX_POINT('',#1504);
#1506=CARTESIAN_POINT('',(-109.2,147.161506833,-35.294011589));
#1507=DIRECTION('',(0.,0.,-1.));
#1508=VECTOR('',#1507,5.773553371);
#1509=LINE('',#1506,#1508);
#1510=EDGE_CURVE('',#1497,#1505,#1509,.T.);
#1511=ORIENTED_EDGE('',*,*,#1510,.T.);
#1512=CARTESIAN_POINT('',(-109.2,155.429044544,-41.06756496));
#1513=VERTEX_POINT('',#1512);
#1514=CARTESIAN_POINT('',(-109.2,147.161506833,-41.06756496));
#1515=DIRECTION('',(0.,1.,0.));
#1516=VECTOR('',#1515,8.267537711);
#1517=LINE('',#1514,#1516);
#1518=EDGE_CURVE('',#1505,#1513,#1517,.T.);
#1519=ORIENTED_EDGE('',*,*,#1518,.T.);
#1520=CARTESIAN_POINT('',(-109.2,157.161506833,-45.544011589));
#1521=DIRECTION('',(1.,-0.,0.));
#1522=DIRECTION('',(-0.,-1.,-0.));
#1523=AXIS2_PLACEMENT_3D('',#1520,#1521,#1522);
#1524=CIRCLE('',#1523,4.8);
#1525=EDGE_CURVE('',#1440,#1513,#1524,.T.);
#1526=ORIENTED_EDGE('',*,*,#1525,.F.);
#1527=ORIENTED_EDGE('',*,*,#1445,.F.);
#1528=EDGE_LOOP('',(#1471,#1479,#1487,#1495,#1503,#1511,#1519,#1526,#1527));
#1529=FACE_BOUND('',#1528,.T.);
#1530=ADVANCED_FACE('',(#1529),#1462,.T.);
#1531=CARTESIAN_POINT('',(-108.372353205,184.214183673,-41.895212099));
#1532=DIRECTION('',(0.707106928,-0.,0.707106635));
#1533=DIRECTION('',(-0.707106635,0.,0.707106928));
#1534=AXIS2_PLACEMENT_3D('',#1531,#1532,#1533);
#1535=PLANE('',#1534);
#1536=CARTESIAN_POINT('',(-108.825954873,179.653554697,-41.441610088));
#1537=VERTEX_POINT('',#1536);
#1538=CARTESIAN_POINT('',(-104.723555228,177.161506833,-45.544011589));
#1539=DIRECTION('',(0.707106928,-0.,0.707106635));
#1540=DIRECTION('',(-0.707106635,0.,0.707106928));
#1541=AXIS2_PLACEMENT_3D('',#1538,#1539,#1540);
#1542=ELLIPSE('',#1541,6.788223692,4.8);
#1543=EDGE_CURVE('',#1142,#1537,#1542,.T.);
#1544=ORIENTED_EDGE('',*,*,#1543,.F.);
#1545=ORIENTED_EDGE('',*,*,#1187,.T.);
#1546=CARTESIAN_POINT('',(-108.050000381,227.161506833,-42.217565056));
#1547=DIRECTION('',(-0.707106635,0.,0.707106928));
#1548=VECTOR('',#1547,1.62634539);
#1549=LINE('',#1546,#1548);
#1550=EDGE_CURVE('',#1176,#1481,#1549,.T.);
#1551=ORIENTED_EDGE('',*,*,#1550,.T.);
#1552=ORIENTED_EDGE('',*,*,#1486,.T.);
#1553=CARTESIAN_POINT('',(-108.825954873,179.653554697,-41.441610088));
#1554=DIRECTION('',(-0.049696665,0.997527184,0.049696665));
#1555=VECTOR('',#1554,7.526563943);
#1556=LINE('',#1553,#1555);
#1557=EDGE_CURVE('',#1537,#1473,#1556,.T.);
#1558=ORIENTED_EDGE('',*,*,#1557,.F.);
#1559=EDGE_LOOP('',(#1544,#1545,#1551,#1552,#1558));
#1560=FACE_BOUND('',#1559,.T.);
#1561=ADVANCED_FACE('',(#1560),#1535,.T.);
#1562=CARTESIAN_POINT('',(-109.113762153,183.114931947,-41.153802929));
#1563=DIRECTION('',(0.707104677,-0.000000111,0.707108886));
#1564=DIRECTION('',(0.707108886,-0.,-0.707104677));
#1565=AXIS2_PLACEMENT_3D('',#1562,#1563,#1564);
#1566=PLANE('',#1565);
#1567=CARTESIAN_POINT('',(-104.723528296,177.161506833,-45.544011589));
#1568=DIRECTION('',(0.707104677,-0.000000111,0.707108886));
#1569=DIRECTION('',(-0.707108886,-0.000000111,0.707104677));
#1570=AXIS2_PLACEMENT_3D('',#1567,#1568,#1569);
#1571=ELLIPSE('',#1570,6.788245302,4.8);
#1572=EDGE_CURVE('',#1537,#1464,#1571,.T.);
#1573=ORIENTED_EDGE('',*,*,#1572,.F.);
#1574=ORIENTED_EDGE('',*,*,#1557,.T.);
#1575=ORIENTED_EDGE('',*,*,#1478,.F.);
#1576=EDGE_LOOP('',(#1573,#1574,#1575));
#1577=FACE_BOUND('',#1576,.T.);
#1578=ADVANCED_FACE('',(#1577),#1566,.T.);
#1579=CARTESIAN_POINT('',(-108.653436199,183.745627438,-49.475882523));
#1580=DIRECTION('',(0.707106368,-0.000000195,-0.707107194));
#1581=DIRECTION('',(-0.707107194,0.,-0.707106368));
#1582=AXIS2_PLACEMENT_3D('',#1579,#1580,#1581);
#1583=PLANE('',#1582);
#1584=CARTESIAN_POINT('',(-104.721562484,177.161506833,-45.544011589));
#1585=DIRECTION('',(0.707106368,-0.000000195,-0.707107194));
#1586=DIRECTION('',(-0.707107194,-0.000000195,-0.707106368));
#1587=AXIS2_PLACEMENT_3D('',#1584,#1585,#1586);
#1588=ELLIPSE('',#1587,6.788229065,4.8);
#1589=EDGE_CURVE('',#1350,#1151,#1588,.T.);
#1590=ORIENTED_EDGE('',*,*,#1589,.F.);
#1591=ORIENTED_EDGE('',*,*,#1355,.F.);
#1592=CARTESIAN_POINT('',(-109.198011589,187.161506833,-50.020458217));
#1593=DIRECTION('',(0.707106635,-0.,0.707106928));
#1594=VECTOR('',#1593,1.623533356);
#1595=LINE('',#1592,#1594);
#1596=EDGE_CURVE('',#1342,#1160,#1595,.T.);
#1597=ORIENTED_EDGE('',*,*,#1596,.T.);
#1598=ORIENTED_EDGE('',*,*,#1165,.F.);
#1599=EDGE_LOOP('',(#1590,#1591,#1597,#1598));
#1600=FACE_BOUND('',#1599,.T.);
#1601=ADVANCED_FACE('',(#1600),#1583,.T.);
#1602=CARTESIAN_POINT('',(-143.95,150.53833421,-53.446383806));
#1603=DIRECTION('',(-1.,0.,-0.));
#1604=DIRECTION('',(-0.,-1.,-0.));
#1605=AXIS2_PLACEMENT_3D('',#1602,#1603,#1604);
#1606=PLANE('',#1605);
#1607=CARTESIAN_POINT('',(-143.95,147.161506833,-77.844011589));
#1608=VERTEX_POINT('',#1607);
#1609=CARTESIAN_POINT('',(-143.95,147.161506833,-33.044011589));
#1610=VERTEX_POINT('',#1609);
#1611=CARTESIAN_POINT('',(-143.95,147.161506833,-77.844011589));
#1612=DIRECTION('',(-0.,-0.,1.));
#1613=VECTOR('',#1612,44.8);
#1614=LINE('',#1611,#1613);
#1615=EDGE_CURVE('',#1608,#1610,#1614,.T.);
#1616=ORIENTED_EDGE('',*,*,#1615,.T.);
#1617=CARTESIAN_POINT('',(-143.95,147.161506833,-33.044011589));
#1618=DIRECTION('',(0.,1.,0.));
#1619=VECTOR('',#1618,40.);
#1620=LINE('',#1617,#1619);
#1621=EDGE_CURVE('',#1610,#1201,#1620,.T.);
#1622=ORIENTED_EDGE('',*,*,#1621,.T.);
#1623=ORIENTED_EDGE('',*,*,#1221,.T.);
#1624=CARTESIAN_POINT('',(-143.95,147.161506833,-77.844011589));
#1625=DIRECTION('',(0.,1.,0.));
#1626=VECTOR('',#1625,40.);
#1627=LINE('',#1624,#1626);
#1628=EDGE_CURVE('',#1608,#1210,#1627,.T.);
#1629=ORIENTED_EDGE('',*,*,#1628,.F.);
#1630=EDGE_LOOP('',(#1616,#1622,#1623,#1629));
#1631=FACE_BOUND('',#1630,.T.);
#1632=CARTESIAN_POINT('',(-143.95,181.961506833,-45.544011589));
#1633=VERTEX_POINT('',#1632);
#1634=CARTESIAN_POINT('',(-143.95,177.161506833,-45.544011589));
#1635=DIRECTION('',(-1.,0.,-0.));
#1636=DIRECTION('',(0.,1.,0.));
#1637=AXIS2_PLACEMENT_3D('',#1634,#1635,#1636);
#1638=CIRCLE('',#1637,4.8);
#1639=EDGE_CURVE('',#1633,#1633,#1638,.T.);
#1640=ORIENTED_EDGE('',*,*,#1639,.F.);
#1641=EDGE_LOOP('',(#1640));
#1642=FACE_BOUND('',#1641,.T.);
#1643=CARTESIAN_POINT('',(-143.95,161.961506833,-45.544011589));
#1644=VERTEX_POINT('',#1643);
#1645=CARTESIAN_POINT('',(-143.95,157.161506833,-45.544011589));
#1646=DIRECTION('',(-1.,0.,-0.));
#1647=DIRECTION('',(0.,1.,0.));
#1648=AXIS2_PLACEMENT_3D('',#1645,#1646,#1647);
#1649=CIRCLE('',#1648,4.8);
#1650=EDGE_CURVE('',#1644,#1644,#1649,.T.);
#1651=ORIENTED_EDGE('',*,*,#1650,.F.);
#1652=EDGE_LOOP('',(#1651));
#1653=FACE_BOUND('',#1652,.T.);
#1654=CARTESIAN_POINT('',(-143.95,161.961506833,-65.344011589));
#1655=VERTEX_POINT('',#1654);
#1656=CARTESIAN_POINT('',(-143.95,157.161506833,-65.344011589));
#1657=DIRECTION('',(1.,-0.,0.));
#1658=DIRECTION('',(0.,1.,0.));
#1659=AXIS2_PLACEMENT_3D('',#1656,#1657,#1658);
#1660=CIRCLE('',#1659,4.8);
#1661=EDGE_CURVE('',#1655,#1655,#1660,.T.);
#1662=ORIENTED_EDGE('',*,*,#1661,.T.);
#1663=EDGE_LOOP('',(#1662));
#1664=FACE_BOUND('',#1663,.T.);
#1665=CARTESIAN_POINT('',(-143.95,181.961506833,-65.344011589));
#1666=VERTEX_POINT('',#1665);
#1667=CARTESIAN_POINT('',(-143.95,177.161506833,-65.344011589));
#1668=DIRECTION('',(1.,-0.,0.));
#1669=DIRECTION('',(0.,1.,0.));
#1670=AXIS2_PLACEMENT_3D('',#1667,#1668,#1669);
#1671=CIRCLE('',#1670,4.8);
#1672=EDGE_CURVE('',#1666,#1666,#1671,.T.);
#1673=ORIENTED_EDGE('',*,*,#1672,.T.);
#1674=EDGE_LOOP('',(#1673));
#1675=FACE_BOUND('',#1674,.T.);
#1676=ADVANCED_FACE('',(#1631,#1642,#1653,#1664,#1675),#1606,.T.);
#1677=CARTESIAN_POINT('',(-108.874596044,150.815322045,-41.392968915));
#1678=DIRECTION('',(0.707109449,-0.000000476,0.707104114));
#1679=DIRECTION('',(-0.707104114,0.,0.707109449));
#1680=AXIS2_PLACEMENT_3D('',#1677,#1678,#1679);
#1681=PLANE('',#1680);
#1682=CARTESIAN_POINT('',(-108.050000381,153.70105116,-42.217565056));
#1683=VERTEX_POINT('',#1682);
#1684=CARTESIAN_POINT('',(-104.723580421,157.161506833,-45.544011589));
#1685=DIRECTION('',(0.707109449,-0.000000476,0.707104114));
#1686=DIRECTION('',(-0.707104114,-0.000000476,0.707109449));
#1687=AXIS2_PLACEMENT_3D('',#1684,#1685,#1686);
#1688=ELLIPSE('',#1687,6.788199491,4.8);
#1689=EDGE_CURVE('',#1513,#1683,#1688,.T.);
#1690=ORIENTED_EDGE('',*,*,#1689,.F.);
#1691=ORIENTED_EDGE('',*,*,#1518,.F.);
#1692=CARTESIAN_POINT('',(-108.050000381,147.161506833,-42.217565056));
#1693=VERTEX_POINT('',#1692);
#1694=CARTESIAN_POINT('',(-109.2,147.161506833,-41.06756496));
#1695=DIRECTION('',(0.707106635,-0.,-0.707106928));
#1696=VECTOR('',#1695,1.626345394);
#1697=LINE('',#1694,#1696);
#1698=EDGE_CURVE('',#1505,#1693,#1697,.T.);
#1699=ORIENTED_EDGE('',*,*,#1698,.T.);
#1700=CARTESIAN_POINT('',(-108.050000381,147.161506833,-42.217565056));
#1701=DIRECTION('',(0.,1.,0.));
#1702=VECTOR('',#1701,6.539544327);
#1703=LINE('',#1700,#1702);
#1704=EDGE_CURVE('',#1693,#1683,#1703,.T.);
#1705=ORIENTED_EDGE('',*,*,#1704,.T.);
#1706=EDGE_LOOP('',(#1690,#1691,#1699,#1705));
#1707=FACE_BOUND('',#1706,.T.);
#1708=ADVANCED_FACE('',(#1707),#1681,.T.);
#1709=CARTESIAN_POINT('',(-108.050000381,149.844217458,-45.485162405));
#1710=DIRECTION('',(1.,-0.,0.));
#1711=DIRECTION('',(0.,1.,0.));
#1712=AXIS2_PLACEMENT_3D('',#1709,#1710,#1711);
#1713=PLANE('',#1712);
#1714=CARTESIAN_POINT('',(-108.050000381,153.702967419,-48.87245043));
#1715=VERTEX_POINT('',#1714);
#1716=CARTESIAN_POINT('',(-108.050000381,157.161506833,-45.544011589));
#1717=DIRECTION('',(1.,-0.,0.));
#1718=DIRECTION('',(-0.,-1.,-0.));
#1719=AXIS2_PLACEMENT_3D('',#1716,#1717,#1718);
#1720=CIRCLE('',#1719,4.8);
#1721=EDGE_CURVE('',#1683,#1715,#1720,.T.);
#1722=ORIENTED_EDGE('',*,*,#1721,.F.);
#1723=ORIENTED_EDGE('',*,*,#1704,.F.);
#1724=CARTESIAN_POINT('',(-108.050000381,147.161506833,-48.872446534));
#1725=VERTEX_POINT('',#1724);
#1726=CARTESIAN_POINT('',(-108.050000381,147.161506833,-42.217565056));
#1727=DIRECTION('',(0.,0.,-1.));
#1728=VECTOR('',#1727,6.654881478);
#1729=LINE('',#1726,#1728);
#1730=EDGE_CURVE('',#1693,#1725,#1729,.T.);
#1731=ORIENTED_EDGE('',*,*,#1730,.T.);
#1732=CARTESIAN_POINT('',(-108.050000381,147.161506833,-48.872453964));
#1733=DIRECTION('',(0.,1.,0.00000054));
#1734=VECTOR('',#1733,6.541460586);
#1735=LINE('',#1732,#1734);
#1736=EDGE_CURVE('',#1725,#1715,#1735,.T.);
#1737=ORIENTED_EDGE('',*,*,#1736,.T.);
#1738=EDGE_LOOP('',(#1722,#1723,#1731,#1737));
#1739=FACE_BOUND('',#1738,.T.);
#1740=ADVANCED_FACE('',(#1739),#1713,.T.);
#1741=CARTESIAN_POINT('',(-108.881658905,150.823874622,-49.704105472));
#1742=DIRECTION('',(0.70710464,0.000000382,-0.707108923));
#1743=DIRECTION('',(-0.707108923,0.,-0.70710464));
#1744=AXIS2_PLACEMENT_3D('',#1741,#1742,#1743);
#1745=PLANE('',#1744);
#1746=CARTESIAN_POINT('',(-104.721543247,157.161506833,-45.544011589));
#1747=DIRECTION('',(0.70710464,0.000000382,-0.707108923));
#1748=DIRECTION('',(-0.707108923,0.000000382,-0.70710464));
#1749=AXIS2_PLACEMENT_3D('',#1746,#1747,#1748);
#1750=ELLIPSE('',#1749,6.788245658,4.8);
#1751=EDGE_CURVE('',#1715,#1366,#1750,.T.);
#1752=ORIENTED_EDGE('',*,*,#1751,.F.);
#1753=ORIENTED_EDGE('',*,*,#1736,.F.);
#1754=CARTESIAN_POINT('',(-108.050000381,147.161506833,-48.872446534));
#1755=DIRECTION('',(-0.707106635,0.,-0.707106928));
#1756=VECTOR('',#1755,1.62353334);
#1757=LINE('',#1754,#1756);
#1758=EDGE_CURVE('',#1725,#1375,#1757,.T.);
#1759=ORIENTED_EDGE('',*,*,#1758,.T.);
#1760=ORIENTED_EDGE('',*,*,#1380,.F.);
#1761=EDGE_LOOP('',(#1752,#1753,#1759,#1760));
#1762=FACE_BOUND('',#1761,.T.);
#1763=ADVANCED_FACE('',(#1762),#1745,.T.);
#1764=CARTESIAN_POINT('',(-90.772623276,147.161506833,-32.358164999));
#1765=DIRECTION('',(-0.,-1.,-0.));
#1766=DIRECTION('',(-1.,0.,-0.));
#1767=AXIS2_PLACEMENT_3D('',#1764,#1765,#1766);
#1768=PLANE('',#1767);
#1769=CARTESIAN_POINT('',(-108.050000381,147.161506833,-62.015576644));
#1770=VERTEX_POINT('',#1769);
#1771=CARTESIAN_POINT('',(-108.050000381,147.161506833,-62.015576644));
#1772=DIRECTION('',(-0.707106635,0.,0.707106928));
#1773=VECTOR('',#1772,1.62353334);
#1774=LINE('',#1771,#1773);
#1775=EDGE_CURVE('',#1770,#1383,#1774,.T.);
#1776=ORIENTED_EDGE('',*,*,#1775,.T.);
#1777=ORIENTED_EDGE('',*,*,#1388,.F.);
#1778=ORIENTED_EDGE('',*,*,#1758,.F.);
#1779=ORIENTED_EDGE('',*,*,#1730,.F.);
#1780=ORIENTED_EDGE('',*,*,#1698,.F.);
#1781=ORIENTED_EDGE('',*,*,#1510,.F.);
#1782=CARTESIAN_POINT('',(-88.95,147.161506833,-35.294011589));
#1783=VERTEX_POINT('',#1782);
#1784=CARTESIAN_POINT('',(-109.2,147.161506833,-35.294011589));
#1785=DIRECTION('',(1.,-0.,0.));
#1786=VECTOR('',#1785,20.25);
#1787=LINE('',#1784,#1786);
#1788=EDGE_CURVE('',#1497,#1783,#1787,.T.);
#1789=ORIENTED_EDGE('',*,*,#1788,.T.);
#1790=CARTESIAN_POINT('',(-88.95,147.161506833,-27.544011589));
#1791=VERTEX_POINT('',#1790);
#1792=CARTESIAN_POINT('',(-88.95,147.161506833,-35.294011589));
#1793=DIRECTION('',(-0.,-0.,1.));
#1794=VECTOR('',#1793,7.75);
#1795=LINE('',#1792,#1794);
#1796=EDGE_CURVE('',#1783,#1791,#1795,.T.);
#1797=ORIENTED_EDGE('',*,*,#1796,.T.);
#1798=CARTESIAN_POINT('',(-113.75,147.161506833,-27.544011589));
#1799=VERTEX_POINT('',#1798);
#1800=CARTESIAN_POINT('',(-88.95,147.161506833,-27.544011589));
#1801=DIRECTION('',(-1.,0.,-0.));
#1802=VECTOR('',#1801,24.8);
#1803=LINE('',#1800,#1802);
#1804=EDGE_CURVE('',#1791,#1799,#1803,.T.);
#1805=ORIENTED_EDGE('',*,*,#1804,.T.);
#1806=CARTESIAN_POINT('',(-116.95,147.161506833,-30.744011589));
#1807=VERTEX_POINT('',#1806);
#1808=CARTESIAN_POINT('',(-113.75,147.161506833,-30.744011589));
#1809=DIRECTION('',(-0.,-1.,-0.));
#1810=DIRECTION('',(-1.,0.,-0.));
#1811=AXIS2_PLACEMENT_3D('',#1808,#1809,#1810);
#1812=CIRCLE('',#1811,3.2);
#1813=EDGE_CURVE('',#1799,#1807,#1812,.T.);
#1814=ORIENTED_EDGE('',*,*,#1813,.T.);
#1815=CARTESIAN_POINT('',(-119.867190429,147.161506833,-33.044011589));
#1816=VERTEX_POINT('',#1815);
#1817=CARTESIAN_POINT('',(-119.867190429,147.161506833,-30.044011589));
#1818=DIRECTION('',(0.,1.,0.));
#1819=DIRECTION('',(1.,-0.,0.));
#1820=AXIS2_PLACEMENT_3D('',#1817,#1818,#1819);
#1821=CIRCLE('',#1820,3.);
#1822=EDGE_CURVE('',#1807,#1816,#1821,.T.);
#1823=ORIENTED_EDGE('',*,*,#1822,.T.);
#1824=CARTESIAN_POINT('',(-119.867190429,147.161506833,-33.044011589));
#1825=DIRECTION('',(-1.,0.,-0.));
#1826=VECTOR('',#1825,24.082809571);
#1827=LINE('',#1824,#1826);
#1828=EDGE_CURVE('',#1816,#1610,#1827,.T.);
#1829=ORIENTED_EDGE('',*,*,#1828,.T.);
#1830=ORIENTED_EDGE('',*,*,#1615,.F.);
#1831=CARTESIAN_POINT('',(-119.867190429,147.161506833,-77.844011589));
#1832=VERTEX_POINT('',#1831);
#1833=CARTESIAN_POINT('',(-119.867190429,147.161506833,-77.844011589));
#1834=DIRECTION('',(-1.,0.,-0.));
#1835=VECTOR('',#1834,24.082809571);
#1836=LINE('',#1833,#1835);
#1837=EDGE_CURVE('',#1832,#1608,#1836,.T.);
#1838=ORIENTED_EDGE('',*,*,#1837,.F.);
#1839=CARTESIAN_POINT('',(-116.95,147.161506833,-80.144011589));
#1840=VERTEX_POINT('',#1839);
#1841=CARTESIAN_POINT('',(-119.867190429,147.161506833,-80.844011589));
#1842=DIRECTION('',(0.,1.,0.));
#1843=DIRECTION('',(1.,-0.,0.));
#1844=AXIS2_PLACEMENT_3D('',#1841,#1842,#1843);
#1845=CIRCLE('',#1844,3.);
#1846=EDGE_CURVE('',#1832,#1840,#1845,.T.);
#1847=ORIENTED_EDGE('',*,*,#1846,.T.);
#1848=CARTESIAN_POINT('',(-113.75,147.161506833,-83.344011589));
#1849=VERTEX_POINT('',#1848);
#1850=CARTESIAN_POINT('',(-113.75,147.161506833,-80.144011589));
#1851=DIRECTION('',(0.,1.,0.));
#1852=DIRECTION('',(-1.,0.,-0.));
#1853=AXIS2_PLACEMENT_3D('',#1850,#1851,#1852);
#1854=CIRCLE('',#1853,3.2);
#1855=EDGE_CURVE('',#1849,#1840,#1854,.T.);
#1856=ORIENTED_EDGE('',*,*,#1855,.F.);
#1857=CARTESIAN_POINT('',(-88.95,147.161506833,-83.344011589));
#1858=VERTEX_POINT('',#1857);
#1859=CARTESIAN_POINT('',(-88.95,147.161506833,-83.344011589));
#1860=DIRECTION('',(-1.,0.,-0.));
#1861=VECTOR('',#1860,24.8);
#1862=LINE('',#1859,#1861);
#1863=EDGE_CURVE('',#1858,#1849,#1862,.T.);
#1864=ORIENTED_EDGE('',*,*,#1863,.F.);
#1865=CARTESIAN_POINT('',(-88.95,147.161506833,-75.594011589));
#1866=VERTEX_POINT('',#1865);
#1867=CARTESIAN_POINT('',(-88.95,147.161506833,-75.594011589));
#1868=DIRECTION('',(0.,0.,-1.));
#1869=VECTOR('',#1868,7.75);
#1870=LINE('',#1867,#1869);
#1871=EDGE_CURVE('',#1866,#1858,#1870,.T.);
#1872=ORIENTED_EDGE('',*,*,#1871,.F.);
#1873=CARTESIAN_POINT('',(-109.2,147.161506833,-75.594011589));
#1874=VERTEX_POINT('',#1873);
#1875=CARTESIAN_POINT('',(-109.2,147.161506833,-75.594011589));
#1876=DIRECTION('',(1.,-0.,0.));
#1877=VECTOR('',#1876,20.25);
#1878=LINE('',#1875,#1877);
#1879=EDGE_CURVE('',#1874,#1866,#1878,.T.);
#1880=ORIENTED_EDGE('',*,*,#1879,.F.);
#1881=CARTESIAN_POINT('',(-109.2,147.161506833,-69.820458218));
#1882=VERTEX_POINT('',#1881);
#1883=CARTESIAN_POINT('',(-109.2,147.161506833,-75.594011589));
#1884=DIRECTION('',(-0.,-0.,1.));
#1885=VECTOR('',#1884,5.773553371);
#1886=LINE('',#1883,#1885);
#1887=EDGE_CURVE('',#1874,#1882,#1886,.T.);
#1888=ORIENTED_EDGE('',*,*,#1887,.T.);
#1889=CARTESIAN_POINT('',(-108.050000381,147.161506833,-68.670458122));
#1890=VERTEX_POINT('',#1889);
#1891=CARTESIAN_POINT('',(-109.2,147.161506833,-69.820458218));
#1892=DIRECTION('',(0.707106635,-0.,0.707106928));
#1893=VECTOR('',#1892,1.626345394);
#1894=LINE('',#1891,#1893);
#1895=EDGE_CURVE('',#1882,#1890,#1894,.T.);
#1896=ORIENTED_EDGE('',*,*,#1895,.T.);
#1897=CARTESIAN_POINT('',(-108.050000381,147.161506833,-68.670458122));
#1898=DIRECTION('',(-0.,-0.,1.));
#1899=VECTOR('',#1898,6.654881478);
#1900=LINE('',#1897,#1899);
#1901=EDGE_CURVE('',#1890,#1770,#1900,.T.);
#1902=ORIENTED_EDGE('',*,*,#1901,.T.);
#1903=EDGE_LOOP('',(#1776,#1777,#1778,#1779,#1780,#1781,#1789,#1797,#1805,#1814,#1823,#1829,#1830,#1838,#1847,#1856,#1864,#1872,#1880,#1888,#1896,#1902));
#1904=FACE_BOUND('',#1903,.T.);
#1905=ADVANCED_FACE('',(#1904),#1768,.T.);
#1906=CARTESIAN_POINT('',(-92.997772626,165.875510893,-35.294011589));
#1907=DIRECTION('',(0.,0.,-1.));
#1908=DIRECTION('',(-0.,-1.,-0.));
#1909=AXIS2_PLACEMENT_3D('',#1906,#1907,#1908);
#1910=PLANE('',#1909);
#1911=ORIENTED_EDGE('',*,*,#1788,.F.);
#1912=ORIENTED_EDGE('',*,*,#1502,.F.);
#1913=CARTESIAN_POINT('',(-88.95,227.161506833,-35.294011589));
#1914=VERTEX_POINT('',#1913);
#1915=CARTESIAN_POINT('',(-88.95,227.161506833,-35.294011589));
#1916=DIRECTION('',(-1.,0.,-0.));
#1917=VECTOR('',#1916,20.25);
#1918=LINE('',#1915,#1917);
#1919=EDGE_CURVE('',#1914,#1489,#1918,.T.);
#1920=ORIENTED_EDGE('',*,*,#1919,.F.);
#1921=CARTESIAN_POINT('',(-88.95,147.161506833,-35.294011589));
#1922=DIRECTION('',(0.,1.,0.));
#1923=VECTOR('',#1922,80.);
#1924=LINE('',#1921,#1923);
#1925=EDGE_CURVE('',#1783,#1914,#1924,.T.);
#1926=ORIENTED_EDGE('',*,*,#1925,.F.);
#1927=EDGE_LOOP('',(#1911,#1912,#1920,#1926));
#1928=FACE_BOUND('',#1927,.T.);
#1929=CARTESIAN_POINT('',(-101.55,157.161506356,-35.294011589));
#1930=VERTEX_POINT('',#1929);
#1931=CARTESIAN_POINT('',(-98.95,159.761506356,-35.294011589));
#1932=VERTEX_POINT('',#1931);
#1933=CARTESIAN_POINT('',(-98.95,157.161506356,-35.294011589));
#1934=DIRECTION('',(-0.,-0.,1.));
#1935=DIRECTION('',(-1.,0.,-0.));
#1936=AXIS2_PLACEMENT_3D('',#1933,#1934,#1935);
#1937=CIRCLE('',#1936,2.6);
#1938=EDGE_CURVE('',#1930,#1932,#1937,.T.);
#1939=ORIENTED_EDGE('',*,*,#1938,.T.);
#1940=CARTESIAN_POINT('',(-98.95,157.161506356,-35.294011589));
#1941=DIRECTION('',(-0.,-0.,1.));
#1942=DIRECTION('',(-1.,0.,-0.));
#1943=AXIS2_PLACEMENT_3D('',#1940,#1941,#1942);
#1944=CIRCLE('',#1943,2.6);
#1945=EDGE_CURVE('',#1932,#1930,#1944,.T.);
#1946=ORIENTED_EDGE('',*,*,#1945,.T.);
#1947=EDGE_LOOP('',(#1939,#1946));
#1948=FACE_BOUND('',#1947,.T.);
#1949=CARTESIAN_POINT('',(-101.55,177.161506833,-35.294011589));
#1950=VERTEX_POINT('',#1949);
#1951=CARTESIAN_POINT('',(-98.95,179.761506833,-35.294011589));
#1952=VERTEX_POINT('',#1951);
#1953=CARTESIAN_POINT('',(-98.95,177.161506833,-35.294011589));
#1954=DIRECTION('',(-0.,-0.,1.));
#1955=DIRECTION('',(-1.,0.,-0.));
#1956=AXIS2_PLACEMENT_3D('',#1953,#1954,#1955);
#1957=CIRCLE('',#1956,2.6);
#1958=EDGE_CURVE('',#1950,#1952,#1957,.T.);
#1959=ORIENTED_EDGE('',*,*,#1958,.T.);
#1960=CARTESIAN_POINT('',(-98.95,177.161506833,-35.294011589));
#1961=DIRECTION('',(-0.,-0.,1.));
#1962=DIRECTION('',(-1.,0.,-0.));
#1963=AXIS2_PLACEMENT_3D('',#1960,#1961,#1962);
#1964=CIRCLE('',#1963,2.6);
#1965=EDGE_CURVE('',#1952,#1950,#1964,.T.);
#1966=ORIENTED_EDGE('',*,*,#1965,.T.);
#1967=EDGE_LOOP('',(#1959,#1966));
#1968=FACE_BOUND('',#1967,.T.);
#1969=ADVANCED_FACE('',(#1928,#1948,#1968),#1910,.T.);
#1970=CARTESIAN_POINT('',(-135.135071488,171.846578321,-33.044011589));
#1971=DIRECTION('',(-0.,-0.,1.));
#1972=DIRECTION('',(0.,1.,0.));
#1973=AXIS2_PLACEMENT_3D('',#1970,#1971,#1972);
#1974=PLANE('',#1973);
#1975=ORIENTED_EDGE('',*,*,#1828,.F.);
#1976=CARTESIAN_POINT('',(-119.867190429,147.161506833,-33.044011589));
#1977=DIRECTION('',(0.,1.,0.));
#1978=VECTOR('',#1977,40.);
#1979=LINE('',#1976,#1978);
#1980=EDGE_CURVE('',#1816,#783,#1979,.T.);
#1981=ORIENTED_EDGE('',*,*,#1980,.T.);
#1982=ORIENTED_EDGE('',*,*,#1206,.F.);
#1983=ORIENTED_EDGE('',*,*,#1621,.F.);
#1984=EDGE_LOOP('',(#1975,#1981,#1982,#1983));
#1985=FACE_BOUND('',#1984,.T.);
#1986=ADVANCED_FACE('',(#1985),#1974,.T.);
#1987=CARTESIAN_POINT('',(-108.358633636,150.274810278,-27.544011589));
#1988=DIRECTION('',(-0.,-0.,1.));
#1989=DIRECTION('',(0.,1.,0.));
#1990=AXIS2_PLACEMENT_3D('',#1987,#1988,#1989);
#1991=PLANE('',#1990);
#1992=CARTESIAN_POINT('',(-98.95,182.861506833,-27.544011589));
#1993=VERTEX_POINT('',#1992);
#1994=CARTESIAN_POINT('',(-98.95,177.161506833,-27.544011589));
#1995=DIRECTION('',(-0.,-0.,1.));
#1996=DIRECTION('',(0.,1.,0.));
#1997=AXIS2_PLACEMENT_3D('',#1994,#1995,#1996);
#1998=CIRCLE('',#1997,5.7);
#1999=EDGE_CURVE('',#1993,#1993,#1998,.T.);
#2000=ORIENTED_EDGE('',*,*,#1999,.F.);
#2001=EDGE_LOOP('',(#2000));
#2002=FACE_BOUND('',#2001,.T.);
#2003=CARTESIAN_POINT('',(-98.95,162.861506356,-27.544011589));
#2004=VERTEX_POINT('',#2003);
#2005=CARTESIAN_POINT('',(-98.95,157.161506356,-27.544011589));
#2006=DIRECTION('',(-0.,-0.,1.));
#2007=DIRECTION('',(0.,1.,0.));
#2008=AXIS2_PLACEMENT_3D('',#2005,#2006,#2007);
#2009=CIRCLE('',#2008,5.7);
#2010=EDGE_CURVE('',#2004,#2004,#2009,.T.);
#2011=ORIENTED_EDGE('',*,*,#2010,.F.);
#2012=EDGE_LOOP('',(#2011));
#2013=FACE_BOUND('',#2012,.T.);
#2014=CARTESIAN_POINT('',(-88.95,227.161506833,-27.544011589));
#2015=VERTEX_POINT('',#2014);
#2016=CARTESIAN_POINT('',(-88.95,147.161506833,-27.544011589));
#2017=DIRECTION('',(0.,1.,0.));
#2018=VECTOR('',#2017,80.);
#2019=LINE('',#2016,#2018);
#2020=EDGE_CURVE('',#1791,#2015,#2019,.T.);
#2021=ORIENTED_EDGE('',*,*,#2020,.T.);
#2022=CARTESIAN_POINT('',(-113.75,227.161506833,-27.544011589));
#2023=VERTEX_POINT('',#2022);
#2024=CARTESIAN_POINT('',(-113.75,227.161506833,-27.544011589));
#2025=DIRECTION('',(1.,-0.,0.));
#2026=VECTOR('',#2025,24.8);
#2027=LINE('',#2024,#2026);
#2028=EDGE_CURVE('',#2023,#2015,#2027,.T.);
#2029=ORIENTED_EDGE('',*,*,#2028,.F.);
#2030=CARTESIAN_POINT('',(-113.75,227.161506833,-27.544011589));
#2031=DIRECTION('',(-0.,-1.,-0.));
#2032=VECTOR('',#2031,80.);
#2033=LINE('',#2030,#2032);
#2034=EDGE_CURVE('',#2023,#1799,#2033,.T.);
#2035=ORIENTED_EDGE('',*,*,#2034,.T.);
#2036=ORIENTED_EDGE('',*,*,#1804,.F.);
#2037=EDGE_LOOP('',(#2021,#2029,#2035,#2036));
#2038=FACE_BOUND('',#2037,.T.);
#2039=ADVANCED_FACE('',(#2002,#2013,#2038),#1991,.T.);
#2040=CARTESIAN_POINT('',(-88.95,168.913040691,-33.170545447));
#2041=DIRECTION('',(1.,-0.,0.));
#2042=DIRECTION('',(0.,1.,0.));
#2043=AXIS2_PLACEMENT_3D('',#2040,#2041,#2042);
#2044=PLANE('',#2043);
#2045=ORIENTED_EDGE('',*,*,#1925,.T.);
#2046=CARTESIAN_POINT('',(-88.95,227.161506833,-27.544011589));
#2047=DIRECTION('',(0.,0.,-1.));
#2048=VECTOR('',#2047,7.75);
#2049=LINE('',#2046,#2048);
#2050=EDGE_CURVE('',#2015,#1914,#2049,.T.);
#2051=ORIENTED_EDGE('',*,*,#2050,.F.);
#2052=ORIENTED_EDGE('',*,*,#2020,.F.);
#2053=ORIENTED_EDGE('',*,*,#1796,.F.);
#2054=EDGE_LOOP('',(#2045,#2051,#2052,#2053));
#2055=FACE_BOUND('',#2054,.T.);
#2056=ADVANCED_FACE('',(#2055),#2044,.T.);
#2057=CARTESIAN_POINT('',(-96.129052422,174.166647327,-31.445999619));
#2058=DIRECTION('',(-0.,-0.,1.));
#2059=DIRECTION('',(0.,1.,0.));
#2060=AXIS2_PLACEMENT_3D('',#2057,#2058,#2059);
#2061=PLANE('',#2060);
#2062=CARTESIAN_POINT('',(-98.95,159.761506356,-31.445999619));
#2063=VERTEX_POINT('',#2062);
#2064=CARTESIAN_POINT('',(-98.95,157.161506356,-31.445999619));
#2065=DIRECTION('',(-0.,-0.,1.));
#2066=DIRECTION('',(0.,1.,0.));
#2067=AXIS2_PLACEMENT_3D('',#2064,#2065,#2066);
#2068=CIRCLE('',#2067,2.6);
#2069=EDGE_CURVE('',#2063,#2063,#2068,.T.);
#2070=ORIENTED_EDGE('',*,*,#2069,.F.);
#2071=EDGE_LOOP('',(#2070));
#2072=FACE_BOUND('',#2071,.T.);
#2073=CARTESIAN_POINT('',(-98.95,162.861506356,-31.445999619));
#2074=VERTEX_POINT('',#2073);
#2075=CARTESIAN_POINT('',(-98.95,157.161506356,-31.445999619));
#2076=DIRECTION('',(0.,0.,-1.));
#2077=DIRECTION('',(0.,1.,0.));
#2078=AXIS2_PLACEMENT_3D('',#2075,#2076,#2077);
#2079=CIRCLE('',#2078,5.7);
#2080=EDGE_CURVE('',#2074,#2074,#2079,.T.);
#2081=ORIENTED_EDGE('',*,*,#2080,.F.);
#2082=EDGE_LOOP('',(#2081));
#2083=FACE_BOUND('',#2082,.T.);
#2084=ADVANCED_FACE('',(#2072,#2083),#2061,.T.);
#2085=CARTESIAN_POINT('',(-96.129052422,174.166647327,-31.445999619));
#2086=DIRECTION('',(-0.,-0.,1.));
#2087=DIRECTION('',(0.,1.,0.));
#2088=AXIS2_PLACEMENT_3D('',#2085,#2086,#2087);
#2089=PLANE('',#2088);
#2090=CARTESIAN_POINT('',(-98.95,179.761506833,-31.445999619));
#2091=VERTEX_POINT('',#2090);
#2092=CARTESIAN_POINT('',(-98.95,177.161506833,-31.445999619));
#2093=DIRECTION('',(-0.,-0.,1.));
#2094=DIRECTION('',(0.,1.,0.));
#2095=AXIS2_PLACEMENT_3D('',#2092,#2093,#2094);
#2096=CIRCLE('',#2095,2.6);
#2097=EDGE_CURVE('',#2091,#2091,#2096,.T.);
#2098=ORIENTED_EDGE('',*,*,#2097,.F.);
#2099=EDGE_LOOP('',(#2098));
#2100=FACE_BOUND('',#2099,.T.);
#2101=CARTESIAN_POINT('',(-98.95,182.861506833,-31.445999619));
#2102=VERTEX_POINT('',#2101);
#2103=CARTESIAN_POINT('',(-98.95,177.161506833,-31.445999619));
#2104=DIRECTION('',(0.,0.,-1.));
#2105=DIRECTION('',(0.,1.,0.));
#2106=AXIS2_PLACEMENT_3D('',#2103,#2104,#2105);
#2107=CIRCLE('',#2106,5.7);
#2108=EDGE_CURVE('',#2102,#2102,#2107,.T.);
#2109=ORIENTED_EDGE('',*,*,#2108,.F.);
#2110=EDGE_LOOP('',(#2109));
#2111=FACE_BOUND('',#2110,.T.);
#2112=ADVANCED_FACE('',(#2100,#2111),#2089,.T.);
#2113=CARTESIAN_POINT('',(-101.65,157.161506833,-45.544011589));
#2114=DIRECTION('',(-1.,0.,-0.));
#2115=DIRECTION('',(0.,1.,0.));
#2116=AXIS2_PLACEMENT_3D('',#2113,#2114,#2115);
#2117=CYLINDRICAL_SURFACE('',#2116,4.8);
#2118=CARTESIAN_POINT('',(-143.95,161.961506833,-45.544011589));
#2119=DIRECTION('',(1.,-0.,0.));
#2120=VECTOR('',#2119,35.899999619);
#2121=LINE('',#2118,#2120);
#2122=EDGE_CURVE('',#1644,#1291,#2121,.T.);
#2123=ORIENTED_EDGE('',*,*,#2122,.F.);
#2124=ORIENTED_EDGE('',*,*,#1650,.T.);
#2125=ORIENTED_EDGE('',*,*,#2122,.T.);
#2126=ORIENTED_EDGE('',*,*,#1297,.T.);
#2127=ORIENTED_EDGE('',*,*,#1452,.T.);
#2128=ORIENTED_EDGE('',*,*,#1525,.T.);
#2129=ORIENTED_EDGE('',*,*,#1689,.T.);
#2130=ORIENTED_EDGE('',*,*,#1721,.T.);
#2131=ORIENTED_EDGE('',*,*,#1751,.T.);
#2132=ORIENTED_EDGE('',*,*,#1372,.T.);
#2133=ORIENTED_EDGE('',*,*,#1257,.T.);
#2134=ORIENTED_EDGE('',*,*,#1304,.T.);
#2135=EDGE_LOOP('',(#2123,#2124,#2125,#2126,#2127,#2128,#2129,#2130,#2131,#2132,#2133,#2134));
#2136=FACE_BOUND('',#2135,.T.);
#2137=ADVANCED_FACE('',(#2136),#2117,.F.);
#2138=CARTESIAN_POINT('',(-103.95,177.161506833,-45.544011589));
#2139=DIRECTION('',(-1.,0.,-0.));
#2140=DIRECTION('',(0.,1.,0.));
#2141=AXIS2_PLACEMENT_3D('',#2138,#2139,#2140);
#2142=CYLINDRICAL_SURFACE('',#2141,4.8);
#2143=CARTESIAN_POINT('',(-143.95,181.961506833,-45.544011589));
#2144=DIRECTION('',(1.,-0.,0.));
#2145=VECTOR('',#2144,35.899999619);
#2146=LINE('',#2143,#2145);
#2147=EDGE_CURVE('',#1633,#1140,#2146,.T.);
#2148=ORIENTED_EDGE('',*,*,#2147,.F.);
#2149=ORIENTED_EDGE('',*,*,#1639,.T.);
#2150=ORIENTED_EDGE('',*,*,#2147,.T.);
#2151=ORIENTED_EDGE('',*,*,#1148,.T.);
#2152=ORIENTED_EDGE('',*,*,#1543,.T.);
#2153=ORIENTED_EDGE('',*,*,#1572,.T.);
#2154=ORIENTED_EDGE('',*,*,#1470,.T.);
#2155=ORIENTED_EDGE('',*,*,#1437,.T.);
#2156=ORIENTED_EDGE('',*,*,#1280,.T.);
#2157=ORIENTED_EDGE('',*,*,#1240,.T.);
#2158=ORIENTED_EDGE('',*,*,#1362,.T.);
#2159=ORIENTED_EDGE('',*,*,#1589,.T.);
#2160=ORIENTED_EDGE('',*,*,#1157,.T.);
#2161=EDGE_LOOP('',(#2148,#2149,#2150,#2151,#2152,#2153,#2154,#2155,#2156,#2157,#2158,#2159,#2160));
#2162=FACE_BOUND('',#2161,.T.);
#2163=ADVANCED_FACE('',(#2162),#2142,.F.);
#2164=CARTESIAN_POINT('',(-98.95,177.161506833,-36.447999619));
#2165=DIRECTION('',(-0.,-0.,1.));
#2166=DIRECTION('',(0.,1.,0.));
#2167=AXIS2_PLACEMENT_3D('',#2164,#2165,#2166);
#2168=CYLINDRICAL_SURFACE('',#2167,2.6);
#2169=CARTESIAN_POINT('',(-98.95,179.761506833,-31.445999619));
#2170=DIRECTION('',(0.,0.,-1.));
#2171=VECTOR('',#2170,3.848011971);
#2172=LINE('',#2169,#2171);
#2173=EDGE_CURVE('',#2091,#1952,#2172,.T.);
#2174=ORIENTED_EDGE('',*,*,#2173,.F.);
#2175=ORIENTED_EDGE('',*,*,#2097,.T.);
#2176=ORIENTED_EDGE('',*,*,#2173,.T.);
#2177=ORIENTED_EDGE('',*,*,#1958,.F.);
#2178=ORIENTED_EDGE('',*,*,#1965,.F.);
#2179=EDGE_LOOP('',(#2174,#2175,#2176,#2177,#2178));
#2180=FACE_BOUND('',#2179,.T.);
#2181=ADVANCED_FACE('',(#2180),#2168,.F.);
#2182=CARTESIAN_POINT('',(-98.95,157.161506356,-36.447999619));
#2183=DIRECTION('',(-0.,-0.,1.));
#2184=DIRECTION('',(0.,1.,0.));
#2185=AXIS2_PLACEMENT_3D('',#2182,#2183,#2184);
#2186=CYLINDRICAL_SURFACE('',#2185,2.6);
#2187=CARTESIAN_POINT('',(-98.95,159.761506356,-31.445999619));
#2188=DIRECTION('',(0.,0.,-1.));
#2189=VECTOR('',#2188,3.848011971);
#2190=LINE('',#2187,#2189);
#2191=EDGE_CURVE('',#2063,#1932,#2190,.T.);
#2192=ORIENTED_EDGE('',*,*,#2191,.F.);
#2193=ORIENTED_EDGE('',*,*,#2069,.T.);
#2194=ORIENTED_EDGE('',*,*,#2191,.T.);
#2195=ORIENTED_EDGE('',*,*,#1938,.F.);
#2196=ORIENTED_EDGE('',*,*,#1945,.F.);
#2197=EDGE_LOOP('',(#2192,#2193,#2194,#2195,#2196));
#2198=FACE_BOUND('',#2197,.T.);
#2199=ADVANCED_FACE('',(#2198),#2186,.F.);
#2200=CARTESIAN_POINT('',(-98.95,157.161506356,-31.046011589));
#2201=DIRECTION('',(-0.,-0.,1.));
#2202=DIRECTION('',(0.,1.,0.));
#2203=AXIS2_PLACEMENT_3D('',#2200,#2201,#2202);
#2204=CYLINDRICAL_SURFACE('',#2203,5.7);
#2205=CARTESIAN_POINT('',(-98.95,162.861506356,-27.544011589));
#2206=DIRECTION('',(0.,0.,-1.));
#2207=VECTOR('',#2206,3.901988029);
#2208=LINE('',#2205,#2207);
#2209=EDGE_CURVE('',#2004,#2074,#2208,.T.);
#2210=ORIENTED_EDGE('',*,*,#2209,.F.);
#2211=ORIENTED_EDGE('',*,*,#2010,.T.);
#2212=ORIENTED_EDGE('',*,*,#2209,.T.);
#2213=ORIENTED_EDGE('',*,*,#2080,.T.);
#2214=EDGE_LOOP('',(#2210,#2211,#2212,#2213));
#2215=FACE_BOUND('',#2214,.T.);
#2216=ADVANCED_FACE('',(#2215),#2204,.F.);
#2217=CARTESIAN_POINT('',(-98.95,177.161506833,-31.046011589));
#2218=DIRECTION('',(-0.,-0.,1.));
#2219=DIRECTION('',(0.,1.,0.));
#2220=AXIS2_PLACEMENT_3D('',#2217,#2218,#2219);
#2221=CYLINDRICAL_SURFACE('',#2220,5.7);
#2222=CARTESIAN_POINT('',(-98.95,182.861506833,-27.544011589));
#2223=DIRECTION('',(0.,0.,-1.));
#2224=VECTOR('',#2223,3.901988029);
#2225=LINE('',#2222,#2224);
#2226=EDGE_CURVE('',#1993,#2102,#2225,.T.);
#2227=ORIENTED_EDGE('',*,*,#2226,.F.);
#2228=ORIENTED_EDGE('',*,*,#1999,.T.);
#2229=ORIENTED_EDGE('',*,*,#2226,.T.);
#2230=ORIENTED_EDGE('',*,*,#2108,.T.);
#2231=EDGE_LOOP('',(#2227,#2228,#2229,#2230));
#2232=FACE_BOUND('',#2231,.T.);
#2233=ADVANCED_FACE('',(#2232),#2221,.F.);
#2234=CARTESIAN_POINT('',(-113.75,150.274810278,-30.744011589));
#2235=DIRECTION('',(-0.,-1.,-0.));
#2236=DIRECTION('',(-1.,0.,-0.));
#2237=AXIS2_PLACEMENT_3D('',#2234,#2235,#2236);
#2238=CYLINDRICAL_SURFACE('',#2237,3.2);
#2239=ORIENTED_EDGE('',*,*,#2034,.F.);
#2240=CARTESIAN_POINT('',(-116.95,227.161506833,-30.744011589));
#2241=VERTEX_POINT('',#2240);
#2242=CARTESIAN_POINT('',(-113.75,227.161506833,-30.744011589));
#2243=DIRECTION('',(0.,1.,0.));
#2244=DIRECTION('',(-1.,0.,0.));
#2245=AXIS2_PLACEMENT_3D('',#2242,#2243,#2244);
#2246=CIRCLE('',#2245,3.2);
#2247=EDGE_CURVE('',#2241,#2023,#2246,.T.);
#2248=ORIENTED_EDGE('',*,*,#2247,.F.);
#2249=CARTESIAN_POINT('',(-116.95,147.161506833,-30.744011589));
#2250=DIRECTION('',(0.,1.,0.));
#2251=VECTOR('',#2250,80.);
#2252=LINE('',#2249,#2251);
#2253=EDGE_CURVE('',#1807,#2241,#2252,.T.);
#2254=ORIENTED_EDGE('',*,*,#2253,.F.);
#2255=ORIENTED_EDGE('',*,*,#1813,.F.);
#2256=EDGE_LOOP('',(#2239,#2248,#2254,#2255));
#2257=FACE_BOUND('',#2256,.T.);
#2258=ADVANCED_FACE('',(#2257),#2238,.T.);
#2259=CARTESIAN_POINT('',(-108.646321295,167.077110676,-61.419255731));
#2260=DIRECTION('',(0.707106781,-0.,0.707106781));
#2261=DIRECTION('',(0.707106781,-0.,-0.707106781));
#2262=AXIS2_PLACEMENT_3D('',#2259,#2260,#2261);
#2263=PLANE('',#2262);
#2264=CARTESIAN_POINT('',(-108.050000381,173.702963668,-62.015576645));
#2265=VERTEX_POINT('',#2264);
#2266=CARTESIAN_POINT('',(-104.721565437,177.161506833,-65.344011589));
#2267=DIRECTION('',(-0.707106781,0.,-0.707106781));
#2268=DIRECTION('',(-0.707106781,0.,0.707106781));
#2269=AXIS2_PLACEMENT_3D('',#2266,#2267,#2268);
#2270=ELLIPSE('',#2269,6.788225099,4.8);
#2271=EDGE_CURVE('',#2265,#1408,#2270,.T.);
#2272=ORIENTED_EDGE('',*,*,#2271,.T.);
#2273=ORIENTED_EDGE('',*,*,#1413,.F.);
#2274=CARTESIAN_POINT('',(-108.050000381,160.620049998,-62.015576645));
#2275=VERTEX_POINT('',#2274);
#2276=CARTESIAN_POINT('',(-104.721565437,157.161506833,-65.344011589));
#2277=DIRECTION('',(-0.707106781,0.,-0.707106781));
#2278=DIRECTION('',(-0.707106781,0.,0.707106781));
#2279=AXIS2_PLACEMENT_3D('',#2276,#2277,#2278);
#2280=ELLIPSE('',#2279,6.788225099,4.8);
#2281=EDGE_CURVE('',#1399,#2275,#2280,.T.);
#2282=ORIENTED_EDGE('',*,*,#2281,.T.);
#2283=CARTESIAN_POINT('',(-108.050000381,173.702963668,-62.015576645));
#2284=DIRECTION('',(-0.,-1.,-0.));
#2285=VECTOR('',#2284,13.08291367);
#2286=LINE('',#2283,#2285);
#2287=EDGE_CURVE('',#2265,#2275,#2286,.T.);
#2288=ORIENTED_EDGE('',*,*,#2287,.F.);
#2289=EDGE_LOOP('',(#2272,#2273,#2282,#2288));
#2290=FACE_BOUND('',#2289,.T.);
#2291=ADVANCED_FACE('',(#2290),#2263,.T.);
#2292=CARTESIAN_POINT('',(-108.050000381,167.103166706,-65.402215821));
#2293=DIRECTION('',(1.,-0.,0.));
#2294=DIRECTION('',(0.,1.,0.));
#2295=AXIS2_PLACEMENT_3D('',#2292,#2293,#2294);
#2296=PLANE('',#2295);
#2297=CARTESIAN_POINT('',(-108.050000381,173.70105116,-68.670458122));
#2298=VERTEX_POINT('',#2297);
#2299=CARTESIAN_POINT('',(-108.050000381,177.161506833,-65.344011589));
#2300=DIRECTION('',(-1.,0.,-0.));
#2301=DIRECTION('',(-0.,-1.,-0.));
#2302=AXIS2_PLACEMENT_3D('',#2299,#2300,#2301);
#2303=CIRCLE('',#2302,4.8);
#2304=EDGE_CURVE('',#2298,#2265,#2303,.T.);
#2305=ORIENTED_EDGE('',*,*,#2304,.T.);
#2306=ORIENTED_EDGE('',*,*,#2287,.T.);
#2307=CARTESIAN_POINT('',(-108.050000381,161.961506833,-65.344011589));
#2308=VERTEX_POINT('',#2307);
#2309=CARTESIAN_POINT('',(-108.050000381,157.161506833,-65.344011589));
#2310=DIRECTION('',(-1.,0.,-0.));
#2311=DIRECTION('',(-0.,-1.,-0.));
#2312=AXIS2_PLACEMENT_3D('',#2309,#2310,#2311);
#2313=CIRCLE('',#2312,4.8);
#2314=EDGE_CURVE('',#2275,#2308,#2313,.T.);
#2315=ORIENTED_EDGE('',*,*,#2314,.T.);
#2316=CARTESIAN_POINT('',(-108.050000381,160.621962506,-68.670458122));
#2317=VERTEX_POINT('',#2316);
#2318=CARTESIAN_POINT('',(-108.050000381,157.161506833,-65.344011589));
#2319=DIRECTION('',(-1.,0.,-0.));
#2320=DIRECTION('',(-0.,-1.,-0.));
#2321=AXIS2_PLACEMENT_3D('',#2318,#2319,#2320);
#2322=CIRCLE('',#2321,4.8);
#2323=EDGE_CURVE('',#2308,#2317,#2322,.T.);
#2324=ORIENTED_EDGE('',*,*,#2323,.T.);
#2325=CARTESIAN_POINT('',(-108.050000381,173.70105116,-68.670458122));
#2326=DIRECTION('',(-0.,-1.,-0.));
#2327=VECTOR('',#2326,13.079088655);
#2328=LINE('',#2325,#2327);
#2329=EDGE_CURVE('',#2298,#2317,#2328,.T.);
#2330=ORIENTED_EDGE('',*,*,#2329,.F.);
#2331=EDGE_LOOP('',(#2305,#2306,#2315,#2324,#2330));
#2332=FACE_BOUND('',#2331,.T.);
#2333=ADVANCED_FACE('',(#2332),#2296,.T.);
#2334=CARTESIAN_POINT('',(-108.081874183,167.074904438,-68.702331924));
#2335=DIRECTION('',(0.707106781,-0.,-0.707106781));
#2336=DIRECTION('',(-0.707106781,0.,-0.707106781));
#2337=AXIS2_PLACEMENT_3D('',#2334,#2335,#2336);
#2338=PLANE('',#2337);
#2339=CARTESIAN_POINT('',(-109.2,175.429044544,-69.820458218));
#2340=VERTEX_POINT('',#2339);
#2341=CARTESIAN_POINT('',(-104.723553848,177.161506833,-65.344011589));
#2342=DIRECTION('',(-0.707106781,0.,0.707106781));
#2343=DIRECTION('',(-0.707106781,0.,-0.707106781));
#2344=AXIS2_PLACEMENT_3D('',#2341,#2342,#2343);
#2345=ELLIPSE('',#2344,6.788225099,4.8);
#2346=EDGE_CURVE('',#2340,#2298,#2345,.T.);
#2347=ORIENTED_EDGE('',*,*,#2346,.T.);
#2348=ORIENTED_EDGE('',*,*,#2329,.T.);
#2349=CARTESIAN_POINT('',(-109.2,158.893969122,-69.820458218));
#2350=VERTEX_POINT('',#2349);
#2351=CARTESIAN_POINT('',(-104.723553848,157.161506833,-65.344011589));
#2352=DIRECTION('',(-0.707106781,0.,0.707106781));
#2353=DIRECTION('',(-0.707106781,0.,-0.707106781));
#2354=AXIS2_PLACEMENT_3D('',#2351,#2352,#2353);
#2355=ELLIPSE('',#2354,6.788225099,4.8);
#2356=EDGE_CURVE('',#2317,#2350,#2355,.T.);
#2357=ORIENTED_EDGE('',*,*,#2356,.T.);
#2358=CARTESIAN_POINT('',(-109.2,175.429044544,-69.820458218));
#2359=DIRECTION('',(-0.,-1.,-0.));
#2360=VECTOR('',#2359,16.535075423);
#2361=LINE('',#2358,#2360);
#2362=EDGE_CURVE('',#2340,#2350,#2361,.T.);
#2363=ORIENTED_EDGE('',*,*,#2362,.F.);
#2364=EDGE_LOOP('',(#2347,#2348,#2357,#2363));
#2365=FACE_BOUND('',#2364,.T.);
#2366=ADVANCED_FACE('',(#2365),#2338,.T.);
#2367=CARTESIAN_POINT('',(-109.2,150.371703463,-71.710780323));
#2368=DIRECTION('',(1.,-0.,0.));
#2369=DIRECTION('',(0.,1.,0.));
#2370=AXIS2_PLACEMENT_3D('',#2367,#2368,#2369);
#2371=PLANE('',#2370);
#2372=CARTESIAN_POINT('',(-109.2,178.893970798,-69.820458218));
#2373=VERTEX_POINT('',#2372);
#2374=CARTESIAN_POINT('',(-109.2,177.161506833,-65.344011589));
#2375=DIRECTION('',(-1.,0.,-0.));
#2376=DIRECTION('',(-0.,-1.,-0.));
#2377=AXIS2_PLACEMENT_3D('',#2374,#2375,#2376);
#2378=CIRCLE('',#2377,4.8);
#2379=EDGE_CURVE('',#2373,#2340,#2378,.T.);
#2380=ORIENTED_EDGE('',*,*,#2379,.T.);
#2381=ORIENTED_EDGE('',*,*,#2362,.T.);
#2382=CARTESIAN_POINT('',(-109.2,155.429044544,-69.820458218));
#2383=VERTEX_POINT('',#2382);
#2384=CARTESIAN_POINT('',(-109.2,157.161506833,-65.344011589));
#2385=DIRECTION('',(-1.,0.,-0.));
#2386=DIRECTION('',(-0.,-1.,-0.));
#2387=AXIS2_PLACEMENT_3D('',#2384,#2385,#2386);
#2388=CIRCLE('',#2387,4.8);
#2389=EDGE_CURVE('',#2350,#2383,#2388,.T.);
#2390=ORIENTED_EDGE('',*,*,#2389,.T.);
#2391=CARTESIAN_POINT('',(-109.2,147.161506833,-69.820458218));
#2392=DIRECTION('',(0.,1.,0.));
#2393=VECTOR('',#2392,8.267537711);
#2394=LINE('',#2391,#2393);
#2395=EDGE_CURVE('',#1882,#2383,#2394,.T.);
#2396=ORIENTED_EDGE('',*,*,#2395,.F.);
#2397=ORIENTED_EDGE('',*,*,#1887,.F.);
#2398=CARTESIAN_POINT('',(-109.2,227.161506833,-75.594011589));
#2399=VERTEX_POINT('',#2398);
#2400=CARTESIAN_POINT('',(-109.2,227.161506833,-75.594011589));
#2401=DIRECTION('',(-0.,-1.,-0.));
#2402=VECTOR('',#2401,80.);
#2403=LINE('',#2400,#2402);
#2404=EDGE_CURVE('',#2399,#1874,#2403,.T.);
#2405=ORIENTED_EDGE('',*,*,#2404,.F.);
#2406=CARTESIAN_POINT('',(-109.2,227.161506833,-69.820458211));
#2407=VERTEX_POINT('',#2406);
#2408=CARTESIAN_POINT('',(-109.2,227.161506833,-69.820458211));
#2409=DIRECTION('',(0.,0.,-1.));
#2410=VECTOR('',#2409,5.773553378);
#2411=LINE('',#2408,#2410);
#2412=EDGE_CURVE('',#2407,#2399,#2411,.T.);
#2413=ORIENTED_EDGE('',*,*,#2412,.F.);
#2414=CARTESIAN_POINT('',(-109.2,187.161506833,-69.820458211));
#2415=VERTEX_POINT('',#2414);
#2416=CARTESIAN_POINT('',(-109.2,227.161506833,-69.820458211));
#2417=DIRECTION('',(-0.,-1.,-0.));
#2418=VECTOR('',#2417,40.);
#2419=LINE('',#2416,#2418);
#2420=EDGE_CURVE('',#2407,#2415,#2419,.T.);
#2421=ORIENTED_EDGE('',*,*,#2420,.T.);
#2422=CARTESIAN_POINT('',(-109.2,178.893970798,-69.820458218));
#2423=DIRECTION('',(0.,1.,0.));
#2424=VECTOR('',#2423,8.267536035);
#2425=LINE('',#2422,#2424);
#2426=EDGE_CURVE('',#2373,#2415,#2425,.T.);
#2427=ORIENTED_EDGE('',*,*,#2426,.F.);
#2428=EDGE_LOOP('',(#2380,#2381,#2390,#2396,#2397,#2405,#2413,#2421,#2427));
#2429=FACE_BOUND('',#2428,.T.);
#2430=ADVANCED_FACE('',(#2429),#2371,.T.);
#2431=CARTESIAN_POINT('',(-108.372353205,184.214183673,-68.99281108));
#2432=DIRECTION('',(0.707106928,-0.,-0.707106635));
#2433=DIRECTION('',(-0.707106635,0.,-0.707106928));
#2434=AXIS2_PLACEMENT_3D('',#2431,#2432,#2433);
#2435=PLANE('',#2434);
#2436=CARTESIAN_POINT('',(-108.825954873,179.653554697,-69.446413091));
#2437=VERTEX_POINT('',#2436);
#2438=CARTESIAN_POINT('',(-104.723555228,177.161506833,-65.344011589));
#2439=DIRECTION('',(-0.707106928,0.,0.707106635));
#2440=DIRECTION('',(-0.707106635,0.,-0.707106928));
#2441=AXIS2_PLACEMENT_3D('',#2438,#2439,#2440);
#2442=ELLIPSE('',#2441,6.788223692,4.8);
#2443=EDGE_CURVE('',#1087,#2437,#2442,.T.);
#2444=ORIENTED_EDGE('',*,*,#2443,.T.);
#2445=CARTESIAN_POINT('',(-108.825954873,179.653554697,-69.446413091));
#2446=DIRECTION('',(-0.049696665,0.997527184,-0.049696665));
#2447=VECTOR('',#2446,7.526563943);
#2448=LINE('',#2445,#2447);
#2449=EDGE_CURVE('',#2437,#2415,#2448,.T.);
#2450=ORIENTED_EDGE('',*,*,#2449,.T.);
#2451=ORIENTED_EDGE('',*,*,#2420,.F.);
#2452=CARTESIAN_POINT('',(-108.050000381,227.161506833,-68.670458122));
#2453=DIRECTION('',(-0.707106635,0.,-0.707106928));
#2454=VECTOR('',#2453,1.62634539);
#2455=LINE('',#2452,#2454);
#2456=EDGE_CURVE('',#1096,#2407,#2455,.T.);
#2457=ORIENTED_EDGE('',*,*,#2456,.F.);
#2458=ORIENTED_EDGE('',*,*,#1101,.F.);
#2459=EDGE_LOOP('',(#2444,#2450,#2451,#2457,#2458));
#2460=FACE_BOUND('',#2459,.T.);
#2461=ADVANCED_FACE('',(#2460),#2435,.T.);
#2462=CARTESIAN_POINT('',(-109.113762153,183.114931947,-69.734220249));
#2463=DIRECTION('',(0.707104677,-0.000000111,-0.707108886));
#2464=DIRECTION('',(0.707108886,-0.,0.707104677));
#2465=AXIS2_PLACEMENT_3D('',#2462,#2463,#2464);
#2466=PLANE('',#2465);
#2467=CARTESIAN_POINT('',(-104.723528296,177.161506833,-65.344011589));
#2468=DIRECTION('',(-0.707104677,0.000000111,0.707108886));
#2469=DIRECTION('',(-0.707108886,-0.000000111,-0.707104677));
#2470=AXIS2_PLACEMENT_3D('',#2467,#2468,#2469);
#2471=ELLIPSE('',#2470,6.788245302,4.8);
#2472=EDGE_CURVE('',#2437,#2373,#2471,.T.);
#2473=ORIENTED_EDGE('',*,*,#2472,.T.);
#2474=ORIENTED_EDGE('',*,*,#2426,.T.);
#2475=ORIENTED_EDGE('',*,*,#2449,.F.);
#2476=EDGE_LOOP('',(#2473,#2474,#2475));
#2477=FACE_BOUND('',#2476,.T.);
#2478=ADVANCED_FACE('',(#2477),#2466,.T.);
#2479=CARTESIAN_POINT('',(-108.653436199,183.745627438,-61.412140655));
#2480=DIRECTION('',(0.707106368,-0.000000195,0.707107194));
#2481=DIRECTION('',(-0.707107194,0.,0.707106368));
#2482=AXIS2_PLACEMENT_3D('',#2479,#2480,#2481);
#2483=PLANE('',#2482);
#2484=CARTESIAN_POINT('',(-104.721562484,177.161506833,-65.344011589));
#2485=DIRECTION('',(-0.707106368,0.000000195,-0.707107194));
#2486=DIRECTION('',(-0.707107194,-0.000000195,0.707106368));
#2487=AXIS2_PLACEMENT_3D('',#2484,#2485,#2486);
#2488=ELLIPSE('',#2487,6.788229065,4.8);
#2489=EDGE_CURVE('',#1318,#1076,#2488,.T.);
#2490=ORIENTED_EDGE('',*,*,#2489,.T.);
#2491=ORIENTED_EDGE('',*,*,#1123,.T.);
#2492=CARTESIAN_POINT('',(-109.198011589,187.161506833,-60.867564961));
#2493=DIRECTION('',(0.707106635,-0.,-0.707106928));
#2494=VECTOR('',#2493,1.623533356);
#2495=LINE('',#2492,#2494);
#2496=EDGE_CURVE('',#1316,#1112,#2495,.T.);
#2497=ORIENTED_EDGE('',*,*,#2496,.F.);
#2498=ORIENTED_EDGE('',*,*,#1323,.T.);
#2499=EDGE_LOOP('',(#2490,#2491,#2497,#2498));
#2500=FACE_BOUND('',#2499,.T.);
#2501=ADVANCED_FACE('',(#2500),#2483,.T.);
#2502=CARTESIAN_POINT('',(-108.874596044,150.815322045,-69.495054263));
#2503=DIRECTION('',(0.707109449,-0.000000476,-0.707104114));
#2504=DIRECTION('',(-0.707104114,0.,-0.707109449));
#2505=AXIS2_PLACEMENT_3D('',#2502,#2503,#2504);
#2506=PLANE('',#2505);
#2507=CARTESIAN_POINT('',(-108.050000381,153.70105116,-68.670458122));
#2508=VERTEX_POINT('',#2507);
#2509=CARTESIAN_POINT('',(-104.723580421,157.161506833,-65.344011589));
#2510=DIRECTION('',(-0.707109449,0.000000476,0.707104114));
#2511=DIRECTION('',(-0.707104114,-0.000000476,-0.707109449));
#2512=AXIS2_PLACEMENT_3D('',#2509,#2510,#2511);
#2513=ELLIPSE('',#2512,6.788199491,4.8);
#2514=EDGE_CURVE('',#2383,#2508,#2513,.T.);
#2515=ORIENTED_EDGE('',*,*,#2514,.T.);
#2516=CARTESIAN_POINT('',(-108.050000381,147.161506833,-68.670458122));
#2517=DIRECTION('',(0.,1.,0.));
#2518=VECTOR('',#2517,6.539544327);
#2519=LINE('',#2516,#2518);
#2520=EDGE_CURVE('',#1890,#2508,#2519,.T.);
#2521=ORIENTED_EDGE('',*,*,#2520,.F.);
#2522=ORIENTED_EDGE('',*,*,#1895,.F.);
#2523=ORIENTED_EDGE('',*,*,#2395,.T.);
#2524=EDGE_LOOP('',(#2515,#2521,#2522,#2523));
#2525=FACE_BOUND('',#2524,.T.);
#2526=ADVANCED_FACE('',(#2525),#2506,.T.);
#2527=CARTESIAN_POINT('',(-108.050000381,149.844217458,-65.402860773));
#2528=DIRECTION('',(1.,-0.,0.));
#2529=DIRECTION('',(0.,1.,0.));
#2530=AXIS2_PLACEMENT_3D('',#2527,#2528,#2529);
#2531=PLANE('',#2530);
#2532=CARTESIAN_POINT('',(-108.050000381,153.702967419,-62.015572748));
#2533=VERTEX_POINT('',#2532);
#2534=CARTESIAN_POINT('',(-108.050000381,157.161506833,-65.344011589));
#2535=DIRECTION('',(-1.,0.,-0.));
#2536=DIRECTION('',(-0.,-1.,-0.));
#2537=AXIS2_PLACEMENT_3D('',#2534,#2535,#2536);
#2538=CIRCLE('',#2537,4.8);
#2539=EDGE_CURVE('',#2508,#2533,#2538,.T.);
#2540=ORIENTED_EDGE('',*,*,#2539,.T.);
#2541=CARTESIAN_POINT('',(-108.050000381,147.161506833,-62.015569214));
#2542=DIRECTION('',(0.,1.,-0.00000054));
#2543=VECTOR('',#2542,6.541460586);
#2544=LINE('',#2541,#2543);
#2545=EDGE_CURVE('',#1770,#2533,#2544,.T.);
#2546=ORIENTED_EDGE('',*,*,#2545,.F.);
#2547=ORIENTED_EDGE('',*,*,#1901,.F.);
#2548=ORIENTED_EDGE('',*,*,#2520,.T.);
#2549=EDGE_LOOP('',(#2540,#2546,#2547,#2548));
#2550=FACE_BOUND('',#2549,.T.);
#2551=ADVANCED_FACE('',(#2550),#2531,.T.);
#2552=CARTESIAN_POINT('',(-108.881658905,150.823874622,-61.183917706));
#2553=DIRECTION('',(0.70710464,0.000000382,0.707108923));
#2554=DIRECTION('',(-0.707108923,0.,0.70710464));
#2555=AXIS2_PLACEMENT_3D('',#2552,#2553,#2554);
#2556=PLANE('',#2555);
#2557=CARTESIAN_POINT('',(-104.721543247,157.161506833,-65.344011589));
#2558=DIRECTION('',(-0.70710464,-0.000000382,-0.707108923));
#2559=DIRECTION('',(-0.707108923,0.000000382,0.70710464));
#2560=AXIS2_PLACEMENT_3D('',#2557,#2558,#2559);
#2561=ELLIPSE('',#2560,6.788245658,4.8);
#2562=EDGE_CURVE('',#2533,#1391,#2561,.T.);
#2563=ORIENTED_EDGE('',*,*,#2562,.T.);
#2564=ORIENTED_EDGE('',*,*,#1396,.T.);
#2565=ORIENTED_EDGE('',*,*,#1775,.F.);
#2566=ORIENTED_EDGE('',*,*,#2545,.T.);
#2567=EDGE_LOOP('',(#2563,#2564,#2565,#2566));
#2568=FACE_BOUND('',#2567,.T.);
#2569=ADVANCED_FACE('',(#2568),#2556,.T.);
#2570=CARTESIAN_POINT('',(-92.997772626,165.875510893,-75.594011589));
#2571=DIRECTION('',(-0.,-0.,1.));
#2572=DIRECTION('',(-0.,-1.,-0.));
#2573=AXIS2_PLACEMENT_3D('',#2570,#2571,#2572);
#2574=PLANE('',#2573);
#2575=ORIENTED_EDGE('',*,*,#1879,.T.);
#2576=CARTESIAN_POINT('',(-88.95,227.161506833,-75.594011589));
#2577=VERTEX_POINT('',#2576);
#2578=CARTESIAN_POINT('',(-88.95,147.161506833,-75.594011589));
#2579=DIRECTION('',(0.,1.,0.));
#2580=VECTOR('',#2579,80.);
#2581=LINE('',#2578,#2580);
#2582=EDGE_CURVE('',#1866,#2577,#2581,.T.);
#2583=ORIENTED_EDGE('',*,*,#2582,.T.);
#2584=CARTESIAN_POINT('',(-88.95,227.161506833,-75.594011589));
#2585=DIRECTION('',(-1.,0.,0.));
#2586=VECTOR('',#2585,20.25);
#2587=LINE('',#2584,#2586);
#2588=EDGE_CURVE('',#2577,#2399,#2587,.T.);
#2589=ORIENTED_EDGE('',*,*,#2588,.T.);
#2590=ORIENTED_EDGE('',*,*,#2404,.T.);
#2591=EDGE_LOOP('',(#2575,#2583,#2589,#2590));
#2592=FACE_BOUND('',#2591,.T.);
#2593=CARTESIAN_POINT('',(-98.95,159.761506356,-75.594011589));
#2594=VERTEX_POINT('',#2593);
#2595=CARTESIAN_POINT('',(-96.35,157.161506356,-75.594011589));
#2596=VERTEX_POINT('',#2595);
#2597=CARTESIAN_POINT('',(-98.95,157.161506356,-75.594011589));
#2598=DIRECTION('',(-0.,-0.,1.));
#2599=DIRECTION('',(1.,0.,0.));
#2600=AXIS2_PLACEMENT_3D('',#2597,#2598,#2599);
#2601=CIRCLE('',#2600,2.6);
#2602=EDGE_CURVE('',#2594,#2596,#2601,.T.);
#2603=ORIENTED_EDGE('',*,*,#2602,.F.);
#2604=CARTESIAN_POINT('',(-98.95,157.161506356,-75.594011589));
#2605=DIRECTION('',(-0.,-0.,1.));
#2606=DIRECTION('',(1.,0.,0.));
#2607=AXIS2_PLACEMENT_3D('',#2604,#2605,#2606);
#2608=CIRCLE('',#2607,2.6);
#2609=EDGE_CURVE('',#2596,#2594,#2608,.T.);
#2610=ORIENTED_EDGE('',*,*,#2609,.F.);
#2611=EDGE_LOOP('',(#2603,#2610));
#2612=FACE_BOUND('',#2611,.T.);
#2613=CARTESIAN_POINT('',(-98.95,179.761506833,-75.594011589));
#2614=VERTEX_POINT('',#2613);
#2615=CARTESIAN_POINT('',(-96.35,177.161506833,-75.594011589));
#2616=VERTEX_POINT('',#2615);
#2617=CARTESIAN_POINT('',(-98.95,177.161506833,-75.594011589));
#2618=DIRECTION('',(-0.,-0.,1.));
#2619=DIRECTION('',(1.,0.,0.));
#2620=AXIS2_PLACEMENT_3D('',#2617,#2618,#2619);
#2621=CIRCLE('',#2620,2.6);
#2622=EDGE_CURVE('',#2614,#2616,#2621,.T.);
#2623=ORIENTED_EDGE('',*,*,#2622,.F.);
#2624=CARTESIAN_POINT('',(-98.95,177.161506833,-75.594011589));
#2625=DIRECTION('',(-0.,-0.,1.));
#2626=DIRECTION('',(1.,0.,0.));
#2627=AXIS2_PLACEMENT_3D('',#2624,#2625,#2626);
#2628=CIRCLE('',#2627,2.6);
#2629=EDGE_CURVE('',#2616,#2614,#2628,.T.);
#2630=ORIENTED_EDGE('',*,*,#2629,.F.);
#2631=EDGE_LOOP('',(#2623,#2630));
#2632=FACE_BOUND('',#2631,.T.);
#2633=ADVANCED_FACE('',(#2592,#2612,#2632),#2574,.T.);
#2634=CARTESIAN_POINT('',(-135.135071488,171.846578321,-77.844011589));
#2635=DIRECTION('',(0.,0.,-1.));
#2636=DIRECTION('',(0.,1.,0.));
#2637=AXIS2_PLACEMENT_3D('',#2634,#2635,#2636);
#2638=PLANE('',#2637);
#2639=ORIENTED_EDGE('',*,*,#1215,.T.);
#2640=CARTESIAN_POINT('',(-119.867190429,187.161506833,-77.844011589));
#2641=DIRECTION('',(-0.,-1.,-0.));
#2642=VECTOR('',#2641,40.);
#2643=LINE('',#2640,#2642);
#2644=EDGE_CURVE('',#785,#1832,#2643,.T.);
#2645=ORIENTED_EDGE('',*,*,#2644,.T.);
#2646=ORIENTED_EDGE('',*,*,#1837,.T.);
#2647=ORIENTED_EDGE('',*,*,#1628,.T.);
#2648=EDGE_LOOP('',(#2639,#2645,#2646,#2647));
#2649=FACE_BOUND('',#2648,.T.);
#2650=ADVANCED_FACE('',(#2649),#2638,.T.);
#2651=CARTESIAN_POINT('',(-108.358633636,150.274810278,-83.344011589));
#2652=DIRECTION('',(0.,0.,-1.));
#2653=DIRECTION('',(0.,1.,0.));
#2654=AXIS2_PLACEMENT_3D('',#2651,#2652,#2653);
#2655=PLANE('',#2654);
#2656=CARTESIAN_POINT('',(-98.95,182.861506833,-83.344011589));
#2657=VERTEX_POINT('',#2656);
#2658=CARTESIAN_POINT('',(-98.95,177.161506833,-83.344011589));
#2659=DIRECTION('',(-0.,-0.,1.));
#2660=DIRECTION('',(0.,1.,0.));
#2661=AXIS2_PLACEMENT_3D('',#2658,#2659,#2660);
#2662=CIRCLE('',#2661,5.7);
#2663=EDGE_CURVE('',#2657,#2657,#2662,.T.);
#2664=ORIENTED_EDGE('',*,*,#2663,.T.);
#2665=EDGE_LOOP('',(#2664));
#2666=FACE_BOUND('',#2665,.T.);
#2667=CARTESIAN_POINT('',(-98.95,162.861506356,-83.344011589));
#2668=VERTEX_POINT('',#2667);
#2669=CARTESIAN_POINT('',(-98.95,157.161506356,-83.344011589));
#2670=DIRECTION('',(-0.,-0.,1.));
#2671=DIRECTION('',(0.,1.,0.));
#2672=AXIS2_PLACEMENT_3D('',#2669,#2670,#2671);
#2673=CIRCLE('',#2672,5.7);
#2674=EDGE_CURVE('',#2668,#2668,#2673,.T.);
#2675=ORIENTED_EDGE('',*,*,#2674,.T.);
#2676=EDGE_LOOP('',(#2675));
#2677=FACE_BOUND('',#2676,.T.);
#2678=CARTESIAN_POINT('',(-113.75,227.161506833,-83.344011589));
#2679=VERTEX_POINT('',#2678);
#2680=CARTESIAN_POINT('',(-113.75,227.161506833,-83.344011589));
#2681=DIRECTION('',(-0.,-1.,-0.));
#2682=VECTOR('',#2681,80.);
#2683=LINE('',#2680,#2682);
#2684=EDGE_CURVE('',#2679,#1849,#2683,.T.);
#2685=ORIENTED_EDGE('',*,*,#2684,.F.);
#2686=CARTESIAN_POINT('',(-88.95,227.161506833,-83.344011589));
#2687=VERTEX_POINT('',#2686);
#2688=CARTESIAN_POINT('',(-113.75,227.161506833,-83.344011589));
#2689=DIRECTION('',(1.,-0.,-0.));
#2690=VECTOR('',#2689,24.8);
#2691=LINE('',#2688,#2690);
#2692=EDGE_CURVE('',#2679,#2687,#2691,.T.);
#2693=ORIENTED_EDGE('',*,*,#2692,.T.);
#2694=CARTESIAN_POINT('',(-88.95,147.161506833,-83.344011589));
#2695=DIRECTION('',(0.,1.,0.));
#2696=VECTOR('',#2695,80.);
#2697=LINE('',#2694,#2696);
#2698=EDGE_CURVE('',#1858,#2687,#2697,.T.);
#2699=ORIENTED_EDGE('',*,*,#2698,.F.);
#2700=ORIENTED_EDGE('',*,*,#1863,.T.);
#2701=EDGE_LOOP('',(#2685,#2693,#2699,#2700));
#2702=FACE_BOUND('',#2701,.T.);
#2703=ADVANCED_FACE('',(#2666,#2677,#2702),#2655,.T.);
#2704=CARTESIAN_POINT('',(-88.95,168.913040691,-77.717477731));
#2705=DIRECTION('',(1.,-0.,0.));
#2706=DIRECTION('',(0.,1.,0.));
#2707=AXIS2_PLACEMENT_3D('',#2704,#2705,#2706);
#2708=PLANE('',#2707);
#2709=ORIENTED_EDGE('',*,*,#2698,.T.);
#2710=CARTESIAN_POINT('',(-88.95,227.161506833,-83.344011589));
#2711=DIRECTION('',(-0.,-0.,1.));
#2712=VECTOR('',#2711,7.75);
#2713=LINE('',#2710,#2712);
#2714=EDGE_CURVE('',#2687,#2577,#2713,.T.);
#2715=ORIENTED_EDGE('',*,*,#2714,.T.);
#2716=ORIENTED_EDGE('',*,*,#2582,.F.);
#2717=ORIENTED_EDGE('',*,*,#1871,.T.);
#2718=EDGE_LOOP('',(#2709,#2715,#2716,#2717));
#2719=FACE_BOUND('',#2718,.T.);
#2720=ADVANCED_FACE('',(#2719),#2708,.T.);
#2721=CARTESIAN_POINT('',(-96.129052422,174.166647327,-79.44202356));
#2722=DIRECTION('',(0.,0.,-1.));
#2723=DIRECTION('',(0.,1.,0.));
#2724=AXIS2_PLACEMENT_3D('',#2721,#2722,#2723);
#2725=PLANE('',#2724);
#2726=CARTESIAN_POINT('',(-98.95,159.761506356,-79.44202356));
#2727=VERTEX_POINT('',#2726);
#2728=CARTESIAN_POINT('',(-98.95,157.161506356,-79.44202356));
#2729=DIRECTION('',(-0.,-0.,1.));
#2730=DIRECTION('',(0.,1.,0.));
#2731=AXIS2_PLACEMENT_3D('',#2728,#2729,#2730);
#2732=CIRCLE('',#2731,2.6);
#2733=EDGE_CURVE('',#2727,#2727,#2732,.T.);
#2734=ORIENTED_EDGE('',*,*,#2733,.T.);
#2735=EDGE_LOOP('',(#2734));
#2736=FACE_BOUND('',#2735,.T.);
#2737=CARTESIAN_POINT('',(-98.95,162.861506356,-79.44202356));
#2738=VERTEX_POINT('',#2737);
#2739=CARTESIAN_POINT('',(-98.95,157.161506356,-79.44202356));
#2740=DIRECTION('',(0.,0.,-1.));
#2741=DIRECTION('',(0.,1.,0.));
#2742=AXIS2_PLACEMENT_3D('',#2739,#2740,#2741);
#2743=CIRCLE('',#2742,5.7);
#2744=EDGE_CURVE('',#2738,#2738,#2743,.T.);
#2745=ORIENTED_EDGE('',*,*,#2744,.T.);
#2746=EDGE_LOOP('',(#2745));
#2747=FACE_BOUND('',#2746,.T.);
#2748=ADVANCED_FACE('',(#2736,#2747),#2725,.T.);
#2749=CARTESIAN_POINT('',(-96.129052422,174.166647327,-79.44202356));
#2750=DIRECTION('',(0.,0.,-1.));
#2751=DIRECTION('',(0.,1.,0.));
#2752=AXIS2_PLACEMENT_3D('',#2749,#2750,#2751);
#2753=PLANE('',#2752);
#2754=CARTESIAN_POINT('',(-98.95,179.761506833,-79.44202356));
#2755=VERTEX_POINT('',#2754);
#2756=CARTESIAN_POINT('',(-98.95,177.161506833,-79.44202356));
#2757=DIRECTION('',(-0.,-0.,1.));
#2758=DIRECTION('',(0.,1.,0.));
#2759=AXIS2_PLACEMENT_3D('',#2756,#2757,#2758);
#2760=CIRCLE('',#2759,2.6);
#2761=EDGE_CURVE('',#2755,#2755,#2760,.T.);
#2762=ORIENTED_EDGE('',*,*,#2761,.T.);
#2763=EDGE_LOOP('',(#2762));
#2764=FACE_BOUND('',#2763,.T.);
#2765=CARTESIAN_POINT('',(-98.95,182.861506833,-79.44202356));
#2766=VERTEX_POINT('',#2765);
#2767=CARTESIAN_POINT('',(-98.95,177.161506833,-79.44202356));
#2768=DIRECTION('',(0.,0.,-1.));
#2769=DIRECTION('',(0.,1.,0.));
#2770=AXIS2_PLACEMENT_3D('',#2767,#2768,#2769);
#2771=CIRCLE('',#2770,5.7);
#2772=EDGE_CURVE('',#2766,#2766,#2771,.T.);
#2773=ORIENTED_EDGE('',*,*,#2772,.T.);
#2774=EDGE_LOOP('',(#2773));
#2775=FACE_BOUND('',#2774,.T.);
#2776=ADVANCED_FACE('',(#2764,#2775),#2753,.T.);
#2777=CARTESIAN_POINT('',(-101.65,157.161506833,-65.344011589));
#2778=DIRECTION('',(-1.,0.,-0.));
#2779=DIRECTION('',(0.,1.,0.));
#2780=AXIS2_PLACEMENT_3D('',#2777,#2778,#2779);
#2781=CYLINDRICAL_SURFACE('',#2780,4.8);
#2782=CARTESIAN_POINT('',(-143.95,161.961506833,-65.344011589));
#2783=DIRECTION('',(1.,-0.,0.));
#2784=VECTOR('',#2783,35.899999619);
#2785=LINE('',#2782,#2784);
#2786=EDGE_CURVE('',#1655,#2308,#2785,.T.);
#2787=ORIENTED_EDGE('',*,*,#2786,.F.);
#2788=ORIENTED_EDGE('',*,*,#1661,.F.);
#2789=ORIENTED_EDGE('',*,*,#2786,.T.);
#2790=ORIENTED_EDGE('',*,*,#2314,.F.);
#2791=ORIENTED_EDGE('',*,*,#2281,.F.);
#2792=ORIENTED_EDGE('',*,*,#1405,.F.);
#2793=ORIENTED_EDGE('',*,*,#2562,.F.);
#2794=ORIENTED_EDGE('',*,*,#2539,.F.);
#2795=ORIENTED_EDGE('',*,*,#2514,.F.);
#2796=ORIENTED_EDGE('',*,*,#2389,.F.);
#2797=ORIENTED_EDGE('',*,*,#2356,.F.);
#2798=ORIENTED_EDGE('',*,*,#2323,.F.);
#2799=EDGE_LOOP('',(#2787,#2788,#2789,#2790,#2791,#2792,#2793,#2794,#2795,#2796,#2797,#2798));
#2800=FACE_BOUND('',#2799,.T.);
#2801=ADVANCED_FACE('',(#2800),#2781,.F.);
#2802=CARTESIAN_POINT('',(-103.95,177.161506833,-65.344011589));
#2803=DIRECTION('',(-1.,0.,-0.));
#2804=DIRECTION('',(0.,1.,0.));
#2805=AXIS2_PLACEMENT_3D('',#2802,#2803,#2804);
#2806=CYLINDRICAL_SURFACE('',#2805,4.8);
#2807=CARTESIAN_POINT('',(-143.95,181.961506833,-65.344011589));
#2808=DIRECTION('',(1.,-0.,0.));
#2809=VECTOR('',#2808,35.899999619);
#2810=LINE('',#2807,#2809);
#2811=EDGE_CURVE('',#1666,#1078,#2810,.T.);
#2812=ORIENTED_EDGE('',*,*,#2811,.F.);
#2813=ORIENTED_EDGE('',*,*,#1672,.F.);
#2814=ORIENTED_EDGE('',*,*,#2811,.T.);
#2815=ORIENTED_EDGE('',*,*,#1084,.F.);
#2816=ORIENTED_EDGE('',*,*,#2489,.F.);
#2817=ORIENTED_EDGE('',*,*,#1420,.F.);
#2818=ORIENTED_EDGE('',*,*,#2271,.F.);
#2819=ORIENTED_EDGE('',*,*,#2304,.F.);
#2820=ORIENTED_EDGE('',*,*,#2346,.F.);
#2821=ORIENTED_EDGE('',*,*,#2379,.F.);
#2822=ORIENTED_EDGE('',*,*,#2472,.F.);
#2823=ORIENTED_EDGE('',*,*,#2443,.F.);
#2824=ORIENTED_EDGE('',*,*,#1093,.F.);
#2825=EDGE_LOOP('',(#2812,#2813,#2814,#2815,#2816,#2817,#2818,#2819,#2820,#2821,#2822,#2823,#2824));
#2826=FACE_BOUND('',#2825,.T.);
#2827=ADVANCED_FACE('',(#2826),#2806,.F.);
#2828=CARTESIAN_POINT('',(-98.95,177.161506833,-74.44002356));
#2829=DIRECTION('',(0.,0.,-1.));
#2830=DIRECTION('',(0.,1.,0.));
#2831=AXIS2_PLACEMENT_3D('',#2828,#2829,#2830);
#2832=CYLINDRICAL_SURFACE('',#2831,2.6);
#2833=CARTESIAN_POINT('',(-98.95,179.761506833,-79.44202356));
#2834=DIRECTION('',(-0.,-0.,1.));
#2835=VECTOR('',#2834,3.848011971);
#2836=LINE('',#2833,#2835);
#2837=EDGE_CURVE('',#2755,#2614,#2836,.T.);
#2838=ORIENTED_EDGE('',*,*,#2837,.F.);
#2839=ORIENTED_EDGE('',*,*,#2761,.F.);
#2840=ORIENTED_EDGE('',*,*,#2837,.T.);
#2841=ORIENTED_EDGE('',*,*,#2622,.T.);
#2842=ORIENTED_EDGE('',*,*,#2629,.T.);
#2843=EDGE_LOOP('',(#2838,#2839,#2840,#2841,#2842));
#2844=FACE_BOUND('',#2843,.T.);
#2845=ADVANCED_FACE('',(#2844),#2832,.F.);
#2846=CARTESIAN_POINT('',(-98.95,157.161506356,-74.44002356));
#2847=DIRECTION('',(0.,0.,-1.));
#2848=DIRECTION('',(0.,1.,0.));
#2849=AXIS2_PLACEMENT_3D('',#2846,#2847,#2848);
#2850=CYLINDRICAL_SURFACE('',#2849,2.6);
#2851=CARTESIAN_POINT('',(-98.95,159.761506356,-79.44202356));
#2852=DIRECTION('',(-0.,-0.,1.));
#2853=VECTOR('',#2852,3.848011971);
#2854=LINE('',#2851,#2853);
#2855=EDGE_CURVE('',#2727,#2594,#2854,.T.);
#2856=ORIENTED_EDGE('',*,*,#2855,.F.);
#2857=ORIENTED_EDGE('',*,*,#2733,.F.);
#2858=ORIENTED_EDGE('',*,*,#2855,.T.);
#2859=ORIENTED_EDGE('',*,*,#2602,.T.);
#2860=ORIENTED_EDGE('',*,*,#2609,.T.);
#2861=EDGE_LOOP('',(#2856,#2857,#2858,#2859,#2860));
#2862=FACE_BOUND('',#2861,.T.);
#2863=ADVANCED_FACE('',(#2862),#2850,.F.);
#2864=CARTESIAN_POINT('',(-98.95,157.161506356,-79.842011589));
#2865=DIRECTION('',(0.,0.,-1.));
#2866=DIRECTION('',(0.,1.,0.));
#2867=AXIS2_PLACEMENT_3D('',#2864,#2865,#2866);
#2868=CYLINDRICAL_SURFACE('',#2867,5.7);
#2869=CARTESIAN_POINT('',(-98.95,162.861506356,-83.344011589));
#2870=DIRECTION('',(-0.,-0.,1.));
#2871=VECTOR('',#2870,3.901988029);
#2872=LINE('',#2869,#2871);
#2873=EDGE_CURVE('',#2668,#2738,#2872,.T.);
#2874=ORIENTED_EDGE('',*,*,#2873,.F.);
#2875=ORIENTED_EDGE('',*,*,#2674,.F.);
#2876=ORIENTED_EDGE('',*,*,#2873,.T.);
#2877=ORIENTED_EDGE('',*,*,#2744,.F.);
#2878=EDGE_LOOP('',(#2874,#2875,#2876,#2877));
#2879=FACE_BOUND('',#2878,.T.);
#2880=ADVANCED_FACE('',(#2879),#2868,.F.);
#2881=CARTESIAN_POINT('',(-98.95,177.161506833,-79.842011589));
#2882=DIRECTION('',(0.,0.,-1.));
#2883=DIRECTION('',(0.,1.,0.));
#2884=AXIS2_PLACEMENT_3D('',#2881,#2882,#2883);
#2885=CYLINDRICAL_SURFACE('',#2884,5.7);
#2886=CARTESIAN_POINT('',(-98.95,182.861506833,-83.344011589));
#2887=DIRECTION('',(-0.,-0.,1.));
#2888=VECTOR('',#2887,3.901988029);
#2889=LINE('',#2886,#2888);
#2890=EDGE_CURVE('',#2657,#2766,#2889,.T.);
#2891=ORIENTED_EDGE('',*,*,#2890,.F.);
#2892=ORIENTED_EDGE('',*,*,#2663,.F.);
#2893=ORIENTED_EDGE('',*,*,#2890,.T.);
#2894=ORIENTED_EDGE('',*,*,#2772,.F.);
#2895=EDGE_LOOP('',(#2891,#2892,#2893,#2894));
#2896=FACE_BOUND('',#2895,.T.);
#2897=ADVANCED_FACE('',(#2896),#2885,.F.);
#2898=CARTESIAN_POINT('',(-113.75,150.274810278,-80.144011589));
#2899=DIRECTION('',(-0.,-1.,-0.));
#2900=DIRECTION('',(-1.,0.,-0.));
#2901=AXIS2_PLACEMENT_3D('',#2898,#2899,#2900);
#2902=CYLINDRICAL_SURFACE('',#2901,3.2);
#2903=CARTESIAN_POINT('',(-116.95,227.161506833,-80.144011589));
#2904=VERTEX_POINT('',#2903);
#2905=CARTESIAN_POINT('',(-116.95,147.161506833,-80.144011589));
#2906=DIRECTION('',(0.,1.,0.));
#2907=VECTOR('',#2906,80.);
#2908=LINE('',#2905,#2907);
#2909=EDGE_CURVE('',#1840,#2904,#2908,.T.);
#2910=ORIENTED_EDGE('',*,*,#2909,.T.);
#2911=CARTESIAN_POINT('',(-113.75,227.161506833,-80.144011589));
#2912=DIRECTION('',(-0.,-1.,-0.));
#2913=DIRECTION('',(-1.,0.,0.));
#2914=AXIS2_PLACEMENT_3D('',#2911,#2912,#2913);
#2915=CIRCLE('',#2914,3.2);
#2916=EDGE_CURVE('',#2904,#2679,#2915,.T.);
#2917=ORIENTED_EDGE('',*,*,#2916,.T.);
#2918=ORIENTED_EDGE('',*,*,#2684,.T.);
#2919=ORIENTED_EDGE('',*,*,#1855,.T.);
#2920=EDGE_LOOP('',(#2910,#2917,#2918,#2919));
#2921=FACE_BOUND('',#2920,.T.);
#2922=ADVANCED_FACE('',(#2921),#2902,.T.);
#2923=CARTESIAN_POINT('',(-119.867190429,167.766994619,-30.044011589));
#2924=DIRECTION('',(-0.,-1.,-0.));
#2925=DIRECTION('',(1.,-0.,0.));
#2926=AXIS2_PLACEMENT_3D('',#2923,#2924,#2925);
#2927=CYLINDRICAL_SURFACE('',#2926,3.);
#2928=ORIENTED_EDGE('',*,*,#1822,.F.);
#2929=ORIENTED_EDGE('',*,*,#2253,.T.);
#2930=CARTESIAN_POINT('',(-119.867190429,227.161506833,-30.044011589));
#2931=DIRECTION('',(-0.,-1.,-0.));
#2932=DIRECTION('',(-1.,0.,0.));
#2933=AXIS2_PLACEMENT_3D('',#2930,#2931,#2932);
#2934=CIRCLE('',#2933,3.);
#2935=EDGE_CURVE('',#793,#2241,#2934,.T.);
#2936=ORIENTED_EDGE('',*,*,#2935,.F.);
#2937=ORIENTED_EDGE('',*,*,#798,.T.);
#2938=ORIENTED_EDGE('',*,*,#1980,.F.);
#2939=EDGE_LOOP('',(#2928,#2929,#2936,#2937,#2938));
#2940=FACE_BOUND('',#2939,.T.);
#2941=ADVANCED_FACE('',(#2940),#2927,.F.);
#2942=CARTESIAN_POINT('',(-119.867190429,167.766994619,-80.844011589));
#2943=DIRECTION('',(-0.,-1.,-0.));
#2944=DIRECTION('',(1.,-0.,0.));
#2945=AXIS2_PLACEMENT_3D('',#2942,#2943,#2944);
#2946=CYLINDRICAL_SURFACE('',#2945,3.);
#2947=ORIENTED_EDGE('',*,*,#1846,.F.);
#2948=ORIENTED_EDGE('',*,*,#2644,.F.);
#2949=ORIENTED_EDGE('',*,*,#812,.F.);
#2950=CARTESIAN_POINT('',(-119.867190429,227.161506833,-80.844011589));
#2951=DIRECTION('',(-0.,-1.,-0.));
#2952=DIRECTION('',(-1.,0.,0.));
#2953=AXIS2_PLACEMENT_3D('',#2950,#2951,#2952);
#2954=CIRCLE('',#2953,3.);
#2955=EDGE_CURVE('',#2904,#801,#2954,.T.);
#2956=ORIENTED_EDGE('',*,*,#2955,.F.);
#2957=ORIENTED_EDGE('',*,*,#2909,.F.);
#2958=EDGE_LOOP('',(#2947,#2948,#2949,#2956,#2957));
#2959=FACE_BOUND('',#2958,.T.);
#2960=ADVANCED_FACE('',(#2959),#2946,.F.);
#2961=CARTESIAN_POINT('',(-108.624005985,227.161506833,-49.446452376));
#2962=DIRECTION('',(0.707106928,-0.,-0.707106635));
#2963=DIRECTION('',(-0.707106635,0.,-0.707106928));
#2964=AXIS2_PLACEMENT_3D('',#2961,#2962,#2963);
#2965=PLANE('',#2964);
#2966=ORIENTED_EDGE('',*,*,#1596,.F.);
#2967=ORIENTED_EDGE('',*,*,#1347,.F.);
#2968=CARTESIAN_POINT('',(-109.198011589,227.161506833,-50.020458217));
#2969=DIRECTION('',(0.707106635,-0.,0.707106928));
#2970=VECTOR('',#2969,1.623533356);
#2971=LINE('',#2968,#2970);
#2972=EDGE_CURVE('',#1334,#1168,#2971,.T.);
#2973=ORIENTED_EDGE('',*,*,#2972,.T.);
#2974=ORIENTED_EDGE('',*,*,#1173,.T.);
#2975=EDGE_LOOP('',(#2966,#2967,#2973,#2974));
#2976=FACE_BOUND('',#2975,.T.);
#2977=ADVANCED_FACE('',(#2976),#2965,.T.);
#2978=CARTESIAN_POINT('',(-108.624005985,227.161506833,-61.441570802));
#2979=DIRECTION('',(-0.707106928,0.,-0.707106635));
#2980=DIRECTION('',(-0.707106635,0.,0.707106928));
#2981=AXIS2_PLACEMENT_3D('',#2978,#2979,#2980);
#2982=PLANE('',#2981);
#2983=ORIENTED_EDGE('',*,*,#2496,.T.);
#2984=ORIENTED_EDGE('',*,*,#1117,.F.);
#2985=CARTESIAN_POINT('',(-109.198011589,227.161506833,-60.867564961));
#2986=DIRECTION('',(0.707106635,-0.,-0.707106928));
#2987=VECTOR('',#2986,1.623533356);
#2988=LINE('',#2985,#2987);
#2989=EDGE_CURVE('',#1326,#1104,#2988,.T.);
#2990=ORIENTED_EDGE('',*,*,#2989,.F.);
#2991=ORIENTED_EDGE('',*,*,#1331,.T.);
#2992=EDGE_LOOP('',(#2983,#2984,#2990,#2991));
#2993=FACE_BOUND('',#2992,.T.);
#2994=ADVANCED_FACE('',(#2993),#2982,.F.);
#2995=CARTESIAN_POINT('',(523.,227.161506833,0.));
#2996=DIRECTION('',(0.,1.,0.));
#2997=DIRECTION('',(-0.,-0.,1.));
#2998=AXIS2_PLACEMENT_3D('',#2995,#2996,#2997);
#2999=PLANE('',#2998);
#3000=ORIENTED_EDGE('',*,*,#2916,.F.);
#3001=ORIENTED_EDGE('',*,*,#2955,.T.);
#3002=ORIENTED_EDGE('',*,*,#806,.F.);
#3003=ORIENTED_EDGE('',*,*,#2935,.T.);
#3004=ORIENTED_EDGE('',*,*,#2247,.T.);
#3005=ORIENTED_EDGE('',*,*,#2028,.T.);
#3006=ORIENTED_EDGE('',*,*,#2050,.T.);
#3007=ORIENTED_EDGE('',*,*,#1919,.T.);
#3008=ORIENTED_EDGE('',*,*,#1494,.F.);
#3009=ORIENTED_EDGE('',*,*,#1550,.F.);
#3010=ORIENTED_EDGE('',*,*,#1181,.F.);
#3011=ORIENTED_EDGE('',*,*,#2972,.F.);
#3012=ORIENTED_EDGE('',*,*,#1339,.F.);
#3013=ORIENTED_EDGE('',*,*,#2989,.T.);
#3014=ORIENTED_EDGE('',*,*,#1109,.T.);
#3015=ORIENTED_EDGE('',*,*,#2456,.T.);
#3016=ORIENTED_EDGE('',*,*,#2412,.T.);
#3017=ORIENTED_EDGE('',*,*,#2588,.F.);
#3018=ORIENTED_EDGE('',*,*,#2714,.F.);
#3019=ORIENTED_EDGE('',*,*,#2692,.F.);
#3020=EDGE_LOOP('',(#3000,#3001,#3002,#3003,#3004,#3005,#3006,#3007,#3008,#3009,#3010,#3011,#3012,#3013,#3014,#3015,#3016,#3017,#3018,#3019));
#3021=FACE_BOUND('',#3020,.T.);
#3022=ADVANCED_FACE('',(#3021),#2999,.T.);
#3023=CLOSED_SHELL('',(#273,#520,#767,#917,#1066,#1130,#1194,#1225,#1267,#1309,#1424,#1457,#1530,#1561,#1578,#1601,#1676,#1708,#1740,#1763,#1905,#1969,#1986,#2039,#2056,#2084,
#2112,#2137,#2163,#2181,#2199,#2216,#2233,#2258,#2291,#2333,#2366,#2430,#2461,#2478,#2501,#2526,#2551,#2569,#2633,#2650,#2703,#2720,#2748,#2776,#2801,
#2827,#2845,#2863,#2880,#2897,#2922,#2941,#2960,#2977,#2994,#3022));
#3024=MANIFOLD_SOLID_BREP('frame counterbore drill jig for crossmember (1)',#3023);
#3025=COLOUR_RGB('',0.447058827,0.474509805,0.501960814);
#3026=FILL_AREA_STYLE_COLOUR('',#3025);
#3027=FILL_AREA_STYLE('',(#3026));
#3028=SURFACE_STYLE_FILL_AREA(#3027);
#3029=SURFACE_SIDE_STYLE('',(#3028));
#3030=SURFACE_STYLE_USAGE(.BOTH.,#3029);
#3031=PRESENTATION_STYLE_ASSIGNMENT((#3030));
#26=STYLED_ITEM('',(#3031),#3024);
#16=SHAPE_REPRESENTATION('belt cart mod',(#15),#10);
#17=ADVANCED_BREP_SHAPE_REPRESENTATION('belt cart mod',(#3024),#10);
#3039=SHAPE_REPRESENTATION_RELATIONSHIP('','',#16,#17);
#3040=CARTESIAN_POINT('',(0.,0.,0.));
#3041=DIRECTION('',(0.,0.,1.));
#3042=DIRECTION('',(1.,0.,0.));
#3043=AXIS2_PLACEMENT_3D('',#3040,#3041,#3042);
#3045=MAPPED_ITEM('',#3044,#3043);
#3044=REPRESENTATION_MAP(#3043,#16);
#3046=APPLICATION_CONTEXT('Managed model based 3d engineering');
#3047=APPLICATION_PROTOCOL_DEFINITION('international standard','ap242_managed_model_based_3d_engineering',2014,#3046);
#3048=PRODUCT_CONTEXT('',#3046,'mechanical');
#3049=PRODUCT_DEFINITION_CONTEXT('part definition',#3046,'design');
#24=PRODUCT('belt cart mod','belt cart mod','',(#3048));
#3050=PRODUCT_RELATED_PRODUCT_CATEGORY('part','',(#24));
#3051=PRODUCT_DEFINITION_FORMATION_WITH_SPECIFIED_SOURCE('','',#24,.NOT_KNOWN.);
#25=PRODUCT_DEFINITION('design','',#3051,#3049);
#23=PRODUCT_DEFINITION_SHAPE('','',#25);
#3052=SHAPE_DEFINITION_REPRESENTATION(#23,#16);
#11=DRAUGHTING_MODEL('',(#3045),#10);
#3053=DESCRIPTIVE_REPRESENTATION_ITEM('KEY','C:\\Users\\cdeit\\AppData\\Local\\Packages\\Shapr3D.Shapr3D_j403pzjkqtqbj\\TempState\\4bc6ddf1-f301-441c-a639-746c0e84ae1f.tmp');
#3054=PROPERTY_DEFINITION('KEY','',#25);
#3055=REPRESENTATION('',(#3053),#10);
#3056=PROPERTY_DEFINITION_REPRESENTATION(#3054,#3055);
#3057=GENERAL_PROPERTY('','KEY','');
#3058=GENERAL_PROPERTY_ASSOCIATION('','',#3057,#3054);
#1=MECHANICAL_DESIGN_GEOMETRIC_PRESENTATION_REPRESENTATION('',(#26),#10);
ENDSEC;
END-ISO-10303-21;
