ISO-10303-21;
HEADER;

/* File generated by Shapr3D Version 26.142.11496.0 */

FILE_DESCRIPTION(('HOOPS Exchange Step'),'2;1');

FILE_NAME('C:\\Users\\cdeit\\AppData\\Local\\Packages\\Shapr3D.Shapr3D_j403pzjkqtqbj\\TempState\\export\\temp_export',
'2026-08-14T11:25:31-04:00',
('cdeit'),
('Shapr3D Limited'),
'HOOPS Exchange 2026.3',
'Shapr3D',
'Authorized');

FILE_SCHEMA( ('AP242_MANAGED_MODEL_BASED_3D_ENGINEERING_MIM_LF {1 0 10303 442 1 1 4}') );

ENDSEC;

DATA;
#3=(NAMED_UNIT(*)PLANE_ANGLE_UNIT()SI_UNIT($,.RADIAN.));
#4=PLANE_ANGLE_MEASURE_WITH_UNIT(PLANE_ANGLE_MEASURE(0.0174532925),#3);
#5=(CONVERSION_BASED_UNIT('DEGREE',#4)NAMED_UNIT(#6)PLANE_ANGLE_UNIT());
#6=DIMENSIONAL_EXPONENTS(0.,0.,0.,0.,0.,0.,0.);
#7=(NAMED_UNIT(*)SI_UNIT($,.STERADIAN.)SOLID_ANGLE_UNIT());
#8=(LENGTH_UNIT()NAMED_UNIT(*)SI_UNIT(.MILLI.,.METRE.));
#9=UNCERTAINTY_MEASURE_WITH_UNIT(LENGTH_MEASURE(1.000000E-05),#8,'DISTANCE_ACCURACY_VALUE','Maximum Tolerance applied to model');
#10=(GEOMETRIC_REPRESENTATION_CONTEXT(3)GLOBAL_UNCERTAINTY_ASSIGNED_CONTEXT((#9))GLOBAL_UNIT_ASSIGNED_CONTEXT((#8,#5,#7))REPRESENTATION_CONTEXT('','belt cart mod adjustable belt motor mount left'));
#12=CARTESIAN_POINT('',(0.,0.,0.));
#13=DIRECTION('',(0.,0.,1.));
#14=DIRECTION('',(1.,0.,0.));
#15=AXIS2_PLACEMENT_3D('',#12,#13,#14);
#27=CARTESIAN_POINT('',(498.839848603,227.146992443,-76.137421357));
#28=DIRECTION('',(0.,1.,0.));
#29=DIRECTION('',(0.,0.,-1.));
#30=AXIS2_PLACEMENT_3D('',#27,#28,#29);
#31=PLANE('',#30);
#32=CARTESIAN_POINT('',(484.339848603,227.146992443,-48.423834191));
#33=VERTEX_POINT('',#32);
#34=CARTESIAN_POINT('',(489.839848603,227.146992443,-48.423834191));
#35=VERTEX_POINT('',#34);
#36=CARTESIAN_POINT('',(484.339848603,227.146992443,-48.423834191));
#37=DIRECTION('',(1.,0.,0.));
#38=VECTOR('',#37,5.5);
#39=LINE('',#36,#38);
#40=EDGE_CURVE('',#33,#35,#39,.T.);
#41=ORIENTED_EDGE('',*,*,#40,.F.);
#42=CARTESIAN_POINT('',(484.339848603,227.146992443,-62.651008522));
#43=VERTEX_POINT('',#42);
#44=CARTESIAN_POINT('',(484.339848603,227.146992443,-48.423834191));
#45=DIRECTION('',(0.,0.,-1.));
#46=VECTOR('',#45,14.227174331);
#47=LINE('',#44,#46);
#48=EDGE_CURVE('',#33,#43,#47,.T.);
#49=ORIENTED_EDGE('',*,*,#48,.T.);
#50=CARTESIAN_POINT('',(489.839848603,227.146992443,-62.651008522));
#51=VERTEX_POINT('',#50);
#52=CARTESIAN_POINT('',(484.339848603,227.146992443,-62.651008522));
#53=DIRECTION('',(1.,0.,0.));
#54=VECTOR('',#53,5.5);
#55=LINE('',#52,#54);
#56=EDGE_CURVE('',#43,#51,#55,.T.);
#57=ORIENTED_EDGE('',*,*,#56,.T.);
#58=CARTESIAN_POINT('',(489.839848603,227.146992443,-62.651008522));
#59=DIRECTION('',(-0.,-0.,1.));
#60=VECTOR('',#59,14.227174331);
#61=LINE('',#58,#60);
#62=EDGE_CURVE('',#51,#35,#61,.T.);
#63=ORIENTED_EDGE('',*,*,#62,.T.);
#64=EDGE_LOOP('',(#41,#49,#57,#63));
#65=FACE_BOUND('',#64,.T.);
#66=ADVANCED_FACE('',(#65),#31,.F.);
#67=CARTESIAN_POINT('',(498.839848603,227.146992443,-76.137421357));
#68=DIRECTION('',(0.,1.,0.));
#69=DIRECTION('',(0.,0.,-1.));
#70=AXIS2_PLACEMENT_3D('',#67,#68,#69);
#71=PLANE('',#70);
#72=CARTESIAN_POINT('',(484.339848603,227.146992443,-68.423834191));
#73=VERTEX_POINT('',#72);
#74=CARTESIAN_POINT('',(489.839848603,227.146992443,-68.423834191));
#75=VERTEX_POINT('',#74);
#76=CARTESIAN_POINT('',(484.339848603,227.146992443,-68.423834191));
#77=DIRECTION('',(1.,0.,0.));
#78=VECTOR('',#77,5.5);
#79=LINE('',#76,#78);
#80=EDGE_CURVE('',#73,#75,#79,.T.);
#81=ORIENTED_EDGE('',*,*,#80,.F.);
#82=CARTESIAN_POINT('',(484.339848603,227.146992443,-75.637421357));
#83=VERTEX_POINT('',#82);
#84=CARTESIAN_POINT('',(484.339848603,227.146992443,-68.423834191));
#85=DIRECTION('',(0.,0.,-1.));
#86=VECTOR('',#85,7.213587165);
#87=LINE('',#84,#86);
#88=EDGE_CURVE('',#73,#83,#87,.T.);
#89=ORIENTED_EDGE('',*,*,#88,.T.);
#90=CARTESIAN_POINT('',(489.839848603,227.146992443,-75.637421357));
#91=VERTEX_POINT('',#90);
#92=CARTESIAN_POINT('',(489.839848603,227.146992443,-75.637421357));
#93=DIRECTION('',(-1.,0.,-0.));
#94=VECTOR('',#93,5.5);
#95=LINE('',#92,#94);
#96=EDGE_CURVE('',#91,#83,#95,.T.);
#97=ORIENTED_EDGE('',*,*,#96,.F.);
#98=CARTESIAN_POINT('',(489.839848603,227.146992443,-75.637421357));
#99=DIRECTION('',(-0.,-0.,1.));
#100=VECTOR('',#99,7.213587165);
#101=LINE('',#98,#100);
#102=EDGE_CURVE('',#91,#75,#101,.T.);
#103=ORIENTED_EDGE('',*,*,#102,.T.);
#104=EDGE_LOOP('',(#81,#89,#97,#103));
#105=FACE_BOUND('',#104,.T.);
#106=ADVANCED_FACE('',(#105),#71,.F.);
#107=CARTESIAN_POINT('',(525.730848603,151.460595248,-81.537421357));
#108=DIRECTION('',(-0.,0.,-1.));
#109=DIRECTION('',(1.,-0.,-0.));
#110=AXIS2_PLACEMENT_3D('',#107,#108,#109);
#111=PLANE('',#110);
#112=CARTESIAN_POINT('',(451.839848603,207.341412835,-81.537421357));
#113=VERTEX_POINT('',#112);
#114=CARTESIAN_POINT('',(451.839848603,228.296615351,-81.537421357));
#115=VERTEX_POINT('',#114);
#116=CARTESIAN_POINT('',(451.839848603,207.341412835,-81.537421357));
#117=DIRECTION('',(0.,1.,0.));
#118=VECTOR('',#117,20.955202516);
#119=LINE('',#116,#118);
#120=EDGE_CURVE('',#113,#115,#119,.T.);
#121=ORIENTED_EDGE('',*,*,#120,.T.);
#122=CARTESIAN_POINT('',(457.524378664,228.296615351,-81.537421357));
#123=VERTEX_POINT('',#122);
#124=CARTESIAN_POINT('',(451.839848603,228.296615351,-81.537421357));
#125=DIRECTION('',(1.,-0.,-0.));
#126=VECTOR('',#125,5.684530061);
#127=LINE('',#124,#126);
#128=EDGE_CURVE('',#115,#123,#127,.T.);
#129=ORIENTED_EDGE('',*,*,#128,.T.);
#130=CARTESIAN_POINT('',(468.524378664,239.296615351,-81.537421357));
#131=VERTEX_POINT('',#130);
#132=CARTESIAN_POINT('',(457.524378664,228.296615351,-81.537421357));
#133=DIRECTION('',(0.707106781,0.707106781,0.));
#134=VECTOR('',#133,15.556349186);
#135=LINE('',#132,#134);
#136=EDGE_CURVE('',#123,#131,#135,.T.);
#137=ORIENTED_EDGE('',*,*,#136,.T.);
#138=CARTESIAN_POINT('',(468.524378664,252.124593701,-81.537421357));
#139=VERTEX_POINT('',#138);
#140=CARTESIAN_POINT('',(468.524378664,239.296615351,-81.537421357));
#141=DIRECTION('',(0.,1.,0.));
#142=VECTOR('',#141,12.82797835);
#143=LINE('',#140,#142);
#144=EDGE_CURVE('',#131,#139,#143,.T.);
#145=ORIENTED_EDGE('',*,*,#144,.T.);
#146=CARTESIAN_POINT('',(485.208908725,275.952572051,-81.537421357));
#147=VERTEX_POINT('',#146);
#148=CARTESIAN_POINT('',(468.524378664,252.124593701,-81.537421357));
#149=DIRECTION('',(0.573576436,0.819152044,0.));
#150=VECTOR('',#149,29.088590472);
#151=LINE('',#148,#150);
#152=EDGE_CURVE('',#139,#147,#151,.T.);
#153=ORIENTED_EDGE('',*,*,#152,.T.);
#154=CARTESIAN_POINT('',(489.839848603,275.952572051,-81.537421357));
#155=VERTEX_POINT('',#154);
#156=CARTESIAN_POINT('',(485.208908725,275.952572051,-81.537421357));
#157=DIRECTION('',(1.,-0.,-0.));
#158=VECTOR('',#157,4.630939878);
#159=LINE('',#156,#158);
#160=EDGE_CURVE('',#147,#155,#159,.T.);
#161=ORIENTED_EDGE('',*,*,#160,.T.);
#162=CARTESIAN_POINT('',(489.839848603,207.341412835,-81.537421357));
#163=VERTEX_POINT('',#162);
#164=CARTESIAN_POINT('',(489.839848603,275.952572051,-81.537421357));
#165=DIRECTION('',(-0.,-1.,-0.));
#166=VECTOR('',#165,68.611159217);
#167=LINE('',#164,#166);
#168=EDGE_CURVE('',#155,#163,#167,.T.);
#169=ORIENTED_EDGE('',*,*,#168,.T.);
#170=CARTESIAN_POINT('',(489.839848603,207.341412835,-81.537421357));
#171=DIRECTION('',(-1.,-0.,0.));
#172=VECTOR('',#171,38.);
#173=LINE('',#170,#172);
#174=EDGE_CURVE('',#163,#113,#173,.T.);
#175=ORIENTED_EDGE('',*,*,#174,.T.);
#176=EDGE_LOOP('',(#121,#129,#137,#145,#153,#161,#169,#175));
#177=FACE_BOUND('',#176,.T.);
#178=ADVANCED_FACE('',(#177),#111,.T.);
#179=CARTESIAN_POINT('',(525.730848603,151.460595248,-29.537421357));
#180=DIRECTION('',(-0.,0.,1.));
#181=DIRECTION('',(1.,-0.,0.));
#182=AXIS2_PLACEMENT_3D('',#179,#180,#181);
#183=PLANE('',#182);
#184=CARTESIAN_POINT('',(485.208908725,275.952572051,-29.537421357));
#185=VERTEX_POINT('',#184);
#186=CARTESIAN_POINT('',(468.70522662,252.382871349,-29.537421357));
#187=VERTEX_POINT('',#186);
#188=CARTESIAN_POINT('',(485.208908725,275.952572051,-29.537421357));
#189=DIRECTION('',(-0.573576436,-0.819152044,0.));
#190=VECTOR('',#189,28.773291683);
#191=LINE('',#188,#190);
#192=EDGE_CURVE('',#185,#187,#191,.T.);
#193=ORIENTED_EDGE('',*,*,#192,.T.);
#194=CARTESIAN_POINT('',(468.524378664,251.809294912,-29.537421357));
#195=VERTEX_POINT('',#194);
#196=CARTESIAN_POINT('',(469.524378664,251.809294912,-29.537421357));
#197=DIRECTION('',(0.,-0.,-1.));
#198=DIRECTION('',(1.,0.,0.));
#199=AXIS2_PLACEMENT_3D('',#196,#197,#198);
#200=CIRCLE('',#199,1.);
#201=EDGE_CURVE('',#195,#187,#200,.T.);
#202=ORIENTED_EDGE('',*,*,#201,.F.);
#203=CARTESIAN_POINT('',(468.524378664,239.296615351,-29.537421357));
#204=VERTEX_POINT('',#203);
#205=CARTESIAN_POINT('',(468.524378664,239.296615351,-29.537421357));
#206=DIRECTION('',(-0.,1.,-0.));
#207=VECTOR('',#206,12.512679561);
#208=LINE('',#205,#207);
#209=EDGE_CURVE('',#204,#195,#208,.T.);
#210=ORIENTED_EDGE('',*,*,#209,.F.);
#211=CARTESIAN_POINT('',(457.524378664,228.296615351,-29.537421357));
#212=VERTEX_POINT('',#211);
#213=CARTESIAN_POINT('',(457.524378664,228.296615351,-29.537421357));
#214=DIRECTION('',(0.707106781,0.707106781,0.));
#215=VECTOR('',#214,15.556349186);
#216=LINE('',#213,#215);
#217=EDGE_CURVE('',#212,#204,#216,.T.);
#218=ORIENTED_EDGE('',*,*,#217,.F.);
#219=CARTESIAN_POINT('',(451.839848603,228.296615351,-29.537421357));
#220=VERTEX_POINT('',#219);
#221=CARTESIAN_POINT('',(451.839848603,228.296615351,-29.537421357));
#222=DIRECTION('',(1.,-0.,0.));
#223=VECTOR('',#222,5.684530061);
#224=LINE('',#221,#223);
#225=EDGE_CURVE('',#220,#212,#224,.T.);
#226=ORIENTED_EDGE('',*,*,#225,.F.);
#227=CARTESIAN_POINT('',(451.839848603,207.346992443,-29.537421357));
#228=VERTEX_POINT('',#227);
#229=CARTESIAN_POINT('',(451.839848603,207.346992443,-29.537421357));
#230=DIRECTION('',(0.,1.,-0.));
#231=VECTOR('',#230,20.949622908);
#232=LINE('',#229,#231);
#233=EDGE_CURVE('',#228,#220,#232,.T.);
#234=ORIENTED_EDGE('',*,*,#233,.F.);
#235=CARTESIAN_POINT('',(489.839848603,207.346992443,-29.537421357));
#236=VERTEX_POINT('',#235);
#237=CARTESIAN_POINT('',(489.839848603,207.346992443,-29.537421357));
#238=DIRECTION('',(-1.,0.,-0.));
#239=VECTOR('',#238,38.);
#240=LINE('',#237,#239);
#241=EDGE_CURVE('',#236,#228,#240,.T.);
#242=ORIENTED_EDGE('',*,*,#241,.F.);
#243=CARTESIAN_POINT('',(489.839848603,275.952572051,-29.537421357));
#244=VERTEX_POINT('',#243);
#245=CARTESIAN_POINT('',(489.839848603,275.952572051,-29.537421357));
#246=DIRECTION('',(-0.,-1.,0.));
#247=VECTOR('',#246,68.605579608);
#248=LINE('',#245,#247);
#249=EDGE_CURVE('',#244,#236,#248,.T.);
#250=ORIENTED_EDGE('',*,*,#249,.F.);
#251=CARTESIAN_POINT('',(489.839848603,275.952572051,-29.537421357));
#252=DIRECTION('',(-1.,-0.,-0.));
#253=VECTOR('',#252,4.630939878);
#254=LINE('',#251,#253);
#255=EDGE_CURVE('',#244,#185,#254,.T.);
#256=ORIENTED_EDGE('',*,*,#255,.T.);
#257=EDGE_LOOP('',(#193,#202,#210,#218,#226,#234,#242,#250,#256));
#258=FACE_BOUND('',#257,.T.);
#259=ADVANCED_FACE('',(#258),#183,.T.);
#260=CARTESIAN_POINT('',(470.134848603,266.120746645,-77.037421357));
#261=DIRECTION('',(-0.,0.,-1.));
#262=DIRECTION('',(0.,1.,0.));
#263=AXIS2_PLACEMENT_3D('',#260,#261,#262);
#264=PLANE('',#263);
#265=CARTESIAN_POINT('',(451.839848603,227.846992443,-77.037421357));
#266=VERTEX_POINT('',#265);
#267=CARTESIAN_POINT('',(451.839848603,228.296615351,-77.037421357));
#268=VERTEX_POINT('',#267);
#269=CARTESIAN_POINT('',(451.839848603,227.846992443,-77.037421357));
#270=DIRECTION('',(0.,1.,0.));
#271=VECTOR('',#270,0.449622908);
#272=LINE('',#269,#271);
#273=EDGE_CURVE('',#266,#268,#272,.T.);
#274=ORIENTED_EDGE('',*,*,#273,.F.);
#275=CARTESIAN_POINT('',(484.339848603,227.846992443,-77.037421357));
#276=VERTEX_POINT('',#275);
#277=CARTESIAN_POINT('',(451.839848603,227.846992443,-77.037421357));
#278=DIRECTION('',(1.,-0.,-0.));
#279=VECTOR('',#278,32.5);
#280=LINE('',#277,#279);
#281=EDGE_CURVE('',#266,#276,#280,.T.);
#282=ORIENTED_EDGE('',*,*,#281,.T.);
#283=CARTESIAN_POINT('',(484.339848603,274.71142557,-77.037421357));
#284=VERTEX_POINT('',#283);
#285=CARTESIAN_POINT('',(484.339848603,227.846992443,-77.037421357));
#286=DIRECTION('',(0.,1.,0.));
#287=VECTOR('',#286,46.864433127);
#288=LINE('',#285,#287);
#289=EDGE_CURVE('',#276,#284,#288,.T.);
#290=ORIENTED_EDGE('',*,*,#289,.T.);
#291=CARTESIAN_POINT('',(468.524378664,252.124593701,-77.037421357));
#292=VERTEX_POINT('',#291);
#293=CARTESIAN_POINT('',(484.339848603,274.71142557,-77.037421357));
#294=DIRECTION('',(-0.573576436,-0.819152044,-0.));
#295=VECTOR('',#294,27.573430386);
#296=LINE('',#293,#295);
#297=EDGE_CURVE('',#284,#292,#296,.T.);
#298=ORIENTED_EDGE('',*,*,#297,.T.);
#299=CARTESIAN_POINT('',(468.524378664,239.296615351,-77.037421357));
#300=VERTEX_POINT('',#299);
#301=CARTESIAN_POINT('',(468.524378664,252.124593701,-77.037421357));
#302=DIRECTION('',(-0.,-1.,-0.));
#303=VECTOR('',#302,12.82797835);
#304=LINE('',#301,#303);
#305=EDGE_CURVE('',#292,#300,#304,.T.);
#306=ORIENTED_EDGE('',*,*,#305,.T.);
#307=CARTESIAN_POINT('',(457.524378664,228.296615351,-77.037421357));
#308=VERTEX_POINT('',#307);
#309=CARTESIAN_POINT('',(468.524378664,239.296615351,-77.037421357));
#310=DIRECTION('',(-0.707106781,-0.707106781,-0.));
#311=VECTOR('',#310,15.556349186);
#312=LINE('',#309,#311);
#313=EDGE_CURVE('',#300,#308,#312,.T.);
#314=ORIENTED_EDGE('',*,*,#313,.T.);
#315=CARTESIAN_POINT('',(457.524378664,228.296615351,-77.037421357));
#316=DIRECTION('',(-1.,0.,0.));
#317=VECTOR('',#316,5.684530061);
#318=LINE('',#315,#317);
#319=EDGE_CURVE('',#308,#268,#318,.T.);
#320=ORIENTED_EDGE('',*,*,#319,.T.);
#321=EDGE_LOOP('',(#274,#282,#290,#298,#306,#314,#320));
#322=FACE_BOUND('',#321,.T.);
#323=ADVANCED_FACE('',(#322),#264,.F.);
#324=CARTESIAN_POINT('',(470.134848603,266.120746645,-34.037421357));
#325=DIRECTION('',(-0.,0.,1.));
#326=DIRECTION('',(0.,1.,-0.));
#327=AXIS2_PLACEMENT_3D('',#324,#325,#326);
#328=PLANE('',#327);
#329=CARTESIAN_POINT('',(484.339848603,227.846992443,-34.037421357));
#330=VERTEX_POINT('',#329);
#331=CARTESIAN_POINT('',(484.339848603,274.71142557,-34.037421357));
#332=VERTEX_POINT('',#331);
#333=CARTESIAN_POINT('',(484.339848603,227.846992443,-34.037421357));
#334=DIRECTION('',(0.,1.,-0.));
#335=VECTOR('',#334,46.864433127);
#336=LINE('',#333,#335);
#337=EDGE_CURVE('',#330,#332,#336,.T.);
#338=ORIENTED_EDGE('',*,*,#337,.F.);
#339=CARTESIAN_POINT('',(451.839848603,227.846992443,-34.037421357));
#340=VERTEX_POINT('',#339);
#341=CARTESIAN_POINT('',(484.339848603,227.846992443,-34.037421357));
#342=DIRECTION('',(-1.,0.,-0.));
#343=VECTOR('',#342,32.5);
#344=LINE('',#341,#343);
#345=EDGE_CURVE('',#330,#340,#344,.T.);
#346=ORIENTED_EDGE('',*,*,#345,.T.);
#347=CARTESIAN_POINT('',(451.839848603,228.296615351,-34.037421357));
#348=VERTEX_POINT('',#347);
#349=CARTESIAN_POINT('',(451.839848603,228.296615351,-34.037421357));
#350=DIRECTION('',(-0.,-1.,0.));
#351=VECTOR('',#350,0.449622908);
#352=LINE('',#349,#351);
#353=EDGE_CURVE('',#348,#340,#352,.T.);
#354=ORIENTED_EDGE('',*,*,#353,.F.);
#355=CARTESIAN_POINT('',(457.524378664,228.296615351,-34.037421357));
#356=VERTEX_POINT('',#355);
#357=CARTESIAN_POINT('',(451.839848603,228.296615351,-34.037421357));
#358=DIRECTION('',(1.,-0.,0.));
#359=VECTOR('',#358,5.684530061);
#360=LINE('',#357,#359);
#361=EDGE_CURVE('',#348,#356,#360,.T.);
#362=ORIENTED_EDGE('',*,*,#361,.T.);
#363=CARTESIAN_POINT('',(468.524378664,239.296615351,-34.037421357));
#364=VERTEX_POINT('',#363);
#365=CARTESIAN_POINT('',(457.524378664,228.296615351,-34.037421357));
#366=DIRECTION('',(0.707106781,0.707106781,-0.));
#367=VECTOR('',#366,15.556349186);
#368=LINE('',#365,#367);
#369=EDGE_CURVE('',#356,#364,#368,.T.);
#370=ORIENTED_EDGE('',*,*,#369,.T.);
#371=CARTESIAN_POINT('',(468.524378664,251.809294912,-34.037421357));
#372=VERTEX_POINT('',#371);
#373=CARTESIAN_POINT('',(468.524378664,239.296615351,-34.037421357));
#374=DIRECTION('',(-0.,1.,-0.));
#375=VECTOR('',#374,12.512679561);
#376=LINE('',#373,#375);
#377=EDGE_CURVE('',#364,#372,#376,.T.);
#378=ORIENTED_EDGE('',*,*,#377,.T.);
#379=CARTESIAN_POINT('',(468.70522662,252.382871349,-34.037421357));
#380=VERTEX_POINT('',#379);
#381=CARTESIAN_POINT('',(469.524378664,251.809294912,-34.037421357));
#382=DIRECTION('',(0.,-0.,-1.));
#383=DIRECTION('',(0.,-1.,0.));
#384=AXIS2_PLACEMENT_3D('',#381,#382,#383);
#385=CIRCLE('',#384,1.);
#386=EDGE_CURVE('',#372,#380,#385,.T.);
#387=ORIENTED_EDGE('',*,*,#386,.T.);
#388=CARTESIAN_POINT('',(468.70522662,252.382871349,-34.037421357));
#389=DIRECTION('',(0.573576436,0.819152044,-0.));
#390=VECTOR('',#389,27.258131597);
#391=LINE('',#388,#390);
#392=EDGE_CURVE('',#380,#332,#391,.T.);
#393=ORIENTED_EDGE('',*,*,#392,.T.);
#394=EDGE_LOOP('',(#338,#346,#354,#362,#370,#378,#387,#393));
#395=FACE_BOUND('',#394,.T.);
#396=ADVANCED_FACE('',(#395),#328,.F.);
#397=CARTESIAN_POINT('',(484.339848603,-0.258594985,-0.345421357));
#398=DIRECTION('',(1.,-0.,0.));
#399=DIRECTION('',(0.,1.,0.));
#400=AXIS2_PLACEMENT_3D('',#397,#398,#399);
#401=PLANE('',#400);
#402=CARTESIAN_POINT('',(484.339848603,262.789267349,-40.275));
#403=VERTEX_POINT('',#402);
#404=CARTESIAN_POINT('',(484.339848603,262.789267349,-39.825));
#405=VERTEX_POINT('',#404);
#406=CARTESIAN_POINT('',(484.339848603,262.789267349,-40.275));
#407=DIRECTION('',(-0.,0.,1.));
#408=VECTOR('',#407,0.45);
#409=LINE('',#406,#408);
#410=EDGE_CURVE('',#403,#405,#409,.T.);
#411=ORIENTED_EDGE('',*,*,#410,.F.);
#412=CARTESIAN_POINT('',(484.339848603,263.989267349,-41.475));
#413=VERTEX_POINT('',#412);
#414=CARTESIAN_POINT('',(484.339848603,263.989267349,-40.275));
#415=DIRECTION('',(1.,-0.,0.));
#416=DIRECTION('',(0.,1.,0.));
#417=AXIS2_PLACEMENT_3D('',#414,#415,#416);
#418=CIRCLE('',#417,1.2);
#419=EDGE_CURVE('',#403,#413,#418,.T.);
#420=ORIENTED_EDGE('',*,*,#419,.T.);
#421=CARTESIAN_POINT('',(484.339848603,268.589267349,-41.475));
#422=VERTEX_POINT('',#421);
#423=CARTESIAN_POINT('',(484.339848603,268.589267349,-41.475));
#424=DIRECTION('',(-0.,-1.,-0.));
#425=VECTOR('',#424,4.6);
#426=LINE('',#423,#425);
#427=EDGE_CURVE('',#422,#413,#426,.T.);
#428=ORIENTED_EDGE('',*,*,#427,.F.);
#429=CARTESIAN_POINT('',(484.339848603,269.789267349,-40.275));
#430=VERTEX_POINT('',#429);
#431=CARTESIAN_POINT('',(484.339848603,268.589267349,-40.275));
#432=DIRECTION('',(1.,-0.,0.));
#433=DIRECTION('',(0.,1.,0.));
#434=AXIS2_PLACEMENT_3D('',#431,#432,#433);
#435=CIRCLE('',#434,1.2);
#436=EDGE_CURVE('',#422,#430,#435,.T.);
#437=ORIENTED_EDGE('',*,*,#436,.T.);
#438=CARTESIAN_POINT('',(484.339848603,269.789267349,-39.825));
#439=VERTEX_POINT('',#438);
#440=CARTESIAN_POINT('',(484.339848603,269.789267349,-39.825));
#441=DIRECTION('',(0.,-0.,-1.));
#442=VECTOR('',#441,0.45);
#443=LINE('',#440,#442);
#444=EDGE_CURVE('',#439,#430,#443,.T.);
#445=ORIENTED_EDGE('',*,*,#444,.F.);
#446=CARTESIAN_POINT('',(484.339848603,268.589267349,-38.625));
#447=VERTEX_POINT('',#446);
#448=CARTESIAN_POINT('',(484.339848603,268.589267349,-39.825));
#449=DIRECTION('',(1.,-0.,0.));
#450=DIRECTION('',(0.,1.,0.));
#451=AXIS2_PLACEMENT_3D('',#448,#449,#450);
#452=CIRCLE('',#451,1.2);
#453=EDGE_CURVE('',#439,#447,#452,.T.);
#454=ORIENTED_EDGE('',*,*,#453,.T.);
#455=CARTESIAN_POINT('',(484.339848603,263.989267349,-38.625));
#456=VERTEX_POINT('',#455);
#457=CARTESIAN_POINT('',(484.339848603,263.989267349,-38.625));
#458=DIRECTION('',(0.,1.,0.));
#459=VECTOR('',#458,4.6);
#460=LINE('',#457,#459);
#461=EDGE_CURVE('',#456,#447,#460,.T.);
#462=ORIENTED_EDGE('',*,*,#461,.F.);
#463=CARTESIAN_POINT('',(484.339848603,263.989267349,-39.825));
#464=DIRECTION('',(1.,-0.,0.));
#465=DIRECTION('',(0.,1.,0.));
#466=AXIS2_PLACEMENT_3D('',#463,#464,#465);
#467=CIRCLE('',#466,1.2);
#468=EDGE_CURVE('',#456,#405,#467,.T.);
#469=ORIENTED_EDGE('',*,*,#468,.T.);
#470=EDGE_LOOP('',(#411,#420,#428,#437,#445,#454,#462,#469));
#471=FACE_BOUND('',#470,.T.);
#472=CARTESIAN_POINT('',(484.339848603,231.8,-71.262113667));
#473=VERTEX_POINT('',#472);
#474=CARTESIAN_POINT('',(484.339848603,231.8,-70.812113667));
#475=VERTEX_POINT('',#474);
#476=CARTESIAN_POINT('',(484.339848603,231.8,-71.262113667));
#477=DIRECTION('',(-0.,0.,1.));
#478=VECTOR('',#477,0.45);
#479=LINE('',#476,#478);
#480=EDGE_CURVE('',#473,#475,#479,.T.);
#481=ORIENTED_EDGE('',*,*,#480,.F.);
#482=CARTESIAN_POINT('',(484.339848603,233.,-72.462113667));
#483=VERTEX_POINT('',#482);
#484=CARTESIAN_POINT('',(484.339848603,233.,-71.262113667));
#485=DIRECTION('',(1.,-0.,0.));
#486=DIRECTION('',(0.,1.,0.));
#487=AXIS2_PLACEMENT_3D('',#484,#485,#486);
#488=CIRCLE('',#487,1.2);
#489=EDGE_CURVE('',#473,#483,#488,.T.);
#490=ORIENTED_EDGE('',*,*,#489,.T.);
#491=CARTESIAN_POINT('',(484.339848603,237.6,-72.462113667));
#492=VERTEX_POINT('',#491);
#493=CARTESIAN_POINT('',(484.339848603,237.6,-72.462113667));
#494=DIRECTION('',(-0.,-1.,-0.));
#495=VECTOR('',#494,4.6);
#496=LINE('',#493,#495);
#497=EDGE_CURVE('',#492,#483,#496,.T.);
#498=ORIENTED_EDGE('',*,*,#497,.F.);
#499=CARTESIAN_POINT('',(484.339848603,238.8,-71.262113667));
#500=VERTEX_POINT('',#499);
#501=CARTESIAN_POINT('',(484.339848603,237.6,-71.262113667));
#502=DIRECTION('',(1.,-0.,0.));
#503=DIRECTION('',(0.,1.,0.));
#504=AXIS2_PLACEMENT_3D('',#501,#502,#503);
#505=CIRCLE('',#504,1.2);
#506=EDGE_CURVE('',#492,#500,#505,.T.);
#507=ORIENTED_EDGE('',*,*,#506,.T.);
#508=CARTESIAN_POINT('',(484.339848603,238.8,-70.812113667));
#509=VERTEX_POINT('',#508);
#510=CARTESIAN_POINT('',(484.339848603,238.8,-70.812113667));
#511=DIRECTION('',(0.,-0.,-1.));
#512=VECTOR('',#511,0.45);
#513=LINE('',#510,#512);
#514=EDGE_CURVE('',#509,#500,#513,.T.);
#515=ORIENTED_EDGE('',*,*,#514,.F.);
#516=CARTESIAN_POINT('',(484.339848603,237.6,-69.612113667));
#517=VERTEX_POINT('',#516);
#518=CARTESIAN_POINT('',(484.339848603,237.6,-70.812113667));
#519=DIRECTION('',(1.,-0.,0.));
#520=DIRECTION('',(0.,1.,0.));
#521=AXIS2_PLACEMENT_3D('',#518,#519,#520);
#522=CIRCLE('',#521,1.2);
#523=EDGE_CURVE('',#509,#517,#522,.T.);
#524=ORIENTED_EDGE('',*,*,#523,.T.);
#525=CARTESIAN_POINT('',(484.339848603,233.,-69.612113667));
#526=VERTEX_POINT('',#525);
#527=CARTESIAN_POINT('',(484.339848603,233.,-69.612113667));
#528=DIRECTION('',(0.,1.,0.));
#529=VECTOR('',#528,4.6);
#530=LINE('',#527,#529);
#531=EDGE_CURVE('',#526,#517,#530,.T.);
#532=ORIENTED_EDGE('',*,*,#531,.F.);
#533=CARTESIAN_POINT('',(484.339848603,233.,-70.812113667));
#534=DIRECTION('',(1.,-0.,0.));
#535=DIRECTION('',(0.,1.,0.));
#536=AXIS2_PLACEMENT_3D('',#533,#534,#535);
#537=CIRCLE('',#536,1.2);
#538=EDGE_CURVE('',#526,#475,#537,.T.);
#539=ORIENTED_EDGE('',*,*,#538,.T.);
#540=EDGE_LOOP('',(#481,#490,#498,#507,#515,#524,#532,#539));
#541=FACE_BOUND('',#540,.T.);
#542=CARTESIAN_POINT('',(484.339848603,227.346992443,-34.537421357));
#543=VERTEX_POINT('',#542);
#544=CARTESIAN_POINT('',(484.339848603,227.346992443,-35.437421357));
#545=VERTEX_POINT('',#544);
#546=CARTESIAN_POINT('',(484.339848603,227.346992443,-34.537421357));
#547=DIRECTION('',(0.,-0.,-1.));
#548=VECTOR('',#547,0.9);
#549=LINE('',#546,#548);
#550=EDGE_CURVE('',#543,#545,#549,.T.);
#551=ORIENTED_EDGE('',*,*,#550,.F.);
#552=CARTESIAN_POINT('',(484.339848603,227.346992443,-34.537421357));
#553=DIRECTION('',(0.,0.707106781,0.707106781));
#554=VECTOR('',#553,0.707106781);
#555=LINE('',#552,#554);
#556=EDGE_CURVE('',#543,#330,#555,.T.);
#557=ORIENTED_EDGE('',*,*,#556,.T.);
#558=ORIENTED_EDGE('',*,*,#337,.T.);
#559=CARTESIAN_POINT('',(484.339848603,274.71142557,-77.037421357));
#560=DIRECTION('',(-0.,-0.,1.));
#561=VECTOR('',#560,43.);
#562=LINE('',#559,#561);
#563=EDGE_CURVE('',#284,#332,#562,.T.);
#564=ORIENTED_EDGE('',*,*,#563,.F.);
#565=ORIENTED_EDGE('',*,*,#289,.F.);
#566=CARTESIAN_POINT('',(484.339848603,227.346992443,-76.537421357));
#567=VERTEX_POINT('',#566);
#568=CARTESIAN_POINT('',(484.339848603,227.846992443,-77.037421357));
#569=DIRECTION('',(-0.,-0.707106781,0.707106781));
#570=VECTOR('',#569,0.707106781);
#571=LINE('',#568,#570);
#572=EDGE_CURVE('',#276,#567,#571,.T.);
#573=ORIENTED_EDGE('',*,*,#572,.T.);
#574=CARTESIAN_POINT('',(484.339848603,227.346992443,-75.637421357));
#575=VERTEX_POINT('',#574);
#576=CARTESIAN_POINT('',(484.339848603,227.346992443,-76.537421357));
#577=DIRECTION('',(-0.,0.,1.));
#578=VECTOR('',#577,0.9);
#579=LINE('',#576,#578);
#580=EDGE_CURVE('',#567,#575,#579,.T.);
#581=ORIENTED_EDGE('',*,*,#580,.T.);
#582=CARTESIAN_POINT('',(484.339848603,227.346992443,-75.637421357));
#583=DIRECTION('',(-0.,-1.,-0.));
#584=VECTOR('',#583,0.2);
#585=LINE('',#582,#584);
#586=EDGE_CURVE('',#575,#83,#585,.T.);
#587=ORIENTED_EDGE('',*,*,#586,.T.);
#588=ORIENTED_EDGE('',*,*,#88,.F.);
#589=CARTESIAN_POINT('',(484.339848603,224.9844138,-68.423834191));
#590=VERTEX_POINT('',#589);
#591=CARTESIAN_POINT('',(484.339848603,224.9844138,-68.423834191));
#592=DIRECTION('',(0.,1.,0.));
#593=VECTOR('',#592,2.162578643);
#594=LINE('',#591,#593);
#595=EDGE_CURVE('',#590,#73,#594,.T.);
#596=ORIENTED_EDGE('',*,*,#595,.F.);
#597=CARTESIAN_POINT('',(484.339848603,224.9844138,-69.678135883));
#598=VERTEX_POINT('',#597);
#599=CARTESIAN_POINT('',(484.339848603,224.9844138,-69.678135883));
#600=DIRECTION('',(-0.,0.,1.));
#601=VECTOR('',#600,1.254301692);
#602=LINE('',#599,#601);
#603=EDGE_CURVE('',#598,#590,#602,.T.);
#604=ORIENTED_EDGE('',*,*,#603,.F.);
#605=CARTESIAN_POINT('',(484.339848603,224.5844138,-70.078135883));
#606=VERTEX_POINT('',#605);
#607=CARTESIAN_POINT('',(484.339848603,224.5844138,-70.078135883));
#608=DIRECTION('',(-0.,0.707106781,0.707106781));
#609=VECTOR('',#608,0.565685425);
#610=LINE('',#607,#609);
#611=EDGE_CURVE('',#606,#598,#610,.T.);
#612=ORIENTED_EDGE('',*,*,#611,.F.);
#613=CARTESIAN_POINT('',(484.339848603,222.8844138,-70.078135883));
#614=VERTEX_POINT('',#613);
#615=CARTESIAN_POINT('',(484.339848603,222.8844138,-70.078135883));
#616=DIRECTION('',(0.,1.,0.));
#617=VECTOR('',#616,1.7);
#618=LINE('',#615,#617);
#619=EDGE_CURVE('',#614,#606,#618,.T.);
#620=ORIENTED_EDGE('',*,*,#619,.F.);
#621=CARTESIAN_POINT('',(484.339848603,221.2344138,-68.401008522));
#622=VERTEX_POINT('',#621);
#623=CARTESIAN_POINT('',(484.339848603,221.2344138,-68.401008522));
#624=DIRECTION('',(0.,0.701318154,-0.712848403));
#625=VECTOR('',#624,2.352712517);
#626=LINE('',#623,#625);
#627=EDGE_CURVE('',#622,#614,#626,.T.);
#628=ORIENTED_EDGE('',*,*,#627,.F.);
#629=CARTESIAN_POINT('',(484.339848603,221.2344138,-62.601008522));
#630=VERTEX_POINT('',#629);
#631=CARTESIAN_POINT('',(484.339848603,221.2344138,-62.601008522));
#632=DIRECTION('',(0.,0.,-1.));
#633=VECTOR('',#632,5.8);
#634=LINE('',#631,#633);
#635=EDGE_CURVE('',#630,#622,#634,.T.);
#636=ORIENTED_EDGE('',*,*,#635,.F.);
#637=CARTESIAN_POINT('',(484.339848603,222.8844138,-60.923881161));
#638=VERTEX_POINT('',#637);
#639=CARTESIAN_POINT('',(484.339848603,222.8844138,-60.923881161));
#640=DIRECTION('',(0.,-0.701318154,-0.712848403));
#641=VECTOR('',#640,2.352712517);
#642=LINE('',#639,#641);
#643=EDGE_CURVE('',#638,#630,#642,.T.);
#644=ORIENTED_EDGE('',*,*,#643,.F.);
#645=CARTESIAN_POINT('',(484.339848603,224.5844138,-60.923881161));
#646=VERTEX_POINT('',#645);
#647=CARTESIAN_POINT('',(484.339848603,224.5844138,-60.923881161));
#648=DIRECTION('',(0.,-1.,0.));
#649=VECTOR('',#648,1.7);
#650=LINE('',#647,#649);
#651=EDGE_CURVE('',#646,#638,#650,.T.);
#652=ORIENTED_EDGE('',*,*,#651,.F.);
#653=CARTESIAN_POINT('',(484.339848603,224.9844138,-61.323881161));
#654=VERTEX_POINT('',#653);
#655=CARTESIAN_POINT('',(484.339848603,224.9844138,-61.323881161));
#656=DIRECTION('',(-0.,-0.707106781,0.707106781));
#657=VECTOR('',#656,0.565685425);
#658=LINE('',#655,#657);
#659=EDGE_CURVE('',#654,#646,#658,.T.);
#660=ORIENTED_EDGE('',*,*,#659,.F.);
#661=CARTESIAN_POINT('',(484.339848603,224.9844138,-62.651008522));
#662=VERTEX_POINT('',#661);
#663=CARTESIAN_POINT('',(484.339848603,224.9844138,-62.651008522));
#664=DIRECTION('',(-0.,0.,1.));
#665=VECTOR('',#664,1.327127361);
#666=LINE('',#663,#665);
#667=EDGE_CURVE('',#662,#654,#666,.T.);
#668=ORIENTED_EDGE('',*,*,#667,.F.);
#669=CARTESIAN_POINT('',(484.339848603,227.146992443,-62.651008522));
#670=DIRECTION('',(0.,-1.,0.));
#671=VECTOR('',#670,2.162578643);
#672=LINE('',#669,#671);
#673=EDGE_CURVE('',#43,#662,#672,.T.);
#674=ORIENTED_EDGE('',*,*,#673,.F.);
#675=ORIENTED_EDGE('',*,*,#48,.F.);
#676=CARTESIAN_POINT('',(484.339848603,224.9844138,-48.423834191));
#677=VERTEX_POINT('',#676);
#678=CARTESIAN_POINT('',(484.339848603,224.9844138,-48.423834191));
#679=DIRECTION('',(0.,1.,0.));
#680=VECTOR('',#679,2.162578643);
#681=LINE('',#678,#680);
#682=EDGE_CURVE('',#677,#33,#681,.T.);
#683=ORIENTED_EDGE('',*,*,#682,.F.);
#684=CARTESIAN_POINT('',(484.339848603,224.9844138,-49.678135883));
#685=VERTEX_POINT('',#684);
#686=CARTESIAN_POINT('',(484.339848603,224.9844138,-49.678135883));
#687=DIRECTION('',(-0.,0.,1.));
#688=VECTOR('',#687,1.254301692);
#689=LINE('',#686,#688);
#690=EDGE_CURVE('',#685,#677,#689,.T.);
#691=ORIENTED_EDGE('',*,*,#690,.F.);
#692=CARTESIAN_POINT('',(484.339848603,224.5844138,-50.078135883));
#693=VERTEX_POINT('',#692);
#694=CARTESIAN_POINT('',(484.339848603,224.5844138,-50.078135883));
#695=DIRECTION('',(-0.,0.707106781,0.707106781));
#696=VECTOR('',#695,0.565685425);
#697=LINE('',#694,#696);
#698=EDGE_CURVE('',#693,#685,#697,.T.);
#699=ORIENTED_EDGE('',*,*,#698,.F.);
#700=CARTESIAN_POINT('',(484.339848603,222.8844138,-50.078135883));
#701=VERTEX_POINT('',#700);
#702=CARTESIAN_POINT('',(484.339848603,222.8844138,-50.078135883));
#703=DIRECTION('',(0.,1.,0.));
#704=VECTOR('',#703,1.7);
#705=LINE('',#702,#704);
#706=EDGE_CURVE('',#701,#693,#705,.T.);
#707=ORIENTED_EDGE('',*,*,#706,.F.);
#708=CARTESIAN_POINT('',(484.339848603,221.2344138,-48.401008522));
#709=VERTEX_POINT('',#708);
#710=CARTESIAN_POINT('',(484.339848603,221.2344138,-48.401008522));
#711=DIRECTION('',(0.,0.701318154,-0.712848403));
#712=VECTOR('',#711,2.352712517);
#713=LINE('',#710,#712);
#714=EDGE_CURVE('',#709,#701,#713,.T.);
#715=ORIENTED_EDGE('',*,*,#714,.F.);
#716=CARTESIAN_POINT('',(484.339848603,221.2344138,-42.601008522));
#717=VERTEX_POINT('',#716);
#718=CARTESIAN_POINT('',(484.339848603,221.2344138,-42.601008522));
#719=DIRECTION('',(0.,0.,-1.));
#720=VECTOR('',#719,5.8);
#721=LINE('',#718,#720);
#722=EDGE_CURVE('',#717,#709,#721,.T.);
#723=ORIENTED_EDGE('',*,*,#722,.F.);
#724=CARTESIAN_POINT('',(484.339848603,222.8844138,-40.923881161));
#725=VERTEX_POINT('',#724);
#726=CARTESIAN_POINT('',(484.339848603,222.8844138,-40.923881161));
#727=DIRECTION('',(0.,-0.701318154,-0.712848403));
#728=VECTOR('',#727,2.352712517);
#729=LINE('',#726,#728);
#730=EDGE_CURVE('',#725,#717,#729,.T.);
#731=ORIENTED_EDGE('',*,*,#730,.F.);
#732=CARTESIAN_POINT('',(484.339848603,224.5844138,-40.923881161));
#733=VERTEX_POINT('',#732);
#734=CARTESIAN_POINT('',(484.339848603,224.5844138,-40.923881161));
#735=DIRECTION('',(0.,-1.,0.));
#736=VECTOR('',#735,1.7);
#737=LINE('',#734,#736);
#738=EDGE_CURVE('',#733,#725,#737,.T.);
#739=ORIENTED_EDGE('',*,*,#738,.F.);
#740=CARTESIAN_POINT('',(484.339848603,224.9844138,-41.323881161));
#741=VERTEX_POINT('',#740);
#742=CARTESIAN_POINT('',(484.339848603,224.9844138,-41.323881161));
#743=DIRECTION('',(-0.,-0.707106781,0.707106781));
#744=VECTOR('',#743,0.565685425);
#745=LINE('',#742,#744);
#746=EDGE_CURVE('',#741,#733,#745,.T.);
#747=ORIENTED_EDGE('',*,*,#746,.F.);
#748=CARTESIAN_POINT('',(484.339848603,224.9844138,-42.651008522));
#749=VERTEX_POINT('',#748);
#750=CARTESIAN_POINT('',(484.339848603,224.9844138,-42.651008522));
#751=DIRECTION('',(-0.,0.,1.));
#752=VECTOR('',#751,1.327127361);
#753=LINE('',#750,#752);
#754=EDGE_CURVE('',#749,#741,#753,.T.);
#755=ORIENTED_EDGE('',*,*,#754,.F.);
#756=CARTESIAN_POINT('',(484.339848603,227.146992443,-42.651008522));
#757=VERTEX_POINT('',#756);
#758=CARTESIAN_POINT('',(484.339848603,227.146992443,-42.651008522));
#759=DIRECTION('',(0.,-1.,0.));
#760=VECTOR('',#759,2.162578643);
#761=LINE('',#758,#760);
#762=EDGE_CURVE('',#757,#749,#761,.T.);
#763=ORIENTED_EDGE('',*,*,#762,.F.);
#764=CARTESIAN_POINT('',(484.339848603,227.146992443,-35.437421357));
#765=VERTEX_POINT('',#764);
#766=CARTESIAN_POINT('',(484.339848603,227.146992443,-35.437421357));
#767=DIRECTION('',(0.,0.,-1.));
#768=VECTOR('',#767,7.213587165);
#769=LINE('',#766,#768);
#770=EDGE_CURVE('',#765,#757,#769,.T.);
#771=ORIENTED_EDGE('',*,*,#770,.F.);
#772=CARTESIAN_POINT('',(484.339848603,227.346992443,-35.437421357));
#773=DIRECTION('',(-0.,-1.,-0.));
#774=VECTOR('',#773,0.2);
#775=LINE('',#772,#774);
#776=EDGE_CURVE('',#545,#765,#775,.T.);
#777=ORIENTED_EDGE('',*,*,#776,.F.);
#778=EDGE_LOOP('',(#551,#557,#558,#564,#565,#573,#581,#587,#588,#596,#604,#612,#620,#628,#636,#644,#652,#660,#668,#674,#675,#683,#691,#699,#707,#715,
#723,#731,#739,#747,#755,#763,#771,#777));
#779=FACE_BOUND('',#778,.T.);
#780=CARTESIAN_POINT('',(484.339848603,262.789267349,-71.262113667));
#781=VERTEX_POINT('',#780);
#782=CARTESIAN_POINT('',(484.339848603,262.789267349,-70.812113667));
#783=VERTEX_POINT('',#782);
#784=CARTESIAN_POINT('',(484.339848603,262.789267349,-71.262113667));
#785=DIRECTION('',(-0.,0.,1.));
#786=VECTOR('',#785,0.45);
#787=LINE('',#784,#786);
#788=EDGE_CURVE('',#781,#783,#787,.T.);
#789=ORIENTED_EDGE('',*,*,#788,.F.);
#790=CARTESIAN_POINT('',(484.339848603,263.989267349,-72.462113667));
#791=VERTEX_POINT('',#790);
#792=CARTESIAN_POINT('',(484.339848603,263.989267349,-71.262113667));
#793=DIRECTION('',(1.,-0.,0.));
#794=DIRECTION('',(0.,1.,0.));
#795=AXIS2_PLACEMENT_3D('',#792,#793,#794);
#796=CIRCLE('',#795,1.2);
#797=EDGE_CURVE('',#781,#791,#796,.T.);
#798=ORIENTED_EDGE('',*,*,#797,.T.);
#799=CARTESIAN_POINT('',(484.339848603,268.589267349,-72.462113667));
#800=VERTEX_POINT('',#799);
#801=CARTESIAN_POINT('',(484.339848603,268.589267349,-72.462113667));
#802=DIRECTION('',(-0.,-1.,-0.));
#803=VECTOR('',#802,4.6);
#804=LINE('',#801,#803);
#805=EDGE_CURVE('',#800,#791,#804,.T.);
#806=ORIENTED_EDGE('',*,*,#805,.F.);
#807=CARTESIAN_POINT('',(484.339848603,269.789267349,-71.262113667));
#808=VERTEX_POINT('',#807);
#809=CARTESIAN_POINT('',(484.339848603,268.589267349,-71.262113667));
#810=DIRECTION('',(1.,-0.,0.));
#811=DIRECTION('',(0.,1.,0.));
#812=AXIS2_PLACEMENT_3D('',#809,#810,#811);
#813=CIRCLE('',#812,1.2);
#814=EDGE_CURVE('',#800,#808,#813,.T.);
#815=ORIENTED_EDGE('',*,*,#814,.T.);
#816=CARTESIAN_POINT('',(484.339848603,269.789267349,-70.812113667));
#817=VERTEX_POINT('',#816);
#818=CARTESIAN_POINT('',(484.339848603,269.789267349,-70.812113667));
#819=DIRECTION('',(0.,-0.,-1.));
#820=VECTOR('',#819,0.45);
#821=LINE('',#818,#820);
#822=EDGE_CURVE('',#817,#808,#821,.T.);
#823=ORIENTED_EDGE('',*,*,#822,.F.);
#824=CARTESIAN_POINT('',(484.339848603,268.589267349,-69.612113667));
#825=VERTEX_POINT('',#824);
#826=CARTESIAN_POINT('',(484.339848603,268.589267349,-70.812113667));
#827=DIRECTION('',(1.,-0.,0.));
#828=DIRECTION('',(0.,1.,0.));
#829=AXIS2_PLACEMENT_3D('',#826,#827,#828);
#830=CIRCLE('',#829,1.2);
#831=EDGE_CURVE('',#817,#825,#830,.T.);
#832=ORIENTED_EDGE('',*,*,#831,.T.);
#833=CARTESIAN_POINT('',(484.339848603,263.989267349,-69.612113667));
#834=VERTEX_POINT('',#833);
#835=CARTESIAN_POINT('',(484.339848603,263.989267349,-69.612113667));
#836=DIRECTION('',(0.,1.,0.));
#837=VECTOR('',#836,4.6);
#838=LINE('',#835,#837);
#839=EDGE_CURVE('',#834,#825,#838,.T.);
#840=ORIENTED_EDGE('',*,*,#839,.F.);
#841=CARTESIAN_POINT('',(484.339848603,263.989267349,-70.812113667));
#842=DIRECTION('',(1.,-0.,0.));
#843=DIRECTION('',(0.,1.,0.));
#844=AXIS2_PLACEMENT_3D('',#841,#842,#843);
#845=CIRCLE('',#844,1.2);
#846=EDGE_CURVE('',#834,#783,#845,.T.);
#847=ORIENTED_EDGE('',*,*,#846,.T.);
#848=EDGE_LOOP('',(#789,#798,#806,#815,#823,#832,#840,#847));
#849=FACE_BOUND('',#848,.T.);
#850=CARTESIAN_POINT('',(484.339848603,231.8,-40.275));
#851=VERTEX_POINT('',#850);
#852=CARTESIAN_POINT('',(484.339848603,231.8,-39.825));
#853=VERTEX_POINT('',#852);
#854=CARTESIAN_POINT('',(484.339848603,231.8,-40.275));
#855=DIRECTION('',(-0.,0.,1.));
#856=VECTOR('',#855,0.45);
#857=LINE('',#854,#856);
#858=EDGE_CURVE('',#851,#853,#857,.T.);
#859=ORIENTED_EDGE('',*,*,#858,.F.);
#860=CARTESIAN_POINT('',(484.339848603,233.,-41.475));
#861=VERTEX_POINT('',#860);
#862=CARTESIAN_POINT('',(484.339848603,233.,-40.275));
#863=DIRECTION('',(1.,-0.,0.));
#864=DIRECTION('',(0.,1.,0.));
#865=AXIS2_PLACEMENT_3D('',#862,#863,#864);
#866=CIRCLE('',#865,1.2);
#867=EDGE_CURVE('',#851,#861,#866,.T.);
#868=ORIENTED_EDGE('',*,*,#867,.T.);
#869=CARTESIAN_POINT('',(484.339848603,237.6,-41.475));
#870=VERTEX_POINT('',#869);
#871=CARTESIAN_POINT('',(484.339848603,237.6,-41.475));
#872=DIRECTION('',(-0.,-1.,-0.));
#873=VECTOR('',#872,4.6);
#874=LINE('',#871,#873);
#875=EDGE_CURVE('',#870,#861,#874,.T.);
#876=ORIENTED_EDGE('',*,*,#875,.F.);
#877=CARTESIAN_POINT('',(484.339848603,238.8,-40.275));
#878=VERTEX_POINT('',#877);
#879=CARTESIAN_POINT('',(484.339848603,237.6,-40.275));
#880=DIRECTION('',(1.,-0.,0.));
#881=DIRECTION('',(0.,1.,0.));
#882=AXIS2_PLACEMENT_3D('',#879,#880,#881);
#883=CIRCLE('',#882,1.2);
#884=EDGE_CURVE('',#870,#878,#883,.T.);
#885=ORIENTED_EDGE('',*,*,#884,.T.);
#886=CARTESIAN_POINT('',(484.339848603,238.8,-39.825));
#887=VERTEX_POINT('',#886);
#888=CARTESIAN_POINT('',(484.339848603,238.8,-39.825));
#889=DIRECTION('',(0.,-0.,-1.));
#890=VECTOR('',#889,0.45);
#891=LINE('',#888,#890);
#892=EDGE_CURVE('',#887,#878,#891,.T.);
#893=ORIENTED_EDGE('',*,*,#892,.F.);
#894=CARTESIAN_POINT('',(484.339848603,237.6,-38.625));
#895=VERTEX_POINT('',#894);
#896=CARTESIAN_POINT('',(484.339848603,237.6,-39.825));
#897=DIRECTION('',(1.,-0.,0.));
#898=DIRECTION('',(0.,1.,0.));
#899=AXIS2_PLACEMENT_3D('',#896,#897,#898);
#900=CIRCLE('',#899,1.2);
#901=EDGE_CURVE('',#887,#895,#900,.T.);
#902=ORIENTED_EDGE('',*,*,#901,.T.);
#903=CARTESIAN_POINT('',(484.339848603,233.,-38.625));
#904=VERTEX_POINT('',#903);
#905=CARTESIAN_POINT('',(484.339848603,233.,-38.625));
#906=DIRECTION('',(0.,1.,0.));
#907=VECTOR('',#906,4.6);
#908=LINE('',#905,#907);
#909=EDGE_CURVE('',#904,#895,#908,.T.);
#910=ORIENTED_EDGE('',*,*,#909,.F.);
#911=CARTESIAN_POINT('',(484.339848603,233.,-39.825));
#912=DIRECTION('',(1.,-0.,0.));
#913=DIRECTION('',(0.,1.,0.));
#914=AXIS2_PLACEMENT_3D('',#911,#912,#913);
#915=CIRCLE('',#914,1.2);
#916=EDGE_CURVE('',#904,#853,#915,.T.);
#917=ORIENTED_EDGE('',*,*,#916,.T.);
#918=EDGE_LOOP('',(#859,#868,#876,#885,#893,#902,#910,#917));
#919=FACE_BOUND('',#918,.T.);
#920=CARTESIAN_POINT('',(484.339848603,236.4,-56.3));
#921=VERTEX_POINT('',#920);
#922=CARTESIAN_POINT('',(484.339848603,236.4,-54.7));
#923=VERTEX_POINT('',#922);
#924=CARTESIAN_POINT('',(484.339848603,236.4,-56.3));
#925=DIRECTION('',(-0.,0.,1.));
#926=VECTOR('',#925,1.6);
#927=LINE('',#924,#926);
#928=EDGE_CURVE('',#921,#923,#927,.T.);
#929=ORIENTED_EDGE('',*,*,#928,.F.);
#930=CARTESIAN_POINT('',(484.339848603,247.4,-67.3));
#931=VERTEX_POINT('',#930);
#932=CARTESIAN_POINT('',(484.339848603,247.4,-56.3));
#933=DIRECTION('',(1.,-0.,0.));
#934=DIRECTION('',(0.,1.,0.));
#935=AXIS2_PLACEMENT_3D('',#932,#933,#934);
#936=CIRCLE('',#935,11.);
#937=EDGE_CURVE('',#921,#931,#936,.T.);
#938=ORIENTED_EDGE('',*,*,#937,.T.);
#939=CARTESIAN_POINT('',(484.339848603,254.2,-67.3));
#940=VERTEX_POINT('',#939);
#941=CARTESIAN_POINT('',(484.339848603,254.2,-67.3));
#942=DIRECTION('',(-0.,-1.,-0.));
#943=VECTOR('',#942,6.8);
#944=LINE('',#941,#943);
#945=EDGE_CURVE('',#940,#931,#944,.T.);
#946=ORIENTED_EDGE('',*,*,#945,.F.);
#947=CARTESIAN_POINT('',(484.339848603,265.2,-56.3));
#948=VERTEX_POINT('',#947);
#949=CARTESIAN_POINT('',(484.339848603,254.2,-56.3));
#950=DIRECTION('',(1.,-0.,0.));
#951=DIRECTION('',(0.,1.,0.));
#952=AXIS2_PLACEMENT_3D('',#949,#950,#951);
#953=CIRCLE('',#952,11.);
#954=EDGE_CURVE('',#940,#948,#953,.T.);
#955=ORIENTED_EDGE('',*,*,#954,.T.);
#956=CARTESIAN_POINT('',(484.339848603,265.2,-54.7));
#957=VERTEX_POINT('',#956);
#958=CARTESIAN_POINT('',(484.339848603,265.2,-54.7));
#959=DIRECTION('',(0.,-0.,-1.));
#960=VECTOR('',#959,1.6);
#961=LINE('',#958,#960);
#962=EDGE_CURVE('',#957,#948,#961,.T.);
#963=ORIENTED_EDGE('',*,*,#962,.F.);
#964=CARTESIAN_POINT('',(484.339848603,254.2,-43.7));
#965=VERTEX_POINT('',#964);
#966=CARTESIAN_POINT('',(484.339848603,254.2,-54.7));
#967=DIRECTION('',(1.,-0.,0.));
#968=DIRECTION('',(0.,1.,0.));
#969=AXIS2_PLACEMENT_3D('',#966,#967,#968);
#970=CIRCLE('',#969,11.);
#971=EDGE_CURVE('',#957,#965,#970,.T.);
#972=ORIENTED_EDGE('',*,*,#971,.T.);
#973=CARTESIAN_POINT('',(484.339848603,247.4,-43.7));
#974=VERTEX_POINT('',#973);
#975=CARTESIAN_POINT('',(484.339848603,247.4,-43.7));
#976=DIRECTION('',(0.,1.,0.));
#977=VECTOR('',#976,6.8);
#978=LINE('',#975,#977);
#979=EDGE_CURVE('',#974,#965,#978,.T.);
#980=ORIENTED_EDGE('',*,*,#979,.F.);
#981=CARTESIAN_POINT('',(484.339848603,247.4,-54.7));
#982=DIRECTION('',(1.,-0.,0.));
#983=DIRECTION('',(0.,1.,0.));
#984=AXIS2_PLACEMENT_3D('',#981,#982,#983);
#985=CIRCLE('',#984,11.);
#986=EDGE_CURVE('',#974,#923,#985,.T.);
#987=ORIENTED_EDGE('',*,*,#986,.T.);
#988=EDGE_LOOP('',(#929,#938,#946,#955,#963,#972,#980,#987));
#989=FACE_BOUND('',#988,.T.);
#990=ADVANCED_FACE('',(#471,#541,#779,#849,#919,#989),#401,.F.);
#991=COLOUR_RGB('',0.400000006,0.745098054,0.450980395);
#992=FILL_AREA_STYLE_COLOUR('',#991);
#993=FILL_AREA_STYLE('',(#992));
#994=SURFACE_STYLE_FILL_AREA(#993);
#995=SURFACE_SIDE_STYLE('',(#994));
#996=SURFACE_STYLE_USAGE(.BOTH.,#995);
#997=PRESENTATION_STYLE_ASSIGNMENT((#996));
#998=OVER_RIDING_STYLED_ITEM('',(#997),#990,#26);
#999=CARTESIAN_POINT('',(489.839848603,434.242579871,-110.729421356));
#1000=DIRECTION('',(1.,-0.,0.));
#1001=DIRECTION('',(-0.,-1.,0.));
#1002=AXIS2_PLACEMENT_3D('',#999,#1000,#1001);
#1003=PLANE('',#1002);
#1004=CARTESIAN_POINT('',(489.839848603,233.,-38.625));
#1005=VERTEX_POINT('',#1004);
#1006=CARTESIAN_POINT('',(489.839848603,237.6,-38.625));
#1007=VERTEX_POINT('',#1006);
#1008=CARTESIAN_POINT('',(489.839848603,233.,-38.625));
#1009=DIRECTION('',(0.,1.,0.));
#1010=VECTOR('',#1009,4.6);
#1011=LINE('',#1008,#1010);
#1012=EDGE_CURVE('',#1005,#1007,#1011,.T.);
#1013=ORIENTED_EDGE('',*,*,#1012,.T.);
#1014=CARTESIAN_POINT('',(489.839848603,238.8,-39.825));
#1015=VERTEX_POINT('',#1014);
#1016=CARTESIAN_POINT('',(489.839848603,237.6,-39.825));
#1017=DIRECTION('',(-1.,0.,-0.));
#1018=DIRECTION('',(0.,1.,0.));
#1019=AXIS2_PLACEMENT_3D('',#1016,#1017,#1018);
#1020=CIRCLE('',#1019,1.2);
#1021=EDGE_CURVE('',#1007,#1015,#1020,.T.);
#1022=ORIENTED_EDGE('',*,*,#1021,.T.);
#1023=CARTESIAN_POINT('',(489.839848603,238.8,-40.275));
#1024=VERTEX_POINT('',#1023);
#1025=CARTESIAN_POINT('',(489.839848603,238.8,-39.825));
#1026=DIRECTION('',(0.,-0.,-1.));
#1027=VECTOR('',#1026,0.45);
#1028=LINE('',#1025,#1027);
#1029=EDGE_CURVE('',#1015,#1024,#1028,.T.);
#1030=ORIENTED_EDGE('',*,*,#1029,.T.);
#1031=CARTESIAN_POINT('',(489.839848603,237.6,-41.475));
#1032=VERTEX_POINT('',#1031);
#1033=CARTESIAN_POINT('',(489.839848603,237.6,-40.275));
#1034=DIRECTION('',(-1.,0.,-0.));
#1035=DIRECTION('',(0.,1.,0.));
#1036=AXIS2_PLACEMENT_3D('',#1033,#1034,#1035);
#1037=CIRCLE('',#1036,1.2);
#1038=EDGE_CURVE('',#1024,#1032,#1037,.T.);
#1039=ORIENTED_EDGE('',*,*,#1038,.T.);
#1040=CARTESIAN_POINT('',(489.839848603,233.,-41.475));
#1041=VERTEX_POINT('',#1040);
#1042=CARTESIAN_POINT('',(489.839848603,237.6,-41.475));
#1043=DIRECTION('',(-0.,-1.,-0.));
#1044=VECTOR('',#1043,4.6);
#1045=LINE('',#1042,#1044);
#1046=EDGE_CURVE('',#1032,#1041,#1045,.T.);
#1047=ORIENTED_EDGE('',*,*,#1046,.T.);
#1048=CARTESIAN_POINT('',(489.839848603,231.8,-40.275));
#1049=VERTEX_POINT('',#1048);
#1050=CARTESIAN_POINT('',(489.839848603,233.,-40.275));
#1051=DIRECTION('',(-1.,0.,-0.));
#1052=DIRECTION('',(0.,1.,0.));
#1053=AXIS2_PLACEMENT_3D('',#1050,#1051,#1052);
#1054=CIRCLE('',#1053,1.2);
#1055=EDGE_CURVE('',#1041,#1049,#1054,.T.);
#1056=ORIENTED_EDGE('',*,*,#1055,.T.);
#1057=CARTESIAN_POINT('',(489.839848603,231.8,-39.825));
#1058=VERTEX_POINT('',#1057);
#1059=CARTESIAN_POINT('',(489.839848603,231.8,-40.275));
#1060=DIRECTION('',(-0.,0.,1.));
#1061=VECTOR('',#1060,0.45);
#1062=LINE('',#1059,#1061);
#1063=EDGE_CURVE('',#1049,#1058,#1062,.T.);
#1064=ORIENTED_EDGE('',*,*,#1063,.T.);
#1065=CARTESIAN_POINT('',(489.839848603,233.,-39.825));
#1066=DIRECTION('',(-1.,0.,-0.));
#1067=DIRECTION('',(0.,1.,0.));
#1068=AXIS2_PLACEMENT_3D('',#1065,#1066,#1067);
#1069=CIRCLE('',#1068,1.2);
#1070=EDGE_CURVE('',#1058,#1005,#1069,.T.);
#1071=ORIENTED_EDGE('',*,*,#1070,.T.);
#1072=EDGE_LOOP('',(#1013,#1022,#1030,#1039,#1047,#1056,#1064,#1071));
#1073=FACE_BOUND('',#1072,.T.);
#1074=CARTESIAN_POINT('',(489.839848603,247.4,-43.7));
#1075=VERTEX_POINT('',#1074);
#1076=CARTESIAN_POINT('',(489.839848603,254.2,-43.7));
#1077=VERTEX_POINT('',#1076);
#1078=CARTESIAN_POINT('',(489.839848603,247.4,-43.7));
#1079=DIRECTION('',(0.,1.,0.));
#1080=VECTOR('',#1079,6.8);
#1081=LINE('',#1078,#1080);
#1082=EDGE_CURVE('',#1075,#1077,#1081,.T.);
#1083=ORIENTED_EDGE('',*,*,#1082,.T.);
#1084=CARTESIAN_POINT('',(489.839848603,265.2,-54.7));
#1085=VERTEX_POINT('',#1084);
#1086=CARTESIAN_POINT('',(489.839848603,254.2,-54.7));
#1087=DIRECTION('',(-1.,0.,-0.));
#1088=DIRECTION('',(0.,1.,0.));
#1089=AXIS2_PLACEMENT_3D('',#1086,#1087,#1088);
#1090=CIRCLE('',#1089,11.);
#1091=EDGE_CURVE('',#1077,#1085,#1090,.T.);
#1092=ORIENTED_EDGE('',*,*,#1091,.T.);
#1093=CARTESIAN_POINT('',(489.839848603,265.2,-56.3));
#1094=VERTEX_POINT('',#1093);
#1095=CARTESIAN_POINT('',(489.839848603,265.2,-54.7));
#1096=DIRECTION('',(0.,-0.,-1.));
#1097=VECTOR('',#1096,1.6);
#1098=LINE('',#1095,#1097);
#1099=EDGE_CURVE('',#1085,#1094,#1098,.T.);
#1100=ORIENTED_EDGE('',*,*,#1099,.T.);
#1101=CARTESIAN_POINT('',(489.839848603,254.2,-67.3));
#1102=VERTEX_POINT('',#1101);
#1103=CARTESIAN_POINT('',(489.839848603,254.2,-56.3));
#1104=DIRECTION('',(-1.,0.,-0.));
#1105=DIRECTION('',(0.,1.,0.));
#1106=AXIS2_PLACEMENT_3D('',#1103,#1104,#1105);
#1107=CIRCLE('',#1106,11.);
#1108=EDGE_CURVE('',#1094,#1102,#1107,.T.);
#1109=ORIENTED_EDGE('',*,*,#1108,.T.);
#1110=CARTESIAN_POINT('',(489.839848603,247.4,-67.3));
#1111=VERTEX_POINT('',#1110);
#1112=CARTESIAN_POINT('',(489.839848603,254.2,-67.3));
#1113=DIRECTION('',(-0.,-1.,-0.));
#1114=VECTOR('',#1113,6.8);
#1115=LINE('',#1112,#1114);
#1116=EDGE_CURVE('',#1102,#1111,#1115,.T.);
#1117=ORIENTED_EDGE('',*,*,#1116,.T.);
#1118=CARTESIAN_POINT('',(489.839848603,236.4,-56.3));
#1119=VERTEX_POINT('',#1118);
#1120=CARTESIAN_POINT('',(489.839848603,247.4,-56.3));
#1121=DIRECTION('',(-1.,0.,-0.));
#1122=DIRECTION('',(0.,1.,0.));
#1123=AXIS2_PLACEMENT_3D('',#1120,#1121,#1122);
#1124=CIRCLE('',#1123,11.);
#1125=EDGE_CURVE('',#1111,#1119,#1124,.T.);
#1126=ORIENTED_EDGE('',*,*,#1125,.T.);
#1127=CARTESIAN_POINT('',(489.839848603,236.4,-54.7));
#1128=VERTEX_POINT('',#1127);
#1129=CARTESIAN_POINT('',(489.839848603,236.4,-56.3));
#1130=DIRECTION('',(-0.,0.,1.));
#1131=VECTOR('',#1130,1.6);
#1132=LINE('',#1129,#1131);
#1133=EDGE_CURVE('',#1119,#1128,#1132,.T.);
#1134=ORIENTED_EDGE('',*,*,#1133,.T.);
#1135=CARTESIAN_POINT('',(489.839848603,247.4,-54.7));
#1136=DIRECTION('',(-1.,0.,-0.));
#1137=DIRECTION('',(0.,1.,0.));
#1138=AXIS2_PLACEMENT_3D('',#1135,#1136,#1137);
#1139=CIRCLE('',#1138,11.);
#1140=EDGE_CURVE('',#1128,#1075,#1139,.T.);
#1141=ORIENTED_EDGE('',*,*,#1140,.T.);
#1142=EDGE_LOOP('',(#1083,#1092,#1100,#1109,#1117,#1126,#1134,#1141));
#1143=FACE_BOUND('',#1142,.T.);
#1144=CARTESIAN_POINT('',(489.839848603,227.146992443,-35.437421357));
#1145=VERTEX_POINT('',#1144);
#1146=CARTESIAN_POINT('',(489.839848603,219.878405278,-35.437421357));
#1147=VERTEX_POINT('',#1146);
#1148=CARTESIAN_POINT('',(489.839848603,227.146992443,-35.437421357));
#1149=DIRECTION('',(-0.,-1.,-0.));
#1150=VECTOR('',#1149,7.268587165);
#1151=LINE('',#1148,#1150);
#1152=EDGE_CURVE('',#1145,#1147,#1151,.T.);
#1153=ORIENTED_EDGE('',*,*,#1152,.F.);
#1154=CARTESIAN_POINT('',(489.839848603,227.146992443,-42.651008522));
#1155=VERTEX_POINT('',#1154);
#1156=CARTESIAN_POINT('',(489.839848603,227.146992443,-42.651008522));
#1157=DIRECTION('',(-0.,-0.,1.));
#1158=VECTOR('',#1157,7.213587165);
#1159=LINE('',#1156,#1158);
#1160=EDGE_CURVE('',#1155,#1145,#1159,.T.);
#1161=ORIENTED_EDGE('',*,*,#1160,.F.);
#1162=CARTESIAN_POINT('',(489.839848603,224.9844138,-42.651008522));
#1163=VERTEX_POINT('',#1162);
#1164=CARTESIAN_POINT('',(489.839848603,227.146992443,-42.651008522));
#1165=DIRECTION('',(0.,-1.,0.));
#1166=VECTOR('',#1165,2.162578643);
#1167=LINE('',#1164,#1166);
#1168=EDGE_CURVE('',#1155,#1163,#1167,.T.);
#1169=ORIENTED_EDGE('',*,*,#1168,.T.);
#1170=CARTESIAN_POINT('',(489.839848603,224.9844138,-41.323881161));
#1171=VERTEX_POINT('',#1170);
#1172=CARTESIAN_POINT('',(489.839848603,224.9844138,-42.651008522));
#1173=DIRECTION('',(-0.,0.,1.));
#1174=VECTOR('',#1173,1.327127361);
#1175=LINE('',#1172,#1174);
#1176=EDGE_CURVE('',#1163,#1171,#1175,.T.);
#1177=ORIENTED_EDGE('',*,*,#1176,.T.);
#1178=CARTESIAN_POINT('',(489.839848603,224.5844138,-40.923881161));
#1179=VERTEX_POINT('',#1178);
#1180=CARTESIAN_POINT('',(489.839848603,224.9844138,-41.323881161));
#1181=DIRECTION('',(-0.,-0.707106781,0.707106781));
#1182=VECTOR('',#1181,0.565685425);
#1183=LINE('',#1180,#1182);
#1184=EDGE_CURVE('',#1171,#1179,#1183,.T.);
#1185=ORIENTED_EDGE('',*,*,#1184,.T.);
#1186=CARTESIAN_POINT('',(489.839848603,222.8844138,-40.923881161));
#1187=VERTEX_POINT('',#1186);
#1188=CARTESIAN_POINT('',(489.839848603,224.5844138,-40.923881161));
#1189=DIRECTION('',(0.,-1.,0.));
#1190=VECTOR('',#1189,1.7);
#1191=LINE('',#1188,#1190);
#1192=EDGE_CURVE('',#1179,#1187,#1191,.T.);
#1193=ORIENTED_EDGE('',*,*,#1192,.T.);
#1194=CARTESIAN_POINT('',(489.839848603,221.2344138,-42.601008522));
#1195=VERTEX_POINT('',#1194);
#1196=CARTESIAN_POINT('',(489.839848603,222.8844138,-40.923881161));
#1197=DIRECTION('',(0.,-0.701318154,-0.712848403));
#1198=VECTOR('',#1197,2.352712517);
#1199=LINE('',#1196,#1198);
#1200=EDGE_CURVE('',#1187,#1195,#1199,.T.);
#1201=ORIENTED_EDGE('',*,*,#1200,.T.);
#1202=CARTESIAN_POINT('',(489.839848603,221.2344138,-48.401008522));
#1203=VERTEX_POINT('',#1202);
#1204=CARTESIAN_POINT('',(489.839848603,221.2344138,-42.601008522));
#1205=DIRECTION('',(0.,0.,-1.));
#1206=VECTOR('',#1205,5.8);
#1207=LINE('',#1204,#1206);
#1208=EDGE_CURVE('',#1195,#1203,#1207,.T.);
#1209=ORIENTED_EDGE('',*,*,#1208,.T.);
#1210=CARTESIAN_POINT('',(489.839848603,222.8844138,-50.078135883));
#1211=VERTEX_POINT('',#1210);
#1212=CARTESIAN_POINT('',(489.839848603,221.2344138,-48.401008522));
#1213=DIRECTION('',(0.,0.701318154,-0.712848403));
#1214=VECTOR('',#1213,2.352712517);
#1215=LINE('',#1212,#1214);
#1216=EDGE_CURVE('',#1203,#1211,#1215,.T.);
#1217=ORIENTED_EDGE('',*,*,#1216,.T.);
#1218=CARTESIAN_POINT('',(489.839848603,224.5844138,-50.078135883));
#1219=VERTEX_POINT('',#1218);
#1220=CARTESIAN_POINT('',(489.839848603,222.8844138,-50.078135883));
#1221=DIRECTION('',(0.,1.,0.));
#1222=VECTOR('',#1221,1.7);
#1223=LINE('',#1220,#1222);
#1224=EDGE_CURVE('',#1211,#1219,#1223,.T.);
#1225=ORIENTED_EDGE('',*,*,#1224,.T.);
#1226=CARTESIAN_POINT('',(489.839848603,224.9844138,-49.678135883));
#1227=VERTEX_POINT('',#1226);
#1228=CARTESIAN_POINT('',(489.839848603,224.5844138,-50.078135883));
#1229=DIRECTION('',(-0.,0.707106781,0.707106781));
#1230=VECTOR('',#1229,0.565685425);
#1231=LINE('',#1228,#1230);
#1232=EDGE_CURVE('',#1219,#1227,#1231,.T.);
#1233=ORIENTED_EDGE('',*,*,#1232,.T.);
#1234=CARTESIAN_POINT('',(489.839848603,224.9844138,-48.423834191));
#1235=VERTEX_POINT('',#1234);
#1236=CARTESIAN_POINT('',(489.839848603,224.9844138,-49.678135883));
#1237=DIRECTION('',(-0.,0.,1.));
#1238=VECTOR('',#1237,1.254301692);
#1239=LINE('',#1236,#1238);
#1240=EDGE_CURVE('',#1227,#1235,#1239,.T.);
#1241=ORIENTED_EDGE('',*,*,#1240,.T.);
#1242=CARTESIAN_POINT('',(489.839848603,224.9844138,-48.423834191));
#1243=DIRECTION('',(0.,1.,0.));
#1244=VECTOR('',#1243,2.162578643);
#1245=LINE('',#1242,#1244);
#1246=EDGE_CURVE('',#1235,#35,#1245,.T.);
#1247=ORIENTED_EDGE('',*,*,#1246,.T.);
#1248=ORIENTED_EDGE('',*,*,#62,.F.);
#1249=CARTESIAN_POINT('',(489.839848603,224.9844138,-62.651008522));
#1250=VERTEX_POINT('',#1249);
#1251=CARTESIAN_POINT('',(489.839848603,227.146992443,-62.651008522));
#1252=DIRECTION('',(0.,-1.,0.));
#1253=VECTOR('',#1252,2.162578643);
#1254=LINE('',#1251,#1253);
#1255=EDGE_CURVE('',#51,#1250,#1254,.T.);
#1256=ORIENTED_EDGE('',*,*,#1255,.T.);
#1257=CARTESIAN_POINT('',(489.839848603,224.9844138,-61.323881161));
#1258=VERTEX_POINT('',#1257);
#1259=CARTESIAN_POINT('',(489.839848603,224.9844138,-62.651008522));
#1260=DIRECTION('',(-0.,0.,1.));
#1261=VECTOR('',#1260,1.327127361);
#1262=LINE('',#1259,#1261);
#1263=EDGE_CURVE('',#1250,#1258,#1262,.T.);
#1264=ORIENTED_EDGE('',*,*,#1263,.T.);
#1265=CARTESIAN_POINT('',(489.839848603,224.5844138,-60.923881161));
#1266=VERTEX_POINT('',#1265);
#1267=CARTESIAN_POINT('',(489.839848603,224.9844138,-61.323881161));
#1268=DIRECTION('',(-0.,-0.707106781,0.707106781));
#1269=VECTOR('',#1268,0.565685425);
#1270=LINE('',#1267,#1269);
#1271=EDGE_CURVE('',#1258,#1266,#1270,.T.);
#1272=ORIENTED_EDGE('',*,*,#1271,.T.);
#1273=CARTESIAN_POINT('',(489.839848603,222.8844138,-60.923881161));
#1274=VERTEX_POINT('',#1273);
#1275=CARTESIAN_POINT('',(489.839848603,224.5844138,-60.923881161));
#1276=DIRECTION('',(0.,-1.,0.));
#1277=VECTOR('',#1276,1.7);
#1278=LINE('',#1275,#1277);
#1279=EDGE_CURVE('',#1266,#1274,#1278,.T.);
#1280=ORIENTED_EDGE('',*,*,#1279,.T.);
#1281=CARTESIAN_POINT('',(489.839848603,221.2344138,-62.601008522));
#1282=VERTEX_POINT('',#1281);
#1283=CARTESIAN_POINT('',(489.839848603,222.8844138,-60.923881161));
#1284=DIRECTION('',(0.,-0.701318154,-0.712848403));
#1285=VECTOR('',#1284,2.352712517);
#1286=LINE('',#1283,#1285);
#1287=EDGE_CURVE('',#1274,#1282,#1286,.T.);
#1288=ORIENTED_EDGE('',*,*,#1287,.T.);
#1289=CARTESIAN_POINT('',(489.839848603,221.2344138,-68.401008522));
#1290=VERTEX_POINT('',#1289);
#1291=CARTESIAN_POINT('',(489.839848603,221.2344138,-62.601008522));
#1292=DIRECTION('',(0.,0.,-1.));
#1293=VECTOR('',#1292,5.8);
#1294=LINE('',#1291,#1293);
#1295=EDGE_CURVE('',#1282,#1290,#1294,.T.);
#1296=ORIENTED_EDGE('',*,*,#1295,.T.);
#1297=CARTESIAN_POINT('',(489.839848603,222.8844138,-70.078135883));
#1298=VERTEX_POINT('',#1297);
#1299=CARTESIAN_POINT('',(489.839848603,221.2344138,-68.401008522));
#1300=DIRECTION('',(0.,0.701318154,-0.712848403));
#1301=VECTOR('',#1300,2.352712517);
#1302=LINE('',#1299,#1301);
#1303=EDGE_CURVE('',#1290,#1298,#1302,.T.);
#1304=ORIENTED_EDGE('',*,*,#1303,.T.);
#1305=CARTESIAN_POINT('',(489.839848603,224.5844138,-70.078135883));
#1306=VERTEX_POINT('',#1305);
#1307=CARTESIAN_POINT('',(489.839848603,222.8844138,-70.078135883));
#1308=DIRECTION('',(0.,1.,0.));
#1309=VECTOR('',#1308,1.7);
#1310=LINE('',#1307,#1309);
#1311=EDGE_CURVE('',#1298,#1306,#1310,.T.);
#1312=ORIENTED_EDGE('',*,*,#1311,.T.);
#1313=CARTESIAN_POINT('',(489.839848603,224.9844138,-69.678135883));
#1314=VERTEX_POINT('',#1313);
#1315=CARTESIAN_POINT('',(489.839848603,224.5844138,-70.078135883));
#1316=DIRECTION('',(-0.,0.707106781,0.707106781));
#1317=VECTOR('',#1316,0.565685425);
#1318=LINE('',#1315,#1317);
#1319=EDGE_CURVE('',#1306,#1314,#1318,.T.);
#1320=ORIENTED_EDGE('',*,*,#1319,.T.);
#1321=CARTESIAN_POINT('',(489.839848603,224.9844138,-68.423834191));
#1322=VERTEX_POINT('',#1321);
#1323=CARTESIAN_POINT('',(489.839848603,224.9844138,-69.678135883));
#1324=DIRECTION('',(-0.,0.,1.));
#1325=VECTOR('',#1324,1.254301692);
#1326=LINE('',#1323,#1325);
#1327=EDGE_CURVE('',#1314,#1322,#1326,.T.);
#1328=ORIENTED_EDGE('',*,*,#1327,.T.);
#1329=CARTESIAN_POINT('',(489.839848603,224.9844138,-68.423834191));
#1330=DIRECTION('',(0.,1.,0.));
#1331=VECTOR('',#1330,2.162578643);
#1332=LINE('',#1329,#1331);
#1333=EDGE_CURVE('',#1322,#75,#1332,.T.);
#1334=ORIENTED_EDGE('',*,*,#1333,.T.);
#1335=ORIENTED_EDGE('',*,*,#102,.F.);
#1336=CARTESIAN_POINT('',(489.839848603,219.878405278,-75.637421357));
#1337=VERTEX_POINT('',#1336);
#1338=CARTESIAN_POINT('',(489.839848603,219.878405278,-75.637421357));
#1339=DIRECTION('',(0.,1.,0.));
#1340=VECTOR('',#1339,7.268587165);
#1341=LINE('',#1338,#1340);
#1342=EDGE_CURVE('',#1337,#91,#1341,.T.);
#1343=ORIENTED_EDGE('',*,*,#1342,.F.);
#1344=CARTESIAN_POINT('',(489.839848603,219.878405278,-73.574842713));
#1345=VERTEX_POINT('',#1344);
#1346=CARTESIAN_POINT('',(489.839848603,219.878405278,-75.637421357));
#1347=DIRECTION('',(-0.,0.,1.));
#1348=VECTOR('',#1347,2.062578643);
#1349=LINE('',#1346,#1348);
#1350=EDGE_CURVE('',#1337,#1345,#1349,.T.);
#1351=ORIENTED_EDGE('',*,*,#1350,.T.);
#1352=CARTESIAN_POINT('',(489.839848603,221.205532639,-73.574842713));
#1353=VERTEX_POINT('',#1352);
#1354=CARTESIAN_POINT('',(489.839848603,219.878405278,-73.574842713));
#1355=DIRECTION('',(0.,1.,-0.));
#1356=VECTOR('',#1355,1.327127361);
#1357=LINE('',#1354,#1356);
#1358=EDGE_CURVE('',#1345,#1353,#1357,.T.);
#1359=ORIENTED_EDGE('',*,*,#1358,.T.);
#1360=CARTESIAN_POINT('',(489.839848603,221.605532639,-73.174842713));
#1361=VERTEX_POINT('',#1360);
#1362=CARTESIAN_POINT('',(489.839848603,221.205532639,-73.574842713));
#1363=DIRECTION('',(0.,0.707106781,0.707106781));
#1364=VECTOR('',#1363,0.565685425);
#1365=LINE('',#1362,#1364);
#1366=EDGE_CURVE('',#1353,#1361,#1365,.T.);
#1367=ORIENTED_EDGE('',*,*,#1366,.T.);
#1368=CARTESIAN_POINT('',(489.839848603,221.605532639,-71.474842713));
#1369=VERTEX_POINT('',#1368);
#1370=CARTESIAN_POINT('',(489.839848603,221.605532639,-73.174842713));
#1371=DIRECTION('',(-0.,0.,1.));
#1372=VECTOR('',#1371,1.7);
#1373=LINE('',#1370,#1372);
#1374=EDGE_CURVE('',#1361,#1369,#1373,.T.);
#1375=ORIENTED_EDGE('',*,*,#1374,.T.);
#1376=CARTESIAN_POINT('',(489.839848603,219.928405278,-69.824842713));
#1377=VERTEX_POINT('',#1376);
#1378=CARTESIAN_POINT('',(489.839848603,219.928405278,-69.824842713));
#1379=DIRECTION('',(0.,0.712848403,-0.701318154));
#1380=VECTOR('',#1379,2.352712517);
#1381=LINE('',#1378,#1380);
#1382=EDGE_CURVE('',#1377,#1369,#1381,.T.);
#1383=ORIENTED_EDGE('',*,*,#1382,.F.);
#1384=CARTESIAN_POINT('',(489.839848603,214.128405278,-69.824842713));
#1385=VERTEX_POINT('',#1384);
#1386=CARTESIAN_POINT('',(489.839848603,219.928405278,-69.824842713));
#1387=DIRECTION('',(-0.,-1.,0.));
#1388=VECTOR('',#1387,5.8);
#1389=LINE('',#1386,#1388);
#1390=EDGE_CURVE('',#1377,#1385,#1389,.T.);
#1391=ORIENTED_EDGE('',*,*,#1390,.T.);
#1392=CARTESIAN_POINT('',(489.839848603,212.451277916,-71.474842713));
#1393=VERTEX_POINT('',#1392);
#1394=CARTESIAN_POINT('',(489.839848603,212.451277916,-71.474842713));
#1395=DIRECTION('',(0.,0.712848403,0.701318154));
#1396=VECTOR('',#1395,2.352712517);
#1397=LINE('',#1394,#1396);
#1398=EDGE_CURVE('',#1393,#1385,#1397,.T.);
#1399=ORIENTED_EDGE('',*,*,#1398,.F.);
#1400=CARTESIAN_POINT('',(489.839848603,212.451277916,-73.174842713));
#1401=VERTEX_POINT('',#1400);
#1402=CARTESIAN_POINT('',(489.839848603,212.451277916,-71.474842713));
#1403=DIRECTION('',(0.,-0.,-1.));
#1404=VECTOR('',#1403,1.7);
#1405=LINE('',#1402,#1404);
#1406=EDGE_CURVE('',#1393,#1401,#1405,.T.);
#1407=ORIENTED_EDGE('',*,*,#1406,.T.);
#1408=CARTESIAN_POINT('',(489.839848603,212.851277916,-73.574842713));
#1409=VERTEX_POINT('',#1408);
#1410=CARTESIAN_POINT('',(489.839848603,212.451277916,-73.174842713));
#1411=DIRECTION('',(0.,0.707106781,-0.707106781));
#1412=VECTOR('',#1411,0.565685425);
#1413=LINE('',#1410,#1412);
#1414=EDGE_CURVE('',#1401,#1409,#1413,.T.);
#1415=ORIENTED_EDGE('',*,*,#1414,.T.);
#1416=CARTESIAN_POINT('',(489.839848603,214.105579608,-73.574842713));
#1417=VERTEX_POINT('',#1416);
#1418=CARTESIAN_POINT('',(489.839848603,212.851277916,-73.574842713));
#1419=DIRECTION('',(0.,1.,-0.));
#1420=VECTOR('',#1419,1.254301692);
#1421=LINE('',#1418,#1420);
#1422=EDGE_CURVE('',#1409,#1417,#1421,.T.);
#1423=ORIENTED_EDGE('',*,*,#1422,.T.);
#1424=CARTESIAN_POINT('',(489.839848603,214.105579608,-75.637421357));
#1425=VERTEX_POINT('',#1424);
#1426=CARTESIAN_POINT('',(489.839848603,214.105579608,-73.574842713));
#1427=DIRECTION('',(0.,-0.,-1.));
#1428=VECTOR('',#1427,2.062578643);
#1429=LINE('',#1426,#1428);
#1430=EDGE_CURVE('',#1417,#1425,#1429,.T.);
#1431=ORIENTED_EDGE('',*,*,#1430,.T.);
#1432=CARTESIAN_POINT('',(489.839848603,207.341412835,-75.637421357));
#1433=VERTEX_POINT('',#1432);
#1434=CARTESIAN_POINT('',(489.839848603,207.341412835,-75.637421357));
#1435=DIRECTION('',(0.,1.,0.));
#1436=VECTOR('',#1435,6.764166774);
#1437=LINE('',#1434,#1436);
#1438=EDGE_CURVE('',#1433,#1425,#1437,.T.);
#1439=ORIENTED_EDGE('',*,*,#1438,.F.);
#1440=CARTESIAN_POINT('',(489.839848603,207.341412835,-81.537421357));
#1441=DIRECTION('',(-0.,0.,1.));
#1442=VECTOR('',#1441,5.9);
#1443=LINE('',#1440,#1442);
#1444=EDGE_CURVE('',#163,#1433,#1443,.T.);
#1445=ORIENTED_EDGE('',*,*,#1444,.F.);
#1446=ORIENTED_EDGE('',*,*,#168,.F.);
#1447=CARTESIAN_POINT('',(489.839848603,275.952572051,-81.537421357));
#1448=DIRECTION('',(-0.,0.,1.));
#1449=VECTOR('',#1448,52.);
#1450=LINE('',#1447,#1449);
#1451=EDGE_CURVE('',#155,#244,#1450,.T.);
#1452=ORIENTED_EDGE('',*,*,#1451,.T.);
#1453=ORIENTED_EDGE('',*,*,#249,.T.);
#1454=CARTESIAN_POINT('',(489.839848603,207.346992443,-35.437421357));
#1455=VERTEX_POINT('',#1454);
#1456=CARTESIAN_POINT('',(489.839848603,207.346992443,-29.537421357));
#1457=DIRECTION('',(0.,-0.,-1.));
#1458=VECTOR('',#1457,5.9);
#1459=LINE('',#1456,#1458);
#1460=EDGE_CURVE('',#236,#1455,#1459,.T.);
#1461=ORIENTED_EDGE('',*,*,#1460,.T.);
#1462=CARTESIAN_POINT('',(489.839848603,214.105579608,-35.437421357));
#1463=VERTEX_POINT('',#1462);
#1464=CARTESIAN_POINT('',(489.839848603,214.105579608,-35.437421357));
#1465=DIRECTION('',(-0.,-1.,-0.));
#1466=VECTOR('',#1465,6.758587165);
#1467=LINE('',#1464,#1466);
#1468=EDGE_CURVE('',#1463,#1455,#1467,.T.);
#1469=ORIENTED_EDGE('',*,*,#1468,.F.);
#1470=CARTESIAN_POINT('',(489.839848603,214.105579608,-37.5));
#1471=VERTEX_POINT('',#1470);
#1472=CARTESIAN_POINT('',(489.839848603,214.105579608,-35.437421357));
#1473=DIRECTION('',(0.,-0.,-1.));
#1474=VECTOR('',#1473,2.062578644);
#1475=LINE('',#1472,#1474);
#1476=EDGE_CURVE('',#1463,#1471,#1475,.T.);
#1477=ORIENTED_EDGE('',*,*,#1476,.T.);
#1478=CARTESIAN_POINT('',(489.839848603,212.778452247,-37.5));
#1479=VERTEX_POINT('',#1478);
#1480=CARTESIAN_POINT('',(489.839848603,214.105579608,-37.5));
#1481=DIRECTION('',(-0.,-1.,-0.));
#1482=VECTOR('',#1481,1.327127361);
#1483=LINE('',#1480,#1482);
#1484=EDGE_CURVE('',#1471,#1479,#1483,.T.);
#1485=ORIENTED_EDGE('',*,*,#1484,.T.);
#1486=CARTESIAN_POINT('',(489.839848603,212.378452247,-37.9));
#1487=VERTEX_POINT('',#1486);
#1488=CARTESIAN_POINT('',(489.839848603,212.778452247,-37.5));
#1489=DIRECTION('',(-0.,-0.707106781,-0.707106781));
#1490=VECTOR('',#1489,0.565685425);
#1491=LINE('',#1488,#1490);
#1492=EDGE_CURVE('',#1479,#1487,#1491,.T.);
#1493=ORIENTED_EDGE('',*,*,#1492,.T.);
#1494=CARTESIAN_POINT('',(489.839848603,212.378452247,-39.6));
#1495=VERTEX_POINT('',#1494);
#1496=CARTESIAN_POINT('',(489.839848603,212.378452247,-37.9));
#1497=DIRECTION('',(0.,-0.,-1.));
#1498=VECTOR('',#1497,1.7);
#1499=LINE('',#1496,#1498);
#1500=EDGE_CURVE('',#1487,#1495,#1499,.T.);
#1501=ORIENTED_EDGE('',*,*,#1500,.T.);
#1502=CARTESIAN_POINT('',(489.839848603,214.055579608,-41.25));
#1503=VERTEX_POINT('',#1502);
#1504=CARTESIAN_POINT('',(489.839848603,214.055579608,-41.25));
#1505=DIRECTION('',(-0.,-0.712848403,0.701318154));
#1506=VECTOR('',#1505,2.352712517);
#1507=LINE('',#1504,#1506);
#1508=EDGE_CURVE('',#1503,#1495,#1507,.T.);
#1509=ORIENTED_EDGE('',*,*,#1508,.F.);
#1510=CARTESIAN_POINT('',(489.839848603,219.855579608,-41.25));
#1511=VERTEX_POINT('',#1510);
#1512=CARTESIAN_POINT('',(489.839848603,214.055579608,-41.25));
#1513=DIRECTION('',(0.,1.,0.));
#1514=VECTOR('',#1513,5.8);
#1515=LINE('',#1512,#1514);
#1516=EDGE_CURVE('',#1503,#1511,#1515,.T.);
#1517=ORIENTED_EDGE('',*,*,#1516,.T.);
#1518=CARTESIAN_POINT('',(489.839848603,221.53270697,-39.6));
#1519=VERTEX_POINT('',#1518);
#1520=CARTESIAN_POINT('',(489.839848603,221.53270697,-39.6));
#1521=DIRECTION('',(-0.,-0.712848403,-0.701318154));
#1522=VECTOR('',#1521,2.352712517);
#1523=LINE('',#1520,#1522);
#1524=EDGE_CURVE('',#1519,#1511,#1523,.T.);
#1525=ORIENTED_EDGE('',*,*,#1524,.F.);
#1526=CARTESIAN_POINT('',(489.839848603,221.53270697,-37.9));
#1527=VERTEX_POINT('',#1526);
#1528=CARTESIAN_POINT('',(489.839848603,221.53270697,-39.6));
#1529=DIRECTION('',(-0.,0.,1.));
#1530=VECTOR('',#1529,1.7);
#1531=LINE('',#1528,#1530);
#1532=EDGE_CURVE('',#1519,#1527,#1531,.T.);
#1533=ORIENTED_EDGE('',*,*,#1532,.T.);
#1534=CARTESIAN_POINT('',(489.839848603,221.13270697,-37.5));
#1535=VERTEX_POINT('',#1534);
#1536=CARTESIAN_POINT('',(489.839848603,221.53270697,-37.9));
#1537=DIRECTION('',(-0.,-0.707106781,0.707106781));
#1538=VECTOR('',#1537,0.565685425);
#1539=LINE('',#1536,#1538);
#1540=EDGE_CURVE('',#1527,#1535,#1539,.T.);
#1541=ORIENTED_EDGE('',*,*,#1540,.T.);
#1542=CARTESIAN_POINT('',(489.839848603,219.878405278,-37.5));
#1543=VERTEX_POINT('',#1542);
#1544=CARTESIAN_POINT('',(489.839848603,221.13270697,-37.5));
#1545=DIRECTION('',(-0.,-1.,-0.));
#1546=VECTOR('',#1545,1.254301692);
#1547=LINE('',#1544,#1546);
#1548=EDGE_CURVE('',#1535,#1543,#1547,.T.);
#1549=ORIENTED_EDGE('',*,*,#1548,.T.);
#1550=CARTESIAN_POINT('',(489.839848603,219.878405278,-37.5));
#1551=DIRECTION('',(-0.,0.,1.));
#1552=VECTOR('',#1551,2.062578644);
#1553=LINE('',#1550,#1552);
#1554=EDGE_CURVE('',#1543,#1147,#1553,.T.);
#1555=ORIENTED_EDGE('',*,*,#1554,.T.);
#1556=EDGE_LOOP('',(#1153,#1161,#1169,#1177,#1185,#1193,#1201,#1209,#1217,#1225,#1233,#1241,#1247,#1248,#1256,#1264,#1272,#1280,#1288,#1296,#1304,#1312,#1320,#1328,#1334,#1335,
#1343,#1351,#1359,#1367,#1375,#1383,#1391,#1399,#1407,#1415,#1423,#1431,#1439,#1445,#1446,#1452,#1453,#1461,#1469,#1477,#1485,#1493,#1501,#1509,#1517,
#1525,#1533,#1541,#1549,#1555));
#1557=FACE_BOUND('',#1556,.T.);
#1558=CARTESIAN_POINT('',(489.839848603,263.989267349,-38.625));
#1559=VERTEX_POINT('',#1558);
#1560=CARTESIAN_POINT('',(489.839848603,268.589267349,-38.625));
#1561=VERTEX_POINT('',#1560);
#1562=CARTESIAN_POINT('',(489.839848603,263.989267349,-38.625));
#1563=DIRECTION('',(0.,1.,0.));
#1564=VECTOR('',#1563,4.6);
#1565=LINE('',#1562,#1564);
#1566=EDGE_CURVE('',#1559,#1561,#1565,.T.);
#1567=ORIENTED_EDGE('',*,*,#1566,.T.);
#1568=CARTESIAN_POINT('',(489.839848603,269.789267349,-39.825));
#1569=VERTEX_POINT('',#1568);
#1570=CARTESIAN_POINT('',(489.839848603,268.589267349,-39.825));
#1571=DIRECTION('',(-1.,0.,-0.));
#1572=DIRECTION('',(0.,1.,0.));
#1573=AXIS2_PLACEMENT_3D('',#1570,#1571,#1572);
#1574=CIRCLE('',#1573,1.2);
#1575=EDGE_CURVE('',#1561,#1569,#1574,.T.);
#1576=ORIENTED_EDGE('',*,*,#1575,.T.);
#1577=CARTESIAN_POINT('',(489.839848603,269.789267349,-40.275));
#1578=VERTEX_POINT('',#1577);
#1579=CARTESIAN_POINT('',(489.839848603,269.789267349,-39.825));
#1580=DIRECTION('',(0.,-0.,-1.));
#1581=VECTOR('',#1580,0.45);
#1582=LINE('',#1579,#1581);
#1583=EDGE_CURVE('',#1569,#1578,#1582,.T.);
#1584=ORIENTED_EDGE('',*,*,#1583,.T.);
#1585=CARTESIAN_POINT('',(489.839848603,268.589267349,-41.475));
#1586=VERTEX_POINT('',#1585);
#1587=CARTESIAN_POINT('',(489.839848603,268.589267349,-40.275));
#1588=DIRECTION('',(-1.,0.,-0.));
#1589=DIRECTION('',(0.,1.,0.));
#1590=AXIS2_PLACEMENT_3D('',#1587,#1588,#1589);
#1591=CIRCLE('',#1590,1.2);
#1592=EDGE_CURVE('',#1578,#1586,#1591,.T.);
#1593=ORIENTED_EDGE('',*,*,#1592,.T.);
#1594=CARTESIAN_POINT('',(489.839848603,263.989267349,-41.475));
#1595=VERTEX_POINT('',#1594);
#1596=CARTESIAN_POINT('',(489.839848603,268.589267349,-41.475));
#1597=DIRECTION('',(-0.,-1.,-0.));
#1598=VECTOR('',#1597,4.6);
#1599=LINE('',#1596,#1598);
#1600=EDGE_CURVE('',#1586,#1595,#1599,.T.);
#1601=ORIENTED_EDGE('',*,*,#1600,.T.);
#1602=CARTESIAN_POINT('',(489.839848603,262.789267349,-40.275));
#1603=VERTEX_POINT('',#1602);
#1604=CARTESIAN_POINT('',(489.839848603,263.989267349,-40.275));
#1605=DIRECTION('',(-1.,0.,-0.));
#1606=DIRECTION('',(0.,1.,0.));
#1607=AXIS2_PLACEMENT_3D('',#1604,#1605,#1606);
#1608=CIRCLE('',#1607,1.2);
#1609=EDGE_CURVE('',#1595,#1603,#1608,.T.);
#1610=ORIENTED_EDGE('',*,*,#1609,.T.);
#1611=CARTESIAN_POINT('',(489.839848603,262.789267349,-39.825));
#1612=VERTEX_POINT('',#1611);
#1613=CARTESIAN_POINT('',(489.839848603,262.789267349,-40.275));
#1614=DIRECTION('',(-0.,0.,1.));
#1615=VECTOR('',#1614,0.45);
#1616=LINE('',#1613,#1615);
#1617=EDGE_CURVE('',#1603,#1612,#1616,.T.);
#1618=ORIENTED_EDGE('',*,*,#1617,.T.);
#1619=CARTESIAN_POINT('',(489.839848603,263.989267349,-39.825));
#1620=DIRECTION('',(-1.,0.,-0.));
#1621=DIRECTION('',(0.,1.,0.));
#1622=AXIS2_PLACEMENT_3D('',#1619,#1620,#1621);
#1623=CIRCLE('',#1622,1.2);
#1624=EDGE_CURVE('',#1612,#1559,#1623,.T.);
#1625=ORIENTED_EDGE('',*,*,#1624,.T.);
#1626=EDGE_LOOP('',(#1567,#1576,#1584,#1593,#1601,#1610,#1618,#1625));
#1627=FACE_BOUND('',#1626,.T.);
#1628=CARTESIAN_POINT('',(489.839848603,263.989267349,-69.612113667));
#1629=VERTEX_POINT('',#1628);
#1630=CARTESIAN_POINT('',(489.839848603,268.589267349,-69.612113667));
#1631=VERTEX_POINT('',#1630);
#1632=CARTESIAN_POINT('',(489.839848603,263.989267349,-69.612113667));
#1633=DIRECTION('',(0.,1.,0.));
#1634=VECTOR('',#1633,4.6);
#1635=LINE('',#1632,#1634);
#1636=EDGE_CURVE('',#1629,#1631,#1635,.T.);
#1637=ORIENTED_EDGE('',*,*,#1636,.T.);
#1638=CARTESIAN_POINT('',(489.839848603,269.789267349,-70.812113667));
#1639=VERTEX_POINT('',#1638);
#1640=CARTESIAN_POINT('',(489.839848603,268.589267349,-70.812113667));
#1641=DIRECTION('',(-1.,0.,-0.));
#1642=DIRECTION('',(0.,1.,0.));
#1643=AXIS2_PLACEMENT_3D('',#1640,#1641,#1642);
#1644=CIRCLE('',#1643,1.2);
#1645=EDGE_CURVE('',#1631,#1639,#1644,.T.);
#1646=ORIENTED_EDGE('',*,*,#1645,.T.);
#1647=CARTESIAN_POINT('',(489.839848603,269.789267349,-71.262113667));
#1648=VERTEX_POINT('',#1647);
#1649=CARTESIAN_POINT('',(489.839848603,269.789267349,-70.812113667));
#1650=DIRECTION('',(0.,-0.,-1.));
#1651=VECTOR('',#1650,0.45);
#1652=LINE('',#1649,#1651);
#1653=EDGE_CURVE('',#1639,#1648,#1652,.T.);
#1654=ORIENTED_EDGE('',*,*,#1653,.T.);
#1655=CARTESIAN_POINT('',(489.839848603,268.589267349,-72.462113667));
#1656=VERTEX_POINT('',#1655);
#1657=CARTESIAN_POINT('',(489.839848603,268.589267349,-71.262113667));
#1658=DIRECTION('',(-1.,0.,-0.));
#1659=DIRECTION('',(0.,1.,0.));
#1660=AXIS2_PLACEMENT_3D('',#1657,#1658,#1659);
#1661=CIRCLE('',#1660,1.2);
#1662=EDGE_CURVE('',#1648,#1656,#1661,.T.);
#1663=ORIENTED_EDGE('',*,*,#1662,.T.);
#1664=CARTESIAN_POINT('',(489.839848603,263.989267349,-72.462113667));
#1665=VERTEX_POINT('',#1664);
#1666=CARTESIAN_POINT('',(489.839848603,268.589267349,-72.462113667));
#1667=DIRECTION('',(-0.,-1.,-0.));
#1668=VECTOR('',#1667,4.6);
#1669=LINE('',#1666,#1668);
#1670=EDGE_CURVE('',#1656,#1665,#1669,.T.);
#1671=ORIENTED_EDGE('',*,*,#1670,.T.);
#1672=CARTESIAN_POINT('',(489.839848603,262.789267349,-71.262113667));
#1673=VERTEX_POINT('',#1672);
#1674=CARTESIAN_POINT('',(489.839848603,263.989267349,-71.262113667));
#1675=DIRECTION('',(-1.,0.,-0.));
#1676=DIRECTION('',(0.,1.,0.));
#1677=AXIS2_PLACEMENT_3D('',#1674,#1675,#1676);
#1678=CIRCLE('',#1677,1.2);
#1679=EDGE_CURVE('',#1665,#1673,#1678,.T.);
#1680=ORIENTED_EDGE('',*,*,#1679,.T.);
#1681=CARTESIAN_POINT('',(489.839848603,262.789267349,-70.812113667));
#1682=VERTEX_POINT('',#1681);
#1683=CARTESIAN_POINT('',(489.839848603,262.789267349,-71.262113667));
#1684=DIRECTION('',(-0.,0.,1.));
#1685=VECTOR('',#1684,0.45);
#1686=LINE('',#1683,#1685);
#1687=EDGE_CURVE('',#1673,#1682,#1686,.T.);
#1688=ORIENTED_EDGE('',*,*,#1687,.T.);
#1689=CARTESIAN_POINT('',(489.839848603,263.989267349,-70.812113667));
#1690=DIRECTION('',(-1.,0.,-0.));
#1691=DIRECTION('',(0.,1.,0.));
#1692=AXIS2_PLACEMENT_3D('',#1689,#1690,#1691);
#1693=CIRCLE('',#1692,1.2);
#1694=EDGE_CURVE('',#1682,#1629,#1693,.T.);
#1695=ORIENTED_EDGE('',*,*,#1694,.T.);
#1696=EDGE_LOOP('',(#1637,#1646,#1654,#1663,#1671,#1680,#1688,#1695));
#1697=FACE_BOUND('',#1696,.T.);
#1698=CARTESIAN_POINT('',(489.839848603,233.,-69.612113667));
#1699=VERTEX_POINT('',#1698);
#1700=CARTESIAN_POINT('',(489.839848603,237.6,-69.612113667));
#1701=VERTEX_POINT('',#1700);
#1702=CARTESIAN_POINT('',(489.839848603,233.,-69.612113667));
#1703=DIRECTION('',(0.,1.,0.));
#1704=VECTOR('',#1703,4.6);
#1705=LINE('',#1702,#1704);
#1706=EDGE_CURVE('',#1699,#1701,#1705,.T.);
#1707=ORIENTED_EDGE('',*,*,#1706,.T.);
#1708=CARTESIAN_POINT('',(489.839848603,238.8,-70.812113667));
#1709=VERTEX_POINT('',#1708);
#1710=CARTESIAN_POINT('',(489.839848603,237.6,-70.812113667));
#1711=DIRECTION('',(-1.,0.,-0.));
#1712=DIRECTION('',(0.,1.,0.));
#1713=AXIS2_PLACEMENT_3D('',#1710,#1711,#1712);
#1714=CIRCLE('',#1713,1.2);
#1715=EDGE_CURVE('',#1701,#1709,#1714,.T.);
#1716=ORIENTED_EDGE('',*,*,#1715,.T.);
#1717=CARTESIAN_POINT('',(489.839848603,238.8,-71.262113667));
#1718=VERTEX_POINT('',#1717);
#1719=CARTESIAN_POINT('',(489.839848603,238.8,-70.812113667));
#1720=DIRECTION('',(0.,-0.,-1.));
#1721=VECTOR('',#1720,0.45);
#1722=LINE('',#1719,#1721);
#1723=EDGE_CURVE('',#1709,#1718,#1722,.T.);
#1724=ORIENTED_EDGE('',*,*,#1723,.T.);
#1725=CARTESIAN_POINT('',(489.839848603,237.6,-72.462113667));
#1726=VERTEX_POINT('',#1725);
#1727=CARTESIAN_POINT('',(489.839848603,237.6,-71.262113667));
#1728=DIRECTION('',(-1.,0.,-0.));
#1729=DIRECTION('',(0.,1.,0.));
#1730=AXIS2_PLACEMENT_3D('',#1727,#1728,#1729);
#1731=CIRCLE('',#1730,1.2);
#1732=EDGE_CURVE('',#1718,#1726,#1731,.T.);
#1733=ORIENTED_EDGE('',*,*,#1732,.T.);
#1734=CARTESIAN_POINT('',(489.839848603,233.,-72.462113667));
#1735=VERTEX_POINT('',#1734);
#1736=CARTESIAN_POINT('',(489.839848603,237.6,-72.462113667));
#1737=DIRECTION('',(-0.,-1.,-0.));
#1738=VECTOR('',#1737,4.6);
#1739=LINE('',#1736,#1738);
#1740=EDGE_CURVE('',#1726,#1735,#1739,.T.);
#1741=ORIENTED_EDGE('',*,*,#1740,.T.);
#1742=CARTESIAN_POINT('',(489.839848603,231.8,-71.262113667));
#1743=VERTEX_POINT('',#1742);
#1744=CARTESIAN_POINT('',(489.839848603,233.,-71.262113667));
#1745=DIRECTION('',(-1.,0.,-0.));
#1746=DIRECTION('',(0.,1.,0.));
#1747=AXIS2_PLACEMENT_3D('',#1744,#1745,#1746);
#1748=CIRCLE('',#1747,1.2);
#1749=EDGE_CURVE('',#1735,#1743,#1748,.T.);
#1750=ORIENTED_EDGE('',*,*,#1749,.T.);
#1751=CARTESIAN_POINT('',(489.839848603,231.8,-70.812113667));
#1752=VERTEX_POINT('',#1751);
#1753=CARTESIAN_POINT('',(489.839848603,231.8,-71.262113667));
#1754=DIRECTION('',(-0.,0.,1.));
#1755=VECTOR('',#1754,0.45);
#1756=LINE('',#1753,#1755);
#1757=EDGE_CURVE('',#1743,#1752,#1756,.T.);
#1758=ORIENTED_EDGE('',*,*,#1757,.T.);
#1759=CARTESIAN_POINT('',(489.839848603,233.,-70.812113667));
#1760=DIRECTION('',(-1.,0.,-0.));
#1761=DIRECTION('',(0.,1.,0.));
#1762=AXIS2_PLACEMENT_3D('',#1759,#1760,#1761);
#1763=CIRCLE('',#1762,1.2);
#1764=EDGE_CURVE('',#1752,#1699,#1763,.T.);
#1765=ORIENTED_EDGE('',*,*,#1764,.T.);
#1766=EDGE_LOOP('',(#1707,#1716,#1724,#1733,#1741,#1750,#1758,#1765));
#1767=FACE_BOUND('',#1766,.T.);
#1768=ADVANCED_FACE('',(#1073,#1143,#1557,#1627,#1697,#1767),#1003,.T.);
#1769=OVER_RIDING_STYLED_ITEM('',(#997),#1768,#26);
#1770=CARTESIAN_POINT('',(498.839848603,227.146992443,-76.137421357));
#1771=DIRECTION('',(0.,1.,0.));
#1772=DIRECTION('',(0.,0.,-1.));
#1773=AXIS2_PLACEMENT_3D('',#1770,#1771,#1772);
#1774=PLANE('',#1773);
#1775=ORIENTED_EDGE('',*,*,#770,.T.);
#1776=CARTESIAN_POINT('',(484.339848603,227.146992443,-42.651008522));
#1777=DIRECTION('',(1.,0.,0.));
#1778=VECTOR('',#1777,5.5);
#1779=LINE('',#1776,#1778);
#1780=EDGE_CURVE('',#757,#1155,#1779,.T.);
#1781=ORIENTED_EDGE('',*,*,#1780,.T.);
#1782=ORIENTED_EDGE('',*,*,#1160,.T.);
#1783=CARTESIAN_POINT('',(489.839848603,227.146992443,-35.437421357));
#1784=DIRECTION('',(-1.,0.,-0.));
#1785=VECTOR('',#1784,5.5);
#1786=LINE('',#1783,#1785);
#1787=EDGE_CURVE('',#1145,#765,#1786,.T.);
#1788=ORIENTED_EDGE('',*,*,#1787,.T.);
#1789=EDGE_LOOP('',(#1775,#1781,#1782,#1788));
#1790=FACE_BOUND('',#1789,.T.);
#1791=ADVANCED_FACE('',(#1790),#1774,.F.);
#1792=CARTESIAN_POINT('',(490.139848603,227.346992443,-35.037421357));
#1793=DIRECTION('',(0.,1.,-0.));
#1794=DIRECTION('',(-1.,0.,0.));
#1795=AXIS2_PLACEMENT_3D('',#1792,#1793,#1794);
#1796=PLANE('',#1795);
#1797=CARTESIAN_POINT('',(451.839848603,227.346992443,-35.437421357));
#1798=VERTEX_POINT('',#1797);
#1799=CARTESIAN_POINT('',(451.839848603,227.346992443,-34.537421357));
#1800=VERTEX_POINT('',#1799);
#1801=CARTESIAN_POINT('',(451.839848603,227.346992443,-35.437421357));
#1802=DIRECTION('',(-0.,0.,1.));
#1803=VECTOR('',#1802,0.9);
#1804=LINE('',#1801,#1803);
#1805=EDGE_CURVE('',#1798,#1800,#1804,.T.);
#1806=ORIENTED_EDGE('',*,*,#1805,.T.);
#1807=CARTESIAN_POINT('',(451.839848603,227.346992443,-34.537421357));
#1808=DIRECTION('',(1.,-0.,0.));
#1809=VECTOR('',#1808,32.5);
#1810=LINE('',#1807,#1809);
#1811=EDGE_CURVE('',#1800,#543,#1810,.T.);
#1812=ORIENTED_EDGE('',*,*,#1811,.T.);
#1813=ORIENTED_EDGE('',*,*,#550,.T.);
#1814=CARTESIAN_POINT('',(484.339848603,227.346992443,-35.437421357));
#1815=DIRECTION('',(-1.,0.,-0.));
#1816=VECTOR('',#1815,32.5);
#1817=LINE('',#1814,#1816);
#1818=EDGE_CURVE('',#545,#1798,#1817,.T.);
#1819=ORIENTED_EDGE('',*,*,#1818,.T.);
#1820=EDGE_LOOP('',(#1806,#1812,#1813,#1819));
#1821=FACE_BOUND('',#1820,.T.);
#1822=ADVANCED_FACE('',(#1821),#1796,.T.);
#1823=CARTESIAN_POINT('',(487.339848603,275.952572051,-122.137421357));
#1824=DIRECTION('',(0.,1.,-0.));
#1825=DIRECTION('',(0.,0.,1.));
#1826=AXIS2_PLACEMENT_3D('',#1823,#1824,#1825);
#1827=PLANE('',#1826);
#1828=ORIENTED_EDGE('',*,*,#160,.F.);
#1829=CARTESIAN_POINT('',(485.208908725,275.952572051,-81.537421357));
#1830=DIRECTION('',(0.,0.,1.));
#1831=VECTOR('',#1830,52.);
#1832=LINE('',#1829,#1831);
#1833=EDGE_CURVE('',#147,#185,#1832,.T.);
#1834=ORIENTED_EDGE('',*,*,#1833,.T.);
#1835=ORIENTED_EDGE('',*,*,#255,.F.);
#1836=ORIENTED_EDGE('',*,*,#1451,.F.);
#1837=EDGE_LOOP('',(#1828,#1834,#1835,#1836));
#1838=FACE_BOUND('',#1837,.T.);
#1839=ADVANCED_FACE('',(#1838),#1827,.T.);
#1840=CARTESIAN_POINT('',(458.589032415,237.93544876,-55.537421357));
#1841=DIRECTION('',(-0.819152044,0.573576436,-0.));
#1842=DIRECTION('',(-0.,-0.,1.));
#1843=AXIS2_PLACEMENT_3D('',#1840,#1841,#1842);
#1844=PLANE('',#1843);
#1845=ORIENTED_EDGE('',*,*,#392,.F.);
#1846=CARTESIAN_POINT('',(468.70522662,252.382871349,-34.037421357));
#1847=DIRECTION('',(0.,0.,1.));
#1848=VECTOR('',#1847,4.5);
#1849=LINE('',#1846,#1848);
#1850=EDGE_CURVE('',#380,#187,#1849,.T.);
#1851=ORIENTED_EDGE('',*,*,#1850,.T.);
#1852=ORIENTED_EDGE('',*,*,#192,.F.);
#1853=ORIENTED_EDGE('',*,*,#1833,.F.);
#1854=ORIENTED_EDGE('',*,*,#152,.F.);
#1855=CARTESIAN_POINT('',(468.524378664,252.124593701,-77.037421357));
#1856=DIRECTION('',(-0.,0.,-1.));
#1857=VECTOR('',#1856,4.5);
#1858=LINE('',#1855,#1857);
#1859=EDGE_CURVE('',#292,#139,#1858,.T.);
#1860=ORIENTED_EDGE('',*,*,#1859,.F.);
#1861=ORIENTED_EDGE('',*,*,#297,.F.);
#1862=ORIENTED_EDGE('',*,*,#563,.T.);
#1863=EDGE_LOOP('',(#1845,#1851,#1852,#1853,#1854,#1860,#1861,#1862));
#1864=FACE_BOUND('',#1863,.T.);
#1865=ADVANCED_FACE('',(#1864),#1844,.T.);
#1866=CARTESIAN_POINT('',(489.939848603,217.028405278,-73.574842713));
#1867=DIRECTION('',(-0.,0.,1.));
#1868=DIRECTION('',(-1.,0.,-0.));
#1869=AXIS2_PLACEMENT_3D('',#1866,#1867,#1868);
#1870=PLANE('',#1869);
#1871=CARTESIAN_POINT('',(451.839848603,219.878405278,-73.574842713));
#1872=VERTEX_POINT('',#1871);
#1873=CARTESIAN_POINT('',(451.839848603,221.205532639,-73.574842713));
#1874=VERTEX_POINT('',#1873);
#1875=CARTESIAN_POINT('',(451.839848603,219.878405278,-73.574842713));
#1876=DIRECTION('',(0.,1.,-0.));
#1877=VECTOR('',#1876,1.327127361);
#1878=LINE('',#1875,#1877);
#1879=EDGE_CURVE('',#1872,#1874,#1878,.T.);
#1880=ORIENTED_EDGE('',*,*,#1879,.T.);
#1881=CARTESIAN_POINT('',(451.839848603,221.205532639,-73.574842713));
#1882=DIRECTION('',(1.,-0.,0.));
#1883=VECTOR('',#1882,38.);
#1884=LINE('',#1881,#1883);
#1885=EDGE_CURVE('',#1874,#1353,#1884,.T.);
#1886=ORIENTED_EDGE('',*,*,#1885,.T.);
#1887=ORIENTED_EDGE('',*,*,#1358,.F.);
#1888=CARTESIAN_POINT('',(489.839848603,219.878405278,-73.574842713));
#1889=DIRECTION('',(-1.,0.,-0.));
#1890=VECTOR('',#1889,38.);
#1891=LINE('',#1888,#1890);
#1892=EDGE_CURVE('',#1345,#1872,#1891,.T.);
#1893=ORIENTED_EDGE('',*,*,#1892,.T.);
#1894=EDGE_LOOP('',(#1880,#1886,#1887,#1893));
#1895=FACE_BOUND('',#1894,.T.);
#1896=ADVANCED_FACE('',(#1895),#1870,.F.);
#1897=CARTESIAN_POINT('',(489.939848603,217.028405278,-73.574842713));
#1898=DIRECTION('',(-0.,0.,1.));
#1899=DIRECTION('',(-1.,0.,-0.));
#1900=AXIS2_PLACEMENT_3D('',#1897,#1898,#1899);
#1901=PLANE('',#1900);
#1902=ORIENTED_EDGE('',*,*,#1422,.F.);
#1903=CARTESIAN_POINT('',(451.839848603,212.851277916,-73.574842713));
#1904=VERTEX_POINT('',#1903);
#1905=CARTESIAN_POINT('',(489.839848603,212.851277916,-73.574842713));
#1906=DIRECTION('',(-1.,0.,-0.));
#1907=VECTOR('',#1906,38.);
#1908=LINE('',#1905,#1907);
#1909=EDGE_CURVE('',#1409,#1904,#1908,.T.);
#1910=ORIENTED_EDGE('',*,*,#1909,.T.);
#1911=CARTESIAN_POINT('',(451.839848603,214.105579608,-73.574842713));
#1912=VERTEX_POINT('',#1911);
#1913=CARTESIAN_POINT('',(451.839848603,212.851277916,-73.574842713));
#1914=DIRECTION('',(0.,1.,-0.));
#1915=VECTOR('',#1914,1.254301692);
#1916=LINE('',#1913,#1915);
#1917=EDGE_CURVE('',#1904,#1912,#1916,.T.);
#1918=ORIENTED_EDGE('',*,*,#1917,.T.);
#1919=CARTESIAN_POINT('',(489.839848603,214.105579608,-73.574842713));
#1920=DIRECTION('',(-1.,0.,-0.));
#1921=VECTOR('',#1920,38.);
#1922=LINE('',#1919,#1921);
#1923=EDGE_CURVE('',#1417,#1912,#1922,.T.);
#1924=ORIENTED_EDGE('',*,*,#1923,.F.);
#1925=EDGE_LOOP('',(#1902,#1910,#1918,#1924));
#1926=FACE_BOUND('',#1925,.T.);
#1927=ADVANCED_FACE('',(#1926),#1901,.F.);
#1928=CARTESIAN_POINT('',(489.939848603,212.451277916,-72.524842713));
#1929=DIRECTION('',(0.,1.,-0.));
#1930=DIRECTION('',(1.,-0.,0.));
#1931=AXIS2_PLACEMENT_3D('',#1928,#1929,#1930);
#1932=PLANE('',#1931);
#1933=CARTESIAN_POINT('',(451.839848603,212.451277916,-71.474842713));
#1934=VERTEX_POINT('',#1933);
#1935=CARTESIAN_POINT('',(451.839848603,212.451277916,-73.174842713));
#1936=VERTEX_POINT('',#1935);
#1937=CARTESIAN_POINT('',(451.839848603,212.451277916,-71.474842713));
#1938=DIRECTION('',(0.,-0.,-1.));
#1939=VECTOR('',#1938,1.7);
#1940=LINE('',#1937,#1939);
#1941=EDGE_CURVE('',#1934,#1936,#1940,.T.);
#1942=ORIENTED_EDGE('',*,*,#1941,.T.);
#1943=CARTESIAN_POINT('',(451.839848603,212.451277916,-73.174842713));
#1944=DIRECTION('',(1.,-0.,0.));
#1945=VECTOR('',#1944,38.);
#1946=LINE('',#1943,#1945);
#1947=EDGE_CURVE('',#1936,#1401,#1946,.T.);
#1948=ORIENTED_EDGE('',*,*,#1947,.T.);
#1949=ORIENTED_EDGE('',*,*,#1406,.F.);
#1950=CARTESIAN_POINT('',(489.839848603,212.451277916,-71.474842713));
#1951=DIRECTION('',(-1.,0.,-0.));
#1952=VECTOR('',#1951,38.);
#1953=LINE('',#1950,#1952);
#1954=EDGE_CURVE('',#1393,#1934,#1953,.T.);
#1955=ORIENTED_EDGE('',*,*,#1954,.T.);
#1956=EDGE_LOOP('',(#1942,#1948,#1949,#1955));
#1957=FACE_BOUND('',#1956,.T.);
#1958=ADVANCED_FACE('',(#1957),#1932,.F.);
#1959=CARTESIAN_POINT('',(489.939848603,213.289841597,-70.649842713));
#1960=DIRECTION('',(-0.,-0.701318154,0.712848403));
#1961=DIRECTION('',(-0.,-0.712848403,-0.701318154));
#1962=AXIS2_PLACEMENT_3D('',#1959,#1960,#1961);
#1963=PLANE('',#1962);
#1964=CARTESIAN_POINT('',(451.839848603,214.128405278,-69.824842713));
#1965=VERTEX_POINT('',#1964);
#1966=CARTESIAN_POINT('',(451.839848603,212.451277916,-71.474842713));
#1967=DIRECTION('',(0.,0.712848403,0.701318154));
#1968=VECTOR('',#1967,2.352712517);
#1969=LINE('',#1966,#1968);
#1970=EDGE_CURVE('',#1934,#1965,#1969,.T.);
#1971=ORIENTED_EDGE('',*,*,#1970,.F.);
#1972=ORIENTED_EDGE('',*,*,#1954,.F.);
#1973=ORIENTED_EDGE('',*,*,#1398,.T.);
#1974=CARTESIAN_POINT('',(489.839848603,214.128405278,-69.824842713));
#1975=DIRECTION('',(-1.,0.,-0.));
#1976=VECTOR('',#1975,38.);
#1977=LINE('',#1974,#1976);
#1978=EDGE_CURVE('',#1385,#1965,#1977,.T.);
#1979=ORIENTED_EDGE('',*,*,#1978,.T.);
#1980=EDGE_LOOP('',(#1971,#1972,#1973,#1979));
#1981=FACE_BOUND('',#1980,.T.);
#1982=ADVANCED_FACE('',(#1981),#1963,.T.);
#1983=CARTESIAN_POINT('',(489.939848603,217.028405278,-69.824842713));
#1984=DIRECTION('',(0.,-0.,-1.));
#1985=DIRECTION('',(1.,-0.,0.));
#1986=AXIS2_PLACEMENT_3D('',#1983,#1984,#1985);
#1987=PLANE('',#1986);
#1988=CARTESIAN_POINT('',(451.839848603,219.928405278,-69.824842713));
#1989=VERTEX_POINT('',#1988);
#1990=CARTESIAN_POINT('',(451.839848603,219.928405278,-69.824842713));
#1991=DIRECTION('',(-0.,-1.,0.));
#1992=VECTOR('',#1991,5.8);
#1993=LINE('',#1990,#1992);
#1994=EDGE_CURVE('',#1989,#1965,#1993,.T.);
#1995=ORIENTED_EDGE('',*,*,#1994,.T.);
#1996=ORIENTED_EDGE('',*,*,#1978,.F.);
#1997=ORIENTED_EDGE('',*,*,#1390,.F.);
#1998=CARTESIAN_POINT('',(489.839848603,219.928405278,-69.824842713));
#1999=DIRECTION('',(-1.,0.,-0.));
#2000=VECTOR('',#1999,38.);
#2001=LINE('',#1998,#2000);
#2002=EDGE_CURVE('',#1377,#1989,#2001,.T.);
#2003=ORIENTED_EDGE('',*,*,#2002,.T.);
#2004=EDGE_LOOP('',(#1995,#1996,#1997,#2003));
#2005=FACE_BOUND('',#2004,.T.);
#2006=ADVANCED_FACE('',(#2005),#1987,.F.);
#2007=CARTESIAN_POINT('',(489.939848603,220.766968958,-70.649842713));
#2008=DIRECTION('',(0.,0.701318154,0.712848403));
#2009=DIRECTION('',(-0.,-0.712848403,0.701318154));
#2010=AXIS2_PLACEMENT_3D('',#2007,#2008,#2009);
#2011=PLANE('',#2010);
#2012=CARTESIAN_POINT('',(451.839848603,221.605532639,-71.474842713));
#2013=VERTEX_POINT('',#2012);
#2014=CARTESIAN_POINT('',(451.839848603,219.928405278,-69.824842713));
#2015=DIRECTION('',(0.,0.712848403,-0.701318154));
#2016=VECTOR('',#2015,2.352712517);
#2017=LINE('',#2014,#2016);
#2018=EDGE_CURVE('',#1989,#2013,#2017,.T.);
#2019=ORIENTED_EDGE('',*,*,#2018,.F.);
#2020=ORIENTED_EDGE('',*,*,#2002,.F.);
#2021=ORIENTED_EDGE('',*,*,#1382,.T.);
#2022=CARTESIAN_POINT('',(489.839848603,221.605532639,-71.474842713));
#2023=DIRECTION('',(-1.,0.,-0.));
#2024=VECTOR('',#2023,38.);
#2025=LINE('',#2022,#2024);
#2026=EDGE_CURVE('',#1369,#2013,#2025,.T.);
#2027=ORIENTED_EDGE('',*,*,#2026,.T.);
#2028=EDGE_LOOP('',(#2019,#2020,#2021,#2027));
#2029=FACE_BOUND('',#2028,.T.);
#2030=ADVANCED_FACE('',(#2029),#2011,.T.);
#2031=CARTESIAN_POINT('',(489.939848603,221.605532639,-72.524842713));
#2032=DIRECTION('',(-0.,-1.,0.));
#2033=DIRECTION('',(-1.,0.,-0.));
#2034=AXIS2_PLACEMENT_3D('',#2031,#2032,#2033);
#2035=PLANE('',#2034);
#2036=ORIENTED_EDGE('',*,*,#1374,.F.);
#2037=CARTESIAN_POINT('',(451.839848603,221.605532639,-73.174842713));
#2038=VERTEX_POINT('',#2037);
#2039=CARTESIAN_POINT('',(489.839848603,221.605532639,-73.174842713));
#2040=DIRECTION('',(-1.,0.,-0.));
#2041=VECTOR('',#2040,38.);
#2042=LINE('',#2039,#2041);
#2043=EDGE_CURVE('',#1361,#2038,#2042,.T.);
#2044=ORIENTED_EDGE('',*,*,#2043,.T.);
#2045=CARTESIAN_POINT('',(451.839848603,221.605532639,-73.174842713));
#2046=DIRECTION('',(-0.,0.,1.));
#2047=VECTOR('',#2046,1.7);
#2048=LINE('',#2045,#2047);
#2049=EDGE_CURVE('',#2038,#2013,#2048,.T.);
#2050=ORIENTED_EDGE('',*,*,#2049,.T.);
#2051=ORIENTED_EDGE('',*,*,#2026,.F.);
#2052=EDGE_LOOP('',(#2036,#2044,#2050,#2051));
#2053=FACE_BOUND('',#2052,.T.);
#2054=ADVANCED_FACE('',(#2053),#2035,.F.);
#2055=CARTESIAN_POINT('',(451.839848603,434.178405278,-111.074842713));
#2056=DIRECTION('',(-1.,0.,-0.));
#2057=DIRECTION('',(0.,1.,-0.));
#2058=AXIS2_PLACEMENT_3D('',#2055,#2056,#2057);
#2059=PLANE('',#2058);
#2060=CARTESIAN_POINT('',(451.839848603,219.878405278,-75.637421357));
#2061=VERTEX_POINT('',#2060);
#2062=CARTESIAN_POINT('',(451.839848603,227.346992443,-75.637421357));
#2063=VERTEX_POINT('',#2062);
#2064=CARTESIAN_POINT('',(451.839848603,219.878405278,-75.637421357));
#2065=DIRECTION('',(0.,1.,0.));
#2066=VECTOR('',#2065,7.468587165);
#2067=LINE('',#2064,#2066);
#2068=EDGE_CURVE('',#2061,#2063,#2067,.T.);
#2069=ORIENTED_EDGE('',*,*,#2068,.T.);
#2070=CARTESIAN_POINT('',(451.839848603,227.346992443,-76.537421357));
#2071=VERTEX_POINT('',#2070);
#2072=CARTESIAN_POINT('',(451.839848603,227.346992443,-75.637421357));
#2073=DIRECTION('',(0.,-0.,-1.));
#2074=VECTOR('',#2073,0.9);
#2075=LINE('',#2072,#2074);
#2076=EDGE_CURVE('',#2063,#2071,#2075,.T.);
#2077=ORIENTED_EDGE('',*,*,#2076,.T.);
#2078=CARTESIAN_POINT('',(451.839848603,227.346992443,-76.537421357));
#2079=DIRECTION('',(0.,0.707106781,-0.707106781));
#2080=VECTOR('',#2079,0.707106781);
#2081=LINE('',#2078,#2080);
#2082=EDGE_CURVE('',#2071,#266,#2081,.T.);
#2083=ORIENTED_EDGE('',*,*,#2082,.T.);
#2084=ORIENTED_EDGE('',*,*,#273,.T.);
#2085=CARTESIAN_POINT('',(451.839848603,228.296615351,-77.037421357));
#2086=DIRECTION('',(0.,0.,-1.));
#2087=VECTOR('',#2086,4.5);
#2088=LINE('',#2085,#2087);
#2089=EDGE_CURVE('',#268,#115,#2088,.T.);
#2090=ORIENTED_EDGE('',*,*,#2089,.T.);
#2091=ORIENTED_EDGE('',*,*,#120,.F.);
#2092=CARTESIAN_POINT('',(451.839848603,207.341412835,-75.637421357));
#2093=VERTEX_POINT('',#2092);
#2094=CARTESIAN_POINT('',(451.839848603,207.341412835,-75.637421357));
#2095=DIRECTION('',(0.,-0.,-1.));
#2096=VECTOR('',#2095,5.9);
#2097=LINE('',#2094,#2096);
#2098=EDGE_CURVE('',#2093,#113,#2097,.T.);
#2099=ORIENTED_EDGE('',*,*,#2098,.F.);
#2100=CARTESIAN_POINT('',(451.839848603,214.105579608,-75.637421357));
#2101=VERTEX_POINT('',#2100);
#2102=CARTESIAN_POINT('',(451.839848603,207.341412835,-75.637421357));
#2103=DIRECTION('',(0.,1.,0.));
#2104=VECTOR('',#2103,6.764166774);
#2105=LINE('',#2102,#2104);
#2106=EDGE_CURVE('',#2093,#2101,#2105,.T.);
#2107=ORIENTED_EDGE('',*,*,#2106,.T.);
#2108=CARTESIAN_POINT('',(451.839848603,214.105579608,-73.574842713));
#2109=DIRECTION('',(0.,-0.,-1.));
#2110=VECTOR('',#2109,2.062578644);
#2111=LINE('',#2108,#2110);
#2112=EDGE_CURVE('',#1912,#2101,#2111,.T.);
#2113=ORIENTED_EDGE('',*,*,#2112,.F.);
#2114=ORIENTED_EDGE('',*,*,#1917,.F.);
#2115=CARTESIAN_POINT('',(451.839848603,212.851277916,-73.574842713));
#2116=DIRECTION('',(-0.,-0.707106781,0.707106781));
#2117=VECTOR('',#2116,0.565685425);
#2118=LINE('',#2115,#2117);
#2119=EDGE_CURVE('',#1904,#1936,#2118,.T.);
#2120=ORIENTED_EDGE('',*,*,#2119,.T.);
#2121=ORIENTED_EDGE('',*,*,#1941,.F.);
#2122=ORIENTED_EDGE('',*,*,#1970,.T.);
#2123=ORIENTED_EDGE('',*,*,#1994,.F.);
#2124=ORIENTED_EDGE('',*,*,#2018,.T.);
#2125=ORIENTED_EDGE('',*,*,#2049,.F.);
#2126=CARTESIAN_POINT('',(451.839848603,221.605532639,-73.174842713));
#2127=DIRECTION('',(-0.,-0.707106781,-0.707106781));
#2128=VECTOR('',#2127,0.565685425);
#2129=LINE('',#2126,#2128);
#2130=EDGE_CURVE('',#2038,#1874,#2129,.T.);
#2131=ORIENTED_EDGE('',*,*,#2130,.T.);
#2132=ORIENTED_EDGE('',*,*,#1879,.F.);
#2133=CARTESIAN_POINT('',(451.839848603,219.878405278,-75.637421357));
#2134=DIRECTION('',(-0.,0.,1.));
#2135=VECTOR('',#2134,2.062578644);
#2136=LINE('',#2133,#2135);
#2137=EDGE_CURVE('',#2061,#1872,#2136,.T.);
#2138=ORIENTED_EDGE('',*,*,#2137,.F.);
#2139=EDGE_LOOP('',(#2069,#2077,#2083,#2084,#2090,#2091,#2099,#2107,#2113,#2114,#2120,#2121,#2122,#2123,#2124,#2125,#2131,#2132,#2138));
#2140=FACE_BOUND('',#2139,.T.);
#2141=ADVANCED_FACE('',(#2140),#2059,.T.);
#2142=CARTESIAN_POINT('',(492.839848603,214.105579608,-37.492834773));
#2143=DIRECTION('',(0.,1.,0.));
#2144=DIRECTION('',(-1.,0.,0.));
#2145=AXIS2_PLACEMENT_3D('',#2142,#2143,#2144);
#2146=PLANE('',#2145);
#2147=ORIENTED_EDGE('',*,*,#1430,.F.);
#2148=ORIENTED_EDGE('',*,*,#1923,.T.);
#2149=ORIENTED_EDGE('',*,*,#2112,.T.);
#2150=CARTESIAN_POINT('',(489.839848603,214.105579608,-75.637421357));
#2151=DIRECTION('',(-1.,0.,-0.));
#2152=VECTOR('',#2151,38.);
#2153=LINE('',#2150,#2152);
#2154=EDGE_CURVE('',#1425,#2101,#2153,.T.);
#2155=ORIENTED_EDGE('',*,*,#2154,.F.);
#2156=EDGE_LOOP('',(#2147,#2148,#2149,#2155));
#2157=FACE_BOUND('',#2156,.T.);
#2158=ADVANCED_FACE('',(#2157),#2146,.F.);
#2159=CARTESIAN_POINT('',(492.839848603,214.105579608,-37.492834773));
#2160=DIRECTION('',(0.,1.,0.));
#2161=DIRECTION('',(-1.,0.,0.));
#2162=AXIS2_PLACEMENT_3D('',#2159,#2160,#2161);
#2163=PLANE('',#2162);
#2164=CARTESIAN_POINT('',(451.839848603,214.105579608,-37.5));
#2165=VERTEX_POINT('',#2164);
#2166=CARTESIAN_POINT('',(489.839848603,214.105579608,-37.5));
#2167=DIRECTION('',(-1.,0.,-0.));
#2168=VECTOR('',#2167,38.);
#2169=LINE('',#2166,#2168);
#2170=EDGE_CURVE('',#1471,#2165,#2169,.T.);
#2171=ORIENTED_EDGE('',*,*,#2170,.F.);
#2172=ORIENTED_EDGE('',*,*,#1476,.F.);
#2173=CARTESIAN_POINT('',(451.839848603,214.105579608,-35.437421357));
#2174=VERTEX_POINT('',#2173);
#2175=CARTESIAN_POINT('',(489.839848603,214.105579608,-35.437421357));
#2176=DIRECTION('',(-1.,0.,-0.));
#2177=VECTOR('',#2176,38.);
#2178=LINE('',#2175,#2177);
#2179=EDGE_CURVE('',#1463,#2174,#2178,.T.);
#2180=ORIENTED_EDGE('',*,*,#2179,.T.);
#2181=CARTESIAN_POINT('',(451.839848603,214.105579608,-35.437421357));
#2182=DIRECTION('',(0.,-0.,-1.));
#2183=VECTOR('',#2182,2.062578644);
#2184=LINE('',#2181,#2183);
#2185=EDGE_CURVE('',#2174,#2165,#2184,.T.);
#2186=ORIENTED_EDGE('',*,*,#2185,.T.);
#2187=EDGE_LOOP('',(#2171,#2172,#2180,#2186));
#2188=FACE_BOUND('',#2187,.T.);
#2189=ADVANCED_FACE('',(#2188),#2163,.F.);
#2190=CARTESIAN_POINT('',(492.839848603,219.878405278,-37.492834773));
#2191=DIRECTION('',(-0.,-1.,0.));
#2192=DIRECTION('',(1.,-0.,0.));
#2193=AXIS2_PLACEMENT_3D('',#2190,#2191,#2192);
#2194=PLANE('',#2193);
#2195=ORIENTED_EDGE('',*,*,#1892,.F.);
#2196=ORIENTED_EDGE('',*,*,#1350,.F.);
#2197=CARTESIAN_POINT('',(489.839848603,219.878405278,-75.637421357));
#2198=DIRECTION('',(-1.,0.,-0.));
#2199=VECTOR('',#2198,38.);
#2200=LINE('',#2197,#2199);
#2201=EDGE_CURVE('',#1337,#2061,#2200,.T.);
#2202=ORIENTED_EDGE('',*,*,#2201,.T.);
#2203=ORIENTED_EDGE('',*,*,#2137,.T.);
#2204=EDGE_LOOP('',(#2195,#2196,#2202,#2203));
#2205=FACE_BOUND('',#2204,.T.);
#2206=ADVANCED_FACE('',(#2205),#2194,.F.);
#2207=CARTESIAN_POINT('',(490.139848603,217.346992443,-75.637421357));
#2208=DIRECTION('',(-0.,0.,1.));
#2209=DIRECTION('',(1.,0.,0.));
#2210=AXIS2_PLACEMENT_3D('',#2207,#2208,#2209);
#2211=PLANE('',#2210);
#2212=ORIENTED_EDGE('',*,*,#1342,.T.);
#2213=ORIENTED_EDGE('',*,*,#96,.T.);
#2214=ORIENTED_EDGE('',*,*,#586,.F.);
#2215=CARTESIAN_POINT('',(484.339848603,227.346992443,-75.637421357));
#2216=DIRECTION('',(-1.,0.,-0.));
#2217=VECTOR('',#2216,32.5);
#2218=LINE('',#2215,#2217);
#2219=EDGE_CURVE('',#575,#2063,#2218,.T.);
#2220=ORIENTED_EDGE('',*,*,#2219,.T.);
#2221=ORIENTED_EDGE('',*,*,#2068,.F.);
#2222=ORIENTED_EDGE('',*,*,#2201,.F.);
#2223=EDGE_LOOP('',(#2212,#2213,#2214,#2220,#2221,#2222));
#2224=FACE_BOUND('',#2223,.T.);
#2225=ADVANCED_FACE('',(#2224),#2211,.T.);
#2226=CARTESIAN_POINT('',(490.139848603,217.346992443,-35.437421357));
#2227=DIRECTION('',(0.,0.,-1.));
#2228=DIRECTION('',(-1.,0.,-0.));
#2229=AXIS2_PLACEMENT_3D('',#2226,#2227,#2228);
#2230=PLANE('',#2229);
#2231=CARTESIAN_POINT('',(451.839848603,219.878405278,-35.437421357));
#2232=VERTEX_POINT('',#2231);
#2233=CARTESIAN_POINT('',(451.839848603,227.346992443,-35.437421357));
#2234=DIRECTION('',(-0.,-1.,-0.));
#2235=VECTOR('',#2234,7.468587165);
#2236=LINE('',#2233,#2235);
#2237=EDGE_CURVE('',#1798,#2232,#2236,.T.);
#2238=ORIENTED_EDGE('',*,*,#2237,.F.);
#2239=ORIENTED_EDGE('',*,*,#1818,.F.);
#2240=ORIENTED_EDGE('',*,*,#776,.T.);
#2241=ORIENTED_EDGE('',*,*,#1787,.F.);
#2242=ORIENTED_EDGE('',*,*,#1152,.T.);
#2243=CARTESIAN_POINT('',(489.839848603,219.878405278,-35.437421357));
#2244=DIRECTION('',(-1.,0.,-0.));
#2245=VECTOR('',#2244,38.);
#2246=LINE('',#2243,#2245);
#2247=EDGE_CURVE('',#1147,#2232,#2246,.T.);
#2248=ORIENTED_EDGE('',*,*,#2247,.T.);
#2249=EDGE_LOOP('',(#2238,#2239,#2240,#2241,#2242,#2248));
#2250=FACE_BOUND('',#2249,.T.);
#2251=ADVANCED_FACE('',(#2250),#2230,.T.);
#2252=CARTESIAN_POINT('',(453.134848603,207.341412835,-79.337421357));
#2253=DIRECTION('',(0.,-1.,0.));
#2254=DIRECTION('',(1.,0.,-0.));
#2255=AXIS2_PLACEMENT_3D('',#2252,#2253,#2254);
#2256=PLANE('',#2255);
#2257=CARTESIAN_POINT('',(489.839848603,207.341412835,-75.637421357));
#2258=DIRECTION('',(-1.,-0.,-0.));
#2259=VECTOR('',#2258,38.);
#2260=LINE('',#2257,#2259);
#2261=EDGE_CURVE('',#1433,#2093,#2260,.T.);
#2262=ORIENTED_EDGE('',*,*,#2261,.T.);
#2263=ORIENTED_EDGE('',*,*,#2098,.T.);
#2264=ORIENTED_EDGE('',*,*,#174,.F.);
#2265=ORIENTED_EDGE('',*,*,#1444,.T.);
#2266=EDGE_LOOP('',(#2262,#2263,#2264,#2265));
#2267=FACE_BOUND('',#2266,.T.);
#2268=ADVANCED_FACE('',(#2267),#2256,.T.);
#2269=CARTESIAN_POINT('',(490.139848603,217.346992443,-75.637421357));
#2270=DIRECTION('',(-0.,0.,1.));
#2271=DIRECTION('',(1.,0.,0.));
#2272=AXIS2_PLACEMENT_3D('',#2269,#2270,#2271);
#2273=PLANE('',#2272);
#2274=ORIENTED_EDGE('',*,*,#2106,.F.);
#2275=ORIENTED_EDGE('',*,*,#2261,.F.);
#2276=ORIENTED_EDGE('',*,*,#1438,.T.);
#2277=ORIENTED_EDGE('',*,*,#2154,.T.);
#2278=EDGE_LOOP('',(#2274,#2275,#2276,#2277));
#2279=FACE_BOUND('',#2278,.T.);
#2280=ADVANCED_FACE('',(#2279),#2273,.T.);
#2281=CARTESIAN_POINT('',(490.139848603,227.346992443,-76.037421357));
#2282=DIRECTION('',(0.,1.,-0.));
#2283=DIRECTION('',(-1.,0.,0.));
#2284=AXIS2_PLACEMENT_3D('',#2281,#2282,#2283);
#2285=PLANE('',#2284);
#2286=ORIENTED_EDGE('',*,*,#580,.F.);
#2287=CARTESIAN_POINT('',(484.339848603,227.346992443,-76.537421357));
#2288=DIRECTION('',(-1.,0.,0.));
#2289=VECTOR('',#2288,32.5);
#2290=LINE('',#2287,#2289);
#2291=EDGE_CURVE('',#567,#2071,#2290,.T.);
#2292=ORIENTED_EDGE('',*,*,#2291,.T.);
#2293=ORIENTED_EDGE('',*,*,#2076,.F.);
#2294=ORIENTED_EDGE('',*,*,#2219,.F.);
#2295=EDGE_LOOP('',(#2286,#2292,#2293,#2294));
#2296=FACE_BOUND('',#2295,.T.);
#2297=ADVANCED_FACE('',(#2296),#2285,.T.);
#2298=CARTESIAN_POINT('',(451.839848603,247.784397458,-55.537421357));
#2299=DIRECTION('',(1.,-0.,0.));
#2300=DIRECTION('',(-0.,-1.,0.));
#2301=AXIS2_PLACEMENT_3D('',#2298,#2299,#2300);
#2302=PLANE('',#2301);
#2303=ORIENTED_EDGE('',*,*,#233,.T.);
#2304=CARTESIAN_POINT('',(451.839848603,228.296615351,-34.037421357));
#2305=DIRECTION('',(-0.,-0.,1.));
#2306=VECTOR('',#2305,4.5);
#2307=LINE('',#2304,#2306);
#2308=EDGE_CURVE('',#348,#220,#2307,.T.);
#2309=ORIENTED_EDGE('',*,*,#2308,.F.);
#2310=ORIENTED_EDGE('',*,*,#353,.T.);
#2311=CARTESIAN_POINT('',(451.839848603,227.846992443,-34.037421357));
#2312=DIRECTION('',(-0.,-0.707106781,-0.707106781));
#2313=VECTOR('',#2312,0.707106781);
#2314=LINE('',#2311,#2313);
#2315=EDGE_CURVE('',#340,#1800,#2314,.T.);
#2316=ORIENTED_EDGE('',*,*,#2315,.T.);
#2317=ORIENTED_EDGE('',*,*,#1805,.F.);
#2318=ORIENTED_EDGE('',*,*,#2237,.T.);
#2319=CARTESIAN_POINT('',(451.839848603,219.878405278,-37.5));
#2320=VERTEX_POINT('',#2319);
#2321=CARTESIAN_POINT('',(451.839848603,219.878405278,-37.5));
#2322=DIRECTION('',(-0.,0.,1.));
#2323=VECTOR('',#2322,2.062578644);
#2324=LINE('',#2321,#2323);
#2325=EDGE_CURVE('',#2320,#2232,#2324,.T.);
#2326=ORIENTED_EDGE('',*,*,#2325,.F.);
#2327=CARTESIAN_POINT('',(451.839848603,221.13270697,-37.5));
#2328=VERTEX_POINT('',#2327);
#2329=CARTESIAN_POINT('',(451.839848603,221.13270697,-37.5));
#2330=DIRECTION('',(-0.,-1.,-0.));
#2331=VECTOR('',#2330,1.254301692);
#2332=LINE('',#2329,#2331);
#2333=EDGE_CURVE('',#2328,#2320,#2332,.T.);
#2334=ORIENTED_EDGE('',*,*,#2333,.F.);
#2335=CARTESIAN_POINT('',(451.839848603,221.53270697,-37.9));
#2336=VERTEX_POINT('',#2335);
#2337=CARTESIAN_POINT('',(451.839848603,221.13270697,-37.5));
#2338=DIRECTION('',(0.,0.707106781,-0.707106781));
#2339=VECTOR('',#2338,0.565685425);
#2340=LINE('',#2337,#2339);
#2341=EDGE_CURVE('',#2328,#2336,#2340,.T.);
#2342=ORIENTED_EDGE('',*,*,#2341,.T.);
#2343=CARTESIAN_POINT('',(451.839848603,221.53270697,-39.6));
#2344=VERTEX_POINT('',#2343);
#2345=CARTESIAN_POINT('',(451.839848603,221.53270697,-39.6));
#2346=DIRECTION('',(-0.,0.,1.));
#2347=VECTOR('',#2346,1.7);
#2348=LINE('',#2345,#2347);
#2349=EDGE_CURVE('',#2344,#2336,#2348,.T.);
#2350=ORIENTED_EDGE('',*,*,#2349,.F.);
#2351=CARTESIAN_POINT('',(451.839848603,219.855579608,-41.25));
#2352=VERTEX_POINT('',#2351);
#2353=CARTESIAN_POINT('',(451.839848603,221.53270697,-39.6));
#2354=DIRECTION('',(-0.,-0.712848403,-0.701318154));
#2355=VECTOR('',#2354,2.352712517);
#2356=LINE('',#2353,#2355);
#2357=EDGE_CURVE('',#2344,#2352,#2356,.T.);
#2358=ORIENTED_EDGE('',*,*,#2357,.T.);
#2359=CARTESIAN_POINT('',(451.839848603,214.055579608,-41.25));
#2360=VERTEX_POINT('',#2359);
#2361=CARTESIAN_POINT('',(451.839848603,214.055579608,-41.25));
#2362=DIRECTION('',(0.,1.,0.));
#2363=VECTOR('',#2362,5.8);
#2364=LINE('',#2361,#2363);
#2365=EDGE_CURVE('',#2360,#2352,#2364,.T.);
#2366=ORIENTED_EDGE('',*,*,#2365,.F.);
#2367=CARTESIAN_POINT('',(451.839848603,212.378452247,-39.6));
#2368=VERTEX_POINT('',#2367);
#2369=CARTESIAN_POINT('',(451.839848603,214.055579608,-41.25));
#2370=DIRECTION('',(-0.,-0.712848403,0.701318154));
#2371=VECTOR('',#2370,2.352712517);
#2372=LINE('',#2369,#2371);
#2373=EDGE_CURVE('',#2360,#2368,#2372,.T.);
#2374=ORIENTED_EDGE('',*,*,#2373,.T.);
#2375=CARTESIAN_POINT('',(451.839848603,212.378452247,-37.9));
#2376=VERTEX_POINT('',#2375);
#2377=CARTESIAN_POINT('',(451.839848603,212.378452247,-37.9));
#2378=DIRECTION('',(0.,-0.,-1.));
#2379=VECTOR('',#2378,1.7);
#2380=LINE('',#2377,#2379);
#2381=EDGE_CURVE('',#2376,#2368,#2380,.T.);
#2382=ORIENTED_EDGE('',*,*,#2381,.F.);
#2383=CARTESIAN_POINT('',(451.839848603,212.778452247,-37.5));
#2384=VERTEX_POINT('',#2383);
#2385=CARTESIAN_POINT('',(451.839848603,212.378452247,-37.9));
#2386=DIRECTION('',(0.,0.707106781,0.707106781));
#2387=VECTOR('',#2386,0.565685425);
#2388=LINE('',#2385,#2387);
#2389=EDGE_CURVE('',#2376,#2384,#2388,.T.);
#2390=ORIENTED_EDGE('',*,*,#2389,.T.);
#2391=CARTESIAN_POINT('',(451.839848603,214.105579608,-37.5));
#2392=DIRECTION('',(-0.,-1.,-0.));
#2393=VECTOR('',#2392,1.327127361);
#2394=LINE('',#2391,#2393);
#2395=EDGE_CURVE('',#2165,#2384,#2394,.T.);
#2396=ORIENTED_EDGE('',*,*,#2395,.F.);
#2397=ORIENTED_EDGE('',*,*,#2185,.F.);
#2398=CARTESIAN_POINT('',(451.839848603,207.346992443,-35.437421357));
#2399=VERTEX_POINT('',#2398);
#2400=CARTESIAN_POINT('',(451.839848603,214.105579608,-35.437421357));
#2401=DIRECTION('',(-0.,-1.,-0.));
#2402=VECTOR('',#2401,6.758587165);
#2403=LINE('',#2400,#2402);
#2404=EDGE_CURVE('',#2174,#2399,#2403,.T.);
#2405=ORIENTED_EDGE('',*,*,#2404,.T.);
#2406=CARTESIAN_POINT('',(451.839848603,207.346992443,-35.437421357));
#2407=DIRECTION('',(-0.,0.,1.));
#2408=VECTOR('',#2407,5.9);
#2409=LINE('',#2406,#2408);
#2410=EDGE_CURVE('',#2399,#228,#2409,.T.);
#2411=ORIENTED_EDGE('',*,*,#2410,.T.);
#2412=EDGE_LOOP('',(#2303,#2309,#2310,#2316,#2317,#2318,#2326,#2334,#2342,#2350,#2358,#2366,#2374,#2382,#2390,#2396,#2397,#2405,#2411));
#2413=FACE_BOUND('',#2412,.T.);
#2414=ADVANCED_FACE('',(#2413),#2302,.F.);
#2415=CARTESIAN_POINT('',(490.139848603,207.346992443,-35.037421357));
#2416=DIRECTION('',(-0.,-1.,0.));
#2417=DIRECTION('',(1.,-0.,0.));
#2418=AXIS2_PLACEMENT_3D('',#2415,#2416,#2417);
#2419=PLANE('',#2418);
#2420=ORIENTED_EDGE('',*,*,#241,.T.);
#2421=ORIENTED_EDGE('',*,*,#2410,.F.);
#2422=CARTESIAN_POINT('',(489.839848603,207.346992443,-35.437421357));
#2423=DIRECTION('',(-1.,0.,-0.));
#2424=VECTOR('',#2423,38.);
#2425=LINE('',#2422,#2424);
#2426=EDGE_CURVE('',#1455,#2399,#2425,.T.);
#2427=ORIENTED_EDGE('',*,*,#2426,.F.);
#2428=ORIENTED_EDGE('',*,*,#1460,.F.);
#2429=EDGE_LOOP('',(#2420,#2421,#2427,#2428));
#2430=FACE_BOUND('',#2429,.T.);
#2431=ADVANCED_FACE('',(#2430),#2419,.T.);
#2432=CARTESIAN_POINT('',(490.139848603,217.346992443,-35.437421357));
#2433=DIRECTION('',(0.,0.,-1.));
#2434=DIRECTION('',(-1.,0.,-0.));
#2435=AXIS2_PLACEMENT_3D('',#2432,#2433,#2434);
#2436=PLANE('',#2435);
#2437=ORIENTED_EDGE('',*,*,#2426,.T.);
#2438=ORIENTED_EDGE('',*,*,#2404,.F.);
#2439=ORIENTED_EDGE('',*,*,#2179,.F.);
#2440=ORIENTED_EDGE('',*,*,#1468,.T.);
#2441=EDGE_LOOP('',(#2437,#2438,#2439,#2440));
#2442=FACE_BOUND('',#2441,.T.);
#2443=ADVANCED_FACE('',(#2442),#2436,.T.);
#2444=CARTESIAN_POINT('',(492.839848603,219.878405278,-37.492834773));
#2445=DIRECTION('',(-0.,-1.,0.));
#2446=DIRECTION('',(1.,-0.,0.));
#2447=AXIS2_PLACEMENT_3D('',#2444,#2445,#2446);
#2448=PLANE('',#2447);
#2449=ORIENTED_EDGE('',*,*,#1554,.F.);
#2450=CARTESIAN_POINT('',(489.839848603,219.878405278,-37.5));
#2451=DIRECTION('',(-1.,0.,-0.));
#2452=VECTOR('',#2451,38.);
#2453=LINE('',#2450,#2452);
#2454=EDGE_CURVE('',#1543,#2320,#2453,.T.);
#2455=ORIENTED_EDGE('',*,*,#2454,.T.);
#2456=ORIENTED_EDGE('',*,*,#2325,.T.);
#2457=ORIENTED_EDGE('',*,*,#2247,.F.);
#2458=EDGE_LOOP('',(#2449,#2455,#2456,#2457));
#2459=FACE_BOUND('',#2458,.T.);
#2460=ADVANCED_FACE('',(#2459),#2448,.F.);
#2461=CARTESIAN_POINT('',(489.939848603,216.955579608,-37.5));
#2462=DIRECTION('',(0.,0.,-1.));
#2463=DIRECTION('',(-1.,0.,-0.));
#2464=AXIS2_PLACEMENT_3D('',#2461,#2462,#2463);
#2465=PLANE('',#2464);
#2466=ORIENTED_EDGE('',*,*,#2395,.T.);
#2467=CARTESIAN_POINT('',(451.839848603,212.778452247,-37.5));
#2468=DIRECTION('',(1.,-0.,0.));
#2469=VECTOR('',#2468,38.);
#2470=LINE('',#2467,#2469);
#2471=EDGE_CURVE('',#2384,#1479,#2470,.T.);
#2472=ORIENTED_EDGE('',*,*,#2471,.T.);
#2473=ORIENTED_EDGE('',*,*,#1484,.F.);
#2474=ORIENTED_EDGE('',*,*,#2170,.T.);
#2475=EDGE_LOOP('',(#2466,#2472,#2473,#2474));
#2476=FACE_BOUND('',#2475,.T.);
#2477=ADVANCED_FACE('',(#2476),#2465,.F.);
#2478=CARTESIAN_POINT('',(489.939848603,216.955579608,-37.5));
#2479=DIRECTION('',(0.,0.,-1.));
#2480=DIRECTION('',(-1.,0.,-0.));
#2481=AXIS2_PLACEMENT_3D('',#2478,#2479,#2480);
#2482=PLANE('',#2481);
#2483=ORIENTED_EDGE('',*,*,#1548,.F.);
#2484=CARTESIAN_POINT('',(489.839848603,221.13270697,-37.5));
#2485=DIRECTION('',(-1.,0.,-0.));
#2486=VECTOR('',#2485,38.);
#2487=LINE('',#2484,#2486);
#2488=EDGE_CURVE('',#1535,#2328,#2487,.T.);
#2489=ORIENTED_EDGE('',*,*,#2488,.T.);
#2490=ORIENTED_EDGE('',*,*,#2333,.T.);
#2491=ORIENTED_EDGE('',*,*,#2454,.F.);
#2492=EDGE_LOOP('',(#2483,#2489,#2490,#2491));
#2493=FACE_BOUND('',#2492,.T.);
#2494=ADVANCED_FACE('',(#2493),#2482,.F.);
#2495=CARTESIAN_POINT('',(489.939848603,221.53270697,-38.55));
#2496=DIRECTION('',(-0.,-1.,0.));
#2497=DIRECTION('',(1.,-0.,0.));
#2498=AXIS2_PLACEMENT_3D('',#2495,#2496,#2497);
#2499=PLANE('',#2498);
#2500=ORIENTED_EDGE('',*,*,#2349,.T.);
#2501=CARTESIAN_POINT('',(451.839848603,221.53270697,-37.9));
#2502=DIRECTION('',(1.,-0.,0.));
#2503=VECTOR('',#2502,38.);
#2504=LINE('',#2501,#2503);
#2505=EDGE_CURVE('',#2336,#1527,#2504,.T.);
#2506=ORIENTED_EDGE('',*,*,#2505,.T.);
#2507=ORIENTED_EDGE('',*,*,#1532,.F.);
#2508=CARTESIAN_POINT('',(489.839848603,221.53270697,-39.6));
#2509=DIRECTION('',(-1.,0.,-0.));
#2510=VECTOR('',#2509,38.);
#2511=LINE('',#2508,#2510);
#2512=EDGE_CURVE('',#1519,#2344,#2511,.T.);
#2513=ORIENTED_EDGE('',*,*,#2512,.T.);
#2514=EDGE_LOOP('',(#2500,#2506,#2507,#2513));
#2515=FACE_BOUND('',#2514,.T.);
#2516=ADVANCED_FACE('',(#2515),#2499,.F.);
#2517=CARTESIAN_POINT('',(489.939848603,220.694143289,-40.425));
#2518=DIRECTION('',(0.,0.701318154,-0.712848403));
#2519=DIRECTION('',(0.,0.712848403,0.701318154));
#2520=AXIS2_PLACEMENT_3D('',#2517,#2518,#2519);
#2521=PLANE('',#2520);
#2522=ORIENTED_EDGE('',*,*,#2357,.F.);
#2523=ORIENTED_EDGE('',*,*,#2512,.F.);
#2524=ORIENTED_EDGE('',*,*,#1524,.T.);
#2525=CARTESIAN_POINT('',(489.839848603,219.855579608,-41.25));
#2526=DIRECTION('',(-1.,0.,-0.));
#2527=VECTOR('',#2526,38.);
#2528=LINE('',#2525,#2527);
#2529=EDGE_CURVE('',#1511,#2352,#2528,.T.);
#2530=ORIENTED_EDGE('',*,*,#2529,.T.);
#2531=EDGE_LOOP('',(#2522,#2523,#2524,#2530));
#2532=FACE_BOUND('',#2531,.T.);
#2533=ADVANCED_FACE('',(#2532),#2521,.T.);
#2534=CARTESIAN_POINT('',(489.939848603,216.955579608,-41.25));
#2535=DIRECTION('',(-0.,0.,1.));
#2536=DIRECTION('',(1.,0.,0.));
#2537=AXIS2_PLACEMENT_3D('',#2534,#2535,#2536);
#2538=PLANE('',#2537);
#2539=ORIENTED_EDGE('',*,*,#2365,.T.);
#2540=ORIENTED_EDGE('',*,*,#2529,.F.);
#2541=ORIENTED_EDGE('',*,*,#1516,.F.);
#2542=CARTESIAN_POINT('',(489.839848603,214.055579608,-41.25));
#2543=DIRECTION('',(-1.,0.,-0.));
#2544=VECTOR('',#2543,38.);
#2545=LINE('',#2542,#2544);
#2546=EDGE_CURVE('',#1503,#2360,#2545,.T.);
#2547=ORIENTED_EDGE('',*,*,#2546,.T.);
#2548=EDGE_LOOP('',(#2539,#2540,#2541,#2547));
#2549=FACE_BOUND('',#2548,.T.);
#2550=ADVANCED_FACE('',(#2549),#2538,.F.);
#2551=CARTESIAN_POINT('',(489.939848603,213.217015928,-40.425));
#2552=DIRECTION('',(-0.,-0.701318154,-0.712848403));
#2553=DIRECTION('',(0.,0.712848403,-0.701318154));
#2554=AXIS2_PLACEMENT_3D('',#2551,#2552,#2553);
#2555=PLANE('',#2554);
#2556=ORIENTED_EDGE('',*,*,#2373,.F.);
#2557=ORIENTED_EDGE('',*,*,#2546,.F.);
#2558=ORIENTED_EDGE('',*,*,#1508,.T.);
#2559=CARTESIAN_POINT('',(489.839848603,212.378452247,-39.6));
#2560=DIRECTION('',(-1.,0.,-0.));
#2561=VECTOR('',#2560,38.);
#2562=LINE('',#2559,#2561);
#2563=EDGE_CURVE('',#1495,#2368,#2562,.T.);
#2564=ORIENTED_EDGE('',*,*,#2563,.T.);
#2565=EDGE_LOOP('',(#2556,#2557,#2558,#2564));
#2566=FACE_BOUND('',#2565,.T.);
#2567=ADVANCED_FACE('',(#2566),#2555,.T.);
#2568=CARTESIAN_POINT('',(489.939848603,212.378452247,-38.55));
#2569=DIRECTION('',(0.,1.,0.));
#2570=DIRECTION('',(-1.,0.,0.));
#2571=AXIS2_PLACEMENT_3D('',#2568,#2569,#2570);
#2572=PLANE('',#2571);
#2573=ORIENTED_EDGE('',*,*,#1500,.F.);
#2574=CARTESIAN_POINT('',(489.839848603,212.378452247,-37.9));
#2575=DIRECTION('',(-1.,0.,-0.));
#2576=VECTOR('',#2575,38.);
#2577=LINE('',#2574,#2576);
#2578=EDGE_CURVE('',#1487,#2376,#2577,.T.);
#2579=ORIENTED_EDGE('',*,*,#2578,.T.);
#2580=ORIENTED_EDGE('',*,*,#2381,.T.);
#2581=ORIENTED_EDGE('',*,*,#2563,.F.);
#2582=EDGE_LOOP('',(#2573,#2579,#2580,#2581));
#2583=FACE_BOUND('',#2582,.T.);
#2584=ADVANCED_FACE('',(#2583),#2572,.F.);
#2585=CARTESIAN_POINT('',(489.939848603,221.605532639,-73.174842713));
#2586=DIRECTION('',(-0.,-0.707106781,0.707106781));
#2587=DIRECTION('',(-1.,0.,-0.));
#2588=AXIS2_PLACEMENT_3D('',#2585,#2586,#2587);
#2589=PLANE('',#2588);
#2590=ORIENTED_EDGE('',*,*,#1366,.F.);
#2591=ORIENTED_EDGE('',*,*,#1885,.F.);
#2592=ORIENTED_EDGE('',*,*,#2130,.F.);
#2593=ORIENTED_EDGE('',*,*,#2043,.F.);
#2594=EDGE_LOOP('',(#2590,#2591,#2592,#2593));
#2595=FACE_BOUND('',#2594,.T.);
#2596=ADVANCED_FACE('',(#2595),#2589,.F.);
#2597=CARTESIAN_POINT('',(489.939848603,212.378452247,-37.9));
#2598=DIRECTION('',(0.,0.707106781,-0.707106781));
#2599=DIRECTION('',(-1.,0.,-0.));
#2600=AXIS2_PLACEMENT_3D('',#2597,#2598,#2599);
#2601=PLANE('',#2600);
#2602=ORIENTED_EDGE('',*,*,#1492,.F.);
#2603=ORIENTED_EDGE('',*,*,#2471,.F.);
#2604=ORIENTED_EDGE('',*,*,#2389,.F.);
#2605=ORIENTED_EDGE('',*,*,#2578,.F.);
#2606=EDGE_LOOP('',(#2602,#2603,#2604,#2605));
#2607=FACE_BOUND('',#2606,.T.);
#2608=ADVANCED_FACE('',(#2607),#2601,.F.);
#2609=CARTESIAN_POINT('',(489.939848603,212.851277916,-73.574842713));
#2610=DIRECTION('',(0.,0.707106781,0.707106781));
#2611=DIRECTION('',(-1.,0.,-0.));
#2612=AXIS2_PLACEMENT_3D('',#2609,#2610,#2611);
#2613=PLANE('',#2612);
#2614=ORIENTED_EDGE('',*,*,#1414,.F.);
#2615=ORIENTED_EDGE('',*,*,#1947,.F.);
#2616=ORIENTED_EDGE('',*,*,#2119,.F.);
#2617=ORIENTED_EDGE('',*,*,#1909,.F.);
#2618=EDGE_LOOP('',(#2614,#2615,#2616,#2617));
#2619=FACE_BOUND('',#2618,.T.);
#2620=ADVANCED_FACE('',(#2619),#2613,.F.);
#2621=CARTESIAN_POINT('',(489.939848603,221.13270697,-37.5));
#2622=DIRECTION('',(-0.,-0.707106781,-0.707106781));
#2623=DIRECTION('',(-1.,0.,-0.));
#2624=AXIS2_PLACEMENT_3D('',#2621,#2622,#2623);
#2625=PLANE('',#2624);
#2626=ORIENTED_EDGE('',*,*,#1540,.F.);
#2627=ORIENTED_EDGE('',*,*,#2505,.F.);
#2628=ORIENTED_EDGE('',*,*,#2341,.F.);
#2629=ORIENTED_EDGE('',*,*,#2488,.F.);
#2630=EDGE_LOOP('',(#2626,#2627,#2628,#2629));
#2631=FACE_BOUND('',#2630,.T.);
#2632=ADVANCED_FACE('',(#2631),#2625,.F.);
#2633=CARTESIAN_POINT('',(486.339848603,266.289267349,-41.475));
#2634=DIRECTION('',(-0.,-0.,1.));
#2635=DIRECTION('',(1.,0.,0.));
#2636=AXIS2_PLACEMENT_3D('',#2633,#2634,#2635);
#2637=PLANE('',#2636);
#2638=ORIENTED_EDGE('',*,*,#427,.T.);
#2639=CARTESIAN_POINT('',(484.339848603,263.989267349,-41.475));
#2640=DIRECTION('',(1.,-0.,0.));
#2641=VECTOR('',#2640,5.5);
#2642=LINE('',#2639,#2641);
#2643=EDGE_CURVE('',#413,#1595,#2642,.T.);
#2644=ORIENTED_EDGE('',*,*,#2643,.T.);
#2645=ORIENTED_EDGE('',*,*,#1600,.F.);
#2646=CARTESIAN_POINT('',(489.839848603,268.589267349,-41.475));
#2647=DIRECTION('',(-1.,0.,-0.));
#2648=VECTOR('',#2647,5.5);
#2649=LINE('',#2646,#2648);
#2650=EDGE_CURVE('',#1586,#422,#2649,.T.);
#2651=ORIENTED_EDGE('',*,*,#2650,.T.);
#2652=EDGE_LOOP('',(#2638,#2644,#2645,#2651));
#2653=FACE_BOUND('',#2652,.T.);
#2654=ADVANCED_FACE('',(#2653),#2637,.T.);
#2655=CARTESIAN_POINT('',(486.339848603,262.789267349,-40.05));
#2656=DIRECTION('',(0.,1.,0.));
#2657=DIRECTION('',(-1.,0.,0.));
#2658=AXIS2_PLACEMENT_3D('',#2655,#2656,#2657);
#2659=PLANE('',#2658);
#2660=ORIENTED_EDGE('',*,*,#410,.T.);
#2661=CARTESIAN_POINT('',(484.339848603,262.789267349,-39.825));
#2662=DIRECTION('',(1.,-0.,0.));
#2663=VECTOR('',#2662,5.5);
#2664=LINE('',#2661,#2663);
#2665=EDGE_CURVE('',#405,#1612,#2664,.T.);
#2666=ORIENTED_EDGE('',*,*,#2665,.T.);
#2667=ORIENTED_EDGE('',*,*,#1617,.F.);
#2668=CARTESIAN_POINT('',(489.839848603,262.789267349,-40.275));
#2669=DIRECTION('',(-1.,0.,-0.));
#2670=VECTOR('',#2669,5.5);
#2671=LINE('',#2668,#2670);
#2672=EDGE_CURVE('',#1603,#403,#2671,.T.);
#2673=ORIENTED_EDGE('',*,*,#2672,.T.);
#2674=EDGE_LOOP('',(#2660,#2666,#2667,#2673));
#2675=FACE_BOUND('',#2674,.T.);
#2676=ADVANCED_FACE('',(#2675),#2659,.T.);
#2677=CARTESIAN_POINT('',(486.339848603,266.289267349,-38.625));
#2678=DIRECTION('',(0.,0.,-1.));
#2679=DIRECTION('',(-1.,0.,-0.));
#2680=AXIS2_PLACEMENT_3D('',#2677,#2678,#2679);
#2681=PLANE('',#2680);
#2682=ORIENTED_EDGE('',*,*,#1566,.F.);
#2683=CARTESIAN_POINT('',(489.839848603,263.989267349,-38.625));
#2684=DIRECTION('',(-1.,0.,-0.));
#2685=VECTOR('',#2684,5.5);
#2686=LINE('',#2683,#2685);
#2687=EDGE_CURVE('',#1559,#456,#2686,.T.);
#2688=ORIENTED_EDGE('',*,*,#2687,.T.);
#2689=ORIENTED_EDGE('',*,*,#461,.T.);
#2690=CARTESIAN_POINT('',(484.339848603,268.589267349,-38.625));
#2691=DIRECTION('',(1.,-0.,0.));
#2692=VECTOR('',#2691,5.5);
#2693=LINE('',#2690,#2692);
#2694=EDGE_CURVE('',#447,#1561,#2693,.T.);
#2695=ORIENTED_EDGE('',*,*,#2694,.T.);
#2696=EDGE_LOOP('',(#2682,#2688,#2689,#2695));
#2697=FACE_BOUND('',#2696,.T.);
#2698=ADVANCED_FACE('',(#2697),#2681,.T.);
#2699=CARTESIAN_POINT('',(486.339848603,269.789267349,-40.05));
#2700=DIRECTION('',(-0.,-1.,0.));
#2701=DIRECTION('',(1.,-0.,0.));
#2702=AXIS2_PLACEMENT_3D('',#2699,#2700,#2701);
#2703=PLANE('',#2702);
#2704=ORIENTED_EDGE('',*,*,#1583,.F.);
#2705=CARTESIAN_POINT('',(489.839848603,269.789267349,-39.825));
#2706=DIRECTION('',(-1.,0.,-0.));
#2707=VECTOR('',#2706,5.5);
#2708=LINE('',#2705,#2707);
#2709=EDGE_CURVE('',#1569,#439,#2708,.T.);
#2710=ORIENTED_EDGE('',*,*,#2709,.T.);
#2711=ORIENTED_EDGE('',*,*,#444,.T.);
#2712=CARTESIAN_POINT('',(484.339848603,269.789267349,-40.275));
#2713=DIRECTION('',(1.,-0.,0.));
#2714=VECTOR('',#2713,5.5);
#2715=LINE('',#2712,#2714);
#2716=EDGE_CURVE('',#430,#1578,#2715,.T.);
#2717=ORIENTED_EDGE('',*,*,#2716,.T.);
#2718=EDGE_LOOP('',(#2704,#2710,#2711,#2717));
#2719=FACE_BOUND('',#2718,.T.);
#2720=ADVANCED_FACE('',(#2719),#2703,.T.);
#2721=CARTESIAN_POINT('',(486.339848603,265.2,-55.5));
#2722=DIRECTION('',(-0.,-1.,0.));
#2723=DIRECTION('',(1.,-0.,0.));
#2724=AXIS2_PLACEMENT_3D('',#2721,#2722,#2723);
#2725=PLANE('',#2724);
#2726=ORIENTED_EDGE('',*,*,#1099,.F.);
#2727=CARTESIAN_POINT('',(489.839848603,265.2,-54.7));
#2728=DIRECTION('',(-1.,0.,-0.));
#2729=VECTOR('',#2728,5.5);
#2730=LINE('',#2727,#2729);
#2731=EDGE_CURVE('',#1085,#957,#2730,.T.);
#2732=ORIENTED_EDGE('',*,*,#2731,.T.);
#2733=ORIENTED_EDGE('',*,*,#962,.T.);
#2734=CARTESIAN_POINT('',(484.339848603,265.2,-56.3));
#2735=DIRECTION('',(1.,-0.,0.));
#2736=VECTOR('',#2735,5.5);
#2737=LINE('',#2734,#2736);
#2738=EDGE_CURVE('',#948,#1094,#2737,.T.);
#2739=ORIENTED_EDGE('',*,*,#2738,.T.);
#2740=EDGE_LOOP('',(#2726,#2732,#2733,#2739));
#2741=FACE_BOUND('',#2740,.T.);
#2742=ADVANCED_FACE('',(#2741),#2725,.T.);
#2743=CARTESIAN_POINT('',(486.339848603,250.8,-43.7));
#2744=DIRECTION('',(0.,0.,-1.));
#2745=DIRECTION('',(-1.,0.,-0.));
#2746=AXIS2_PLACEMENT_3D('',#2743,#2744,#2745);
#2747=PLANE('',#2746);
#2748=ORIENTED_EDGE('',*,*,#979,.T.);
#2749=CARTESIAN_POINT('',(484.339848603,254.2,-43.7));
#2750=DIRECTION('',(1.,-0.,0.));
#2751=VECTOR('',#2750,5.5);
#2752=LINE('',#2749,#2751);
#2753=EDGE_CURVE('',#965,#1077,#2752,.T.);
#2754=ORIENTED_EDGE('',*,*,#2753,.T.);
#2755=ORIENTED_EDGE('',*,*,#1082,.F.);
#2756=CARTESIAN_POINT('',(489.839848603,247.4,-43.7));
#2757=DIRECTION('',(-1.,0.,-0.));
#2758=VECTOR('',#2757,5.5);
#2759=LINE('',#2756,#2758);
#2760=EDGE_CURVE('',#1075,#974,#2759,.T.);
#2761=ORIENTED_EDGE('',*,*,#2760,.T.);
#2762=EDGE_LOOP('',(#2748,#2754,#2755,#2761));
#2763=FACE_BOUND('',#2762,.T.);
#2764=ADVANCED_FACE('',(#2763),#2747,.T.);
#2765=CARTESIAN_POINT('',(486.339848603,236.4,-55.5));
#2766=DIRECTION('',(0.,1.,0.));
#2767=DIRECTION('',(-1.,0.,0.));
#2768=AXIS2_PLACEMENT_3D('',#2765,#2766,#2767);
#2769=PLANE('',#2768);
#2770=ORIENTED_EDGE('',*,*,#928,.T.);
#2771=CARTESIAN_POINT('',(484.339848603,236.4,-54.7));
#2772=DIRECTION('',(1.,-0.,0.));
#2773=VECTOR('',#2772,5.5);
#2774=LINE('',#2771,#2773);
#2775=EDGE_CURVE('',#923,#1128,#2774,.T.);
#2776=ORIENTED_EDGE('',*,*,#2775,.T.);
#2777=ORIENTED_EDGE('',*,*,#1133,.F.);
#2778=CARTESIAN_POINT('',(489.839848603,236.4,-56.3));
#2779=DIRECTION('',(-1.,0.,-0.));
#2780=VECTOR('',#2779,5.5);
#2781=LINE('',#2778,#2780);
#2782=EDGE_CURVE('',#1119,#921,#2781,.T.);
#2783=ORIENTED_EDGE('',*,*,#2782,.T.);
#2784=EDGE_LOOP('',(#2770,#2776,#2777,#2783));
#2785=FACE_BOUND('',#2784,.T.);
#2786=ADVANCED_FACE('',(#2785),#2769,.T.);
#2787=CARTESIAN_POINT('',(486.339848603,250.8,-67.3));
#2788=DIRECTION('',(-0.,-0.,1.));
#2789=DIRECTION('',(1.,0.,0.));
#2790=AXIS2_PLACEMENT_3D('',#2787,#2788,#2789);
#2791=PLANE('',#2790);
#2792=ORIENTED_EDGE('',*,*,#1116,.F.);
#2793=CARTESIAN_POINT('',(489.839848603,254.2,-67.3));
#2794=DIRECTION('',(-1.,0.,-0.));
#2795=VECTOR('',#2794,5.5);
#2796=LINE('',#2793,#2795);
#2797=EDGE_CURVE('',#1102,#940,#2796,.T.);
#2798=ORIENTED_EDGE('',*,*,#2797,.T.);
#2799=ORIENTED_EDGE('',*,*,#945,.T.);
#2800=CARTESIAN_POINT('',(484.339848603,247.4,-67.3));
#2801=DIRECTION('',(1.,-0.,0.));
#2802=VECTOR('',#2801,5.5);
#2803=LINE('',#2800,#2802);
#2804=EDGE_CURVE('',#931,#1111,#2803,.T.);
#2805=ORIENTED_EDGE('',*,*,#2804,.T.);
#2806=EDGE_LOOP('',(#2792,#2798,#2799,#2805));
#2807=FACE_BOUND('',#2806,.T.);
#2808=ADVANCED_FACE('',(#2807),#2791,.T.);
#2809=CARTESIAN_POINT('',(486.339848603,266.289267349,-72.462113667));
#2810=DIRECTION('',(-0.,-0.,1.));
#2811=DIRECTION('',(1.,0.,0.));
#2812=AXIS2_PLACEMENT_3D('',#2809,#2810,#2811);
#2813=PLANE('',#2812);
#2814=ORIENTED_EDGE('',*,*,#1670,.F.);
#2815=CARTESIAN_POINT('',(489.839848603,268.589267349,-72.462113667));
#2816=DIRECTION('',(-1.,0.,-0.));
#2817=VECTOR('',#2816,5.5);
#2818=LINE('',#2815,#2817);
#2819=EDGE_CURVE('',#1656,#800,#2818,.T.);
#2820=ORIENTED_EDGE('',*,*,#2819,.T.);
#2821=ORIENTED_EDGE('',*,*,#805,.T.);
#2822=CARTESIAN_POINT('',(484.339848603,263.989267349,-72.462113667));
#2823=DIRECTION('',(1.,-0.,0.));
#2824=VECTOR('',#2823,5.5);
#2825=LINE('',#2822,#2824);
#2826=EDGE_CURVE('',#791,#1665,#2825,.T.);
#2827=ORIENTED_EDGE('',*,*,#2826,.T.);
#2828=EDGE_LOOP('',(#2814,#2820,#2821,#2827));
#2829=FACE_BOUND('',#2828,.T.);
#2830=ADVANCED_FACE('',(#2829),#2813,.T.);
#2831=CARTESIAN_POINT('',(486.339848603,262.789267349,-71.037113667));
#2832=DIRECTION('',(0.,1.,0.));
#2833=DIRECTION('',(-1.,0.,0.));
#2834=AXIS2_PLACEMENT_3D('',#2831,#2832,#2833);
#2835=PLANE('',#2834);
#2836=ORIENTED_EDGE('',*,*,#788,.T.);
#2837=CARTESIAN_POINT('',(484.339848603,262.789267349,-70.812113667));
#2838=DIRECTION('',(1.,-0.,0.));
#2839=VECTOR('',#2838,5.5);
#2840=LINE('',#2837,#2839);
#2841=EDGE_CURVE('',#783,#1682,#2840,.T.);
#2842=ORIENTED_EDGE('',*,*,#2841,.T.);
#2843=ORIENTED_EDGE('',*,*,#1687,.F.);
#2844=CARTESIAN_POINT('',(489.839848603,262.789267349,-71.262113667));
#2845=DIRECTION('',(-1.,0.,-0.));
#2846=VECTOR('',#2845,5.5);
#2847=LINE('',#2844,#2846);
#2848=EDGE_CURVE('',#1673,#781,#2847,.T.);
#2849=ORIENTED_EDGE('',*,*,#2848,.T.);
#2850=EDGE_LOOP('',(#2836,#2842,#2843,#2849));
#2851=FACE_BOUND('',#2850,.T.);
#2852=ADVANCED_FACE('',(#2851),#2835,.T.);
#2853=CARTESIAN_POINT('',(486.339848603,266.289267349,-69.612113667));
#2854=DIRECTION('',(0.,0.,-1.));
#2855=DIRECTION('',(-1.,0.,-0.));
#2856=AXIS2_PLACEMENT_3D('',#2853,#2854,#2855);
#2857=PLANE('',#2856);
#2858=ORIENTED_EDGE('',*,*,#1636,.F.);
#2859=CARTESIAN_POINT('',(489.839848603,263.989267349,-69.612113667));
#2860=DIRECTION('',(-1.,0.,-0.));
#2861=VECTOR('',#2860,5.5);
#2862=LINE('',#2859,#2861);
#2863=EDGE_CURVE('',#1629,#834,#2862,.T.);
#2864=ORIENTED_EDGE('',*,*,#2863,.T.);
#2865=ORIENTED_EDGE('',*,*,#839,.T.);
#2866=CARTESIAN_POINT('',(484.339848603,268.589267349,-69.612113667));
#2867=DIRECTION('',(1.,-0.,0.));
#2868=VECTOR('',#2867,5.5);
#2869=LINE('',#2866,#2868);
#2870=EDGE_CURVE('',#825,#1631,#2869,.T.);
#2871=ORIENTED_EDGE('',*,*,#2870,.T.);
#2872=EDGE_LOOP('',(#2858,#2864,#2865,#2871));
#2873=FACE_BOUND('',#2872,.T.);
#2874=ADVANCED_FACE('',(#2873),#2857,.T.);
#2875=CARTESIAN_POINT('',(486.339848603,269.789267349,-71.037113667));
#2876=DIRECTION('',(-0.,-1.,0.));
#2877=DIRECTION('',(1.,-0.,0.));
#2878=AXIS2_PLACEMENT_3D('',#2875,#2876,#2877);
#2879=PLANE('',#2878);
#2880=ORIENTED_EDGE('',*,*,#822,.T.);
#2881=CARTESIAN_POINT('',(484.339848603,269.789267349,-71.262113667));
#2882=DIRECTION('',(1.,-0.,0.));
#2883=VECTOR('',#2882,5.5);
#2884=LINE('',#2881,#2883);
#2885=EDGE_CURVE('',#808,#1648,#2884,.T.);
#2886=ORIENTED_EDGE('',*,*,#2885,.T.);
#2887=ORIENTED_EDGE('',*,*,#1653,.F.);
#2888=CARTESIAN_POINT('',(489.839848603,269.789267349,-70.812113667));
#2889=DIRECTION('',(-1.,0.,-0.));
#2890=VECTOR('',#2889,5.5);
#2891=LINE('',#2888,#2890);
#2892=EDGE_CURVE('',#1639,#817,#2891,.T.);
#2893=ORIENTED_EDGE('',*,*,#2892,.T.);
#2894=EDGE_LOOP('',(#2880,#2886,#2887,#2893));
#2895=FACE_BOUND('',#2894,.T.);
#2896=ADVANCED_FACE('',(#2895),#2879,.T.);
#2897=CARTESIAN_POINT('',(486.339848603,235.3,-41.475));
#2898=DIRECTION('',(-0.,-0.,1.));
#2899=DIRECTION('',(1.,0.,0.));
#2900=AXIS2_PLACEMENT_3D('',#2897,#2898,#2899);
#2901=PLANE('',#2900);
#2902=ORIENTED_EDGE('',*,*,#1046,.F.);
#2903=CARTESIAN_POINT('',(489.839848603,237.6,-41.475));
#2904=DIRECTION('',(-1.,0.,-0.));
#2905=VECTOR('',#2904,5.5);
#2906=LINE('',#2903,#2905);
#2907=EDGE_CURVE('',#1032,#870,#2906,.T.);
#2908=ORIENTED_EDGE('',*,*,#2907,.T.);
#2909=ORIENTED_EDGE('',*,*,#875,.T.);
#2910=CARTESIAN_POINT('',(484.339848603,233.,-41.475));
#2911=DIRECTION('',(1.,-0.,0.));
#2912=VECTOR('',#2911,5.5);
#2913=LINE('',#2910,#2912);
#2914=EDGE_CURVE('',#861,#1041,#2913,.T.);
#2915=ORIENTED_EDGE('',*,*,#2914,.T.);
#2916=EDGE_LOOP('',(#2902,#2908,#2909,#2915));
#2917=FACE_BOUND('',#2916,.T.);
#2918=ADVANCED_FACE('',(#2917),#2901,.T.);
#2919=CARTESIAN_POINT('',(486.339848603,231.8,-40.05));
#2920=DIRECTION('',(0.,1.,0.));
#2921=DIRECTION('',(-1.,0.,0.));
#2922=AXIS2_PLACEMENT_3D('',#2919,#2920,#2921);
#2923=PLANE('',#2922);
#2924=ORIENTED_EDGE('',*,*,#858,.T.);
#2925=CARTESIAN_POINT('',(484.339848603,231.8,-39.825));
#2926=DIRECTION('',(1.,-0.,0.));
#2927=VECTOR('',#2926,5.5);
#2928=LINE('',#2925,#2927);
#2929=EDGE_CURVE('',#853,#1058,#2928,.T.);
#2930=ORIENTED_EDGE('',*,*,#2929,.T.);
#2931=ORIENTED_EDGE('',*,*,#1063,.F.);
#2932=CARTESIAN_POINT('',(489.839848603,231.8,-40.275));
#2933=DIRECTION('',(-1.,0.,-0.));
#2934=VECTOR('',#2933,5.5);
#2935=LINE('',#2932,#2934);
#2936=EDGE_CURVE('',#1049,#851,#2935,.T.);
#2937=ORIENTED_EDGE('',*,*,#2936,.T.);
#2938=EDGE_LOOP('',(#2924,#2930,#2931,#2937));
#2939=FACE_BOUND('',#2938,.T.);
#2940=ADVANCED_FACE('',(#2939),#2923,.T.);
#2941=CARTESIAN_POINT('',(486.339848603,235.3,-38.625));
#2942=DIRECTION('',(0.,0.,-1.));
#2943=DIRECTION('',(-1.,0.,-0.));
#2944=AXIS2_PLACEMENT_3D('',#2941,#2942,#2943);
#2945=PLANE('',#2944);
#2946=ORIENTED_EDGE('',*,*,#1012,.F.);
#2947=CARTESIAN_POINT('',(489.839848603,233.,-38.625));
#2948=DIRECTION('',(-1.,0.,-0.));
#2949=VECTOR('',#2948,5.5);
#2950=LINE('',#2947,#2949);
#2951=EDGE_CURVE('',#1005,#904,#2950,.T.);
#2952=ORIENTED_EDGE('',*,*,#2951,.T.);
#2953=ORIENTED_EDGE('',*,*,#909,.T.);
#2954=CARTESIAN_POINT('',(484.339848603,237.6,-38.625));
#2955=DIRECTION('',(1.,-0.,0.));
#2956=VECTOR('',#2955,5.5);
#2957=LINE('',#2954,#2956);
#2958=EDGE_CURVE('',#895,#1007,#2957,.T.);
#2959=ORIENTED_EDGE('',*,*,#2958,.T.);
#2960=EDGE_LOOP('',(#2946,#2952,#2953,#2959));
#2961=FACE_BOUND('',#2960,.T.);
#2962=ADVANCED_FACE('',(#2961),#2945,.T.);
#2963=CARTESIAN_POINT('',(486.339848603,238.8,-40.05));
#2964=DIRECTION('',(-0.,-1.,0.));
#2965=DIRECTION('',(1.,-0.,0.));
#2966=AXIS2_PLACEMENT_3D('',#2963,#2964,#2965);
#2967=PLANE('',#2966);
#2968=ORIENTED_EDGE('',*,*,#892,.T.);
#2969=CARTESIAN_POINT('',(484.339848603,238.8,-40.275));
#2970=DIRECTION('',(1.,-0.,0.));
#2971=VECTOR('',#2970,5.5);
#2972=LINE('',#2969,#2971);
#2973=EDGE_CURVE('',#878,#1024,#2972,.T.);
#2974=ORIENTED_EDGE('',*,*,#2973,.T.);
#2975=ORIENTED_EDGE('',*,*,#1029,.F.);
#2976=CARTESIAN_POINT('',(489.839848603,238.8,-39.825));
#2977=DIRECTION('',(-1.,0.,-0.));
#2978=VECTOR('',#2977,5.5);
#2979=LINE('',#2976,#2978);
#2980=EDGE_CURVE('',#1015,#887,#2979,.T.);
#2981=ORIENTED_EDGE('',*,*,#2980,.T.);
#2982=EDGE_LOOP('',(#2968,#2974,#2975,#2981));
#2983=FACE_BOUND('',#2982,.T.);
#2984=ADVANCED_FACE('',(#2983),#2967,.T.);
#2985=CARTESIAN_POINT('',(486.339848603,235.3,-72.462113667));
#2986=DIRECTION('',(-0.,-0.,1.));
#2987=DIRECTION('',(1.,0.,0.));
#2988=AXIS2_PLACEMENT_3D('',#2985,#2986,#2987);
#2989=PLANE('',#2988);
#2990=ORIENTED_EDGE('',*,*,#497,.T.);
#2991=CARTESIAN_POINT('',(484.339848603,233.,-72.462113667));
#2992=DIRECTION('',(1.,-0.,0.));
#2993=VECTOR('',#2992,5.5);
#2994=LINE('',#2991,#2993);
#2995=EDGE_CURVE('',#483,#1735,#2994,.T.);
#2996=ORIENTED_EDGE('',*,*,#2995,.T.);
#2997=ORIENTED_EDGE('',*,*,#1740,.F.);
#2998=CARTESIAN_POINT('',(489.839848603,237.6,-72.462113667));
#2999=DIRECTION('',(-1.,0.,-0.));
#3000=VECTOR('',#2999,5.5);
#3001=LINE('',#2998,#3000);
#3002=EDGE_CURVE('',#1726,#492,#3001,.T.);
#3003=ORIENTED_EDGE('',*,*,#3002,.T.);
#3004=EDGE_LOOP('',(#2990,#2996,#2997,#3003));
#3005=FACE_BOUND('',#3004,.T.);
#3006=ADVANCED_FACE('',(#3005),#2989,.T.);
#3007=CARTESIAN_POINT('',(486.339848603,231.8,-71.037113667));
#3008=DIRECTION('',(0.,1.,0.));
#3009=DIRECTION('',(-1.,0.,0.));
#3010=AXIS2_PLACEMENT_3D('',#3007,#3008,#3009);
#3011=PLANE('',#3010);
#3012=ORIENTED_EDGE('',*,*,#480,.T.);
#3013=CARTESIAN_POINT('',(484.339848603,231.8,-70.812113667));
#3014=DIRECTION('',(1.,-0.,0.));
#3015=VECTOR('',#3014,5.5);
#3016=LINE('',#3013,#3015);
#3017=EDGE_CURVE('',#475,#1752,#3016,.T.);
#3018=ORIENTED_EDGE('',*,*,#3017,.T.);
#3019=ORIENTED_EDGE('',*,*,#1757,.F.);
#3020=CARTESIAN_POINT('',(489.839848603,231.8,-71.262113667));
#3021=DIRECTION('',(-1.,0.,-0.));
#3022=VECTOR('',#3021,5.5);
#3023=LINE('',#3020,#3022);
#3024=EDGE_CURVE('',#1743,#473,#3023,.T.);
#3025=ORIENTED_EDGE('',*,*,#3024,.T.);
#3026=EDGE_LOOP('',(#3012,#3018,#3019,#3025));
#3027=FACE_BOUND('',#3026,.T.);
#3028=ADVANCED_FACE('',(#3027),#3011,.T.);
#3029=CARTESIAN_POINT('',(486.339848603,235.3,-69.612113667));
#3030=DIRECTION('',(0.,0.,-1.));
#3031=DIRECTION('',(-1.,0.,-0.));
#3032=AXIS2_PLACEMENT_3D('',#3029,#3030,#3031);
#3033=PLANE('',#3032);
#3034=ORIENTED_EDGE('',*,*,#1706,.F.);
#3035=CARTESIAN_POINT('',(489.839848603,233.,-69.612113667));
#3036=DIRECTION('',(-1.,0.,-0.));
#3037=VECTOR('',#3036,5.5);
#3038=LINE('',#3035,#3037);
#3039=EDGE_CURVE('',#1699,#526,#3038,.T.);
#3040=ORIENTED_EDGE('',*,*,#3039,.T.);
#3041=ORIENTED_EDGE('',*,*,#531,.T.);
#3042=CARTESIAN_POINT('',(484.339848603,237.6,-69.612113667));
#3043=DIRECTION('',(1.,-0.,0.));
#3044=VECTOR('',#3043,5.5);
#3045=LINE('',#3042,#3044);
#3046=EDGE_CURVE('',#517,#1701,#3045,.T.);
#3047=ORIENTED_EDGE('',*,*,#3046,.T.);
#3048=EDGE_LOOP('',(#3034,#3040,#3041,#3047));
#3049=FACE_BOUND('',#3048,.T.);
#3050=ADVANCED_FACE('',(#3049),#3033,.T.);
#3051=CARTESIAN_POINT('',(486.339848603,238.8,-71.037113667));
#3052=DIRECTION('',(-0.,-1.,0.));
#3053=DIRECTION('',(1.,-0.,0.));
#3054=AXIS2_PLACEMENT_3D('',#3051,#3052,#3053);
#3055=PLANE('',#3054);
#3056=ORIENTED_EDGE('',*,*,#1723,.F.);
#3057=CARTESIAN_POINT('',(489.839848603,238.8,-70.812113667));
#3058=DIRECTION('',(-1.,0.,-0.));
#3059=VECTOR('',#3058,5.5);
#3060=LINE('',#3057,#3059);
#3061=EDGE_CURVE('',#1709,#509,#3060,.T.);
#3062=ORIENTED_EDGE('',*,*,#3061,.T.);
#3063=ORIENTED_EDGE('',*,*,#514,.T.);
#3064=CARTESIAN_POINT('',(484.339848603,238.8,-71.262113667));
#3065=DIRECTION('',(1.,-0.,0.));
#3066=VECTOR('',#3065,5.5);
#3067=LINE('',#3064,#3066);
#3068=EDGE_CURVE('',#500,#1718,#3067,.T.);
#3069=ORIENTED_EDGE('',*,*,#3068,.T.);
#3070=EDGE_LOOP('',(#3056,#3062,#3063,#3069));
#3071=FACE_BOUND('',#3070,.T.);
#3072=ADVANCED_FACE('',(#3071),#3055,.T.);
#3073=CARTESIAN_POINT('',(486.339848603,237.6,-40.275));
#3074=DIRECTION('',(-1.,0.,-0.));
#3075=DIRECTION('',(-0.,-1.,0.));
#3076=AXIS2_PLACEMENT_3D('',#3073,#3074,#3075);
#3077=CYLINDRICAL_SURFACE('',#3076,1.2);
#3078=ORIENTED_EDGE('',*,*,#884,.F.);
#3079=ORIENTED_EDGE('',*,*,#2907,.F.);
#3080=ORIENTED_EDGE('',*,*,#1038,.F.);
#3081=ORIENTED_EDGE('',*,*,#2973,.F.);
#3082=EDGE_LOOP('',(#3078,#3079,#3080,#3081));
#3083=FACE_BOUND('',#3082,.T.);
#3084=ADVANCED_FACE('',(#3083),#3077,.F.);
#3085=CARTESIAN_POINT('',(486.339848603,233.,-70.812113667));
#3086=DIRECTION('',(-1.,0.,-0.));
#3087=DIRECTION('',(-0.,-1.,0.));
#3088=AXIS2_PLACEMENT_3D('',#3085,#3086,#3087);
#3089=CYLINDRICAL_SURFACE('',#3088,1.2);
#3090=ORIENTED_EDGE('',*,*,#538,.F.);
#3091=ORIENTED_EDGE('',*,*,#3039,.F.);
#3092=ORIENTED_EDGE('',*,*,#1764,.F.);
#3093=ORIENTED_EDGE('',*,*,#3017,.F.);
#3094=EDGE_LOOP('',(#3090,#3091,#3092,#3093));
#3095=FACE_BOUND('',#3094,.T.);
#3096=ADVANCED_FACE('',(#3095),#3089,.F.);
#3097=CARTESIAN_POINT('',(486.339848603,263.989267349,-39.825));
#3098=DIRECTION('',(-1.,0.,-0.));
#3099=DIRECTION('',(-0.,-1.,0.));
#3100=AXIS2_PLACEMENT_3D('',#3097,#3098,#3099);
#3101=CYLINDRICAL_SURFACE('',#3100,1.2);
#3102=ORIENTED_EDGE('',*,*,#468,.F.);
#3103=ORIENTED_EDGE('',*,*,#2687,.F.);
#3104=ORIENTED_EDGE('',*,*,#1624,.F.);
#3105=ORIENTED_EDGE('',*,*,#2665,.F.);
#3106=EDGE_LOOP('',(#3102,#3103,#3104,#3105));
#3107=FACE_BOUND('',#3106,.T.);
#3108=ADVANCED_FACE('',(#3107),#3101,.F.);
#3109=CARTESIAN_POINT('',(486.339848603,233.,-39.825));
#3110=DIRECTION('',(-1.,0.,-0.));
#3111=DIRECTION('',(-0.,-1.,0.));
#3112=AXIS2_PLACEMENT_3D('',#3109,#3110,#3111);
#3113=CYLINDRICAL_SURFACE('',#3112,1.2);
#3114=ORIENTED_EDGE('',*,*,#916,.F.);
#3115=ORIENTED_EDGE('',*,*,#2951,.F.);
#3116=ORIENTED_EDGE('',*,*,#1070,.F.);
#3117=ORIENTED_EDGE('',*,*,#2929,.F.);
#3118=EDGE_LOOP('',(#3114,#3115,#3116,#3117));
#3119=FACE_BOUND('',#3118,.T.);
#3120=ADVANCED_FACE('',(#3119),#3113,.F.);
#3121=CARTESIAN_POINT('',(486.339848603,268.589267349,-71.262113667));
#3122=DIRECTION('',(-1.,0.,-0.));
#3123=DIRECTION('',(-0.,-1.,0.));
#3124=AXIS2_PLACEMENT_3D('',#3121,#3122,#3123);
#3125=CYLINDRICAL_SURFACE('',#3124,1.2);
#3126=ORIENTED_EDGE('',*,*,#814,.F.);
#3127=ORIENTED_EDGE('',*,*,#2819,.F.);
#3128=ORIENTED_EDGE('',*,*,#1662,.F.);
#3129=ORIENTED_EDGE('',*,*,#2885,.F.);
#3130=EDGE_LOOP('',(#3126,#3127,#3128,#3129));
#3131=FACE_BOUND('',#3130,.T.);
#3132=ADVANCED_FACE('',(#3131),#3125,.F.);
#3133=CARTESIAN_POINT('',(486.339848603,237.6,-70.812113667));
#3134=DIRECTION('',(-1.,0.,-0.));
#3135=DIRECTION('',(-0.,-1.,0.));
#3136=AXIS2_PLACEMENT_3D('',#3133,#3134,#3135);
#3137=CYLINDRICAL_SURFACE('',#3136,1.2);
#3138=ORIENTED_EDGE('',*,*,#523,.F.);
#3139=ORIENTED_EDGE('',*,*,#3061,.F.);
#3140=ORIENTED_EDGE('',*,*,#1715,.F.);
#3141=ORIENTED_EDGE('',*,*,#3046,.F.);
#3142=EDGE_LOOP('',(#3138,#3139,#3140,#3141));
#3143=FACE_BOUND('',#3142,.T.);
#3144=ADVANCED_FACE('',(#3143),#3137,.F.);
#3145=CARTESIAN_POINT('',(486.339848603,233.,-71.262113667));
#3146=DIRECTION('',(-1.,0.,-0.));
#3147=DIRECTION('',(-0.,-1.,0.));
#3148=AXIS2_PLACEMENT_3D('',#3145,#3146,#3147);
#3149=CYLINDRICAL_SURFACE('',#3148,1.2);
#3150=ORIENTED_EDGE('',*,*,#489,.F.);
#3151=ORIENTED_EDGE('',*,*,#3024,.F.);
#3152=ORIENTED_EDGE('',*,*,#1749,.F.);
#3153=ORIENTED_EDGE('',*,*,#2995,.F.);
#3154=EDGE_LOOP('',(#3150,#3151,#3152,#3153));
#3155=FACE_BOUND('',#3154,.T.);
#3156=ADVANCED_FACE('',(#3155),#3149,.F.);
#3157=CARTESIAN_POINT('',(486.339848603,237.6,-39.825));
#3158=DIRECTION('',(-1.,0.,-0.));
#3159=DIRECTION('',(-0.,-1.,0.));
#3160=AXIS2_PLACEMENT_3D('',#3157,#3158,#3159);
#3161=CYLINDRICAL_SURFACE('',#3160,1.2);
#3162=ORIENTED_EDGE('',*,*,#901,.F.);
#3163=ORIENTED_EDGE('',*,*,#2980,.F.);
#3164=ORIENTED_EDGE('',*,*,#1021,.F.);
#3165=ORIENTED_EDGE('',*,*,#2958,.F.);
#3166=EDGE_LOOP('',(#3162,#3163,#3164,#3165));
#3167=FACE_BOUND('',#3166,.T.);
#3168=ADVANCED_FACE('',(#3167),#3161,.F.);
#3169=CARTESIAN_POINT('',(486.339848603,263.989267349,-70.812113667));
#3170=DIRECTION('',(-1.,0.,-0.));
#3171=DIRECTION('',(-0.,-1.,0.));
#3172=AXIS2_PLACEMENT_3D('',#3169,#3170,#3171);
#3173=CYLINDRICAL_SURFACE('',#3172,1.2);
#3174=ORIENTED_EDGE('',*,*,#846,.F.);
#3175=ORIENTED_EDGE('',*,*,#2863,.F.);
#3176=ORIENTED_EDGE('',*,*,#1694,.F.);
#3177=ORIENTED_EDGE('',*,*,#2841,.F.);
#3178=EDGE_LOOP('',(#3174,#3175,#3176,#3177));
#3179=FACE_BOUND('',#3178,.T.);
#3180=ADVANCED_FACE('',(#3179),#3173,.F.);
#3181=CARTESIAN_POINT('',(486.339848603,263.989267349,-40.275));
#3182=DIRECTION('',(-1.,0.,-0.));
#3183=DIRECTION('',(-0.,-1.,0.));
#3184=AXIS2_PLACEMENT_3D('',#3181,#3182,#3183);
#3185=CYLINDRICAL_SURFACE('',#3184,1.2);
#3186=ORIENTED_EDGE('',*,*,#419,.F.);
#3187=ORIENTED_EDGE('',*,*,#2672,.F.);
#3188=ORIENTED_EDGE('',*,*,#1609,.F.);
#3189=ORIENTED_EDGE('',*,*,#2643,.F.);
#3190=EDGE_LOOP('',(#3186,#3187,#3188,#3189));
#3191=FACE_BOUND('',#3190,.T.);
#3192=ADVANCED_FACE('',(#3191),#3185,.F.);
#3193=CARTESIAN_POINT('',(486.339848603,237.6,-71.262113667));
#3194=DIRECTION('',(-1.,0.,-0.));
#3195=DIRECTION('',(-0.,-1.,0.));
#3196=AXIS2_PLACEMENT_3D('',#3193,#3194,#3195);
#3197=CYLINDRICAL_SURFACE('',#3196,1.2);
#3198=ORIENTED_EDGE('',*,*,#506,.F.);
#3199=ORIENTED_EDGE('',*,*,#3002,.F.);
#3200=ORIENTED_EDGE('',*,*,#1732,.F.);
#3201=ORIENTED_EDGE('',*,*,#3068,.F.);
#3202=EDGE_LOOP('',(#3198,#3199,#3200,#3201));
#3203=FACE_BOUND('',#3202,.T.);
#3204=ADVANCED_FACE('',(#3203),#3197,.F.);
#3205=CARTESIAN_POINT('',(486.339848603,268.589267349,-39.825));
#3206=DIRECTION('',(-1.,0.,-0.));
#3207=DIRECTION('',(-0.,-1.,0.));
#3208=AXIS2_PLACEMENT_3D('',#3205,#3206,#3207);
#3209=CYLINDRICAL_SURFACE('',#3208,1.2);
#3210=ORIENTED_EDGE('',*,*,#453,.F.);
#3211=ORIENTED_EDGE('',*,*,#2709,.F.);
#3212=ORIENTED_EDGE('',*,*,#1575,.F.);
#3213=ORIENTED_EDGE('',*,*,#2694,.F.);
#3214=EDGE_LOOP('',(#3210,#3211,#3212,#3213));
#3215=FACE_BOUND('',#3214,.T.);
#3216=ADVANCED_FACE('',(#3215),#3209,.F.);
#3217=CARTESIAN_POINT('',(486.339848603,233.,-40.275));
#3218=DIRECTION('',(-1.,0.,-0.));
#3219=DIRECTION('',(-0.,-1.,0.));
#3220=AXIS2_PLACEMENT_3D('',#3217,#3218,#3219);
#3221=CYLINDRICAL_SURFACE('',#3220,1.2);
#3222=ORIENTED_EDGE('',*,*,#867,.F.);
#3223=ORIENTED_EDGE('',*,*,#2936,.F.);
#3224=ORIENTED_EDGE('',*,*,#1055,.F.);
#3225=ORIENTED_EDGE('',*,*,#2914,.F.);
#3226=EDGE_LOOP('',(#3222,#3223,#3224,#3225));
#3227=FACE_BOUND('',#3226,.T.);
#3228=ADVANCED_FACE('',(#3227),#3221,.F.);
#3229=CARTESIAN_POINT('',(486.339848603,263.989267349,-71.262113667));
#3230=DIRECTION('',(-1.,0.,-0.));
#3231=DIRECTION('',(-0.,-1.,0.));
#3232=AXIS2_PLACEMENT_3D('',#3229,#3230,#3231);
#3233=CYLINDRICAL_SURFACE('',#3232,1.2);
#3234=ORIENTED_EDGE('',*,*,#797,.F.);
#3235=ORIENTED_EDGE('',*,*,#2848,.F.);
#3236=ORIENTED_EDGE('',*,*,#1679,.F.);
#3237=ORIENTED_EDGE('',*,*,#2826,.F.);
#3238=EDGE_LOOP('',(#3234,#3235,#3236,#3237));
#3239=FACE_BOUND('',#3238,.T.);
#3240=ADVANCED_FACE('',(#3239),#3233,.F.);
#3241=CARTESIAN_POINT('',(486.339848603,268.589267349,-40.275));
#3242=DIRECTION('',(-1.,0.,-0.));
#3243=DIRECTION('',(-0.,-1.,0.));
#3244=AXIS2_PLACEMENT_3D('',#3241,#3242,#3243);
#3245=CYLINDRICAL_SURFACE('',#3244,1.2);
#3246=ORIENTED_EDGE('',*,*,#436,.F.);
#3247=ORIENTED_EDGE('',*,*,#2650,.F.);
#3248=ORIENTED_EDGE('',*,*,#1592,.F.);
#3249=ORIENTED_EDGE('',*,*,#2716,.F.);
#3250=EDGE_LOOP('',(#3246,#3247,#3248,#3249));
#3251=FACE_BOUND('',#3250,.T.);
#3252=ADVANCED_FACE('',(#3251),#3245,.F.);
#3253=CARTESIAN_POINT('',(486.339848603,268.589267349,-70.812113667));
#3254=DIRECTION('',(-1.,0.,-0.));
#3255=DIRECTION('',(-0.,-1.,0.));
#3256=AXIS2_PLACEMENT_3D('',#3253,#3254,#3255);
#3257=CYLINDRICAL_SURFACE('',#3256,1.2);
#3258=ORIENTED_EDGE('',*,*,#831,.F.);
#3259=ORIENTED_EDGE('',*,*,#2892,.F.);
#3260=ORIENTED_EDGE('',*,*,#1645,.F.);
#3261=ORIENTED_EDGE('',*,*,#2870,.F.);
#3262=EDGE_LOOP('',(#3258,#3259,#3260,#3261));
#3263=FACE_BOUND('',#3262,.T.);
#3264=ADVANCED_FACE('',(#3263),#3257,.F.);
#3265=CARTESIAN_POINT('',(486.339848603,254.2,-54.7));
#3266=DIRECTION('',(-1.,0.,-0.));
#3267=DIRECTION('',(-0.,-1.,0.));
#3268=AXIS2_PLACEMENT_3D('',#3265,#3266,#3267);
#3269=CYLINDRICAL_SURFACE('',#3268,11.);
#3270=ORIENTED_EDGE('',*,*,#971,.F.);
#3271=ORIENTED_EDGE('',*,*,#2731,.F.);
#3272=ORIENTED_EDGE('',*,*,#1091,.F.);
#3273=ORIENTED_EDGE('',*,*,#2753,.F.);
#3274=EDGE_LOOP('',(#3270,#3271,#3272,#3273));
#3275=FACE_BOUND('',#3274,.T.);
#3276=ADVANCED_FACE('',(#3275),#3269,.F.);
#3277=CARTESIAN_POINT('',(486.339848603,254.2,-56.3));
#3278=DIRECTION('',(-1.,0.,-0.));
#3279=DIRECTION('',(-0.,-1.,0.));
#3280=AXIS2_PLACEMENT_3D('',#3277,#3278,#3279);
#3281=CYLINDRICAL_SURFACE('',#3280,11.);
#3282=ORIENTED_EDGE('',*,*,#954,.F.);
#3283=ORIENTED_EDGE('',*,*,#2797,.F.);
#3284=ORIENTED_EDGE('',*,*,#1108,.F.);
#3285=ORIENTED_EDGE('',*,*,#2738,.F.);
#3286=EDGE_LOOP('',(#3282,#3283,#3284,#3285));
#3287=FACE_BOUND('',#3286,.T.);
#3288=ADVANCED_FACE('',(#3287),#3281,.F.);
#3289=CARTESIAN_POINT('',(486.339848603,247.4,-54.7));
#3290=DIRECTION('',(-1.,0.,-0.));
#3291=DIRECTION('',(-0.,-1.,0.));
#3292=AXIS2_PLACEMENT_3D('',#3289,#3290,#3291);
#3293=CYLINDRICAL_SURFACE('',#3292,11.);
#3294=ORIENTED_EDGE('',*,*,#986,.F.);
#3295=ORIENTED_EDGE('',*,*,#2760,.F.);
#3296=ORIENTED_EDGE('',*,*,#1140,.F.);
#3297=ORIENTED_EDGE('',*,*,#2775,.F.);
#3298=EDGE_LOOP('',(#3294,#3295,#3296,#3297));
#3299=FACE_BOUND('',#3298,.T.);
#3300=ADVANCED_FACE('',(#3299),#3293,.F.);
#3301=CARTESIAN_POINT('',(486.339848603,247.4,-56.3));
#3302=DIRECTION('',(-1.,0.,-0.));
#3303=DIRECTION('',(-0.,-1.,0.));
#3304=AXIS2_PLACEMENT_3D('',#3301,#3302,#3303);
#3305=CYLINDRICAL_SURFACE('',#3304,11.);
#3306=ORIENTED_EDGE('',*,*,#937,.F.);
#3307=ORIENTED_EDGE('',*,*,#2782,.F.);
#3308=ORIENTED_EDGE('',*,*,#1125,.F.);
#3309=ORIENTED_EDGE('',*,*,#2804,.F.);
#3310=EDGE_LOOP('',(#3306,#3307,#3308,#3309));
#3311=FACE_BOUND('',#3310,.T.);
#3312=ADVANCED_FACE('',(#3311),#3305,.F.);
#3313=CARTESIAN_POINT('',(468.524378664,240.210604526,32.462578643));
#3314=DIRECTION('',(-1.,0.,0.));
#3315=DIRECTION('',(0.,0.,1.));
#3316=AXIS2_PLACEMENT_3D('',#3313,#3314,#3315);
#3317=PLANE('',#3316);
#3318=ORIENTED_EDGE('',*,*,#209,.T.);
#3319=CARTESIAN_POINT('',(468.524378664,251.809294912,-29.537421357));
#3320=DIRECTION('',(-0.,-0.,-1.));
#3321=VECTOR('',#3320,4.5);
#3322=LINE('',#3319,#3321);
#3323=EDGE_CURVE('',#195,#372,#3322,.T.);
#3324=ORIENTED_EDGE('',*,*,#3323,.T.);
#3325=ORIENTED_EDGE('',*,*,#377,.F.);
#3326=CARTESIAN_POINT('',(468.524378664,239.296615351,-34.037421357));
#3327=DIRECTION('',(0.,-0.,1.));
#3328=VECTOR('',#3327,4.5);
#3329=LINE('',#3326,#3328);
#3330=EDGE_CURVE('',#364,#204,#3329,.T.);
#3331=ORIENTED_EDGE('',*,*,#3330,.T.);
#3332=EDGE_LOOP('',(#3318,#3324,#3325,#3331));
#3333=FACE_BOUND('',#3332,.T.);
#3334=ADVANCED_FACE('',(#3333),#3317,.T.);
#3335=CARTESIAN_POINT('',(460.182113634,228.296615351,32.462578643));
#3336=DIRECTION('',(0.,1.,0.));
#3337=DIRECTION('',(0.,-0.,1.));
#3338=AXIS2_PLACEMENT_3D('',#3335,#3336,#3337);
#3339=PLANE('',#3338);
#3340=ORIENTED_EDGE('',*,*,#2308,.T.);
#3341=ORIENTED_EDGE('',*,*,#225,.T.);
#3342=CARTESIAN_POINT('',(457.524378664,228.296615351,-29.537421357));
#3343=DIRECTION('',(-0.,0.,-1.));
#3344=VECTOR('',#3343,4.5);
#3345=LINE('',#3342,#3344);
#3346=EDGE_CURVE('',#212,#356,#3345,.T.);
#3347=ORIENTED_EDGE('',*,*,#3346,.T.);
#3348=ORIENTED_EDGE('',*,*,#361,.F.);
#3349=EDGE_LOOP('',(#3340,#3341,#3347,#3348));
#3350=FACE_BOUND('',#3349,.T.);
#3351=ADVANCED_FACE('',(#3350),#3339,.T.);
#3352=CARTESIAN_POINT('',(460.182113634,228.296615351,32.462578643));
#3353=DIRECTION('',(0.,1.,0.));
#3354=DIRECTION('',(0.,-0.,1.));
#3355=AXIS2_PLACEMENT_3D('',#3352,#3353,#3354);
#3356=PLANE('',#3355);
#3357=ORIENTED_EDGE('',*,*,#319,.F.);
#3358=CARTESIAN_POINT('',(457.524378664,228.296615351,-77.037421357));
#3359=DIRECTION('',(-0.,0.,-1.));
#3360=VECTOR('',#3359,4.5);
#3361=LINE('',#3358,#3360);
#3362=EDGE_CURVE('',#308,#123,#3361,.T.);
#3363=ORIENTED_EDGE('',*,*,#3362,.T.);
#3364=ORIENTED_EDGE('',*,*,#128,.F.);
#3365=ORIENTED_EDGE('',*,*,#2089,.F.);
#3366=EDGE_LOOP('',(#3357,#3363,#3364,#3365));
#3367=FACE_BOUND('',#3366,.T.);
#3368=ADVANCED_FACE('',(#3367),#3356,.T.);
#3369=CARTESIAN_POINT('',(468.524378664,240.210604526,32.462578643));
#3370=DIRECTION('',(-1.,0.,0.));
#3371=DIRECTION('',(0.,0.,1.));
#3372=AXIS2_PLACEMENT_3D('',#3369,#3370,#3371);
#3373=PLANE('',#3372);
#3374=ORIENTED_EDGE('',*,*,#144,.F.);
#3375=CARTESIAN_POINT('',(468.524378664,239.296615351,-81.537421357));
#3376=DIRECTION('',(0.,-0.,1.));
#3377=VECTOR('',#3376,4.5);
#3378=LINE('',#3375,#3377);
#3379=EDGE_CURVE('',#131,#300,#3378,.T.);
#3380=ORIENTED_EDGE('',*,*,#3379,.T.);
#3381=ORIENTED_EDGE('',*,*,#305,.F.);
#3382=ORIENTED_EDGE('',*,*,#1859,.T.);
#3383=EDGE_LOOP('',(#3374,#3380,#3381,#3382));
#3384=FACE_BOUND('',#3383,.T.);
#3385=ADVANCED_FACE('',(#3384),#3373,.T.);
#3386=CARTESIAN_POINT('',(457.524378664,228.296615351,32.462578643));
#3387=DIRECTION('',(-0.707106781,0.707106781,0.));
#3388=DIRECTION('',(0.,-0.,1.));
#3389=AXIS2_PLACEMENT_3D('',#3386,#3387,#3388);
#3390=PLANE('',#3389);
#3391=ORIENTED_EDGE('',*,*,#313,.F.);
#3392=ORIENTED_EDGE('',*,*,#3379,.F.);
#3393=ORIENTED_EDGE('',*,*,#136,.F.);
#3394=ORIENTED_EDGE('',*,*,#3362,.F.);
#3395=EDGE_LOOP('',(#3391,#3392,#3393,#3394));
#3396=FACE_BOUND('',#3395,.T.);
#3397=ADVANCED_FACE('',(#3396),#3390,.T.);
#3398=CARTESIAN_POINT('',(457.524378664,228.296615351,32.462578643));
#3399=DIRECTION('',(-0.707106781,0.707106781,0.));
#3400=DIRECTION('',(0.,-0.,1.));
#3401=AXIS2_PLACEMENT_3D('',#3398,#3399,#3400);
#3402=PLANE('',#3401);
#3403=ORIENTED_EDGE('',*,*,#3346,.F.);
#3404=ORIENTED_EDGE('',*,*,#217,.T.);
#3405=ORIENTED_EDGE('',*,*,#3330,.F.);
#3406=ORIENTED_EDGE('',*,*,#369,.F.);
#3407=EDGE_LOOP('',(#3403,#3404,#3405,#3406));
#3408=FACE_BOUND('',#3407,.T.);
#3409=ADVANCED_FACE('',(#3408),#3402,.T.);
#3410=CARTESIAN_POINT('',(469.524378664,251.809294912,32.462578643));
#3411=DIRECTION('',(-0.,-0.,-1.));
#3412=DIRECTION('',(0.,1.,-0.));
#3413=AXIS2_PLACEMENT_3D('',#3410,#3411,#3412);
#3414=CYLINDRICAL_SURFACE('',#3413,1.);
#3415=ORIENTED_EDGE('',*,*,#201,.T.);
#3416=ORIENTED_EDGE('',*,*,#1850,.F.);
#3417=ORIENTED_EDGE('',*,*,#386,.F.);
#3418=ORIENTED_EDGE('',*,*,#3323,.F.);
#3419=EDGE_LOOP('',(#3415,#3416,#3417,#3418));
#3420=FACE_BOUND('',#3419,.T.);
#3421=ADVANCED_FACE('',(#3420),#3414,.T.);
#3422=CARTESIAN_POINT('',(490.139848603,227.346992443,-76.537421357));
#3423=DIRECTION('',(-0.,-0.707106781,-0.707106781));
#3424=DIRECTION('',(-1.,0.,0.));
#3425=AXIS2_PLACEMENT_3D('',#3422,#3423,#3424);
#3426=PLANE('',#3425);
#3427=ORIENTED_EDGE('',*,*,#572,.F.);
#3428=ORIENTED_EDGE('',*,*,#281,.F.);
#3429=ORIENTED_EDGE('',*,*,#2082,.F.);
#3430=ORIENTED_EDGE('',*,*,#2291,.F.);
#3431=EDGE_LOOP('',(#3427,#3428,#3429,#3430));
#3432=FACE_BOUND('',#3431,.T.);
#3433=ADVANCED_FACE('',(#3432),#3426,.F.);
#3434=CARTESIAN_POINT('',(470.134848603,227.846992443,-34.037421357));
#3435=DIRECTION('',(-0.,-0.707106781,0.707106781));
#3436=DIRECTION('',(-1.,0.,-0.));
#3437=AXIS2_PLACEMENT_3D('',#3434,#3435,#3436);
#3438=PLANE('',#3437);
#3439=ORIENTED_EDGE('',*,*,#556,.F.);
#3440=ORIENTED_EDGE('',*,*,#1811,.F.);
#3441=ORIENTED_EDGE('',*,*,#2315,.F.);
#3442=ORIENTED_EDGE('',*,*,#345,.F.);
#3443=EDGE_LOOP('',(#3439,#3440,#3441,#3442));
#3444=FACE_BOUND('',#3443,.T.);
#3445=ADVANCED_FACE('',(#3444),#3438,.F.);
#3446=CARTESIAN_POINT('',(487.239848603,221.2344138,-65.501008522));
#3447=DIRECTION('',(0.,-1.,0.));
#3448=DIRECTION('',(0.,0.,-1.));
#3449=AXIS2_PLACEMENT_3D('',#3446,#3447,#3448);
#3450=PLANE('',#3449);
#3451=ORIENTED_EDGE('',*,*,#1295,.F.);
#3452=CARTESIAN_POINT('',(484.339848603,221.2344138,-62.601008522));
#3453=DIRECTION('',(1.,0.,0.));
#3454=VECTOR('',#3453,5.5);
#3455=LINE('',#3452,#3454);
#3456=EDGE_CURVE('',#630,#1282,#3455,.T.);
#3457=ORIENTED_EDGE('',*,*,#3456,.F.);
#3458=ORIENTED_EDGE('',*,*,#635,.T.);
#3459=CARTESIAN_POINT('',(484.339848603,221.2344138,-68.401008522));
#3460=DIRECTION('',(1.,0.,0.));
#3461=VECTOR('',#3460,5.5);
#3462=LINE('',#3459,#3461);
#3463=EDGE_CURVE('',#622,#1290,#3462,.T.);
#3464=ORIENTED_EDGE('',*,*,#3463,.T.);
#3465=EDGE_LOOP('',(#3451,#3457,#3458,#3464));
#3466=FACE_BOUND('',#3465,.T.);
#3467=ADVANCED_FACE('',(#3466),#3450,.T.);
#3468=OVER_RIDING_STYLED_ITEM('',(#997),#3467,#26);
#3469=CARTESIAN_POINT('',(487.239848603,222.0594138,-61.762444841));
#3470=DIRECTION('',(-0.,-0.712848403,0.701318154));
#3471=DIRECTION('',(0.,-0.701318154,-0.712848403));
#3472=AXIS2_PLACEMENT_3D('',#3469,#3470,#3471);
#3473=PLANE('',#3472);
#3474=ORIENTED_EDGE('',*,*,#1287,.F.);
#3475=CARTESIAN_POINT('',(484.339848603,222.8844138,-60.923881161));
#3476=DIRECTION('',(1.,0.,0.));
#3477=VECTOR('',#3476,5.5);
#3478=LINE('',#3475,#3477);
#3479=EDGE_CURVE('',#638,#1274,#3478,.T.);
#3480=ORIENTED_EDGE('',*,*,#3479,.F.);
#3481=ORIENTED_EDGE('',*,*,#643,.T.);
#3482=ORIENTED_EDGE('',*,*,#3456,.T.);
#3483=EDGE_LOOP('',(#3474,#3480,#3481,#3482));
#3484=FACE_BOUND('',#3483,.T.);
#3485=ADVANCED_FACE('',(#3484),#3473,.T.);
#3486=OVER_RIDING_STYLED_ITEM('',(#997),#3485,#26);
#3487=CARTESIAN_POINT('',(487.239848603,223.7344138,-60.923881161));
#3488=DIRECTION('',(-0.,0.,1.));
#3489=DIRECTION('',(1.,0.,0.));
#3490=AXIS2_PLACEMENT_3D('',#3487,#3488,#3489);
#3491=PLANE('',#3490);
#3492=ORIENTED_EDGE('',*,*,#1279,.F.);
#3493=CARTESIAN_POINT('',(484.339848603,224.5844138,-60.923881161));
#3494=DIRECTION('',(1.,0.,0.));
#3495=VECTOR('',#3494,5.5);
#3496=LINE('',#3493,#3495);
#3497=EDGE_CURVE('',#646,#1266,#3496,.T.);
#3498=ORIENTED_EDGE('',*,*,#3497,.F.);
#3499=ORIENTED_EDGE('',*,*,#651,.T.);
#3500=ORIENTED_EDGE('',*,*,#3479,.T.);
#3501=EDGE_LOOP('',(#3492,#3498,#3499,#3500));
#3502=FACE_BOUND('',#3501,.T.);
#3503=ADVANCED_FACE('',(#3502),#3491,.T.);
#3504=OVER_RIDING_STYLED_ITEM('',(#997),#3503,#26);
#3505=CARTESIAN_POINT('',(487.239848603,224.7844138,-61.123881161));
#3506=DIRECTION('',(-0.,0.707106781,0.707106781));
#3507=DIRECTION('',(0.,-0.707106781,0.707106781));
#3508=AXIS2_PLACEMENT_3D('',#3505,#3506,#3507);
#3509=PLANE('',#3508);
#3510=ORIENTED_EDGE('',*,*,#1271,.F.);
#3511=CARTESIAN_POINT('',(484.339848603,224.9844138,-61.323881161));
#3512=DIRECTION('',(1.,0.,0.));
#3513=VECTOR('',#3512,5.5);
#3514=LINE('',#3511,#3513);
#3515=EDGE_CURVE('',#654,#1258,#3514,.T.);
#3516=ORIENTED_EDGE('',*,*,#3515,.F.);
#3517=ORIENTED_EDGE('',*,*,#659,.T.);
#3518=ORIENTED_EDGE('',*,*,#3497,.T.);
#3519=EDGE_LOOP('',(#3510,#3516,#3517,#3518));
#3520=FACE_BOUND('',#3519,.T.);
#3521=ADVANCED_FACE('',(#3520),#3509,.T.);
#3522=OVER_RIDING_STYLED_ITEM('',(#997),#3521,#26);
#3523=CARTESIAN_POINT('',(487.239848603,224.9844138,-61.987444841));
#3524=DIRECTION('',(0.,1.,0.));
#3525=DIRECTION('',(0.,0.,1.));
#3526=AXIS2_PLACEMENT_3D('',#3523,#3524,#3525);
#3527=PLANE('',#3526);
#3528=ORIENTED_EDGE('',*,*,#1263,.F.);
#3529=CARTESIAN_POINT('',(484.339848603,224.9844138,-62.651008522));
#3530=DIRECTION('',(1.,0.,0.));
#3531=VECTOR('',#3530,5.5);
#3532=LINE('',#3529,#3531);
#3533=EDGE_CURVE('',#662,#1250,#3532,.T.);
#3534=ORIENTED_EDGE('',*,*,#3533,.F.);
#3535=ORIENTED_EDGE('',*,*,#667,.T.);
#3536=ORIENTED_EDGE('',*,*,#3515,.T.);
#3537=EDGE_LOOP('',(#3528,#3534,#3535,#3536));
#3538=FACE_BOUND('',#3537,.T.);
#3539=ADVANCED_FACE('',(#3538),#3527,.T.);
#3540=OVER_RIDING_STYLED_ITEM('',(#997),#3539,#26);
#3541=CARTESIAN_POINT('',(487.239848603,226.065703121,-62.651008522));
#3542=DIRECTION('',(-0.,0.,1.));
#3543=DIRECTION('',(1.,0.,0.));
#3544=AXIS2_PLACEMENT_3D('',#3541,#3542,#3543);
#3545=PLANE('',#3544);
#3546=ORIENTED_EDGE('',*,*,#1255,.F.);
#3547=ORIENTED_EDGE('',*,*,#56,.F.);
#3548=ORIENTED_EDGE('',*,*,#673,.T.);
#3549=ORIENTED_EDGE('',*,*,#3533,.T.);
#3550=EDGE_LOOP('',(#3546,#3547,#3548,#3549));
#3551=FACE_BOUND('',#3550,.T.);
#3552=ADVANCED_FACE('',(#3551),#3545,.T.);
#3553=OVER_RIDING_STYLED_ITEM('',(#997),#3552,#26);
#3554=CARTESIAN_POINT('',(487.239848603,226.065703121,-68.423834191));
#3555=DIRECTION('',(0.,0.,-1.));
#3556=DIRECTION('',(-1.,0.,-0.));
#3557=AXIS2_PLACEMENT_3D('',#3554,#3555,#3556);
#3558=PLANE('',#3557);
#3559=ORIENTED_EDGE('',*,*,#1333,.F.);
#3560=CARTESIAN_POINT('',(484.339848603,224.9844138,-68.423834191));
#3561=DIRECTION('',(1.,0.,0.));
#3562=VECTOR('',#3561,5.5);
#3563=LINE('',#3560,#3562);
#3564=EDGE_CURVE('',#590,#1322,#3563,.T.);
#3565=ORIENTED_EDGE('',*,*,#3564,.F.);
#3566=ORIENTED_EDGE('',*,*,#595,.T.);
#3567=ORIENTED_EDGE('',*,*,#80,.T.);
#3568=EDGE_LOOP('',(#3559,#3565,#3566,#3567));
#3569=FACE_BOUND('',#3568,.T.);
#3570=ADVANCED_FACE('',(#3569),#3558,.T.);
#3571=OVER_RIDING_STYLED_ITEM('',(#997),#3570,#26);
#3572=CARTESIAN_POINT('',(487.239848603,224.9844138,-69.050985037));
#3573=DIRECTION('',(0.,1.,0.));
#3574=DIRECTION('',(0.,0.,1.));
#3575=AXIS2_PLACEMENT_3D('',#3572,#3573,#3574);
#3576=PLANE('',#3575);
#3577=ORIENTED_EDGE('',*,*,#1327,.F.);
#3578=CARTESIAN_POINT('',(484.339848603,224.9844138,-69.678135883));
#3579=DIRECTION('',(1.,0.,0.));
#3580=VECTOR('',#3579,5.5);
#3581=LINE('',#3578,#3580);
#3582=EDGE_CURVE('',#598,#1314,#3581,.T.);
#3583=ORIENTED_EDGE('',*,*,#3582,.F.);
#3584=ORIENTED_EDGE('',*,*,#603,.T.);
#3585=ORIENTED_EDGE('',*,*,#3564,.T.);
#3586=EDGE_LOOP('',(#3577,#3583,#3584,#3585));
#3587=FACE_BOUND('',#3586,.T.);
#3588=ADVANCED_FACE('',(#3587),#3576,.T.);
#3589=OVER_RIDING_STYLED_ITEM('',(#997),#3588,#26);
#3590=CARTESIAN_POINT('',(487.239848603,224.7844138,-69.878135883));
#3591=DIRECTION('',(0.,0.707106781,-0.707106781));
#3592=DIRECTION('',(0.,0.707106781,0.707106781));
#3593=AXIS2_PLACEMENT_3D('',#3590,#3591,#3592);
#3594=PLANE('',#3593);
#3595=ORIENTED_EDGE('',*,*,#1319,.F.);
#3596=CARTESIAN_POINT('',(484.339848603,224.5844138,-70.078135883));
#3597=DIRECTION('',(1.,0.,0.));
#3598=VECTOR('',#3597,5.5);
#3599=LINE('',#3596,#3598);
#3600=EDGE_CURVE('',#606,#1306,#3599,.T.);
#3601=ORIENTED_EDGE('',*,*,#3600,.F.);
#3602=ORIENTED_EDGE('',*,*,#611,.T.);
#3603=ORIENTED_EDGE('',*,*,#3582,.T.);
#3604=EDGE_LOOP('',(#3595,#3601,#3602,#3603));
#3605=FACE_BOUND('',#3604,.T.);
#3606=ADVANCED_FACE('',(#3605),#3594,.T.);
#3607=OVER_RIDING_STYLED_ITEM('',(#997),#3606,#26);
#3608=CARTESIAN_POINT('',(487.239848603,223.7344138,-70.078135883));
#3609=DIRECTION('',(0.,0.,-1.));
#3610=DIRECTION('',(-1.,0.,-0.));
#3611=AXIS2_PLACEMENT_3D('',#3608,#3609,#3610);
#3612=PLANE('',#3611);
#3613=ORIENTED_EDGE('',*,*,#1311,.F.);
#3614=CARTESIAN_POINT('',(484.339848603,222.8844138,-70.078135883));
#3615=DIRECTION('',(1.,0.,0.));
#3616=VECTOR('',#3615,5.5);
#3617=LINE('',#3614,#3616);
#3618=EDGE_CURVE('',#614,#1298,#3617,.T.);
#3619=ORIENTED_EDGE('',*,*,#3618,.F.);
#3620=ORIENTED_EDGE('',*,*,#619,.T.);
#3621=ORIENTED_EDGE('',*,*,#3600,.T.);
#3622=EDGE_LOOP('',(#3613,#3619,#3620,#3621));
#3623=FACE_BOUND('',#3622,.T.);
#3624=ADVANCED_FACE('',(#3623),#3612,.T.);
#3625=OVER_RIDING_STYLED_ITEM('',(#997),#3624,#26);
#3626=CARTESIAN_POINT('',(487.239848603,222.0594138,-69.239572202));
#3627=DIRECTION('',(0.,-0.712848403,-0.701318154));
#3628=DIRECTION('',(0.,0.701318154,-0.712848403));
#3629=AXIS2_PLACEMENT_3D('',#3626,#3627,#3628);
#3630=PLANE('',#3629);
#3631=ORIENTED_EDGE('',*,*,#1303,.F.);
#3632=ORIENTED_EDGE('',*,*,#3463,.F.);
#3633=ORIENTED_EDGE('',*,*,#627,.T.);
#3634=ORIENTED_EDGE('',*,*,#3618,.T.);
#3635=EDGE_LOOP('',(#3631,#3632,#3633,#3634));
#3636=FACE_BOUND('',#3635,.T.);
#3637=ADVANCED_FACE('',(#3636),#3630,.T.);
#3638=OVER_RIDING_STYLED_ITEM('',(#997),#3637,#26);
#3639=CARTESIAN_POINT('',(487.239848603,221.2344138,-45.501008522));
#3640=DIRECTION('',(0.,-1.,0.));
#3641=DIRECTION('',(0.,0.,-1.));
#3642=AXIS2_PLACEMENT_3D('',#3639,#3640,#3641);
#3643=PLANE('',#3642);
#3644=ORIENTED_EDGE('',*,*,#1208,.F.);
#3645=CARTESIAN_POINT('',(484.339848603,221.2344138,-42.601008522));
#3646=DIRECTION('',(1.,0.,0.));
#3647=VECTOR('',#3646,5.5);
#3648=LINE('',#3645,#3647);
#3649=EDGE_CURVE('',#717,#1195,#3648,.T.);
#3650=ORIENTED_EDGE('',*,*,#3649,.F.);
#3651=ORIENTED_EDGE('',*,*,#722,.T.);
#3652=CARTESIAN_POINT('',(484.339848603,221.2344138,-48.401008522));
#3653=DIRECTION('',(1.,0.,0.));
#3654=VECTOR('',#3653,5.5);
#3655=LINE('',#3652,#3654);
#3656=EDGE_CURVE('',#709,#1203,#3655,.T.);
#3657=ORIENTED_EDGE('',*,*,#3656,.T.);
#3658=EDGE_LOOP('',(#3644,#3650,#3651,#3657));
#3659=FACE_BOUND('',#3658,.T.);
#3660=ADVANCED_FACE('',(#3659),#3643,.T.);
#3661=OVER_RIDING_STYLED_ITEM('',(#997),#3660,#26);
#3662=CARTESIAN_POINT('',(487.239848603,222.0594138,-41.762444841));
#3663=DIRECTION('',(-0.,-0.712848403,0.701318154));
#3664=DIRECTION('',(0.,-0.701318154,-0.712848403));
#3665=AXIS2_PLACEMENT_3D('',#3662,#3663,#3664);
#3666=PLANE('',#3665);
#3667=ORIENTED_EDGE('',*,*,#1200,.F.);
#3668=CARTESIAN_POINT('',(484.339848603,222.8844138,-40.923881161));
#3669=DIRECTION('',(1.,0.,0.));
#3670=VECTOR('',#3669,5.5);
#3671=LINE('',#3668,#3670);
#3672=EDGE_CURVE('',#725,#1187,#3671,.T.);
#3673=ORIENTED_EDGE('',*,*,#3672,.F.);
#3674=ORIENTED_EDGE('',*,*,#730,.T.);
#3675=ORIENTED_EDGE('',*,*,#3649,.T.);
#3676=EDGE_LOOP('',(#3667,#3673,#3674,#3675));
#3677=FACE_BOUND('',#3676,.T.);
#3678=ADVANCED_FACE('',(#3677),#3666,.T.);
#3679=OVER_RIDING_STYLED_ITEM('',(#997),#3678,#26);
#3680=CARTESIAN_POINT('',(487.239848603,223.7344138,-40.923881161));
#3681=DIRECTION('',(-0.,0.,1.));
#3682=DIRECTION('',(1.,0.,0.));
#3683=AXIS2_PLACEMENT_3D('',#3680,#3681,#3682);
#3684=PLANE('',#3683);
#3685=ORIENTED_EDGE('',*,*,#1192,.F.);
#3686=CARTESIAN_POINT('',(484.339848603,224.5844138,-40.923881161));
#3687=DIRECTION('',(1.,0.,0.));
#3688=VECTOR('',#3687,5.5);
#3689=LINE('',#3686,#3688);
#3690=EDGE_CURVE('',#733,#1179,#3689,.T.);
#3691=ORIENTED_EDGE('',*,*,#3690,.F.);
#3692=ORIENTED_EDGE('',*,*,#738,.T.);
#3693=ORIENTED_EDGE('',*,*,#3672,.T.);
#3694=EDGE_LOOP('',(#3685,#3691,#3692,#3693));
#3695=FACE_BOUND('',#3694,.T.);
#3696=ADVANCED_FACE('',(#3695),#3684,.T.);
#3697=OVER_RIDING_STYLED_ITEM('',(#997),#3696,#26);
#3698=CARTESIAN_POINT('',(487.239848603,224.7844138,-41.123881161));
#3699=DIRECTION('',(-0.,0.707106781,0.707106781));
#3700=DIRECTION('',(0.,-0.707106781,0.707106781));
#3701=AXIS2_PLACEMENT_3D('',#3698,#3699,#3700);
#3702=PLANE('',#3701);
#3703=ORIENTED_EDGE('',*,*,#1184,.F.);
#3704=CARTESIAN_POINT('',(484.339848603,224.9844138,-41.323881161));
#3705=DIRECTION('',(1.,0.,0.));
#3706=VECTOR('',#3705,5.5);
#3707=LINE('',#3704,#3706);
#3708=EDGE_CURVE('',#741,#1171,#3707,.T.);
#3709=ORIENTED_EDGE('',*,*,#3708,.F.);
#3710=ORIENTED_EDGE('',*,*,#746,.T.);
#3711=ORIENTED_EDGE('',*,*,#3690,.T.);
#3712=EDGE_LOOP('',(#3703,#3709,#3710,#3711));
#3713=FACE_BOUND('',#3712,.T.);
#3714=ADVANCED_FACE('',(#3713),#3702,.T.);
#3715=OVER_RIDING_STYLED_ITEM('',(#997),#3714,#26);
#3716=CARTESIAN_POINT('',(487.239848603,224.9844138,-41.987444841));
#3717=DIRECTION('',(0.,1.,0.));
#3718=DIRECTION('',(0.,0.,1.));
#3719=AXIS2_PLACEMENT_3D('',#3716,#3717,#3718);
#3720=PLANE('',#3719);
#3721=ORIENTED_EDGE('',*,*,#1176,.F.);
#3722=CARTESIAN_POINT('',(484.339848603,224.9844138,-42.651008522));
#3723=DIRECTION('',(1.,0.,0.));
#3724=VECTOR('',#3723,5.5);
#3725=LINE('',#3722,#3724);
#3726=EDGE_CURVE('',#749,#1163,#3725,.T.);
#3727=ORIENTED_EDGE('',*,*,#3726,.F.);
#3728=ORIENTED_EDGE('',*,*,#754,.T.);
#3729=ORIENTED_EDGE('',*,*,#3708,.T.);
#3730=EDGE_LOOP('',(#3721,#3727,#3728,#3729));
#3731=FACE_BOUND('',#3730,.T.);
#3732=ADVANCED_FACE('',(#3731),#3720,.T.);
#3733=OVER_RIDING_STYLED_ITEM('',(#997),#3732,#26);
#3734=CARTESIAN_POINT('',(487.239848603,226.065703121,-42.651008522));
#3735=DIRECTION('',(-0.,0.,1.));
#3736=DIRECTION('',(1.,0.,0.));
#3737=AXIS2_PLACEMENT_3D('',#3734,#3735,#3736);
#3738=PLANE('',#3737);
#3739=ORIENTED_EDGE('',*,*,#1168,.F.);
#3740=ORIENTED_EDGE('',*,*,#1780,.F.);
#3741=ORIENTED_EDGE('',*,*,#762,.T.);
#3742=ORIENTED_EDGE('',*,*,#3726,.T.);
#3743=EDGE_LOOP('',(#3739,#3740,#3741,#3742));
#3744=FACE_BOUND('',#3743,.T.);
#3745=ADVANCED_FACE('',(#3744),#3738,.T.);
#3746=OVER_RIDING_STYLED_ITEM('',(#997),#3745,#26);
#3747=CARTESIAN_POINT('',(487.239848603,226.065703121,-48.423834191));
#3748=DIRECTION('',(0.,0.,-1.));
#3749=DIRECTION('',(-1.,0.,-0.));
#3750=AXIS2_PLACEMENT_3D('',#3747,#3748,#3749);
#3751=PLANE('',#3750);
#3752=ORIENTED_EDGE('',*,*,#1246,.F.);
#3753=CARTESIAN_POINT('',(484.339848603,224.9844138,-48.423834191));
#3754=DIRECTION('',(1.,0.,0.));
#3755=VECTOR('',#3754,5.5);
#3756=LINE('',#3753,#3755);
#3757=EDGE_CURVE('',#677,#1235,#3756,.T.);
#3758=ORIENTED_EDGE('',*,*,#3757,.F.);
#3759=ORIENTED_EDGE('',*,*,#682,.T.);
#3760=ORIENTED_EDGE('',*,*,#40,.T.);
#3761=EDGE_LOOP('',(#3752,#3758,#3759,#3760));
#3762=FACE_BOUND('',#3761,.T.);
#3763=ADVANCED_FACE('',(#3762),#3751,.T.);
#3764=OVER_RIDING_STYLED_ITEM('',(#997),#3763,#26);
#3765=CARTESIAN_POINT('',(487.239848603,224.9844138,-49.050985037));
#3766=DIRECTION('',(0.,1.,0.));
#3767=DIRECTION('',(0.,0.,1.));
#3768=AXIS2_PLACEMENT_3D('',#3765,#3766,#3767);
#3769=PLANE('',#3768);
#3770=ORIENTED_EDGE('',*,*,#1240,.F.);
#3771=CARTESIAN_POINT('',(484.339848603,224.9844138,-49.678135883));
#3772=DIRECTION('',(1.,0.,0.));
#3773=VECTOR('',#3772,5.5);
#3774=LINE('',#3771,#3773);
#3775=EDGE_CURVE('',#685,#1227,#3774,.T.);
#3776=ORIENTED_EDGE('',*,*,#3775,.F.);
#3777=ORIENTED_EDGE('',*,*,#690,.T.);
#3778=ORIENTED_EDGE('',*,*,#3757,.T.);
#3779=EDGE_LOOP('',(#3770,#3776,#3777,#3778));
#3780=FACE_BOUND('',#3779,.T.);
#3781=ADVANCED_FACE('',(#3780),#3769,.T.);
#3782=OVER_RIDING_STYLED_ITEM('',(#997),#3781,#26);
#3783=CARTESIAN_POINT('',(487.239848603,224.7844138,-49.878135883));
#3784=DIRECTION('',(0.,0.707106781,-0.707106781));
#3785=DIRECTION('',(0.,0.707106781,0.707106781));
#3786=AXIS2_PLACEMENT_3D('',#3783,#3784,#3785);
#3787=PLANE('',#3786);
#3788=ORIENTED_EDGE('',*,*,#1232,.F.);
#3789=CARTESIAN_POINT('',(484.339848603,224.5844138,-50.078135883));
#3790=DIRECTION('',(1.,0.,0.));
#3791=VECTOR('',#3790,5.5);
#3792=LINE('',#3789,#3791);
#3793=EDGE_CURVE('',#693,#1219,#3792,.T.);
#3794=ORIENTED_EDGE('',*,*,#3793,.F.);
#3795=ORIENTED_EDGE('',*,*,#698,.T.);
#3796=ORIENTED_EDGE('',*,*,#3775,.T.);
#3797=EDGE_LOOP('',(#3788,#3794,#3795,#3796));
#3798=FACE_BOUND('',#3797,.T.);
#3799=ADVANCED_FACE('',(#3798),#3787,.T.);
#3800=OVER_RIDING_STYLED_ITEM('',(#997),#3799,#26);
#3801=CARTESIAN_POINT('',(487.239848603,223.7344138,-50.078135883));
#3802=DIRECTION('',(0.,0.,-1.));
#3803=DIRECTION('',(-1.,0.,-0.));
#3804=AXIS2_PLACEMENT_3D('',#3801,#3802,#3803);
#3805=PLANE('',#3804);
#3806=ORIENTED_EDGE('',*,*,#1224,.F.);
#3807=CARTESIAN_POINT('',(484.339848603,222.8844138,-50.078135883));
#3808=DIRECTION('',(1.,0.,0.));
#3809=VECTOR('',#3808,5.5);
#3810=LINE('',#3807,#3809);
#3811=EDGE_CURVE('',#701,#1211,#3810,.T.);
#3812=ORIENTED_EDGE('',*,*,#3811,.F.);
#3813=ORIENTED_EDGE('',*,*,#706,.T.);
#3814=ORIENTED_EDGE('',*,*,#3793,.T.);
#3815=EDGE_LOOP('',(#3806,#3812,#3813,#3814));
#3816=FACE_BOUND('',#3815,.T.);
#3817=ADVANCED_FACE('',(#3816),#3805,.T.);
#3818=OVER_RIDING_STYLED_ITEM('',(#997),#3817,#26);
#3819=CARTESIAN_POINT('',(487.239848603,222.0594138,-49.239572202));
#3820=DIRECTION('',(0.,-0.712848403,-0.701318154));
#3821=DIRECTION('',(0.,0.701318154,-0.712848403));
#3822=AXIS2_PLACEMENT_3D('',#3819,#3820,#3821);
#3823=PLANE('',#3822);
#3824=ORIENTED_EDGE('',*,*,#1216,.F.);
#3825=ORIENTED_EDGE('',*,*,#3656,.F.);
#3826=ORIENTED_EDGE('',*,*,#714,.T.);
#3827=ORIENTED_EDGE('',*,*,#3811,.T.);
#3828=EDGE_LOOP('',(#3824,#3825,#3826,#3827));
#3829=FACE_BOUND('',#3828,.T.);
#3830=ADVANCED_FACE('',(#3829),#3823,.T.);
#3831=OVER_RIDING_STYLED_ITEM('',(#997),#3830,#26);
#3832=CLOSED_SHELL('',(#66,#106,#178,#259,#323,#396,#990,#1768,#1791,#1822,#1839,#1865,#1896,#1927,#1958,#1982,#2006,#2030,#2054,#2141,#2158,#2189,#2206,#2225,#2251,#2268,
#2280,#2297,#2414,#2431,#2443,#2460,#2477,#2494,#2516,#2533,#2550,#2567,#2584,#2596,#2608,#2620,#2632,#2654,#2676,#2698,#2720,#2742,#2764,#2786,#2808,
#2830,#2852,#2874,#2896,#2918,#2940,#2962,#2984,#3006,#3028,#3050,#3072,#3084,#3096,#3108,#3120,#3132,#3144,#3156,#3168,#3180,#3192,#3204,#3216,#3228,
#3240,#3252,#3264,#3276,#3288,#3300,#3312,#3334,#3351,#3368,#3385,#3397,#3409,#3421,#3433,#3445,#3467,#3485,#3503,#3521,#3539,#3552,#3570,#3588,#3606,
#3624,#3637,#3660,#3678,#3696,#3714,#3732,#3745,#3763,#3781,#3799,#3817,#3830));
#3833=MANIFOLD_SOLID_BREP('belt cart mod adjustable belt motor mount left',#3832);
#3834=COLOUR_RGB('',0.368627459,1.,0.925490201);
#3835=FILL_AREA_STYLE_COLOUR('',#3834);
#3836=FILL_AREA_STYLE('',(#3835));
#3837=SURFACE_STYLE_FILL_AREA(#3836);
#3838=SURFACE_SIDE_STYLE('',(#3837));
#3839=SURFACE_STYLE_USAGE(.BOTH.,#3838);
#3840=PRESENTATION_STYLE_ASSIGNMENT((#3839));
#26=STYLED_ITEM('',(#3840),#3833);
#16=SHAPE_REPRESENTATION('belt cart mod adjustable belt motor mount left',(#15),#10);
#17=ADVANCED_BREP_SHAPE_REPRESENTATION('belt cart mod adjustable belt motor mount left',(#3833),#10);
#3848=SHAPE_REPRESENTATION_RELATIONSHIP('','',#16,#17);
#3849=CARTESIAN_POINT('',(0.,0.,0.));
#3850=DIRECTION('',(0.,0.,1.));
#3851=DIRECTION('',(1.,0.,0.));
#3852=AXIS2_PLACEMENT_3D('',#3849,#3850,#3851);
#3854=MAPPED_ITEM('',#3853,#3852);
#3853=REPRESENTATION_MAP(#3852,#16);
#3855=APPLICATION_CONTEXT('Managed model based 3d engineering');
#3856=APPLICATION_PROTOCOL_DEFINITION('international standard','ap242_managed_model_based_3d_engineering',2014,#3855);
#3857=PRODUCT_CONTEXT('',#3855,'mechanical');
#3858=PRODUCT_DEFINITION_CONTEXT('part definition',#3855,'design');
#24=PRODUCT('belt cart mod adjustable belt motor mount left','belt cart mod adjustable belt motor mount left','',(#3857));
#3859=PRODUCT_RELATED_PRODUCT_CATEGORY('part','',(#24));
#3860=PRODUCT_DEFINITION_FORMATION_WITH_SPECIFIED_SOURCE('','',#24,.NOT_KNOWN.);
#25=PRODUCT_DEFINITION('design','',#3860,#3858);
#23=PRODUCT_DEFINITION_SHAPE('','',#25);
#3861=SHAPE_DEFINITION_REPRESENTATION(#23,#16);
#11=DRAUGHTING_MODEL('',(#3854),#10);
#3862=DESCRIPTIVE_REPRESENTATION_ITEM('KEY','C:\\Users\\cdeit\\AppData\\Local\\Packages\\Shapr3D.Shapr3D_j403pzjkqtqbj\\TempState\\ea3033f0-2163-458c-9cfd-804dd2fd4237.tmp');
#3863=PROPERTY_DEFINITION('KEY','',#25);
#3864=REPRESENTATION('',(#3862),#10);
#3865=PROPERTY_DEFINITION_REPRESENTATION(#3863,#3864);
#3866=GENERAL_PROPERTY('','KEY','');
#3867=GENERAL_PROPERTY_ASSOCIATION('','',#3866,#3863);
#1=MECHANICAL_DESIGN_GEOMETRIC_PRESENTATION_REPRESENTATION('',(#998,#1769,#3468,#3486,#3504,#3522,#3540,#3553,#3571,#3589,#3607,#3625,#3638,#3661,#3679,#3697,#3715,#3733,#3746,#3764,#3782,#3800,#3818,#3831,#26),#10);
ENDSEC;
END-ISO-10303-21;
