ISO-10303-21;
HEADER;

/* File generated by Shapr3D Version 26.142.11496.0 */

FILE_DESCRIPTION(('HOOPS Exchange Step'),'2;1');

FILE_NAME('C:\\Users\\cdeit\\AppData\\Local\\Packages\\Shapr3D.Shapr3D_j403pzjkqtqbj\\TempState\\export\\temp_export',
'2026-08-14T11:25:31-04:00',
('cdeit'),
('Shapr3D Limited'),
'HOOPS Exchange 2026.3',
'Shapr3D',
'Authorized');

FILE_SCHEMA( ('AP242_MANAGED_MODEL_BASED_3D_ENGINEERING_MIM_LF {1 0 10303 442 1 1 4}') );

ENDSEC;

DATA;
#3=(NAMED_UNIT(*)PLANE_ANGLE_UNIT()SI_UNIT($,.RADIAN.));
#4=PLANE_ANGLE_MEASURE_WITH_UNIT(PLANE_ANGLE_MEASURE(0.0174532925),#3);
#5=(CONVERSION_BASED_UNIT('DEGREE',#4)NAMED_UNIT(#6)PLANE_ANGLE_UNIT());
#6=DIMENSIONAL_EXPONENTS(0.,0.,0.,0.,0.,0.,0.);
#7=(NAMED_UNIT(*)SI_UNIT($,.STERADIAN.)SOLID_ANGLE_UNIT());
#8=(LENGTH_UNIT()NAMED_UNIT(*)SI_UNIT(.MILLI.,.METRE.));
#9=UNCERTAINTY_MEASURE_WITH_UNIT(LENGTH_MEASURE(1.000000E-05),#8,'DISTANCE_ACCURACY_VALUE','Maximum Tolerance applied to model');
#10=(GEOMETRIC_REPRESENTATION_CONTEXT(3)GLOBAL_UNCERTAINTY_ASSIGNED_CONTEXT((#9))GLOBAL_UNIT_ASSIGNED_CONTEXT((#8,#5,#7))REPRESENTATION_CONTEXT('','belt cart mod adjustable belt motor mount right'));
#12=CARTESIAN_POINT('',(0.,0.,0.));
#13=DIRECTION('',(0.,0.,1.));
#14=DIRECTION('',(1.,0.,0.));
#15=AXIS2_PLACEMENT_3D('',#12,#13,#14);
#27=CARTESIAN_POINT('',(754.839848603,227.146992443,-76.137421357));
#28=DIRECTION('',(0.,1.,0.));
#29=DIRECTION('',(-0.,0.,-1.));
#30=AXIS2_PLACEMENT_3D('',#27,#28,#29);
#31=PLANE('',#30);
#32=CARTESIAN_POINT('',(769.339848603,227.146992443,-48.423834191));
#33=VERTEX_POINT('',#32);
#34=CARTESIAN_POINT('',(763.839848603,227.146992443,-48.423834191));
#35=VERTEX_POINT('',#34);
#36=CARTESIAN_POINT('',(769.339848603,227.146992443,-48.423834191));
#37=DIRECTION('',(-1.,0.,0.));
#38=VECTOR('',#37,5.5);
#39=LINE('',#36,#38);
#40=EDGE_CURVE('',#33,#35,#39,.T.);
#41=ORIENTED_EDGE('',*,*,#40,.T.);
#42=CARTESIAN_POINT('',(763.839848603,227.146992443,-62.651008522));
#43=VERTEX_POINT('',#42);
#44=CARTESIAN_POINT('',(763.839848603,227.146992443,-62.651008522));
#45=DIRECTION('',(0.,-0.,1.));
#46=VECTOR('',#45,14.227174331);
#47=LINE('',#44,#46);
#48=EDGE_CURVE('',#43,#35,#47,.T.);
#49=ORIENTED_EDGE('',*,*,#48,.F.);
#50=CARTESIAN_POINT('',(769.339848603,227.146992443,-62.651008522));
#51=VERTEX_POINT('',#50);
#52=CARTESIAN_POINT('',(769.339848603,227.146992443,-62.651008522));
#53=DIRECTION('',(-1.,0.,0.));
#54=VECTOR('',#53,5.5);
#55=LINE('',#52,#54);
#56=EDGE_CURVE('',#51,#43,#55,.T.);
#57=ORIENTED_EDGE('',*,*,#56,.F.);
#58=CARTESIAN_POINT('',(769.339848603,227.146992443,-48.423834191));
#59=DIRECTION('',(-0.,0.,-1.));
#60=VECTOR('',#59,14.227174331);
#61=LINE('',#58,#60);
#62=EDGE_CURVE('',#33,#51,#61,.T.);
#63=ORIENTED_EDGE('',*,*,#62,.F.);
#64=EDGE_LOOP('',(#41,#49,#57,#63));
#65=FACE_BOUND('',#64,.T.);
#66=ADVANCED_FACE('',(#65),#31,.F.);
#67=CARTESIAN_POINT('',(754.839848603,227.146992443,-76.137421357));
#68=DIRECTION('',(0.,1.,0.));
#69=DIRECTION('',(-0.,0.,-1.));
#70=AXIS2_PLACEMENT_3D('',#67,#68,#69);
#71=PLANE('',#70);
#72=CARTESIAN_POINT('',(769.339848603,227.146992443,-68.423834191));
#73=VERTEX_POINT('',#72);
#74=CARTESIAN_POINT('',(763.839848603,227.146992443,-68.423834191));
#75=VERTEX_POINT('',#74);
#76=CARTESIAN_POINT('',(769.339848603,227.146992443,-68.423834191));
#77=DIRECTION('',(-1.,0.,0.));
#78=VECTOR('',#77,5.5);
#79=LINE('',#76,#78);
#80=EDGE_CURVE('',#73,#75,#79,.T.);
#81=ORIENTED_EDGE('',*,*,#80,.T.);
#82=CARTESIAN_POINT('',(763.839848603,227.146992443,-75.637421357));
#83=VERTEX_POINT('',#82);
#84=CARTESIAN_POINT('',(763.839848603,227.146992443,-75.637421357));
#85=DIRECTION('',(0.,-0.,1.));
#86=VECTOR('',#85,7.213587165);
#87=LINE('',#84,#86);
#88=EDGE_CURVE('',#83,#75,#87,.T.);
#89=ORIENTED_EDGE('',*,*,#88,.F.);
#90=CARTESIAN_POINT('',(769.339848603,227.146992443,-75.637421357));
#91=VERTEX_POINT('',#90);
#92=CARTESIAN_POINT('',(763.839848603,227.146992443,-75.637421357));
#93=DIRECTION('',(1.,0.,-0.));
#94=VECTOR('',#93,5.5);
#95=LINE('',#92,#94);
#96=EDGE_CURVE('',#83,#91,#95,.T.);
#97=ORIENTED_EDGE('',*,*,#96,.T.);
#98=CARTESIAN_POINT('',(769.339848603,227.146992443,-68.423834191));
#99=DIRECTION('',(-0.,0.,-1.));
#100=VECTOR('',#99,7.213587165);
#101=LINE('',#98,#100);
#102=EDGE_CURVE('',#73,#91,#101,.T.);
#103=ORIENTED_EDGE('',*,*,#102,.F.);
#104=EDGE_LOOP('',(#81,#89,#97,#103));
#105=FACE_BOUND('',#104,.T.);
#106=ADVANCED_FACE('',(#105),#71,.F.);
#107=CARTESIAN_POINT('',(727.948848603,151.460595248,-81.537421357));
#108=DIRECTION('',(0.,0.,-1.));
#109=DIRECTION('',(-1.,-0.,-0.));
#110=AXIS2_PLACEMENT_3D('',#107,#108,#109);
#111=PLANE('',#110);
#112=CARTESIAN_POINT('',(801.839848603,207.341412835,-81.537421357));
#113=VERTEX_POINT('',#112);
#114=CARTESIAN_POINT('',(801.839848603,228.296615351,-81.537421357));
#115=VERTEX_POINT('',#114);
#116=CARTESIAN_POINT('',(801.839848603,207.341412835,-81.537421357));
#117=DIRECTION('',(-0.,1.,0.));
#118=VECTOR('',#117,20.955202516);
#119=LINE('',#116,#118);
#120=EDGE_CURVE('',#113,#115,#119,.T.);
#121=ORIENTED_EDGE('',*,*,#120,.F.);
#122=CARTESIAN_POINT('',(763.839848603,207.341412835,-81.537421357));
#123=VERTEX_POINT('',#122);
#124=CARTESIAN_POINT('',(763.839848603,207.341412835,-81.537421357));
#125=DIRECTION('',(1.,-0.,0.));
#126=VECTOR('',#125,38.);
#127=LINE('',#124,#126);
#128=EDGE_CURVE('',#123,#113,#127,.T.);
#129=ORIENTED_EDGE('',*,*,#128,.F.);
#130=CARTESIAN_POINT('',(763.839848603,275.952572051,-81.537421357));
#131=VERTEX_POINT('',#130);
#132=CARTESIAN_POINT('',(763.839848603,275.952572051,-81.537421357));
#133=DIRECTION('',(0.,-1.,-0.));
#134=VECTOR('',#133,68.611159217);
#135=LINE('',#132,#134);
#136=EDGE_CURVE('',#131,#123,#135,.T.);
#137=ORIENTED_EDGE('',*,*,#136,.F.);
#138=CARTESIAN_POINT('',(768.470788481,275.952572051,-81.537421357));
#139=VERTEX_POINT('',#138);
#140=CARTESIAN_POINT('',(768.470788481,275.952572051,-81.537421357));
#141=DIRECTION('',(-1.,-0.,-0.));
#142=VECTOR('',#141,4.630939878);
#143=LINE('',#140,#142);
#144=EDGE_CURVE('',#139,#131,#143,.T.);
#145=ORIENTED_EDGE('',*,*,#144,.F.);
#146=CARTESIAN_POINT('',(785.155318542,252.124593701,-81.537421357));
#147=VERTEX_POINT('',#146);
#148=CARTESIAN_POINT('',(785.155318542,252.124593701,-81.537421357));
#149=DIRECTION('',(-0.573576436,0.819152044,0.));
#150=VECTOR('',#149,29.088590472);
#151=LINE('',#148,#150);
#152=EDGE_CURVE('',#147,#139,#151,.T.);
#153=ORIENTED_EDGE('',*,*,#152,.F.);
#154=CARTESIAN_POINT('',(785.155318542,239.296615351,-81.537421357));
#155=VERTEX_POINT('',#154);
#156=CARTESIAN_POINT('',(785.155318542,239.296615351,-81.537421357));
#157=DIRECTION('',(-0.,1.,0.));
#158=VECTOR('',#157,12.82797835);
#159=LINE('',#156,#158);
#160=EDGE_CURVE('',#155,#147,#159,.T.);
#161=ORIENTED_EDGE('',*,*,#160,.F.);
#162=CARTESIAN_POINT('',(796.155318542,228.296615351,-81.537421357));
#163=VERTEX_POINT('',#162);
#164=CARTESIAN_POINT('',(796.155318542,228.296615351,-81.537421357));
#165=DIRECTION('',(-0.707106781,0.707106781,0.));
#166=VECTOR('',#165,15.556349186);
#167=LINE('',#164,#166);
#168=EDGE_CURVE('',#163,#155,#167,.T.);
#169=ORIENTED_EDGE('',*,*,#168,.F.);
#170=CARTESIAN_POINT('',(801.839848603,228.296615351,-81.537421357));
#171=DIRECTION('',(-1.,-0.,-0.));
#172=VECTOR('',#171,5.684530061);
#173=LINE('',#170,#172);
#174=EDGE_CURVE('',#115,#163,#173,.T.);
#175=ORIENTED_EDGE('',*,*,#174,.F.);
#176=EDGE_LOOP('',(#121,#129,#137,#145,#153,#161,#169,#175));
#177=FACE_BOUND('',#176,.T.);
#178=ADVANCED_FACE('',(#177),#111,.T.);
#179=CARTESIAN_POINT('',(727.948848603,151.460595248,-29.537421357));
#180=DIRECTION('',(0.,0.,1.));
#181=DIRECTION('',(-1.,-0.,0.));
#182=AXIS2_PLACEMENT_3D('',#179,#180,#181);
#183=PLANE('',#182);
#184=CARTESIAN_POINT('',(768.470788481,275.952572051,-29.537421357));
#185=VERTEX_POINT('',#184);
#186=CARTESIAN_POINT('',(784.974470586,252.382871349,-29.537421357));
#187=VERTEX_POINT('',#186);
#188=CARTESIAN_POINT('',(768.470788481,275.952572051,-29.537421357));
#189=DIRECTION('',(0.573576436,-0.819152044,0.));
#190=VECTOR('',#189,28.773291683);
#191=LINE('',#188,#190);
#192=EDGE_CURVE('',#185,#187,#191,.T.);
#193=ORIENTED_EDGE('',*,*,#192,.F.);
#194=CARTESIAN_POINT('',(763.839848603,275.952572051,-29.537421357));
#195=VERTEX_POINT('',#194);
#196=CARTESIAN_POINT('',(763.839848603,275.952572051,-29.537421357));
#197=DIRECTION('',(1.,-0.,-0.));
#198=VECTOR('',#197,4.630939878);
#199=LINE('',#196,#198);
#200=EDGE_CURVE('',#195,#185,#199,.T.);
#201=ORIENTED_EDGE('',*,*,#200,.F.);
#202=CARTESIAN_POINT('',(763.839848603,207.346992443,-29.537421357));
#203=VERTEX_POINT('',#202);
#204=CARTESIAN_POINT('',(763.839848603,275.952572051,-29.537421357));
#205=DIRECTION('',(0.,-1.,0.));
#206=VECTOR('',#205,68.605579608);
#207=LINE('',#204,#206);
#208=EDGE_CURVE('',#195,#203,#207,.T.);
#209=ORIENTED_EDGE('',*,*,#208,.T.);
#210=CARTESIAN_POINT('',(801.839848603,207.346992443,-29.537421357));
#211=VERTEX_POINT('',#210);
#212=CARTESIAN_POINT('',(763.839848603,207.346992443,-29.537421357));
#213=DIRECTION('',(1.,0.,-0.));
#214=VECTOR('',#213,38.);
#215=LINE('',#212,#214);
#216=EDGE_CURVE('',#203,#211,#215,.T.);
#217=ORIENTED_EDGE('',*,*,#216,.T.);
#218=CARTESIAN_POINT('',(801.839848603,228.296615351,-29.537421357));
#219=VERTEX_POINT('',#218);
#220=CARTESIAN_POINT('',(801.839848603,207.346992443,-29.537421357));
#221=DIRECTION('',(-0.,1.,-0.));
#222=VECTOR('',#221,20.949622908);
#223=LINE('',#220,#222);
#224=EDGE_CURVE('',#211,#219,#223,.T.);
#225=ORIENTED_EDGE('',*,*,#224,.T.);
#226=CARTESIAN_POINT('',(796.155318542,228.296615351,-29.537421357));
#227=VERTEX_POINT('',#226);
#228=CARTESIAN_POINT('',(801.839848603,228.296615351,-29.537421357));
#229=DIRECTION('',(-1.,-0.,0.));
#230=VECTOR('',#229,5.684530061);
#231=LINE('',#228,#230);
#232=EDGE_CURVE('',#219,#227,#231,.T.);
#233=ORIENTED_EDGE('',*,*,#232,.T.);
#234=CARTESIAN_POINT('',(785.155318542,239.296615351,-29.537421357));
#235=VERTEX_POINT('',#234);
#236=CARTESIAN_POINT('',(796.155318542,228.296615351,-29.537421357));
#237=DIRECTION('',(-0.707106781,0.707106781,0.));
#238=VECTOR('',#237,15.556349186);
#239=LINE('',#236,#238);
#240=EDGE_CURVE('',#227,#235,#239,.T.);
#241=ORIENTED_EDGE('',*,*,#240,.T.);
#242=CARTESIAN_POINT('',(785.155318542,251.809294912,-29.537421357));
#243=VERTEX_POINT('',#242);
#244=CARTESIAN_POINT('',(785.155318542,239.296615351,-29.537421357));
#245=DIRECTION('',(0.,1.,-0.));
#246=VECTOR('',#245,12.512679561);
#247=LINE('',#244,#246);
#248=EDGE_CURVE('',#235,#243,#247,.T.);
#249=ORIENTED_EDGE('',*,*,#248,.T.);
#250=CARTESIAN_POINT('',(784.155318542,251.809294912,-29.537421357));
#251=DIRECTION('',(0.,0.,1.));
#252=DIRECTION('',(-1.,0.,0.));
#253=AXIS2_PLACEMENT_3D('',#250,#251,#252);
#254=CIRCLE('',#253,1.);
#255=EDGE_CURVE('',#243,#187,#254,.T.);
#256=ORIENTED_EDGE('',*,*,#255,.T.);
#257=EDGE_LOOP('',(#193,#201,#209,#217,#225,#233,#241,#249,#256));
#258=FACE_BOUND('',#257,.T.);
#259=ADVANCED_FACE('',(#258),#183,.T.);
#260=CARTESIAN_POINT('',(783.544848603,266.120746645,-77.037421357));
#261=DIRECTION('',(0.,0.,-1.));
#262=DIRECTION('',(-0.,1.,0.));
#263=AXIS2_PLACEMENT_3D('',#260,#261,#262);
#264=PLANE('',#263);
#265=CARTESIAN_POINT('',(801.839848603,227.846992443,-77.037421357));
#266=VERTEX_POINT('',#265);
#267=CARTESIAN_POINT('',(801.839848603,228.296615351,-77.037421357));
#268=VERTEX_POINT('',#267);
#269=CARTESIAN_POINT('',(801.839848603,227.846992443,-77.037421357));
#270=DIRECTION('',(-0.,1.,0.));
#271=VECTOR('',#270,0.449622908);
#272=LINE('',#269,#271);
#273=EDGE_CURVE('',#266,#268,#272,.T.);
#274=ORIENTED_EDGE('',*,*,#273,.T.);
#275=CARTESIAN_POINT('',(796.155318542,228.296615351,-77.037421357));
#276=VERTEX_POINT('',#275);
#277=CARTESIAN_POINT('',(796.155318542,228.296615351,-77.037421357));
#278=DIRECTION('',(1.,0.,0.));
#279=VECTOR('',#278,5.684530061);
#280=LINE('',#277,#279);
#281=EDGE_CURVE('',#276,#268,#280,.T.);
#282=ORIENTED_EDGE('',*,*,#281,.F.);
#283=CARTESIAN_POINT('',(785.155318542,239.296615351,-77.037421357));
#284=VERTEX_POINT('',#283);
#285=CARTESIAN_POINT('',(785.155318542,239.296615351,-77.037421357));
#286=DIRECTION('',(0.707106781,-0.707106781,-0.));
#287=VECTOR('',#286,15.556349186);
#288=LINE('',#285,#287);
#289=EDGE_CURVE('',#284,#276,#288,.T.);
#290=ORIENTED_EDGE('',*,*,#289,.F.);
#291=CARTESIAN_POINT('',(785.155318542,252.124593701,-77.037421357));
#292=VERTEX_POINT('',#291);
#293=CARTESIAN_POINT('',(785.155318542,252.124593701,-77.037421357));
#294=DIRECTION('',(0.,-1.,-0.));
#295=VECTOR('',#294,12.82797835);
#296=LINE('',#293,#295);
#297=EDGE_CURVE('',#292,#284,#296,.T.);
#298=ORIENTED_EDGE('',*,*,#297,.F.);
#299=CARTESIAN_POINT('',(769.339848603,274.71142557,-77.037421357));
#300=VERTEX_POINT('',#299);
#301=CARTESIAN_POINT('',(769.339848603,274.71142557,-77.037421357));
#302=DIRECTION('',(0.573576436,-0.819152044,-0.));
#303=VECTOR('',#302,27.573430386);
#304=LINE('',#301,#303);
#305=EDGE_CURVE('',#300,#292,#304,.T.);
#306=ORIENTED_EDGE('',*,*,#305,.F.);
#307=CARTESIAN_POINT('',(769.339848603,227.846992443,-77.037421357));
#308=VERTEX_POINT('',#307);
#309=CARTESIAN_POINT('',(769.339848603,227.846992443,-77.037421357));
#310=DIRECTION('',(-0.,1.,0.));
#311=VECTOR('',#310,46.864433127);
#312=LINE('',#309,#311);
#313=EDGE_CURVE('',#308,#300,#312,.T.);
#314=ORIENTED_EDGE('',*,*,#313,.F.);
#315=CARTESIAN_POINT('',(801.839848603,227.846992443,-77.037421357));
#316=DIRECTION('',(-1.,-0.,-0.));
#317=VECTOR('',#316,32.5);
#318=LINE('',#315,#317);
#319=EDGE_CURVE('',#266,#308,#318,.T.);
#320=ORIENTED_EDGE('',*,*,#319,.F.);
#321=EDGE_LOOP('',(#274,#282,#290,#298,#306,#314,#320));
#322=FACE_BOUND('',#321,.T.);
#323=ADVANCED_FACE('',(#322),#264,.F.);
#324=CARTESIAN_POINT('',(783.544848603,266.120746645,-34.037421357));
#325=DIRECTION('',(0.,0.,1.));
#326=DIRECTION('',(-0.,1.,-0.));
#327=AXIS2_PLACEMENT_3D('',#324,#325,#326);
#328=PLANE('',#327);
#329=CARTESIAN_POINT('',(769.339848603,227.846992443,-34.037421357));
#330=VERTEX_POINT('',#329);
#331=CARTESIAN_POINT('',(769.339848603,274.71142557,-34.037421357));
#332=VERTEX_POINT('',#331);
#333=CARTESIAN_POINT('',(769.339848603,227.846992443,-34.037421357));
#334=DIRECTION('',(-0.,1.,-0.));
#335=VECTOR('',#334,46.864433127);
#336=LINE('',#333,#335);
#337=EDGE_CURVE('',#330,#332,#336,.T.);
#338=ORIENTED_EDGE('',*,*,#337,.T.);
#339=CARTESIAN_POINT('',(784.974470586,252.382871349,-34.037421357));
#340=VERTEX_POINT('',#339);
#341=CARTESIAN_POINT('',(784.974470586,252.382871349,-34.037421357));
#342=DIRECTION('',(-0.573576436,0.819152044,-0.));
#343=VECTOR('',#342,27.258131597);
#344=LINE('',#341,#343);
#345=EDGE_CURVE('',#340,#332,#344,.T.);
#346=ORIENTED_EDGE('',*,*,#345,.F.);
#347=CARTESIAN_POINT('',(785.155318542,251.809294912,-34.037421357));
#348=VERTEX_POINT('',#347);
#349=CARTESIAN_POINT('',(784.155318542,251.809294912,-34.037421357));
#350=DIRECTION('',(0.,0.,1.));
#351=DIRECTION('',(0.,-1.,0.));
#352=AXIS2_PLACEMENT_3D('',#349,#350,#351);
#353=CIRCLE('',#352,1.);
#354=EDGE_CURVE('',#348,#340,#353,.T.);
#355=ORIENTED_EDGE('',*,*,#354,.F.);
#356=CARTESIAN_POINT('',(785.155318542,239.296615351,-34.037421357));
#357=VERTEX_POINT('',#356);
#358=CARTESIAN_POINT('',(785.155318542,239.296615351,-34.037421357));
#359=DIRECTION('',(0.,1.,-0.));
#360=VECTOR('',#359,12.512679561);
#361=LINE('',#358,#360);
#362=EDGE_CURVE('',#357,#348,#361,.T.);
#363=ORIENTED_EDGE('',*,*,#362,.F.);
#364=CARTESIAN_POINT('',(796.155318542,228.296615351,-34.037421357));
#365=VERTEX_POINT('',#364);
#366=CARTESIAN_POINT('',(796.155318542,228.296615351,-34.037421357));
#367=DIRECTION('',(-0.707106781,0.707106781,-0.));
#368=VECTOR('',#367,15.556349186);
#369=LINE('',#366,#368);
#370=EDGE_CURVE('',#365,#357,#369,.T.);
#371=ORIENTED_EDGE('',*,*,#370,.F.);
#372=CARTESIAN_POINT('',(801.839848603,228.296615351,-34.037421357));
#373=VERTEX_POINT('',#372);
#374=CARTESIAN_POINT('',(801.839848603,228.296615351,-34.037421357));
#375=DIRECTION('',(-1.,-0.,0.));
#376=VECTOR('',#375,5.684530061);
#377=LINE('',#374,#376);
#378=EDGE_CURVE('',#373,#365,#377,.T.);
#379=ORIENTED_EDGE('',*,*,#378,.F.);
#380=CARTESIAN_POINT('',(801.839848603,227.846992443,-34.037421357));
#381=VERTEX_POINT('',#380);
#382=CARTESIAN_POINT('',(801.839848603,228.296615351,-34.037421357));
#383=DIRECTION('',(0.,-1.,0.));
#384=VECTOR('',#383,0.449622908);
#385=LINE('',#382,#384);
#386=EDGE_CURVE('',#373,#381,#385,.T.);
#387=ORIENTED_EDGE('',*,*,#386,.T.);
#388=CARTESIAN_POINT('',(769.339848603,227.846992443,-34.037421357));
#389=DIRECTION('',(1.,0.,-0.));
#390=VECTOR('',#389,32.5);
#391=LINE('',#388,#390);
#392=EDGE_CURVE('',#330,#381,#391,.T.);
#393=ORIENTED_EDGE('',*,*,#392,.F.);
#394=EDGE_LOOP('',(#338,#346,#355,#363,#371,#379,#387,#393));
#395=FACE_BOUND('',#394,.T.);
#396=ADVANCED_FACE('',(#395),#328,.F.);
#397=CARTESIAN_POINT('',(769.339848603,-0.258594985,-0.345421357));
#398=DIRECTION('',(-1.,-0.,0.));
#399=DIRECTION('',(-0.,1.,0.));
#400=AXIS2_PLACEMENT_3D('',#397,#398,#399);
#401=PLANE('',#400);
#402=CARTESIAN_POINT('',(769.339848603,262.789267349,-40.275));
#403=VERTEX_POINT('',#402);
#404=CARTESIAN_POINT('',(769.339848603,262.789267349,-39.825));
#405=VERTEX_POINT('',#404);
#406=CARTESIAN_POINT('',(769.339848603,262.789267349,-40.275));
#407=DIRECTION('',(0.,0.,1.));
#408=VECTOR('',#407,0.45);
#409=LINE('',#406,#408);
#410=EDGE_CURVE('',#403,#405,#409,.T.);
#411=ORIENTED_EDGE('',*,*,#410,.T.);
#412=CARTESIAN_POINT('',(769.339848603,263.989267349,-38.625));
#413=VERTEX_POINT('',#412);
#414=CARTESIAN_POINT('',(769.339848603,263.989267349,-39.825));
#415=DIRECTION('',(1.,0.,-0.));
#416=DIRECTION('',(-0.,1.,0.));
#417=AXIS2_PLACEMENT_3D('',#414,#415,#416);
#418=CIRCLE('',#417,1.2);
#419=EDGE_CURVE('',#413,#405,#418,.T.);
#420=ORIENTED_EDGE('',*,*,#419,.F.);
#421=CARTESIAN_POINT('',(769.339848603,268.589267349,-38.625));
#422=VERTEX_POINT('',#421);
#423=CARTESIAN_POINT('',(769.339848603,263.989267349,-38.625));
#424=DIRECTION('',(-0.,1.,0.));
#425=VECTOR('',#424,4.6);
#426=LINE('',#423,#425);
#427=EDGE_CURVE('',#413,#422,#426,.T.);
#428=ORIENTED_EDGE('',*,*,#427,.T.);
#429=CARTESIAN_POINT('',(769.339848603,269.789267349,-39.825));
#430=VERTEX_POINT('',#429);
#431=CARTESIAN_POINT('',(769.339848603,268.589267349,-39.825));
#432=DIRECTION('',(1.,0.,-0.));
#433=DIRECTION('',(-0.,1.,0.));
#434=AXIS2_PLACEMENT_3D('',#431,#432,#433);
#435=CIRCLE('',#434,1.2);
#436=EDGE_CURVE('',#430,#422,#435,.T.);
#437=ORIENTED_EDGE('',*,*,#436,.F.);
#438=CARTESIAN_POINT('',(769.339848603,269.789267349,-40.275));
#439=VERTEX_POINT('',#438);
#440=CARTESIAN_POINT('',(769.339848603,269.789267349,-39.825));
#441=DIRECTION('',(-0.,-0.,-1.));
#442=VECTOR('',#441,0.45);
#443=LINE('',#440,#442);
#444=EDGE_CURVE('',#430,#439,#443,.T.);
#445=ORIENTED_EDGE('',*,*,#444,.T.);
#446=CARTESIAN_POINT('',(769.339848603,268.589267349,-41.475));
#447=VERTEX_POINT('',#446);
#448=CARTESIAN_POINT('',(769.339848603,268.589267349,-40.275));
#449=DIRECTION('',(1.,0.,-0.));
#450=DIRECTION('',(-0.,1.,0.));
#451=AXIS2_PLACEMENT_3D('',#448,#449,#450);
#452=CIRCLE('',#451,1.2);
#453=EDGE_CURVE('',#447,#439,#452,.T.);
#454=ORIENTED_EDGE('',*,*,#453,.F.);
#455=CARTESIAN_POINT('',(769.339848603,263.989267349,-41.475));
#456=VERTEX_POINT('',#455);
#457=CARTESIAN_POINT('',(769.339848603,268.589267349,-41.475));
#458=DIRECTION('',(0.,-1.,-0.));
#459=VECTOR('',#458,4.6);
#460=LINE('',#457,#459);
#461=EDGE_CURVE('',#447,#456,#460,.T.);
#462=ORIENTED_EDGE('',*,*,#461,.T.);
#463=CARTESIAN_POINT('',(769.339848603,263.989267349,-40.275));
#464=DIRECTION('',(1.,0.,-0.));
#465=DIRECTION('',(-0.,1.,0.));
#466=AXIS2_PLACEMENT_3D('',#463,#464,#465);
#467=CIRCLE('',#466,1.2);
#468=EDGE_CURVE('',#403,#456,#467,.T.);
#469=ORIENTED_EDGE('',*,*,#468,.F.);
#470=EDGE_LOOP('',(#411,#420,#428,#437,#445,#454,#462,#469));
#471=FACE_BOUND('',#470,.T.);
#472=CARTESIAN_POINT('',(769.339848603,231.8,-71.262113667));
#473=VERTEX_POINT('',#472);
#474=CARTESIAN_POINT('',(769.339848603,231.8,-70.812113667));
#475=VERTEX_POINT('',#474);
#476=CARTESIAN_POINT('',(769.339848603,231.8,-71.262113667));
#477=DIRECTION('',(0.,0.,1.));
#478=VECTOR('',#477,0.45);
#479=LINE('',#476,#478);
#480=EDGE_CURVE('',#473,#475,#479,.T.);
#481=ORIENTED_EDGE('',*,*,#480,.T.);
#482=CARTESIAN_POINT('',(769.339848603,233.,-69.612113667));
#483=VERTEX_POINT('',#482);
#484=CARTESIAN_POINT('',(769.339848603,233.,-70.812113667));
#485=DIRECTION('',(1.,0.,-0.));
#486=DIRECTION('',(-0.,1.,0.));
#487=AXIS2_PLACEMENT_3D('',#484,#485,#486);
#488=CIRCLE('',#487,1.2);
#489=EDGE_CURVE('',#483,#475,#488,.T.);
#490=ORIENTED_EDGE('',*,*,#489,.F.);
#491=CARTESIAN_POINT('',(769.339848603,237.6,-69.612113667));
#492=VERTEX_POINT('',#491);
#493=CARTESIAN_POINT('',(769.339848603,233.,-69.612113667));
#494=DIRECTION('',(-0.,1.,0.));
#495=VECTOR('',#494,4.6);
#496=LINE('',#493,#495);
#497=EDGE_CURVE('',#483,#492,#496,.T.);
#498=ORIENTED_EDGE('',*,*,#497,.T.);
#499=CARTESIAN_POINT('',(769.339848603,238.8,-70.812113667));
#500=VERTEX_POINT('',#499);
#501=CARTESIAN_POINT('',(769.339848603,237.6,-70.812113667));
#502=DIRECTION('',(1.,0.,-0.));
#503=DIRECTION('',(-0.,1.,0.));
#504=AXIS2_PLACEMENT_3D('',#501,#502,#503);
#505=CIRCLE('',#504,1.2);
#506=EDGE_CURVE('',#500,#492,#505,.T.);
#507=ORIENTED_EDGE('',*,*,#506,.F.);
#508=CARTESIAN_POINT('',(769.339848603,238.8,-71.262113667));
#509=VERTEX_POINT('',#508);
#510=CARTESIAN_POINT('',(769.339848603,238.8,-70.812113667));
#511=DIRECTION('',(-0.,-0.,-1.));
#512=VECTOR('',#511,0.45);
#513=LINE('',#510,#512);
#514=EDGE_CURVE('',#500,#509,#513,.T.);
#515=ORIENTED_EDGE('',*,*,#514,.T.);
#516=CARTESIAN_POINT('',(769.339848603,237.6,-72.462113667));
#517=VERTEX_POINT('',#516);
#518=CARTESIAN_POINT('',(769.339848603,237.6,-71.262113667));
#519=DIRECTION('',(1.,0.,-0.));
#520=DIRECTION('',(-0.,1.,0.));
#521=AXIS2_PLACEMENT_3D('',#518,#519,#520);
#522=CIRCLE('',#521,1.2);
#523=EDGE_CURVE('',#517,#509,#522,.T.);
#524=ORIENTED_EDGE('',*,*,#523,.F.);
#525=CARTESIAN_POINT('',(769.339848603,233.,-72.462113667));
#526=VERTEX_POINT('',#525);
#527=CARTESIAN_POINT('',(769.339848603,237.6,-72.462113667));
#528=DIRECTION('',(0.,-1.,-0.));
#529=VECTOR('',#528,4.6);
#530=LINE('',#527,#529);
#531=EDGE_CURVE('',#517,#526,#530,.T.);
#532=ORIENTED_EDGE('',*,*,#531,.T.);
#533=CARTESIAN_POINT('',(769.339848603,233.,-71.262113667));
#534=DIRECTION('',(1.,0.,-0.));
#535=DIRECTION('',(-0.,1.,0.));
#536=AXIS2_PLACEMENT_3D('',#533,#534,#535);
#537=CIRCLE('',#536,1.2);
#538=EDGE_CURVE('',#473,#526,#537,.T.);
#539=ORIENTED_EDGE('',*,*,#538,.F.);
#540=EDGE_LOOP('',(#481,#490,#498,#507,#515,#524,#532,#539));
#541=FACE_BOUND('',#540,.T.);
#542=CARTESIAN_POINT('',(769.339848603,227.346992443,-34.537421357));
#543=VERTEX_POINT('',#542);
#544=CARTESIAN_POINT('',(769.339848603,227.346992443,-35.437421357));
#545=VERTEX_POINT('',#544);
#546=CARTESIAN_POINT('',(769.339848603,227.346992443,-34.537421357));
#547=DIRECTION('',(-0.,-0.,-1.));
#548=VECTOR('',#547,0.9);
#549=LINE('',#546,#548);
#550=EDGE_CURVE('',#543,#545,#549,.T.);
#551=ORIENTED_EDGE('',*,*,#550,.T.);
#552=CARTESIAN_POINT('',(769.339848603,227.146992443,-35.437421357));
#553=VERTEX_POINT('',#552);
#554=CARTESIAN_POINT('',(769.339848603,227.346992443,-35.437421357));
#555=DIRECTION('',(0.,-1.,-0.));
#556=VECTOR('',#555,0.2);
#557=LINE('',#554,#556);
#558=EDGE_CURVE('',#545,#553,#557,.T.);
#559=ORIENTED_EDGE('',*,*,#558,.T.);
#560=CARTESIAN_POINT('',(769.339848603,227.146992443,-42.651008522));
#561=VERTEX_POINT('',#560);
#562=CARTESIAN_POINT('',(769.339848603,227.146992443,-35.437421357));
#563=DIRECTION('',(-0.,0.,-1.));
#564=VECTOR('',#563,7.213587165);
#565=LINE('',#562,#564);
#566=EDGE_CURVE('',#553,#561,#565,.T.);
#567=ORIENTED_EDGE('',*,*,#566,.T.);
#568=CARTESIAN_POINT('',(769.339848603,224.9844138,-42.651008522));
#569=VERTEX_POINT('',#568);
#570=CARTESIAN_POINT('',(769.339848603,227.146992443,-42.651008522));
#571=DIRECTION('',(0.,-1.,0.));
#572=VECTOR('',#571,2.162578643);
#573=LINE('',#570,#572);
#574=EDGE_CURVE('',#561,#569,#573,.T.);
#575=ORIENTED_EDGE('',*,*,#574,.T.);
#576=CARTESIAN_POINT('',(769.339848603,224.9844138,-41.323881161));
#577=VERTEX_POINT('',#576);
#578=CARTESIAN_POINT('',(769.339848603,224.9844138,-42.651008522));
#579=DIRECTION('',(0.,0.,1.));
#580=VECTOR('',#579,1.327127361);
#581=LINE('',#578,#580);
#582=EDGE_CURVE('',#569,#577,#581,.T.);
#583=ORIENTED_EDGE('',*,*,#582,.T.);
#584=CARTESIAN_POINT('',(769.339848603,224.5844138,-40.923881161));
#585=VERTEX_POINT('',#584);
#586=CARTESIAN_POINT('',(769.339848603,224.9844138,-41.323881161));
#587=DIRECTION('',(0.,-0.707106781,0.707106781));
#588=VECTOR('',#587,0.565685425);
#589=LINE('',#586,#588);
#590=EDGE_CURVE('',#577,#585,#589,.T.);
#591=ORIENTED_EDGE('',*,*,#590,.T.);
#592=CARTESIAN_POINT('',(769.339848603,222.8844138,-40.923881161));
#593=VERTEX_POINT('',#592);
#594=CARTESIAN_POINT('',(769.339848603,224.5844138,-40.923881161));
#595=DIRECTION('',(0.,-1.,0.));
#596=VECTOR('',#595,1.7);
#597=LINE('',#594,#596);
#598=EDGE_CURVE('',#585,#593,#597,.T.);
#599=ORIENTED_EDGE('',*,*,#598,.T.);
#600=CARTESIAN_POINT('',(769.339848603,221.2344138,-42.601008522));
#601=VERTEX_POINT('',#600);
#602=CARTESIAN_POINT('',(769.339848603,222.8844138,-40.923881161));
#603=DIRECTION('',(-0.,-0.701318154,-0.712848403));
#604=VECTOR('',#603,2.352712517);
#605=LINE('',#602,#604);
#606=EDGE_CURVE('',#593,#601,#605,.T.);
#607=ORIENTED_EDGE('',*,*,#606,.T.);
#608=CARTESIAN_POINT('',(769.339848603,221.2344138,-48.401008522));
#609=VERTEX_POINT('',#608);
#610=CARTESIAN_POINT('',(769.339848603,221.2344138,-42.601008522));
#611=DIRECTION('',(-0.,0.,-1.));
#612=VECTOR('',#611,5.8);
#613=LINE('',#610,#612);
#614=EDGE_CURVE('',#601,#609,#613,.T.);
#615=ORIENTED_EDGE('',*,*,#614,.T.);
#616=CARTESIAN_POINT('',(769.339848603,222.8844138,-50.078135883));
#617=VERTEX_POINT('',#616);
#618=CARTESIAN_POINT('',(769.339848603,221.2344138,-48.401008522));
#619=DIRECTION('',(-0.,0.701318154,-0.712848403));
#620=VECTOR('',#619,2.352712517);
#621=LINE('',#618,#620);
#622=EDGE_CURVE('',#609,#617,#621,.T.);
#623=ORIENTED_EDGE('',*,*,#622,.T.);
#624=CARTESIAN_POINT('',(769.339848603,224.5844138,-50.078135883));
#625=VERTEX_POINT('',#624);
#626=CARTESIAN_POINT('',(769.339848603,222.8844138,-50.078135883));
#627=DIRECTION('',(0.,1.,0.));
#628=VECTOR('',#627,1.7);
#629=LINE('',#626,#628);
#630=EDGE_CURVE('',#617,#625,#629,.T.);
#631=ORIENTED_EDGE('',*,*,#630,.T.);
#632=CARTESIAN_POINT('',(769.339848603,224.9844138,-49.678135883));
#633=VERTEX_POINT('',#632);
#634=CARTESIAN_POINT('',(769.339848603,224.5844138,-50.078135883));
#635=DIRECTION('',(0.,0.707106781,0.707106781));
#636=VECTOR('',#635,0.565685425);
#637=LINE('',#634,#636);
#638=EDGE_CURVE('',#625,#633,#637,.T.);
#639=ORIENTED_EDGE('',*,*,#638,.T.);
#640=CARTESIAN_POINT('',(769.339848603,224.9844138,-48.423834191));
#641=VERTEX_POINT('',#640);
#642=CARTESIAN_POINT('',(769.339848603,224.9844138,-49.678135883));
#643=DIRECTION('',(0.,0.,1.));
#644=VECTOR('',#643,1.254301692);
#645=LINE('',#642,#644);
#646=EDGE_CURVE('',#633,#641,#645,.T.);
#647=ORIENTED_EDGE('',*,*,#646,.T.);
#648=CARTESIAN_POINT('',(769.339848603,224.9844138,-48.423834191));
#649=DIRECTION('',(0.,1.,0.));
#650=VECTOR('',#649,2.162578643);
#651=LINE('',#648,#650);
#652=EDGE_CURVE('',#641,#33,#651,.T.);
#653=ORIENTED_EDGE('',*,*,#652,.T.);
#654=ORIENTED_EDGE('',*,*,#62,.T.);
#655=CARTESIAN_POINT('',(769.339848603,224.9844138,-62.651008522));
#656=VERTEX_POINT('',#655);
#657=CARTESIAN_POINT('',(769.339848603,227.146992443,-62.651008522));
#658=DIRECTION('',(0.,-1.,0.));
#659=VECTOR('',#658,2.162578643);
#660=LINE('',#657,#659);
#661=EDGE_CURVE('',#51,#656,#660,.T.);
#662=ORIENTED_EDGE('',*,*,#661,.T.);
#663=CARTESIAN_POINT('',(769.339848603,224.9844138,-61.323881161));
#664=VERTEX_POINT('',#663);
#665=CARTESIAN_POINT('',(769.339848603,224.9844138,-62.651008522));
#666=DIRECTION('',(0.,0.,1.));
#667=VECTOR('',#666,1.327127361);
#668=LINE('',#665,#667);
#669=EDGE_CURVE('',#656,#664,#668,.T.);
#670=ORIENTED_EDGE('',*,*,#669,.T.);
#671=CARTESIAN_POINT('',(769.339848603,224.5844138,-60.923881161));
#672=VERTEX_POINT('',#671);
#673=CARTESIAN_POINT('',(769.339848603,224.9844138,-61.323881161));
#674=DIRECTION('',(0.,-0.707106781,0.707106781));
#675=VECTOR('',#674,0.565685425);
#676=LINE('',#673,#675);
#677=EDGE_CURVE('',#664,#672,#676,.T.);
#678=ORIENTED_EDGE('',*,*,#677,.T.);
#679=CARTESIAN_POINT('',(769.339848603,222.8844138,-60.923881161));
#680=VERTEX_POINT('',#679);
#681=CARTESIAN_POINT('',(769.339848603,224.5844138,-60.923881161));
#682=DIRECTION('',(0.,-1.,0.));
#683=VECTOR('',#682,1.7);
#684=LINE('',#681,#683);
#685=EDGE_CURVE('',#672,#680,#684,.T.);
#686=ORIENTED_EDGE('',*,*,#685,.T.);
#687=CARTESIAN_POINT('',(769.339848603,221.2344138,-62.601008522));
#688=VERTEX_POINT('',#687);
#689=CARTESIAN_POINT('',(769.339848603,222.8844138,-60.923881161));
#690=DIRECTION('',(-0.,-0.701318154,-0.712848403));
#691=VECTOR('',#690,2.352712517);
#692=LINE('',#689,#691);
#693=EDGE_CURVE('',#680,#688,#692,.T.);
#694=ORIENTED_EDGE('',*,*,#693,.T.);
#695=CARTESIAN_POINT('',(769.339848603,221.2344138,-68.401008522));
#696=VERTEX_POINT('',#695);
#697=CARTESIAN_POINT('',(769.339848603,221.2344138,-62.601008522));
#698=DIRECTION('',(-0.,0.,-1.));
#699=VECTOR('',#698,5.8);
#700=LINE('',#697,#699);
#701=EDGE_CURVE('',#688,#696,#700,.T.);
#702=ORIENTED_EDGE('',*,*,#701,.T.);
#703=CARTESIAN_POINT('',(769.339848603,222.8844138,-70.078135883));
#704=VERTEX_POINT('',#703);
#705=CARTESIAN_POINT('',(769.339848603,221.2344138,-68.401008522));
#706=DIRECTION('',(-0.,0.701318154,-0.712848403));
#707=VECTOR('',#706,2.352712517);
#708=LINE('',#705,#707);
#709=EDGE_CURVE('',#696,#704,#708,.T.);
#710=ORIENTED_EDGE('',*,*,#709,.T.);
#711=CARTESIAN_POINT('',(769.339848603,224.5844138,-70.078135883));
#712=VERTEX_POINT('',#711);
#713=CARTESIAN_POINT('',(769.339848603,222.8844138,-70.078135883));
#714=DIRECTION('',(0.,1.,0.));
#715=VECTOR('',#714,1.7);
#716=LINE('',#713,#715);
#717=EDGE_CURVE('',#704,#712,#716,.T.);
#718=ORIENTED_EDGE('',*,*,#717,.T.);
#719=CARTESIAN_POINT('',(769.339848603,224.9844138,-69.678135883));
#720=VERTEX_POINT('',#719);
#721=CARTESIAN_POINT('',(769.339848603,224.5844138,-70.078135883));
#722=DIRECTION('',(0.,0.707106781,0.707106781));
#723=VECTOR('',#722,0.565685425);
#724=LINE('',#721,#723);
#725=EDGE_CURVE('',#712,#720,#724,.T.);
#726=ORIENTED_EDGE('',*,*,#725,.T.);
#727=CARTESIAN_POINT('',(769.339848603,224.9844138,-68.423834191));
#728=VERTEX_POINT('',#727);
#729=CARTESIAN_POINT('',(769.339848603,224.9844138,-69.678135883));
#730=DIRECTION('',(0.,0.,1.));
#731=VECTOR('',#730,1.254301692);
#732=LINE('',#729,#731);
#733=EDGE_CURVE('',#720,#728,#732,.T.);
#734=ORIENTED_EDGE('',*,*,#733,.T.);
#735=CARTESIAN_POINT('',(769.339848603,224.9844138,-68.423834191));
#736=DIRECTION('',(0.,1.,0.));
#737=VECTOR('',#736,2.162578643);
#738=LINE('',#735,#737);
#739=EDGE_CURVE('',#728,#73,#738,.T.);
#740=ORIENTED_EDGE('',*,*,#739,.T.);
#741=ORIENTED_EDGE('',*,*,#102,.T.);
#742=CARTESIAN_POINT('',(769.339848603,227.346992443,-75.637421357));
#743=VERTEX_POINT('',#742);
#744=CARTESIAN_POINT('',(769.339848603,227.346992443,-75.637421357));
#745=DIRECTION('',(0.,-1.,-0.));
#746=VECTOR('',#745,0.2);
#747=LINE('',#744,#746);
#748=EDGE_CURVE('',#743,#91,#747,.T.);
#749=ORIENTED_EDGE('',*,*,#748,.F.);
#750=CARTESIAN_POINT('',(769.339848603,227.346992443,-76.537421357));
#751=VERTEX_POINT('',#750);
#752=CARTESIAN_POINT('',(769.339848603,227.346992443,-76.537421357));
#753=DIRECTION('',(0.,0.,1.));
#754=VECTOR('',#753,0.9);
#755=LINE('',#752,#754);
#756=EDGE_CURVE('',#751,#743,#755,.T.);
#757=ORIENTED_EDGE('',*,*,#756,.F.);
#758=CARTESIAN_POINT('',(769.339848603,227.846992443,-77.037421357));
#759=DIRECTION('',(0.,-0.707106781,0.707106781));
#760=VECTOR('',#759,0.707106781);
#761=LINE('',#758,#760);
#762=EDGE_CURVE('',#308,#751,#761,.T.);
#763=ORIENTED_EDGE('',*,*,#762,.F.);
#764=ORIENTED_EDGE('',*,*,#313,.T.);
#765=CARTESIAN_POINT('',(769.339848603,274.71142557,-77.037421357));
#766=DIRECTION('',(0.,-0.,1.));
#767=VECTOR('',#766,43.);
#768=LINE('',#765,#767);
#769=EDGE_CURVE('',#300,#332,#768,.T.);
#770=ORIENTED_EDGE('',*,*,#769,.T.);
#771=ORIENTED_EDGE('',*,*,#337,.F.);
#772=CARTESIAN_POINT('',(769.339848603,227.346992443,-34.537421357));
#773=DIRECTION('',(-0.,0.707106781,0.707106781));
#774=VECTOR('',#773,0.707106781);
#775=LINE('',#772,#774);
#776=EDGE_CURVE('',#543,#330,#775,.T.);
#777=ORIENTED_EDGE('',*,*,#776,.F.);
#778=EDGE_LOOP('',(#551,#559,#567,#575,#583,#591,#599,#607,#615,#623,#631,#639,#647,#653,#654,#662,#670,#678,#686,#694,#702,#710,#718,#726,#734,#740,
#741,#749,#757,#763,#764,#770,#771,#777));
#779=FACE_BOUND('',#778,.T.);
#780=CARTESIAN_POINT('',(769.339848603,262.789267349,-71.262113667));
#781=VERTEX_POINT('',#780);
#782=CARTESIAN_POINT('',(769.339848603,262.789267349,-70.812113667));
#783=VERTEX_POINT('',#782);
#784=CARTESIAN_POINT('',(769.339848603,262.789267349,-71.262113667));
#785=DIRECTION('',(0.,0.,1.));
#786=VECTOR('',#785,0.45);
#787=LINE('',#784,#786);
#788=EDGE_CURVE('',#781,#783,#787,.T.);
#789=ORIENTED_EDGE('',*,*,#788,.T.);
#790=CARTESIAN_POINT('',(769.339848603,263.989267349,-69.612113667));
#791=VERTEX_POINT('',#790);
#792=CARTESIAN_POINT('',(769.339848603,263.989267349,-70.812113667));
#793=DIRECTION('',(1.,0.,-0.));
#794=DIRECTION('',(-0.,1.,0.));
#795=AXIS2_PLACEMENT_3D('',#792,#793,#794);
#796=CIRCLE('',#795,1.2);
#797=EDGE_CURVE('',#791,#783,#796,.T.);
#798=ORIENTED_EDGE('',*,*,#797,.F.);
#799=CARTESIAN_POINT('',(769.339848603,268.589267349,-69.612113667));
#800=VERTEX_POINT('',#799);
#801=CARTESIAN_POINT('',(769.339848603,263.989267349,-69.612113667));
#802=DIRECTION('',(-0.,1.,0.));
#803=VECTOR('',#802,4.6);
#804=LINE('',#801,#803);
#805=EDGE_CURVE('',#791,#800,#804,.T.);
#806=ORIENTED_EDGE('',*,*,#805,.T.);
#807=CARTESIAN_POINT('',(769.339848603,269.789267349,-70.812113667));
#808=VERTEX_POINT('',#807);
#809=CARTESIAN_POINT('',(769.339848603,268.589267349,-70.812113667));
#810=DIRECTION('',(1.,0.,-0.));
#811=DIRECTION('',(-0.,1.,0.));
#812=AXIS2_PLACEMENT_3D('',#809,#810,#811);
#813=CIRCLE('',#812,1.2);
#814=EDGE_CURVE('',#808,#800,#813,.T.);
#815=ORIENTED_EDGE('',*,*,#814,.F.);
#816=CARTESIAN_POINT('',(769.339848603,269.789267349,-71.262113667));
#817=VERTEX_POINT('',#816);
#818=CARTESIAN_POINT('',(769.339848603,269.789267349,-70.812113667));
#819=DIRECTION('',(-0.,-0.,-1.));
#820=VECTOR('',#819,0.45);
#821=LINE('',#818,#820);
#822=EDGE_CURVE('',#808,#817,#821,.T.);
#823=ORIENTED_EDGE('',*,*,#822,.T.);
#824=CARTESIAN_POINT('',(769.339848603,268.589267349,-72.462113667));
#825=VERTEX_POINT('',#824);
#826=CARTESIAN_POINT('',(769.339848603,268.589267349,-71.262113667));
#827=DIRECTION('',(1.,0.,-0.));
#828=DIRECTION('',(-0.,1.,0.));
#829=AXIS2_PLACEMENT_3D('',#826,#827,#828);
#830=CIRCLE('',#829,1.2);
#831=EDGE_CURVE('',#825,#817,#830,.T.);
#832=ORIENTED_EDGE('',*,*,#831,.F.);
#833=CARTESIAN_POINT('',(769.339848603,263.989267349,-72.462113667));
#834=VERTEX_POINT('',#833);
#835=CARTESIAN_POINT('',(769.339848603,268.589267349,-72.462113667));
#836=DIRECTION('',(0.,-1.,-0.));
#837=VECTOR('',#836,4.6);
#838=LINE('',#835,#837);
#839=EDGE_CURVE('',#825,#834,#838,.T.);
#840=ORIENTED_EDGE('',*,*,#839,.T.);
#841=CARTESIAN_POINT('',(769.339848603,263.989267349,-71.262113667));
#842=DIRECTION('',(1.,0.,-0.));
#843=DIRECTION('',(-0.,1.,0.));
#844=AXIS2_PLACEMENT_3D('',#841,#842,#843);
#845=CIRCLE('',#844,1.2);
#846=EDGE_CURVE('',#781,#834,#845,.T.);
#847=ORIENTED_EDGE('',*,*,#846,.F.);
#848=EDGE_LOOP('',(#789,#798,#806,#815,#823,#832,#840,#847));
#849=FACE_BOUND('',#848,.T.);
#850=CARTESIAN_POINT('',(769.339848603,231.8,-40.275));
#851=VERTEX_POINT('',#850);
#852=CARTESIAN_POINT('',(769.339848603,231.8,-39.825));
#853=VERTEX_POINT('',#852);
#854=CARTESIAN_POINT('',(769.339848603,231.8,-40.275));
#855=DIRECTION('',(0.,0.,1.));
#856=VECTOR('',#855,0.45);
#857=LINE('',#854,#856);
#858=EDGE_CURVE('',#851,#853,#857,.T.);
#859=ORIENTED_EDGE('',*,*,#858,.T.);
#860=CARTESIAN_POINT('',(769.339848603,233.,-38.625));
#861=VERTEX_POINT('',#860);
#862=CARTESIAN_POINT('',(769.339848603,233.,-39.825));
#863=DIRECTION('',(1.,0.,-0.));
#864=DIRECTION('',(-0.,1.,0.));
#865=AXIS2_PLACEMENT_3D('',#862,#863,#864);
#866=CIRCLE('',#865,1.2);
#867=EDGE_CURVE('',#861,#853,#866,.T.);
#868=ORIENTED_EDGE('',*,*,#867,.F.);
#869=CARTESIAN_POINT('',(769.339848603,237.6,-38.625));
#870=VERTEX_POINT('',#869);
#871=CARTESIAN_POINT('',(769.339848603,233.,-38.625));
#872=DIRECTION('',(-0.,1.,0.));
#873=VECTOR('',#872,4.6);
#874=LINE('',#871,#873);
#875=EDGE_CURVE('',#861,#870,#874,.T.);
#876=ORIENTED_EDGE('',*,*,#875,.T.);
#877=CARTESIAN_POINT('',(769.339848603,238.8,-39.825));
#878=VERTEX_POINT('',#877);
#879=CARTESIAN_POINT('',(769.339848603,237.6,-39.825));
#880=DIRECTION('',(1.,0.,-0.));
#881=DIRECTION('',(-0.,1.,0.));
#882=AXIS2_PLACEMENT_3D('',#879,#880,#881);
#883=CIRCLE('',#882,1.2);
#884=EDGE_CURVE('',#878,#870,#883,.T.);
#885=ORIENTED_EDGE('',*,*,#884,.F.);
#886=CARTESIAN_POINT('',(769.339848603,238.8,-40.275));
#887=VERTEX_POINT('',#886);
#888=CARTESIAN_POINT('',(769.339848603,238.8,-39.825));
#889=DIRECTION('',(-0.,-0.,-1.));
#890=VECTOR('',#889,0.45);
#891=LINE('',#888,#890);
#892=EDGE_CURVE('',#878,#887,#891,.T.);
#893=ORIENTED_EDGE('',*,*,#892,.T.);
#894=CARTESIAN_POINT('',(769.339848603,237.6,-41.475));
#895=VERTEX_POINT('',#894);
#896=CARTESIAN_POINT('',(769.339848603,237.6,-40.275));
#897=DIRECTION('',(1.,0.,-0.));
#898=DIRECTION('',(-0.,1.,0.));
#899=AXIS2_PLACEMENT_3D('',#896,#897,#898);
#900=CIRCLE('',#899,1.2);
#901=EDGE_CURVE('',#895,#887,#900,.T.);
#902=ORIENTED_EDGE('',*,*,#901,.F.);
#903=CARTESIAN_POINT('',(769.339848603,233.,-41.475));
#904=VERTEX_POINT('',#903);
#905=CARTESIAN_POINT('',(769.339848603,237.6,-41.475));
#906=DIRECTION('',(0.,-1.,-0.));
#907=VECTOR('',#906,4.6);
#908=LINE('',#905,#907);
#909=EDGE_CURVE('',#895,#904,#908,.T.);
#910=ORIENTED_EDGE('',*,*,#909,.T.);
#911=CARTESIAN_POINT('',(769.339848603,233.,-40.275));
#912=DIRECTION('',(1.,0.,-0.));
#913=DIRECTION('',(-0.,1.,0.));
#914=AXIS2_PLACEMENT_3D('',#911,#912,#913);
#915=CIRCLE('',#914,1.2);
#916=EDGE_CURVE('',#851,#904,#915,.T.);
#917=ORIENTED_EDGE('',*,*,#916,.F.);
#918=EDGE_LOOP('',(#859,#868,#876,#885,#893,#902,#910,#917));
#919=FACE_BOUND('',#918,.T.);
#920=CARTESIAN_POINT('',(769.339848603,236.4,-56.3));
#921=VERTEX_POINT('',#920);
#922=CARTESIAN_POINT('',(769.339848603,236.4,-54.7));
#923=VERTEX_POINT('',#922);
#924=CARTESIAN_POINT('',(769.339848603,236.4,-56.3));
#925=DIRECTION('',(0.,0.,1.));
#926=VECTOR('',#925,1.6);
#927=LINE('',#924,#926);
#928=EDGE_CURVE('',#921,#923,#927,.T.);
#929=ORIENTED_EDGE('',*,*,#928,.T.);
#930=CARTESIAN_POINT('',(769.339848603,247.4,-43.7));
#931=VERTEX_POINT('',#930);
#932=CARTESIAN_POINT('',(769.339848603,247.4,-54.7));
#933=DIRECTION('',(1.,0.,-0.));
#934=DIRECTION('',(-0.,1.,0.));
#935=AXIS2_PLACEMENT_3D('',#932,#933,#934);
#936=CIRCLE('',#935,11.);
#937=EDGE_CURVE('',#931,#923,#936,.T.);
#938=ORIENTED_EDGE('',*,*,#937,.F.);
#939=CARTESIAN_POINT('',(769.339848603,254.2,-43.7));
#940=VERTEX_POINT('',#939);
#941=CARTESIAN_POINT('',(769.339848603,247.4,-43.7));
#942=DIRECTION('',(-0.,1.,0.));
#943=VECTOR('',#942,6.8);
#944=LINE('',#941,#943);
#945=EDGE_CURVE('',#931,#940,#944,.T.);
#946=ORIENTED_EDGE('',*,*,#945,.T.);
#947=CARTESIAN_POINT('',(769.339848603,265.2,-54.7));
#948=VERTEX_POINT('',#947);
#949=CARTESIAN_POINT('',(769.339848603,254.2,-54.7));
#950=DIRECTION('',(1.,0.,-0.));
#951=DIRECTION('',(-0.,1.,0.));
#952=AXIS2_PLACEMENT_3D('',#949,#950,#951);
#953=CIRCLE('',#952,11.);
#954=EDGE_CURVE('',#948,#940,#953,.T.);
#955=ORIENTED_EDGE('',*,*,#954,.F.);
#956=CARTESIAN_POINT('',(769.339848603,265.2,-56.3));
#957=VERTEX_POINT('',#956);
#958=CARTESIAN_POINT('',(769.339848603,265.2,-54.7));
#959=DIRECTION('',(-0.,-0.,-1.));
#960=VECTOR('',#959,1.6);
#961=LINE('',#958,#960);
#962=EDGE_CURVE('',#948,#957,#961,.T.);
#963=ORIENTED_EDGE('',*,*,#962,.T.);
#964=CARTESIAN_POINT('',(769.339848603,254.2,-67.3));
#965=VERTEX_POINT('',#964);
#966=CARTESIAN_POINT('',(769.339848603,254.2,-56.3));
#967=DIRECTION('',(1.,0.,-0.));
#968=DIRECTION('',(-0.,1.,0.));
#969=AXIS2_PLACEMENT_3D('',#966,#967,#968);
#970=CIRCLE('',#969,11.);
#971=EDGE_CURVE('',#965,#957,#970,.T.);
#972=ORIENTED_EDGE('',*,*,#971,.F.);
#973=CARTESIAN_POINT('',(769.339848603,247.4,-67.3));
#974=VERTEX_POINT('',#973);
#975=CARTESIAN_POINT('',(769.339848603,254.2,-67.3));
#976=DIRECTION('',(0.,-1.,-0.));
#977=VECTOR('',#976,6.8);
#978=LINE('',#975,#977);
#979=EDGE_CURVE('',#965,#974,#978,.T.);
#980=ORIENTED_EDGE('',*,*,#979,.T.);
#981=CARTESIAN_POINT('',(769.339848603,247.4,-56.3));
#982=DIRECTION('',(1.,0.,-0.));
#983=DIRECTION('',(-0.,1.,0.));
#984=AXIS2_PLACEMENT_3D('',#981,#982,#983);
#985=CIRCLE('',#984,11.);
#986=EDGE_CURVE('',#921,#974,#985,.T.);
#987=ORIENTED_EDGE('',*,*,#986,.F.);
#988=EDGE_LOOP('',(#929,#938,#946,#955,#963,#972,#980,#987));
#989=FACE_BOUND('',#988,.T.);
#990=ADVANCED_FACE('',(#471,#541,#779,#849,#919,#989),#401,.F.);
#991=COLOUR_RGB('',0.400000006,0.745098054,0.450980395);
#992=FILL_AREA_STYLE_COLOUR('',#991);
#993=FILL_AREA_STYLE('',(#992));
#994=SURFACE_STYLE_FILL_AREA(#993);
#995=SURFACE_SIDE_STYLE('',(#994));
#996=SURFACE_STYLE_USAGE(.BOTH.,#995);
#997=PRESENTATION_STYLE_ASSIGNMENT((#996));
#998=OVER_RIDING_STYLED_ITEM('',(#997),#990,#26);
#999=CARTESIAN_POINT('',(763.839848603,434.242579871,-110.729421356));
#1000=DIRECTION('',(-1.,-0.,0.));
#1001=DIRECTION('',(0.,-1.,0.));
#1002=AXIS2_PLACEMENT_3D('',#999,#1000,#1001);
#1003=PLANE('',#1002);
#1004=CARTESIAN_POINT('',(763.839848603,233.,-38.625));
#1005=VERTEX_POINT('',#1004);
#1006=CARTESIAN_POINT('',(763.839848603,237.6,-38.625));
#1007=VERTEX_POINT('',#1006);
#1008=CARTESIAN_POINT('',(763.839848603,233.,-38.625));
#1009=DIRECTION('',(-0.,1.,0.));
#1010=VECTOR('',#1009,4.6);
#1011=LINE('',#1008,#1010);
#1012=EDGE_CURVE('',#1005,#1007,#1011,.T.);
#1013=ORIENTED_EDGE('',*,*,#1012,.F.);
#1014=CARTESIAN_POINT('',(763.839848603,231.8,-39.825));
#1015=VERTEX_POINT('',#1014);
#1016=CARTESIAN_POINT('',(763.839848603,233.,-39.825));
#1017=DIRECTION('',(-1.,-0.,0.));
#1018=DIRECTION('',(-0.,1.,0.));
#1019=AXIS2_PLACEMENT_3D('',#1016,#1017,#1018);
#1020=CIRCLE('',#1019,1.2);
#1021=EDGE_CURVE('',#1015,#1005,#1020,.T.);
#1022=ORIENTED_EDGE('',*,*,#1021,.F.);
#1023=CARTESIAN_POINT('',(763.839848603,231.8,-40.275));
#1024=VERTEX_POINT('',#1023);
#1025=CARTESIAN_POINT('',(763.839848603,231.8,-40.275));
#1026=DIRECTION('',(0.,0.,1.));
#1027=VECTOR('',#1026,0.45);
#1028=LINE('',#1025,#1027);
#1029=EDGE_CURVE('',#1024,#1015,#1028,.T.);
#1030=ORIENTED_EDGE('',*,*,#1029,.F.);
#1031=CARTESIAN_POINT('',(763.839848603,233.,-41.475));
#1032=VERTEX_POINT('',#1031);
#1033=CARTESIAN_POINT('',(763.839848603,233.,-40.275));
#1034=DIRECTION('',(-1.,-0.,0.));
#1035=DIRECTION('',(-0.,1.,0.));
#1036=AXIS2_PLACEMENT_3D('',#1033,#1034,#1035);
#1037=CIRCLE('',#1036,1.2);
#1038=EDGE_CURVE('',#1032,#1024,#1037,.T.);
#1039=ORIENTED_EDGE('',*,*,#1038,.F.);
#1040=CARTESIAN_POINT('',(763.839848603,237.6,-41.475));
#1041=VERTEX_POINT('',#1040);
#1042=CARTESIAN_POINT('',(763.839848603,237.6,-41.475));
#1043=DIRECTION('',(0.,-1.,-0.));
#1044=VECTOR('',#1043,4.6);
#1045=LINE('',#1042,#1044);
#1046=EDGE_CURVE('',#1041,#1032,#1045,.T.);
#1047=ORIENTED_EDGE('',*,*,#1046,.F.);
#1048=CARTESIAN_POINT('',(763.839848603,238.8,-40.275));
#1049=VERTEX_POINT('',#1048);
#1050=CARTESIAN_POINT('',(763.839848603,237.6,-40.275));
#1051=DIRECTION('',(-1.,-0.,0.));
#1052=DIRECTION('',(-0.,1.,0.));
#1053=AXIS2_PLACEMENT_3D('',#1050,#1051,#1052);
#1054=CIRCLE('',#1053,1.2);
#1055=EDGE_CURVE('',#1049,#1041,#1054,.T.);
#1056=ORIENTED_EDGE('',*,*,#1055,.F.);
#1057=CARTESIAN_POINT('',(763.839848603,238.8,-39.825));
#1058=VERTEX_POINT('',#1057);
#1059=CARTESIAN_POINT('',(763.839848603,238.8,-39.825));
#1060=DIRECTION('',(-0.,-0.,-1.));
#1061=VECTOR('',#1060,0.45);
#1062=LINE('',#1059,#1061);
#1063=EDGE_CURVE('',#1058,#1049,#1062,.T.);
#1064=ORIENTED_EDGE('',*,*,#1063,.F.);
#1065=CARTESIAN_POINT('',(763.839848603,237.6,-39.825));
#1066=DIRECTION('',(-1.,-0.,0.));
#1067=DIRECTION('',(-0.,1.,0.));
#1068=AXIS2_PLACEMENT_3D('',#1065,#1066,#1067);
#1069=CIRCLE('',#1068,1.2);
#1070=EDGE_CURVE('',#1007,#1058,#1069,.T.);
#1071=ORIENTED_EDGE('',*,*,#1070,.F.);
#1072=EDGE_LOOP('',(#1013,#1022,#1030,#1039,#1047,#1056,#1064,#1071));
#1073=FACE_BOUND('',#1072,.T.);
#1074=CARTESIAN_POINT('',(763.839848603,247.4,-43.7));
#1075=VERTEX_POINT('',#1074);
#1076=CARTESIAN_POINT('',(763.839848603,254.2,-43.7));
#1077=VERTEX_POINT('',#1076);
#1078=CARTESIAN_POINT('',(763.839848603,247.4,-43.7));
#1079=DIRECTION('',(-0.,1.,0.));
#1080=VECTOR('',#1079,6.8);
#1081=LINE('',#1078,#1080);
#1082=EDGE_CURVE('',#1075,#1077,#1081,.T.);
#1083=ORIENTED_EDGE('',*,*,#1082,.F.);
#1084=CARTESIAN_POINT('',(763.839848603,236.4,-54.7));
#1085=VERTEX_POINT('',#1084);
#1086=CARTESIAN_POINT('',(763.839848603,247.4,-54.7));
#1087=DIRECTION('',(-1.,-0.,0.));
#1088=DIRECTION('',(-0.,1.,0.));
#1089=AXIS2_PLACEMENT_3D('',#1086,#1087,#1088);
#1090=CIRCLE('',#1089,11.);
#1091=EDGE_CURVE('',#1085,#1075,#1090,.T.);
#1092=ORIENTED_EDGE('',*,*,#1091,.F.);
#1093=CARTESIAN_POINT('',(763.839848603,236.4,-56.3));
#1094=VERTEX_POINT('',#1093);
#1095=CARTESIAN_POINT('',(763.839848603,236.4,-56.3));
#1096=DIRECTION('',(0.,0.,1.));
#1097=VECTOR('',#1096,1.6);
#1098=LINE('',#1095,#1097);
#1099=EDGE_CURVE('',#1094,#1085,#1098,.T.);
#1100=ORIENTED_EDGE('',*,*,#1099,.F.);
#1101=CARTESIAN_POINT('',(763.839848603,247.4,-67.3));
#1102=VERTEX_POINT('',#1101);
#1103=CARTESIAN_POINT('',(763.839848603,247.4,-56.3));
#1104=DIRECTION('',(-1.,-0.,0.));
#1105=DIRECTION('',(-0.,1.,0.));
#1106=AXIS2_PLACEMENT_3D('',#1103,#1104,#1105);
#1107=CIRCLE('',#1106,11.);
#1108=EDGE_CURVE('',#1102,#1094,#1107,.T.);
#1109=ORIENTED_EDGE('',*,*,#1108,.F.);
#1110=CARTESIAN_POINT('',(763.839848603,254.2,-67.3));
#1111=VERTEX_POINT('',#1110);
#1112=CARTESIAN_POINT('',(763.839848603,254.2,-67.3));
#1113=DIRECTION('',(0.,-1.,-0.));
#1114=VECTOR('',#1113,6.8);
#1115=LINE('',#1112,#1114);
#1116=EDGE_CURVE('',#1111,#1102,#1115,.T.);
#1117=ORIENTED_EDGE('',*,*,#1116,.F.);
#1118=CARTESIAN_POINT('',(763.839848603,265.2,-56.3));
#1119=VERTEX_POINT('',#1118);
#1120=CARTESIAN_POINT('',(763.839848603,254.2,-56.3));
#1121=DIRECTION('',(-1.,-0.,0.));
#1122=DIRECTION('',(-0.,1.,0.));
#1123=AXIS2_PLACEMENT_3D('',#1120,#1121,#1122);
#1124=CIRCLE('',#1123,11.);
#1125=EDGE_CURVE('',#1119,#1111,#1124,.T.);
#1126=ORIENTED_EDGE('',*,*,#1125,.F.);
#1127=CARTESIAN_POINT('',(763.839848603,265.2,-54.7));
#1128=VERTEX_POINT('',#1127);
#1129=CARTESIAN_POINT('',(763.839848603,265.2,-54.7));
#1130=DIRECTION('',(-0.,-0.,-1.));
#1131=VECTOR('',#1130,1.6);
#1132=LINE('',#1129,#1131);
#1133=EDGE_CURVE('',#1128,#1119,#1132,.T.);
#1134=ORIENTED_EDGE('',*,*,#1133,.F.);
#1135=CARTESIAN_POINT('',(763.839848603,254.2,-54.7));
#1136=DIRECTION('',(-1.,-0.,0.));
#1137=DIRECTION('',(-0.,1.,0.));
#1138=AXIS2_PLACEMENT_3D('',#1135,#1136,#1137);
#1139=CIRCLE('',#1138,11.);
#1140=EDGE_CURVE('',#1077,#1128,#1139,.T.);
#1141=ORIENTED_EDGE('',*,*,#1140,.F.);
#1142=EDGE_LOOP('',(#1083,#1092,#1100,#1109,#1117,#1126,#1134,#1141));
#1143=FACE_BOUND('',#1142,.T.);
#1144=CARTESIAN_POINT('',(763.839848603,227.146992443,-35.437421357));
#1145=VERTEX_POINT('',#1144);
#1146=CARTESIAN_POINT('',(763.839848603,219.878405278,-35.437421357));
#1147=VERTEX_POINT('',#1146);
#1148=CARTESIAN_POINT('',(763.839848603,227.146992443,-35.437421357));
#1149=DIRECTION('',(0.,-1.,-0.));
#1150=VECTOR('',#1149,7.268587165);
#1151=LINE('',#1148,#1150);
#1152=EDGE_CURVE('',#1145,#1147,#1151,.T.);
#1153=ORIENTED_EDGE('',*,*,#1152,.T.);
#1154=CARTESIAN_POINT('',(763.839848603,219.878405278,-37.5));
#1155=VERTEX_POINT('',#1154);
#1156=CARTESIAN_POINT('',(763.839848603,219.878405278,-37.5));
#1157=DIRECTION('',(0.,0.,1.));
#1158=VECTOR('',#1157,2.062578644);
#1159=LINE('',#1156,#1158);
#1160=EDGE_CURVE('',#1155,#1147,#1159,.T.);
#1161=ORIENTED_EDGE('',*,*,#1160,.F.);
#1162=CARTESIAN_POINT('',(763.839848603,221.13270697,-37.5));
#1163=VERTEX_POINT('',#1162);
#1164=CARTESIAN_POINT('',(763.839848603,221.13270697,-37.5));
#1165=DIRECTION('',(0.,-1.,-0.));
#1166=VECTOR('',#1165,1.254301692);
#1167=LINE('',#1164,#1166);
#1168=EDGE_CURVE('',#1163,#1155,#1167,.T.);
#1169=ORIENTED_EDGE('',*,*,#1168,.F.);
#1170=CARTESIAN_POINT('',(763.839848603,221.53270697,-37.9));
#1171=VERTEX_POINT('',#1170);
#1172=CARTESIAN_POINT('',(763.839848603,221.53270697,-37.9));
#1173=DIRECTION('',(0.,-0.707106781,0.707106781));
#1174=VECTOR('',#1173,0.565685425);
#1175=LINE('',#1172,#1174);
#1176=EDGE_CURVE('',#1171,#1163,#1175,.T.);
#1177=ORIENTED_EDGE('',*,*,#1176,.F.);
#1178=CARTESIAN_POINT('',(763.839848603,221.53270697,-39.6));
#1179=VERTEX_POINT('',#1178);
#1180=CARTESIAN_POINT('',(763.839848603,221.53270697,-39.6));
#1181=DIRECTION('',(0.,0.,1.));
#1182=VECTOR('',#1181,1.7);
#1183=LINE('',#1180,#1182);
#1184=EDGE_CURVE('',#1179,#1171,#1183,.T.);
#1185=ORIENTED_EDGE('',*,*,#1184,.F.);
#1186=CARTESIAN_POINT('',(763.839848603,219.855579608,-41.25));
#1187=VERTEX_POINT('',#1186);
#1188=CARTESIAN_POINT('',(763.839848603,221.53270697,-39.6));
#1189=DIRECTION('',(0.,-0.712848403,-0.701318154));
#1190=VECTOR('',#1189,2.352712517);
#1191=LINE('',#1188,#1190);
#1192=EDGE_CURVE('',#1179,#1187,#1191,.T.);
#1193=ORIENTED_EDGE('',*,*,#1192,.T.);
#1194=CARTESIAN_POINT('',(763.839848603,214.055579608,-41.25));
#1195=VERTEX_POINT('',#1194);
#1196=CARTESIAN_POINT('',(763.839848603,214.055579608,-41.25));
#1197=DIRECTION('',(-0.,1.,0.));
#1198=VECTOR('',#1197,5.8);
#1199=LINE('',#1196,#1198);
#1200=EDGE_CURVE('',#1195,#1187,#1199,.T.);
#1201=ORIENTED_EDGE('',*,*,#1200,.F.);
#1202=CARTESIAN_POINT('',(763.839848603,212.378452247,-39.6));
#1203=VERTEX_POINT('',#1202);
#1204=CARTESIAN_POINT('',(763.839848603,214.055579608,-41.25));
#1205=DIRECTION('',(0.,-0.712848403,0.701318154));
#1206=VECTOR('',#1205,2.352712517);
#1207=LINE('',#1204,#1206);
#1208=EDGE_CURVE('',#1195,#1203,#1207,.T.);
#1209=ORIENTED_EDGE('',*,*,#1208,.T.);
#1210=CARTESIAN_POINT('',(763.839848603,212.378452247,-37.9));
#1211=VERTEX_POINT('',#1210);
#1212=CARTESIAN_POINT('',(763.839848603,212.378452247,-37.9));
#1213=DIRECTION('',(-0.,-0.,-1.));
#1214=VECTOR('',#1213,1.7);
#1215=LINE('',#1212,#1214);
#1216=EDGE_CURVE('',#1211,#1203,#1215,.T.);
#1217=ORIENTED_EDGE('',*,*,#1216,.F.);
#1218=CARTESIAN_POINT('',(763.839848603,212.778452247,-37.5));
#1219=VERTEX_POINT('',#1218);
#1220=CARTESIAN_POINT('',(763.839848603,212.778452247,-37.5));
#1221=DIRECTION('',(0.,-0.707106781,-0.707106781));
#1222=VECTOR('',#1221,0.565685425);
#1223=LINE('',#1220,#1222);
#1224=EDGE_CURVE('',#1219,#1211,#1223,.T.);
#1225=ORIENTED_EDGE('',*,*,#1224,.F.);
#1226=CARTESIAN_POINT('',(763.839848603,214.105579608,-37.5));
#1227=VERTEX_POINT('',#1226);
#1228=CARTESIAN_POINT('',(763.839848603,214.105579608,-37.5));
#1229=DIRECTION('',(0.,-1.,-0.));
#1230=VECTOR('',#1229,1.327127361);
#1231=LINE('',#1228,#1230);
#1232=EDGE_CURVE('',#1227,#1219,#1231,.T.);
#1233=ORIENTED_EDGE('',*,*,#1232,.F.);
#1234=CARTESIAN_POINT('',(763.839848603,214.105579608,-35.437421357));
#1235=VERTEX_POINT('',#1234);
#1236=CARTESIAN_POINT('',(763.839848603,214.105579608,-35.437421357));
#1237=DIRECTION('',(-0.,-0.,-1.));
#1238=VECTOR('',#1237,2.062578644);
#1239=LINE('',#1236,#1238);
#1240=EDGE_CURVE('',#1235,#1227,#1239,.T.);
#1241=ORIENTED_EDGE('',*,*,#1240,.F.);
#1242=CARTESIAN_POINT('',(763.839848603,207.346992443,-35.437421357));
#1243=VERTEX_POINT('',#1242);
#1244=CARTESIAN_POINT('',(763.839848603,214.105579608,-35.437421357));
#1245=DIRECTION('',(0.,-1.,-0.));
#1246=VECTOR('',#1245,6.758587165);
#1247=LINE('',#1244,#1246);
#1248=EDGE_CURVE('',#1235,#1243,#1247,.T.);
#1249=ORIENTED_EDGE('',*,*,#1248,.T.);
#1250=CARTESIAN_POINT('',(763.839848603,207.346992443,-29.537421357));
#1251=DIRECTION('',(-0.,-0.,-1.));
#1252=VECTOR('',#1251,5.9);
#1253=LINE('',#1250,#1252);
#1254=EDGE_CURVE('',#203,#1243,#1253,.T.);
#1255=ORIENTED_EDGE('',*,*,#1254,.F.);
#1256=ORIENTED_EDGE('',*,*,#208,.F.);
#1257=CARTESIAN_POINT('',(763.839848603,275.952572051,-81.537421357));
#1258=DIRECTION('',(0.,0.,1.));
#1259=VECTOR('',#1258,52.);
#1260=LINE('',#1257,#1259);
#1261=EDGE_CURVE('',#131,#195,#1260,.T.);
#1262=ORIENTED_EDGE('',*,*,#1261,.F.);
#1263=ORIENTED_EDGE('',*,*,#136,.T.);
#1264=CARTESIAN_POINT('',(763.839848603,207.341412835,-75.637421357));
#1265=VERTEX_POINT('',#1264);
#1266=CARTESIAN_POINT('',(763.839848603,207.341412835,-81.537421357));
#1267=DIRECTION('',(0.,0.,1.));
#1268=VECTOR('',#1267,5.9);
#1269=LINE('',#1266,#1268);
#1270=EDGE_CURVE('',#123,#1265,#1269,.T.);
#1271=ORIENTED_EDGE('',*,*,#1270,.T.);
#1272=CARTESIAN_POINT('',(763.839848603,214.105579608,-75.637421357));
#1273=VERTEX_POINT('',#1272);
#1274=CARTESIAN_POINT('',(763.839848603,207.341412835,-75.637421357));
#1275=DIRECTION('',(-0.,1.,0.));
#1276=VECTOR('',#1275,6.764166774);
#1277=LINE('',#1274,#1276);
#1278=EDGE_CURVE('',#1265,#1273,#1277,.T.);
#1279=ORIENTED_EDGE('',*,*,#1278,.T.);
#1280=CARTESIAN_POINT('',(763.839848603,214.105579608,-73.574842713));
#1281=VERTEX_POINT('',#1280);
#1282=CARTESIAN_POINT('',(763.839848603,214.105579608,-73.574842713));
#1283=DIRECTION('',(-0.,-0.,-1.));
#1284=VECTOR('',#1283,2.062578643);
#1285=LINE('',#1282,#1284);
#1286=EDGE_CURVE('',#1281,#1273,#1285,.T.);
#1287=ORIENTED_EDGE('',*,*,#1286,.F.);
#1288=CARTESIAN_POINT('',(763.839848603,212.851277916,-73.574842713));
#1289=VERTEX_POINT('',#1288);
#1290=CARTESIAN_POINT('',(763.839848603,212.851277916,-73.574842713));
#1291=DIRECTION('',(-0.,1.,-0.));
#1292=VECTOR('',#1291,1.254301692);
#1293=LINE('',#1290,#1292);
#1294=EDGE_CURVE('',#1289,#1281,#1293,.T.);
#1295=ORIENTED_EDGE('',*,*,#1294,.F.);
#1296=CARTESIAN_POINT('',(763.839848603,212.451277916,-73.174842713));
#1297=VERTEX_POINT('',#1296);
#1298=CARTESIAN_POINT('',(763.839848603,212.451277916,-73.174842713));
#1299=DIRECTION('',(-0.,0.707106781,-0.707106781));
#1300=VECTOR('',#1299,0.565685425);
#1301=LINE('',#1298,#1300);
#1302=EDGE_CURVE('',#1297,#1289,#1301,.T.);
#1303=ORIENTED_EDGE('',*,*,#1302,.F.);
#1304=CARTESIAN_POINT('',(763.839848603,212.451277916,-71.474842713));
#1305=VERTEX_POINT('',#1304);
#1306=CARTESIAN_POINT('',(763.839848603,212.451277916,-71.474842713));
#1307=DIRECTION('',(-0.,-0.,-1.));
#1308=VECTOR('',#1307,1.7);
#1309=LINE('',#1306,#1308);
#1310=EDGE_CURVE('',#1305,#1297,#1309,.T.);
#1311=ORIENTED_EDGE('',*,*,#1310,.F.);
#1312=CARTESIAN_POINT('',(763.839848603,214.128405278,-69.824842713));
#1313=VERTEX_POINT('',#1312);
#1314=CARTESIAN_POINT('',(763.839848603,212.451277916,-71.474842713));
#1315=DIRECTION('',(-0.,0.712848403,0.701318154));
#1316=VECTOR('',#1315,2.352712517);
#1317=LINE('',#1314,#1316);
#1318=EDGE_CURVE('',#1305,#1313,#1317,.T.);
#1319=ORIENTED_EDGE('',*,*,#1318,.T.);
#1320=CARTESIAN_POINT('',(763.839848603,219.928405278,-69.824842713));
#1321=VERTEX_POINT('',#1320);
#1322=CARTESIAN_POINT('',(763.839848603,219.928405278,-69.824842713));
#1323=DIRECTION('',(0.,-1.,0.));
#1324=VECTOR('',#1323,5.8);
#1325=LINE('',#1322,#1324);
#1326=EDGE_CURVE('',#1321,#1313,#1325,.T.);
#1327=ORIENTED_EDGE('',*,*,#1326,.F.);
#1328=CARTESIAN_POINT('',(763.839848603,221.605532639,-71.474842713));
#1329=VERTEX_POINT('',#1328);
#1330=CARTESIAN_POINT('',(763.839848603,219.928405278,-69.824842713));
#1331=DIRECTION('',(-0.,0.712848403,-0.701318154));
#1332=VECTOR('',#1331,2.352712517);
#1333=LINE('',#1330,#1332);
#1334=EDGE_CURVE('',#1321,#1329,#1333,.T.);
#1335=ORIENTED_EDGE('',*,*,#1334,.T.);
#1336=CARTESIAN_POINT('',(763.839848603,221.605532639,-73.174842713));
#1337=VERTEX_POINT('',#1336);
#1338=CARTESIAN_POINT('',(763.839848603,221.605532639,-73.174842713));
#1339=DIRECTION('',(0.,0.,1.));
#1340=VECTOR('',#1339,1.7);
#1341=LINE('',#1338,#1340);
#1342=EDGE_CURVE('',#1337,#1329,#1341,.T.);
#1343=ORIENTED_EDGE('',*,*,#1342,.F.);
#1344=CARTESIAN_POINT('',(763.839848603,221.205532639,-73.574842713));
#1345=VERTEX_POINT('',#1344);
#1346=CARTESIAN_POINT('',(763.839848603,221.205532639,-73.574842713));
#1347=DIRECTION('',(-0.,0.707106781,0.707106781));
#1348=VECTOR('',#1347,0.565685425);
#1349=LINE('',#1346,#1348);
#1350=EDGE_CURVE('',#1345,#1337,#1349,.T.);
#1351=ORIENTED_EDGE('',*,*,#1350,.F.);
#1352=CARTESIAN_POINT('',(763.839848603,219.878405278,-73.574842713));
#1353=VERTEX_POINT('',#1352);
#1354=CARTESIAN_POINT('',(763.839848603,219.878405278,-73.574842713));
#1355=DIRECTION('',(-0.,1.,-0.));
#1356=VECTOR('',#1355,1.327127361);
#1357=LINE('',#1354,#1356);
#1358=EDGE_CURVE('',#1353,#1345,#1357,.T.);
#1359=ORIENTED_EDGE('',*,*,#1358,.F.);
#1360=CARTESIAN_POINT('',(763.839848603,219.878405278,-75.637421357));
#1361=VERTEX_POINT('',#1360);
#1362=CARTESIAN_POINT('',(763.839848603,219.878405278,-75.637421357));
#1363=DIRECTION('',(0.,0.,1.));
#1364=VECTOR('',#1363,2.062578643);
#1365=LINE('',#1362,#1364);
#1366=EDGE_CURVE('',#1361,#1353,#1365,.T.);
#1367=ORIENTED_EDGE('',*,*,#1366,.F.);
#1368=CARTESIAN_POINT('',(763.839848603,219.878405278,-75.637421357));
#1369=DIRECTION('',(-0.,1.,0.));
#1370=VECTOR('',#1369,7.268587165);
#1371=LINE('',#1368,#1370);
#1372=EDGE_CURVE('',#1361,#83,#1371,.T.);
#1373=ORIENTED_EDGE('',*,*,#1372,.T.);
#1374=ORIENTED_EDGE('',*,*,#88,.T.);
#1375=CARTESIAN_POINT('',(763.839848603,224.9844138,-68.423834191));
#1376=VERTEX_POINT('',#1375);
#1377=CARTESIAN_POINT('',(763.839848603,224.9844138,-68.423834191));
#1378=DIRECTION('',(0.,1.,0.));
#1379=VECTOR('',#1378,2.162578643);
#1380=LINE('',#1377,#1379);
#1381=EDGE_CURVE('',#1376,#75,#1380,.T.);
#1382=ORIENTED_EDGE('',*,*,#1381,.F.);
#1383=CARTESIAN_POINT('',(763.839848603,224.9844138,-69.678135883));
#1384=VERTEX_POINT('',#1383);
#1385=CARTESIAN_POINT('',(763.839848603,224.9844138,-69.678135883));
#1386=DIRECTION('',(0.,0.,1.));
#1387=VECTOR('',#1386,1.254301692);
#1388=LINE('',#1385,#1387);
#1389=EDGE_CURVE('',#1384,#1376,#1388,.T.);
#1390=ORIENTED_EDGE('',*,*,#1389,.F.);
#1391=CARTESIAN_POINT('',(763.839848603,224.5844138,-70.078135883));
#1392=VERTEX_POINT('',#1391);
#1393=CARTESIAN_POINT('',(763.839848603,224.5844138,-70.078135883));
#1394=DIRECTION('',(0.,0.707106781,0.707106781));
#1395=VECTOR('',#1394,0.565685425);
#1396=LINE('',#1393,#1395);
#1397=EDGE_CURVE('',#1392,#1384,#1396,.T.);
#1398=ORIENTED_EDGE('',*,*,#1397,.F.);
#1399=CARTESIAN_POINT('',(763.839848603,222.8844138,-70.078135883));
#1400=VERTEX_POINT('',#1399);
#1401=CARTESIAN_POINT('',(763.839848603,222.8844138,-70.078135883));
#1402=DIRECTION('',(0.,1.,0.));
#1403=VECTOR('',#1402,1.7);
#1404=LINE('',#1401,#1403);
#1405=EDGE_CURVE('',#1400,#1392,#1404,.T.);
#1406=ORIENTED_EDGE('',*,*,#1405,.F.);
#1407=CARTESIAN_POINT('',(763.839848603,221.2344138,-68.401008522));
#1408=VERTEX_POINT('',#1407);
#1409=CARTESIAN_POINT('',(763.839848603,221.2344138,-68.401008522));
#1410=DIRECTION('',(-0.,0.701318154,-0.712848403));
#1411=VECTOR('',#1410,2.352712517);
#1412=LINE('',#1409,#1411);
#1413=EDGE_CURVE('',#1408,#1400,#1412,.T.);
#1414=ORIENTED_EDGE('',*,*,#1413,.F.);
#1415=CARTESIAN_POINT('',(763.839848603,221.2344138,-62.601008522));
#1416=VERTEX_POINT('',#1415);
#1417=CARTESIAN_POINT('',(763.839848603,221.2344138,-62.601008522));
#1418=DIRECTION('',(-0.,0.,-1.));
#1419=VECTOR('',#1418,5.8);
#1420=LINE('',#1417,#1419);
#1421=EDGE_CURVE('',#1416,#1408,#1420,.T.);
#1422=ORIENTED_EDGE('',*,*,#1421,.F.);
#1423=CARTESIAN_POINT('',(763.839848603,222.8844138,-60.923881161));
#1424=VERTEX_POINT('',#1423);
#1425=CARTESIAN_POINT('',(763.839848603,222.8844138,-60.923881161));
#1426=DIRECTION('',(-0.,-0.701318154,-0.712848403));
#1427=VECTOR('',#1426,2.352712517);
#1428=LINE('',#1425,#1427);
#1429=EDGE_CURVE('',#1424,#1416,#1428,.T.);
#1430=ORIENTED_EDGE('',*,*,#1429,.F.);
#1431=CARTESIAN_POINT('',(763.839848603,224.5844138,-60.923881161));
#1432=VERTEX_POINT('',#1431);
#1433=CARTESIAN_POINT('',(763.839848603,224.5844138,-60.923881161));
#1434=DIRECTION('',(0.,-1.,0.));
#1435=VECTOR('',#1434,1.7);
#1436=LINE('',#1433,#1435);
#1437=EDGE_CURVE('',#1432,#1424,#1436,.T.);
#1438=ORIENTED_EDGE('',*,*,#1437,.F.);
#1439=CARTESIAN_POINT('',(763.839848603,224.9844138,-61.323881161));
#1440=VERTEX_POINT('',#1439);
#1441=CARTESIAN_POINT('',(763.839848603,224.9844138,-61.323881161));
#1442=DIRECTION('',(0.,-0.707106781,0.707106781));
#1443=VECTOR('',#1442,0.565685425);
#1444=LINE('',#1441,#1443);
#1445=EDGE_CURVE('',#1440,#1432,#1444,.T.);
#1446=ORIENTED_EDGE('',*,*,#1445,.F.);
#1447=CARTESIAN_POINT('',(763.839848603,224.9844138,-62.651008522));
#1448=VERTEX_POINT('',#1447);
#1449=CARTESIAN_POINT('',(763.839848603,224.9844138,-62.651008522));
#1450=DIRECTION('',(0.,0.,1.));
#1451=VECTOR('',#1450,1.327127361);
#1452=LINE('',#1449,#1451);
#1453=EDGE_CURVE('',#1448,#1440,#1452,.T.);
#1454=ORIENTED_EDGE('',*,*,#1453,.F.);
#1455=CARTESIAN_POINT('',(763.839848603,227.146992443,-62.651008522));
#1456=DIRECTION('',(0.,-1.,0.));
#1457=VECTOR('',#1456,2.162578643);
#1458=LINE('',#1455,#1457);
#1459=EDGE_CURVE('',#43,#1448,#1458,.T.);
#1460=ORIENTED_EDGE('',*,*,#1459,.F.);
#1461=ORIENTED_EDGE('',*,*,#48,.T.);
#1462=CARTESIAN_POINT('',(763.839848603,224.9844138,-48.423834191));
#1463=VERTEX_POINT('',#1462);
#1464=CARTESIAN_POINT('',(763.839848603,224.9844138,-48.423834191));
#1465=DIRECTION('',(0.,1.,0.));
#1466=VECTOR('',#1465,2.162578643);
#1467=LINE('',#1464,#1466);
#1468=EDGE_CURVE('',#1463,#35,#1467,.T.);
#1469=ORIENTED_EDGE('',*,*,#1468,.F.);
#1470=CARTESIAN_POINT('',(763.839848603,224.9844138,-49.678135883));
#1471=VERTEX_POINT('',#1470);
#1472=CARTESIAN_POINT('',(763.839848603,224.9844138,-49.678135883));
#1473=DIRECTION('',(0.,0.,1.));
#1474=VECTOR('',#1473,1.254301692);
#1475=LINE('',#1472,#1474);
#1476=EDGE_CURVE('',#1471,#1463,#1475,.T.);
#1477=ORIENTED_EDGE('',*,*,#1476,.F.);
#1478=CARTESIAN_POINT('',(763.839848603,224.5844138,-50.078135883));
#1479=VERTEX_POINT('',#1478);
#1480=CARTESIAN_POINT('',(763.839848603,224.5844138,-50.078135883));
#1481=DIRECTION('',(0.,0.707106781,0.707106781));
#1482=VECTOR('',#1481,0.565685425);
#1483=LINE('',#1480,#1482);
#1484=EDGE_CURVE('',#1479,#1471,#1483,.T.);
#1485=ORIENTED_EDGE('',*,*,#1484,.F.);
#1486=CARTESIAN_POINT('',(763.839848603,222.8844138,-50.078135883));
#1487=VERTEX_POINT('',#1486);
#1488=CARTESIAN_POINT('',(763.839848603,222.8844138,-50.078135883));
#1489=DIRECTION('',(0.,1.,0.));
#1490=VECTOR('',#1489,1.7);
#1491=LINE('',#1488,#1490);
#1492=EDGE_CURVE('',#1487,#1479,#1491,.T.);
#1493=ORIENTED_EDGE('',*,*,#1492,.F.);
#1494=CARTESIAN_POINT('',(763.839848603,221.2344138,-48.401008522));
#1495=VERTEX_POINT('',#1494);
#1496=CARTESIAN_POINT('',(763.839848603,221.2344138,-48.401008522));
#1497=DIRECTION('',(-0.,0.701318154,-0.712848403));
#1498=VECTOR('',#1497,2.352712517);
#1499=LINE('',#1496,#1498);
#1500=EDGE_CURVE('',#1495,#1487,#1499,.T.);
#1501=ORIENTED_EDGE('',*,*,#1500,.F.);
#1502=CARTESIAN_POINT('',(763.839848603,221.2344138,-42.601008522));
#1503=VERTEX_POINT('',#1502);
#1504=CARTESIAN_POINT('',(763.839848603,221.2344138,-42.601008522));
#1505=DIRECTION('',(-0.,0.,-1.));
#1506=VECTOR('',#1505,5.8);
#1507=LINE('',#1504,#1506);
#1508=EDGE_CURVE('',#1503,#1495,#1507,.T.);
#1509=ORIENTED_EDGE('',*,*,#1508,.F.);
#1510=CARTESIAN_POINT('',(763.839848603,222.8844138,-40.923881161));
#1511=VERTEX_POINT('',#1510);
#1512=CARTESIAN_POINT('',(763.839848603,222.8844138,-40.923881161));
#1513=DIRECTION('',(-0.,-0.701318154,-0.712848403));
#1514=VECTOR('',#1513,2.352712517);
#1515=LINE('',#1512,#1514);
#1516=EDGE_CURVE('',#1511,#1503,#1515,.T.);
#1517=ORIENTED_EDGE('',*,*,#1516,.F.);
#1518=CARTESIAN_POINT('',(763.839848603,224.5844138,-40.923881161));
#1519=VERTEX_POINT('',#1518);
#1520=CARTESIAN_POINT('',(763.839848603,224.5844138,-40.923881161));
#1521=DIRECTION('',(0.,-1.,0.));
#1522=VECTOR('',#1521,1.7);
#1523=LINE('',#1520,#1522);
#1524=EDGE_CURVE('',#1519,#1511,#1523,.T.);
#1525=ORIENTED_EDGE('',*,*,#1524,.F.);
#1526=CARTESIAN_POINT('',(763.839848603,224.9844138,-41.323881161));
#1527=VERTEX_POINT('',#1526);
#1528=CARTESIAN_POINT('',(763.839848603,224.9844138,-41.323881161));
#1529=DIRECTION('',(0.,-0.707106781,0.707106781));
#1530=VECTOR('',#1529,0.565685425);
#1531=LINE('',#1528,#1530);
#1532=EDGE_CURVE('',#1527,#1519,#1531,.T.);
#1533=ORIENTED_EDGE('',*,*,#1532,.F.);
#1534=CARTESIAN_POINT('',(763.839848603,224.9844138,-42.651008522));
#1535=VERTEX_POINT('',#1534);
#1536=CARTESIAN_POINT('',(763.839848603,224.9844138,-42.651008522));
#1537=DIRECTION('',(0.,0.,1.));
#1538=VECTOR('',#1537,1.327127361);
#1539=LINE('',#1536,#1538);
#1540=EDGE_CURVE('',#1535,#1527,#1539,.T.);
#1541=ORIENTED_EDGE('',*,*,#1540,.F.);
#1542=CARTESIAN_POINT('',(763.839848603,227.146992443,-42.651008522));
#1543=VERTEX_POINT('',#1542);
#1544=CARTESIAN_POINT('',(763.839848603,227.146992443,-42.651008522));
#1545=DIRECTION('',(0.,-1.,0.));
#1546=VECTOR('',#1545,2.162578643);
#1547=LINE('',#1544,#1546);
#1548=EDGE_CURVE('',#1543,#1535,#1547,.T.);
#1549=ORIENTED_EDGE('',*,*,#1548,.F.);
#1550=CARTESIAN_POINT('',(763.839848603,227.146992443,-42.651008522));
#1551=DIRECTION('',(0.,-0.,1.));
#1552=VECTOR('',#1551,7.213587165);
#1553=LINE('',#1550,#1552);
#1554=EDGE_CURVE('',#1543,#1145,#1553,.T.);
#1555=ORIENTED_EDGE('',*,*,#1554,.T.);
#1556=EDGE_LOOP('',(#1153,#1161,#1169,#1177,#1185,#1193,#1201,#1209,#1217,#1225,#1233,#1241,#1249,#1255,#1256,#1262,#1263,#1271,#1279,#1287,#1295,#1303,#1311,#1319,#1327,#1335,
#1343,#1351,#1359,#1367,#1373,#1374,#1382,#1390,#1398,#1406,#1414,#1422,#1430,#1438,#1446,#1454,#1460,#1461,#1469,#1477,#1485,#1493,#1501,#1509,#1517,
#1525,#1533,#1541,#1549,#1555));
#1557=FACE_BOUND('',#1556,.T.);
#1558=CARTESIAN_POINT('',(763.839848603,263.989267349,-38.625));
#1559=VERTEX_POINT('',#1558);
#1560=CARTESIAN_POINT('',(763.839848603,268.589267349,-38.625));
#1561=VERTEX_POINT('',#1560);
#1562=CARTESIAN_POINT('',(763.839848603,263.989267349,-38.625));
#1563=DIRECTION('',(-0.,1.,0.));
#1564=VECTOR('',#1563,4.6);
#1565=LINE('',#1562,#1564);
#1566=EDGE_CURVE('',#1559,#1561,#1565,.T.);
#1567=ORIENTED_EDGE('',*,*,#1566,.F.);
#1568=CARTESIAN_POINT('',(763.839848603,262.789267349,-39.825));
#1569=VERTEX_POINT('',#1568);
#1570=CARTESIAN_POINT('',(763.839848603,263.989267349,-39.825));
#1571=DIRECTION('',(-1.,-0.,0.));
#1572=DIRECTION('',(-0.,1.,0.));
#1573=AXIS2_PLACEMENT_3D('',#1570,#1571,#1572);
#1574=CIRCLE('',#1573,1.2);
#1575=EDGE_CURVE('',#1569,#1559,#1574,.T.);
#1576=ORIENTED_EDGE('',*,*,#1575,.F.);
#1577=CARTESIAN_POINT('',(763.839848603,262.789267349,-40.275));
#1578=VERTEX_POINT('',#1577);
#1579=CARTESIAN_POINT('',(763.839848603,262.789267349,-40.275));
#1580=DIRECTION('',(0.,0.,1.));
#1581=VECTOR('',#1580,0.45);
#1582=LINE('',#1579,#1581);
#1583=EDGE_CURVE('',#1578,#1569,#1582,.T.);
#1584=ORIENTED_EDGE('',*,*,#1583,.F.);
#1585=CARTESIAN_POINT('',(763.839848603,263.989267349,-41.475));
#1586=VERTEX_POINT('',#1585);
#1587=CARTESIAN_POINT('',(763.839848603,263.989267349,-40.275));
#1588=DIRECTION('',(-1.,-0.,0.));
#1589=DIRECTION('',(-0.,1.,0.));
#1590=AXIS2_PLACEMENT_3D('',#1587,#1588,#1589);
#1591=CIRCLE('',#1590,1.2);
#1592=EDGE_CURVE('',#1586,#1578,#1591,.T.);
#1593=ORIENTED_EDGE('',*,*,#1592,.F.);
#1594=CARTESIAN_POINT('',(763.839848603,268.589267349,-41.475));
#1595=VERTEX_POINT('',#1594);
#1596=CARTESIAN_POINT('',(763.839848603,268.589267349,-41.475));
#1597=DIRECTION('',(0.,-1.,-0.));
#1598=VECTOR('',#1597,4.6);
#1599=LINE('',#1596,#1598);
#1600=EDGE_CURVE('',#1595,#1586,#1599,.T.);
#1601=ORIENTED_EDGE('',*,*,#1600,.F.);
#1602=CARTESIAN_POINT('',(763.839848603,269.789267349,-40.275));
#1603=VERTEX_POINT('',#1602);
#1604=CARTESIAN_POINT('',(763.839848603,268.589267349,-40.275));
#1605=DIRECTION('',(-1.,-0.,0.));
#1606=DIRECTION('',(-0.,1.,0.));
#1607=AXIS2_PLACEMENT_3D('',#1604,#1605,#1606);
#1608=CIRCLE('',#1607,1.2);
#1609=EDGE_CURVE('',#1603,#1595,#1608,.T.);
#1610=ORIENTED_EDGE('',*,*,#1609,.F.);
#1611=CARTESIAN_POINT('',(763.839848603,269.789267349,-39.825));
#1612=VERTEX_POINT('',#1611);
#1613=CARTESIAN_POINT('',(763.839848603,269.789267349,-39.825));
#1614=DIRECTION('',(-0.,-0.,-1.));
#1615=VECTOR('',#1614,0.45);
#1616=LINE('',#1613,#1615);
#1617=EDGE_CURVE('',#1612,#1603,#1616,.T.);
#1618=ORIENTED_EDGE('',*,*,#1617,.F.);
#1619=CARTESIAN_POINT('',(763.839848603,268.589267349,-39.825));
#1620=DIRECTION('',(-1.,-0.,0.));
#1621=DIRECTION('',(-0.,1.,0.));
#1622=AXIS2_PLACEMENT_3D('',#1619,#1620,#1621);
#1623=CIRCLE('',#1622,1.2);
#1624=EDGE_CURVE('',#1561,#1612,#1623,.T.);
#1625=ORIENTED_EDGE('',*,*,#1624,.F.);
#1626=EDGE_LOOP('',(#1567,#1576,#1584,#1593,#1601,#1610,#1618,#1625));
#1627=FACE_BOUND('',#1626,.T.);
#1628=CARTESIAN_POINT('',(763.839848603,263.989267349,-69.612113667));
#1629=VERTEX_POINT('',#1628);
#1630=CARTESIAN_POINT('',(763.839848603,268.589267349,-69.612113667));
#1631=VERTEX_POINT('',#1630);
#1632=CARTESIAN_POINT('',(763.839848603,263.989267349,-69.612113667));
#1633=DIRECTION('',(-0.,1.,0.));
#1634=VECTOR('',#1633,4.6);
#1635=LINE('',#1632,#1634);
#1636=EDGE_CURVE('',#1629,#1631,#1635,.T.);
#1637=ORIENTED_EDGE('',*,*,#1636,.F.);
#1638=CARTESIAN_POINT('',(763.839848603,262.789267349,-70.812113667));
#1639=VERTEX_POINT('',#1638);
#1640=CARTESIAN_POINT('',(763.839848603,263.989267349,-70.812113667));
#1641=DIRECTION('',(-1.,-0.,0.));
#1642=DIRECTION('',(-0.,1.,0.));
#1643=AXIS2_PLACEMENT_3D('',#1640,#1641,#1642);
#1644=CIRCLE('',#1643,1.2);
#1645=EDGE_CURVE('',#1639,#1629,#1644,.T.);
#1646=ORIENTED_EDGE('',*,*,#1645,.F.);
#1647=CARTESIAN_POINT('',(763.839848603,262.789267349,-71.262113667));
#1648=VERTEX_POINT('',#1647);
#1649=CARTESIAN_POINT('',(763.839848603,262.789267349,-71.262113667));
#1650=DIRECTION('',(0.,0.,1.));
#1651=VECTOR('',#1650,0.45);
#1652=LINE('',#1649,#1651);
#1653=EDGE_CURVE('',#1648,#1639,#1652,.T.);
#1654=ORIENTED_EDGE('',*,*,#1653,.F.);
#1655=CARTESIAN_POINT('',(763.839848603,263.989267349,-72.462113667));
#1656=VERTEX_POINT('',#1655);
#1657=CARTESIAN_POINT('',(763.839848603,263.989267349,-71.262113667));
#1658=DIRECTION('',(-1.,-0.,0.));
#1659=DIRECTION('',(-0.,1.,0.));
#1660=AXIS2_PLACEMENT_3D('',#1657,#1658,#1659);
#1661=CIRCLE('',#1660,1.2);
#1662=EDGE_CURVE('',#1656,#1648,#1661,.T.);
#1663=ORIENTED_EDGE('',*,*,#1662,.F.);
#1664=CARTESIAN_POINT('',(763.839848603,268.589267349,-72.462113667));
#1665=VERTEX_POINT('',#1664);
#1666=CARTESIAN_POINT('',(763.839848603,268.589267349,-72.462113667));
#1667=DIRECTION('',(0.,-1.,-0.));
#1668=VECTOR('',#1667,4.6);
#1669=LINE('',#1666,#1668);
#1670=EDGE_CURVE('',#1665,#1656,#1669,.T.);
#1671=ORIENTED_EDGE('',*,*,#1670,.F.);
#1672=CARTESIAN_POINT('',(763.839848603,269.789267349,-71.262113667));
#1673=VERTEX_POINT('',#1672);
#1674=CARTESIAN_POINT('',(763.839848603,268.589267349,-71.262113667));
#1675=DIRECTION('',(-1.,-0.,0.));
#1676=DIRECTION('',(-0.,1.,0.));
#1677=AXIS2_PLACEMENT_3D('',#1674,#1675,#1676);
#1678=CIRCLE('',#1677,1.2);
#1679=EDGE_CURVE('',#1673,#1665,#1678,.T.);
#1680=ORIENTED_EDGE('',*,*,#1679,.F.);
#1681=CARTESIAN_POINT('',(763.839848603,269.789267349,-70.812113667));
#1682=VERTEX_POINT('',#1681);
#1683=CARTESIAN_POINT('',(763.839848603,269.789267349,-70.812113667));
#1684=DIRECTION('',(-0.,-0.,-1.));
#1685=VECTOR('',#1684,0.45);
#1686=LINE('',#1683,#1685);
#1687=EDGE_CURVE('',#1682,#1673,#1686,.T.);
#1688=ORIENTED_EDGE('',*,*,#1687,.F.);
#1689=CARTESIAN_POINT('',(763.839848603,268.589267349,-70.812113667));
#1690=DIRECTION('',(-1.,-0.,0.));
#1691=DIRECTION('',(-0.,1.,0.));
#1692=AXIS2_PLACEMENT_3D('',#1689,#1690,#1691);
#1693=CIRCLE('',#1692,1.2);
#1694=EDGE_CURVE('',#1631,#1682,#1693,.T.);
#1695=ORIENTED_EDGE('',*,*,#1694,.F.);
#1696=EDGE_LOOP('',(#1637,#1646,#1654,#1663,#1671,#1680,#1688,#1695));
#1697=FACE_BOUND('',#1696,.T.);
#1698=CARTESIAN_POINT('',(763.839848603,233.,-69.612113667));
#1699=VERTEX_POINT('',#1698);
#1700=CARTESIAN_POINT('',(763.839848603,237.6,-69.612113667));
#1701=VERTEX_POINT('',#1700);
#1702=CARTESIAN_POINT('',(763.839848603,233.,-69.612113667));
#1703=DIRECTION('',(-0.,1.,0.));
#1704=VECTOR('',#1703,4.6);
#1705=LINE('',#1702,#1704);
#1706=EDGE_CURVE('',#1699,#1701,#1705,.T.);
#1707=ORIENTED_EDGE('',*,*,#1706,.F.);
#1708=CARTESIAN_POINT('',(763.839848603,231.8,-70.812113667));
#1709=VERTEX_POINT('',#1708);
#1710=CARTESIAN_POINT('',(763.839848603,233.,-70.812113667));
#1711=DIRECTION('',(-1.,-0.,0.));
#1712=DIRECTION('',(-0.,1.,0.));
#1713=AXIS2_PLACEMENT_3D('',#1710,#1711,#1712);
#1714=CIRCLE('',#1713,1.2);
#1715=EDGE_CURVE('',#1709,#1699,#1714,.T.);
#1716=ORIENTED_EDGE('',*,*,#1715,.F.);
#1717=CARTESIAN_POINT('',(763.839848603,231.8,-71.262113667));
#1718=VERTEX_POINT('',#1717);
#1719=CARTESIAN_POINT('',(763.839848603,231.8,-71.262113667));
#1720=DIRECTION('',(0.,0.,1.));
#1721=VECTOR('',#1720,0.45);
#1722=LINE('',#1719,#1721);
#1723=EDGE_CURVE('',#1718,#1709,#1722,.T.);
#1724=ORIENTED_EDGE('',*,*,#1723,.F.);
#1725=CARTESIAN_POINT('',(763.839848603,233.,-72.462113667));
#1726=VERTEX_POINT('',#1725);
#1727=CARTESIAN_POINT('',(763.839848603,233.,-71.262113667));
#1728=DIRECTION('',(-1.,-0.,0.));
#1729=DIRECTION('',(-0.,1.,0.));
#1730=AXIS2_PLACEMENT_3D('',#1727,#1728,#1729);
#1731=CIRCLE('',#1730,1.2);
#1732=EDGE_CURVE('',#1726,#1718,#1731,.T.);
#1733=ORIENTED_EDGE('',*,*,#1732,.F.);
#1734=CARTESIAN_POINT('',(763.839848603,237.6,-72.462113667));
#1735=VERTEX_POINT('',#1734);
#1736=CARTESIAN_POINT('',(763.839848603,237.6,-72.462113667));
#1737=DIRECTION('',(0.,-1.,-0.));
#1738=VECTOR('',#1737,4.6);
#1739=LINE('',#1736,#1738);
#1740=EDGE_CURVE('',#1735,#1726,#1739,.T.);
#1741=ORIENTED_EDGE('',*,*,#1740,.F.);
#1742=CARTESIAN_POINT('',(763.839848603,238.8,-71.262113667));
#1743=VERTEX_POINT('',#1742);
#1744=CARTESIAN_POINT('',(763.839848603,237.6,-71.262113667));
#1745=DIRECTION('',(-1.,-0.,0.));
#1746=DIRECTION('',(-0.,1.,0.));
#1747=AXIS2_PLACEMENT_3D('',#1744,#1745,#1746);
#1748=CIRCLE('',#1747,1.2);
#1749=EDGE_CURVE('',#1743,#1735,#1748,.T.);
#1750=ORIENTED_EDGE('',*,*,#1749,.F.);
#1751=CARTESIAN_POINT('',(763.839848603,238.8,-70.812113667));
#1752=VERTEX_POINT('',#1751);
#1753=CARTESIAN_POINT('',(763.839848603,238.8,-70.812113667));
#1754=DIRECTION('',(-0.,-0.,-1.));
#1755=VECTOR('',#1754,0.45);
#1756=LINE('',#1753,#1755);
#1757=EDGE_CURVE('',#1752,#1743,#1756,.T.);
#1758=ORIENTED_EDGE('',*,*,#1757,.F.);
#1759=CARTESIAN_POINT('',(763.839848603,237.6,-70.812113667));
#1760=DIRECTION('',(-1.,-0.,0.));
#1761=DIRECTION('',(-0.,1.,0.));
#1762=AXIS2_PLACEMENT_3D('',#1759,#1760,#1761);
#1763=CIRCLE('',#1762,1.2);
#1764=EDGE_CURVE('',#1701,#1752,#1763,.T.);
#1765=ORIENTED_EDGE('',*,*,#1764,.F.);
#1766=EDGE_LOOP('',(#1707,#1716,#1724,#1733,#1741,#1750,#1758,#1765));
#1767=FACE_BOUND('',#1766,.T.);
#1768=ADVANCED_FACE('',(#1073,#1143,#1557,#1627,#1697,#1767),#1003,.T.);
#1769=OVER_RIDING_STYLED_ITEM('',(#997),#1768,#26);
#1770=CARTESIAN_POINT('',(754.839848603,227.146992443,-76.137421357));
#1771=DIRECTION('',(0.,1.,0.));
#1772=DIRECTION('',(-0.,0.,-1.));
#1773=AXIS2_PLACEMENT_3D('',#1770,#1771,#1772);
#1774=PLANE('',#1773);
#1775=ORIENTED_EDGE('',*,*,#566,.F.);
#1776=CARTESIAN_POINT('',(763.839848603,227.146992443,-35.437421357));
#1777=DIRECTION('',(1.,0.,-0.));
#1778=VECTOR('',#1777,5.5);
#1779=LINE('',#1776,#1778);
#1780=EDGE_CURVE('',#1145,#553,#1779,.T.);
#1781=ORIENTED_EDGE('',*,*,#1780,.F.);
#1782=ORIENTED_EDGE('',*,*,#1554,.F.);
#1783=CARTESIAN_POINT('',(769.339848603,227.146992443,-42.651008522));
#1784=DIRECTION('',(-1.,0.,0.));
#1785=VECTOR('',#1784,5.5);
#1786=LINE('',#1783,#1785);
#1787=EDGE_CURVE('',#561,#1543,#1786,.T.);
#1788=ORIENTED_EDGE('',*,*,#1787,.F.);
#1789=EDGE_LOOP('',(#1775,#1781,#1782,#1788));
#1790=FACE_BOUND('',#1789,.T.);
#1791=ADVANCED_FACE('',(#1790),#1774,.F.);
#1792=CARTESIAN_POINT('',(763.539848603,227.346992443,-35.037421357));
#1793=DIRECTION('',(-0.,1.,-0.));
#1794=DIRECTION('',(1.,0.,0.));
#1795=AXIS2_PLACEMENT_3D('',#1792,#1793,#1794);
#1796=PLANE('',#1795);
#1797=CARTESIAN_POINT('',(801.839848603,227.346992443,-35.437421357));
#1798=VERTEX_POINT('',#1797);
#1799=CARTESIAN_POINT('',(801.839848603,227.346992443,-34.537421357));
#1800=VERTEX_POINT('',#1799);
#1801=CARTESIAN_POINT('',(801.839848603,227.346992443,-35.437421357));
#1802=DIRECTION('',(0.,0.,1.));
#1803=VECTOR('',#1802,0.9);
#1804=LINE('',#1801,#1803);
#1805=EDGE_CURVE('',#1798,#1800,#1804,.T.);
#1806=ORIENTED_EDGE('',*,*,#1805,.F.);
#1807=CARTESIAN_POINT('',(769.339848603,227.346992443,-35.437421357));
#1808=DIRECTION('',(1.,0.,-0.));
#1809=VECTOR('',#1808,32.5);
#1810=LINE('',#1807,#1809);
#1811=EDGE_CURVE('',#545,#1798,#1810,.T.);
#1812=ORIENTED_EDGE('',*,*,#1811,.F.);
#1813=ORIENTED_EDGE('',*,*,#550,.F.);
#1814=CARTESIAN_POINT('',(801.839848603,227.346992443,-34.537421357));
#1815=DIRECTION('',(-1.,-0.,0.));
#1816=VECTOR('',#1815,32.5);
#1817=LINE('',#1814,#1816);
#1818=EDGE_CURVE('',#1800,#543,#1817,.T.);
#1819=ORIENTED_EDGE('',*,*,#1818,.F.);
#1820=EDGE_LOOP('',(#1806,#1812,#1813,#1819));
#1821=FACE_BOUND('',#1820,.T.);
#1822=ADVANCED_FACE('',(#1821),#1796,.T.);
#1823=CARTESIAN_POINT('',(766.339848603,275.952572051,-122.137421357));
#1824=DIRECTION('',(0.,1.,-0.));
#1825=DIRECTION('',(0.,0.,1.));
#1826=AXIS2_PLACEMENT_3D('',#1823,#1824,#1825);
#1827=PLANE('',#1826);
#1828=ORIENTED_EDGE('',*,*,#144,.T.);
#1829=ORIENTED_EDGE('',*,*,#1261,.T.);
#1830=ORIENTED_EDGE('',*,*,#200,.T.);
#1831=CARTESIAN_POINT('',(768.470788481,275.952572051,-81.537421357));
#1832=DIRECTION('',(-0.,0.,1.));
#1833=VECTOR('',#1832,52.);
#1834=LINE('',#1831,#1833);
#1835=EDGE_CURVE('',#139,#185,#1834,.T.);
#1836=ORIENTED_EDGE('',*,*,#1835,.F.);
#1837=EDGE_LOOP('',(#1828,#1829,#1830,#1836));
#1838=FACE_BOUND('',#1837,.T.);
#1839=ADVANCED_FACE('',(#1838),#1827,.T.);
#1840=CARTESIAN_POINT('',(795.090664791,237.93544876,-55.537421357));
#1841=DIRECTION('',(0.819152044,0.573576436,-0.));
#1842=DIRECTION('',(0.,-0.,1.));
#1843=AXIS2_PLACEMENT_3D('',#1840,#1841,#1842);
#1844=PLANE('',#1843);
#1845=ORIENTED_EDGE('',*,*,#345,.T.);
#1846=ORIENTED_EDGE('',*,*,#769,.F.);
#1847=ORIENTED_EDGE('',*,*,#305,.T.);
#1848=CARTESIAN_POINT('',(785.155318542,252.124593701,-77.037421357));
#1849=DIRECTION('',(0.,0.,-1.));
#1850=VECTOR('',#1849,4.5);
#1851=LINE('',#1848,#1850);
#1852=EDGE_CURVE('',#292,#147,#1851,.T.);
#1853=ORIENTED_EDGE('',*,*,#1852,.T.);
#1854=ORIENTED_EDGE('',*,*,#152,.T.);
#1855=ORIENTED_EDGE('',*,*,#1835,.T.);
#1856=ORIENTED_EDGE('',*,*,#192,.T.);
#1857=CARTESIAN_POINT('',(784.974470586,252.382871349,-34.037421357));
#1858=DIRECTION('',(-0.,0.,1.));
#1859=VECTOR('',#1858,4.5);
#1860=LINE('',#1857,#1859);
#1861=EDGE_CURVE('',#340,#187,#1860,.T.);
#1862=ORIENTED_EDGE('',*,*,#1861,.F.);
#1863=EDGE_LOOP('',(#1845,#1846,#1847,#1853,#1854,#1855,#1856,#1862));
#1864=FACE_BOUND('',#1863,.T.);
#1865=ADVANCED_FACE('',(#1864),#1844,.T.);
#1866=CARTESIAN_POINT('',(763.739848603,217.028405278,-73.574842713));
#1867=DIRECTION('',(0.,0.,1.));
#1868=DIRECTION('',(1.,0.,-0.));
#1869=AXIS2_PLACEMENT_3D('',#1866,#1867,#1868);
#1870=PLANE('',#1869);
#1871=CARTESIAN_POINT('',(801.839848603,219.878405278,-73.574842713));
#1872=VERTEX_POINT('',#1871);
#1873=CARTESIAN_POINT('',(801.839848603,221.205532639,-73.574842713));
#1874=VERTEX_POINT('',#1873);
#1875=CARTESIAN_POINT('',(801.839848603,219.878405278,-73.574842713));
#1876=DIRECTION('',(-0.,1.,-0.));
#1877=VECTOR('',#1876,1.327127361);
#1878=LINE('',#1875,#1877);
#1879=EDGE_CURVE('',#1872,#1874,#1878,.T.);
#1880=ORIENTED_EDGE('',*,*,#1879,.F.);
#1881=CARTESIAN_POINT('',(763.839848603,219.878405278,-73.574842713));
#1882=DIRECTION('',(1.,0.,-0.));
#1883=VECTOR('',#1882,38.);
#1884=LINE('',#1881,#1883);
#1885=EDGE_CURVE('',#1353,#1872,#1884,.T.);
#1886=ORIENTED_EDGE('',*,*,#1885,.F.);
#1887=ORIENTED_EDGE('',*,*,#1358,.T.);
#1888=CARTESIAN_POINT('',(801.839848603,221.205532639,-73.574842713));
#1889=DIRECTION('',(-1.,-0.,0.));
#1890=VECTOR('',#1889,38.);
#1891=LINE('',#1888,#1890);
#1892=EDGE_CURVE('',#1874,#1345,#1891,.T.);
#1893=ORIENTED_EDGE('',*,*,#1892,.F.);
#1894=EDGE_LOOP('',(#1880,#1886,#1887,#1893));
#1895=FACE_BOUND('',#1894,.T.);
#1896=ADVANCED_FACE('',(#1895),#1870,.F.);
#1897=CARTESIAN_POINT('',(763.739848603,217.028405278,-73.574842713));
#1898=DIRECTION('',(0.,0.,1.));
#1899=DIRECTION('',(1.,0.,-0.));
#1900=AXIS2_PLACEMENT_3D('',#1897,#1898,#1899);
#1901=PLANE('',#1900);
#1902=ORIENTED_EDGE('',*,*,#1294,.T.);
#1903=CARTESIAN_POINT('',(801.839848603,214.105579608,-73.574842713));
#1904=VERTEX_POINT('',#1903);
#1905=CARTESIAN_POINT('',(763.839848603,214.105579608,-73.574842713));
#1906=DIRECTION('',(1.,0.,-0.));
#1907=VECTOR('',#1906,38.);
#1908=LINE('',#1905,#1907);
#1909=EDGE_CURVE('',#1281,#1904,#1908,.T.);
#1910=ORIENTED_EDGE('',*,*,#1909,.T.);
#1911=CARTESIAN_POINT('',(801.839848603,212.851277916,-73.574842713));
#1912=VERTEX_POINT('',#1911);
#1913=CARTESIAN_POINT('',(801.839848603,212.851277916,-73.574842713));
#1914=DIRECTION('',(-0.,1.,-0.));
#1915=VECTOR('',#1914,1.254301692);
#1916=LINE('',#1913,#1915);
#1917=EDGE_CURVE('',#1912,#1904,#1916,.T.);
#1918=ORIENTED_EDGE('',*,*,#1917,.F.);
#1919=CARTESIAN_POINT('',(763.839848603,212.851277916,-73.574842713));
#1920=DIRECTION('',(1.,0.,-0.));
#1921=VECTOR('',#1920,38.);
#1922=LINE('',#1919,#1921);
#1923=EDGE_CURVE('',#1289,#1912,#1922,.T.);
#1924=ORIENTED_EDGE('',*,*,#1923,.F.);
#1925=EDGE_LOOP('',(#1902,#1910,#1918,#1924));
#1926=FACE_BOUND('',#1925,.T.);
#1927=ADVANCED_FACE('',(#1926),#1901,.F.);
#1928=CARTESIAN_POINT('',(763.739848603,212.451277916,-72.524842713));
#1929=DIRECTION('',(-0.,1.,-0.));
#1930=DIRECTION('',(-1.,-0.,0.));
#1931=AXIS2_PLACEMENT_3D('',#1928,#1929,#1930);
#1932=PLANE('',#1931);
#1933=CARTESIAN_POINT('',(801.839848603,212.451277916,-71.474842713));
#1934=VERTEX_POINT('',#1933);
#1935=CARTESIAN_POINT('',(801.839848603,212.451277916,-73.174842713));
#1936=VERTEX_POINT('',#1935);
#1937=CARTESIAN_POINT('',(801.839848603,212.451277916,-71.474842713));
#1938=DIRECTION('',(-0.,-0.,-1.));
#1939=VECTOR('',#1938,1.7);
#1940=LINE('',#1937,#1939);
#1941=EDGE_CURVE('',#1934,#1936,#1940,.T.);
#1942=ORIENTED_EDGE('',*,*,#1941,.F.);
#1943=CARTESIAN_POINT('',(763.839848603,212.451277916,-71.474842713));
#1944=DIRECTION('',(1.,0.,-0.));
#1945=VECTOR('',#1944,38.);
#1946=LINE('',#1943,#1945);
#1947=EDGE_CURVE('',#1305,#1934,#1946,.T.);
#1948=ORIENTED_EDGE('',*,*,#1947,.F.);
#1949=ORIENTED_EDGE('',*,*,#1310,.T.);
#1950=CARTESIAN_POINT('',(801.839848603,212.451277916,-73.174842713));
#1951=DIRECTION('',(-1.,-0.,0.));
#1952=VECTOR('',#1951,38.);
#1953=LINE('',#1950,#1952);
#1954=EDGE_CURVE('',#1936,#1297,#1953,.T.);
#1955=ORIENTED_EDGE('',*,*,#1954,.F.);
#1956=EDGE_LOOP('',(#1942,#1948,#1949,#1955));
#1957=FACE_BOUND('',#1956,.T.);
#1958=ADVANCED_FACE('',(#1957),#1932,.F.);
#1959=CARTESIAN_POINT('',(763.739848603,213.289841597,-70.649842713));
#1960=DIRECTION('',(0.,-0.701318154,0.712848403));
#1961=DIRECTION('',(0.,-0.712848403,-0.701318154));
#1962=AXIS2_PLACEMENT_3D('',#1959,#1960,#1961);
#1963=PLANE('',#1962);
#1964=CARTESIAN_POINT('',(801.839848603,214.128405278,-69.824842713));
#1965=VERTEX_POINT('',#1964);
#1966=CARTESIAN_POINT('',(801.839848603,212.451277916,-71.474842713));
#1967=DIRECTION('',(-0.,0.712848403,0.701318154));
#1968=VECTOR('',#1967,2.352712517);
#1969=LINE('',#1966,#1968);
#1970=EDGE_CURVE('',#1934,#1965,#1969,.T.);
#1971=ORIENTED_EDGE('',*,*,#1970,.T.);
#1972=CARTESIAN_POINT('',(763.839848603,214.128405278,-69.824842713));
#1973=DIRECTION('',(1.,0.,-0.));
#1974=VECTOR('',#1973,38.);
#1975=LINE('',#1972,#1974);
#1976=EDGE_CURVE('',#1313,#1965,#1975,.T.);
#1977=ORIENTED_EDGE('',*,*,#1976,.F.);
#1978=ORIENTED_EDGE('',*,*,#1318,.F.);
#1979=ORIENTED_EDGE('',*,*,#1947,.T.);
#1980=EDGE_LOOP('',(#1971,#1977,#1978,#1979));
#1981=FACE_BOUND('',#1980,.T.);
#1982=ADVANCED_FACE('',(#1981),#1963,.T.);
#1983=CARTESIAN_POINT('',(763.739848603,217.028405278,-69.824842713));
#1984=DIRECTION('',(-0.,-0.,-1.));
#1985=DIRECTION('',(-1.,-0.,0.));
#1986=AXIS2_PLACEMENT_3D('',#1983,#1984,#1985);
#1987=PLANE('',#1986);
#1988=CARTESIAN_POINT('',(801.839848603,219.928405278,-69.824842713));
#1989=VERTEX_POINT('',#1988);
#1990=CARTESIAN_POINT('',(801.839848603,219.928405278,-69.824842713));
#1991=DIRECTION('',(0.,-1.,0.));
#1992=VECTOR('',#1991,5.8);
#1993=LINE('',#1990,#1992);
#1994=EDGE_CURVE('',#1989,#1965,#1993,.T.);
#1995=ORIENTED_EDGE('',*,*,#1994,.F.);
#1996=CARTESIAN_POINT('',(763.839848603,219.928405278,-69.824842713));
#1997=DIRECTION('',(1.,0.,-0.));
#1998=VECTOR('',#1997,38.);
#1999=LINE('',#1996,#1998);
#2000=EDGE_CURVE('',#1321,#1989,#1999,.T.);
#2001=ORIENTED_EDGE('',*,*,#2000,.F.);
#2002=ORIENTED_EDGE('',*,*,#1326,.T.);
#2003=ORIENTED_EDGE('',*,*,#1976,.T.);
#2004=EDGE_LOOP('',(#1995,#2001,#2002,#2003));
#2005=FACE_BOUND('',#2004,.T.);
#2006=ADVANCED_FACE('',(#2005),#1987,.F.);
#2007=CARTESIAN_POINT('',(763.739848603,220.766968958,-70.649842713));
#2008=DIRECTION('',(-0.,0.701318154,0.712848403));
#2009=DIRECTION('',(0.,-0.712848403,0.701318154));
#2010=AXIS2_PLACEMENT_3D('',#2007,#2008,#2009);
#2011=PLANE('',#2010);
#2012=CARTESIAN_POINT('',(801.839848603,221.605532639,-71.474842713));
#2013=VERTEX_POINT('',#2012);
#2014=CARTESIAN_POINT('',(801.839848603,219.928405278,-69.824842713));
#2015=DIRECTION('',(-0.,0.712848403,-0.701318154));
#2016=VECTOR('',#2015,2.352712517);
#2017=LINE('',#2014,#2016);
#2018=EDGE_CURVE('',#1989,#2013,#2017,.T.);
#2019=ORIENTED_EDGE('',*,*,#2018,.T.);
#2020=CARTESIAN_POINT('',(763.839848603,221.605532639,-71.474842713));
#2021=DIRECTION('',(1.,0.,-0.));
#2022=VECTOR('',#2021,38.);
#2023=LINE('',#2020,#2022);
#2024=EDGE_CURVE('',#1329,#2013,#2023,.T.);
#2025=ORIENTED_EDGE('',*,*,#2024,.F.);
#2026=ORIENTED_EDGE('',*,*,#1334,.F.);
#2027=ORIENTED_EDGE('',*,*,#2000,.T.);
#2028=EDGE_LOOP('',(#2019,#2025,#2026,#2027));
#2029=FACE_BOUND('',#2028,.T.);
#2030=ADVANCED_FACE('',(#2029),#2011,.T.);
#2031=CARTESIAN_POINT('',(763.739848603,221.605532639,-72.524842713));
#2032=DIRECTION('',(0.,-1.,0.));
#2033=DIRECTION('',(1.,0.,-0.));
#2034=AXIS2_PLACEMENT_3D('',#2031,#2032,#2033);
#2035=PLANE('',#2034);
#2036=ORIENTED_EDGE('',*,*,#1342,.T.);
#2037=ORIENTED_EDGE('',*,*,#2024,.T.);
#2038=CARTESIAN_POINT('',(801.839848603,221.605532639,-73.174842713));
#2039=VERTEX_POINT('',#2038);
#2040=CARTESIAN_POINT('',(801.839848603,221.605532639,-73.174842713));
#2041=DIRECTION('',(0.,0.,1.));
#2042=VECTOR('',#2041,1.7);
#2043=LINE('',#2040,#2042);
#2044=EDGE_CURVE('',#2039,#2013,#2043,.T.);
#2045=ORIENTED_EDGE('',*,*,#2044,.F.);
#2046=CARTESIAN_POINT('',(763.839848603,221.605532639,-73.174842713));
#2047=DIRECTION('',(1.,0.,-0.));
#2048=VECTOR('',#2047,38.);
#2049=LINE('',#2046,#2048);
#2050=EDGE_CURVE('',#1337,#2039,#2049,.T.);
#2051=ORIENTED_EDGE('',*,*,#2050,.F.);
#2052=EDGE_LOOP('',(#2036,#2037,#2045,#2051));
#2053=FACE_BOUND('',#2052,.T.);
#2054=ADVANCED_FACE('',(#2053),#2035,.F.);
#2055=CARTESIAN_POINT('',(801.839848603,434.178405278,-111.074842713));
#2056=DIRECTION('',(1.,0.,-0.));
#2057=DIRECTION('',(-0.,1.,-0.));
#2058=AXIS2_PLACEMENT_3D('',#2055,#2056,#2057);
#2059=PLANE('',#2058);
#2060=CARTESIAN_POINT('',(801.839848603,219.878405278,-75.637421357));
#2061=VERTEX_POINT('',#2060);
#2062=CARTESIAN_POINT('',(801.839848603,227.346992443,-75.637421357));
#2063=VERTEX_POINT('',#2062);
#2064=CARTESIAN_POINT('',(801.839848603,219.878405278,-75.637421357));
#2065=DIRECTION('',(-0.,1.,0.));
#2066=VECTOR('',#2065,7.468587165);
#2067=LINE('',#2064,#2066);
#2068=EDGE_CURVE('',#2061,#2063,#2067,.T.);
#2069=ORIENTED_EDGE('',*,*,#2068,.F.);
#2070=CARTESIAN_POINT('',(801.839848603,219.878405278,-75.637421357));
#2071=DIRECTION('',(0.,0.,1.));
#2072=VECTOR('',#2071,2.062578644);
#2073=LINE('',#2070,#2072);
#2074=EDGE_CURVE('',#2061,#1872,#2073,.T.);
#2075=ORIENTED_EDGE('',*,*,#2074,.T.);
#2076=ORIENTED_EDGE('',*,*,#1879,.T.);
#2077=CARTESIAN_POINT('',(801.839848603,221.605532639,-73.174842713));
#2078=DIRECTION('',(0.,-0.707106781,-0.707106781));
#2079=VECTOR('',#2078,0.565685425);
#2080=LINE('',#2077,#2079);
#2081=EDGE_CURVE('',#2039,#1874,#2080,.T.);
#2082=ORIENTED_EDGE('',*,*,#2081,.F.);
#2083=ORIENTED_EDGE('',*,*,#2044,.T.);
#2084=ORIENTED_EDGE('',*,*,#2018,.F.);
#2085=ORIENTED_EDGE('',*,*,#1994,.T.);
#2086=ORIENTED_EDGE('',*,*,#1970,.F.);
#2087=ORIENTED_EDGE('',*,*,#1941,.T.);
#2088=CARTESIAN_POINT('',(801.839848603,212.851277916,-73.574842713));
#2089=DIRECTION('',(0.,-0.707106781,0.707106781));
#2090=VECTOR('',#2089,0.565685425);
#2091=LINE('',#2088,#2090);
#2092=EDGE_CURVE('',#1912,#1936,#2091,.T.);
#2093=ORIENTED_EDGE('',*,*,#2092,.F.);
#2094=ORIENTED_EDGE('',*,*,#1917,.T.);
#2095=CARTESIAN_POINT('',(801.839848603,214.105579608,-75.637421357));
#2096=VERTEX_POINT('',#2095);
#2097=CARTESIAN_POINT('',(801.839848603,214.105579608,-73.574842713));
#2098=DIRECTION('',(-0.,-0.,-1.));
#2099=VECTOR('',#2098,2.062578644);
#2100=LINE('',#2097,#2099);
#2101=EDGE_CURVE('',#1904,#2096,#2100,.T.);
#2102=ORIENTED_EDGE('',*,*,#2101,.T.);
#2103=CARTESIAN_POINT('',(801.839848603,207.341412835,-75.637421357));
#2104=VERTEX_POINT('',#2103);
#2105=CARTESIAN_POINT('',(801.839848603,207.341412835,-75.637421357));
#2106=DIRECTION('',(-0.,1.,0.));
#2107=VECTOR('',#2106,6.764166774);
#2108=LINE('',#2105,#2107);
#2109=EDGE_CURVE('',#2104,#2096,#2108,.T.);
#2110=ORIENTED_EDGE('',*,*,#2109,.F.);
#2111=CARTESIAN_POINT('',(801.839848603,207.341412835,-75.637421357));
#2112=DIRECTION('',(-0.,-0.,-1.));
#2113=VECTOR('',#2112,5.9);
#2114=LINE('',#2111,#2113);
#2115=EDGE_CURVE('',#2104,#113,#2114,.T.);
#2116=ORIENTED_EDGE('',*,*,#2115,.T.);
#2117=ORIENTED_EDGE('',*,*,#120,.T.);
#2118=CARTESIAN_POINT('',(801.839848603,228.296615351,-77.037421357));
#2119=DIRECTION('',(-0.,0.,-1.));
#2120=VECTOR('',#2119,4.5);
#2121=LINE('',#2118,#2120);
#2122=EDGE_CURVE('',#268,#115,#2121,.T.);
#2123=ORIENTED_EDGE('',*,*,#2122,.F.);
#2124=ORIENTED_EDGE('',*,*,#273,.F.);
#2125=CARTESIAN_POINT('',(801.839848603,227.346992443,-76.537421357));
#2126=VERTEX_POINT('',#2125);
#2127=CARTESIAN_POINT('',(801.839848603,227.346992443,-76.537421357));
#2128=DIRECTION('',(-0.,0.707106781,-0.707106781));
#2129=VECTOR('',#2128,0.707106781);
#2130=LINE('',#2127,#2129);
#2131=EDGE_CURVE('',#2126,#266,#2130,.T.);
#2132=ORIENTED_EDGE('',*,*,#2131,.F.);
#2133=CARTESIAN_POINT('',(801.839848603,227.346992443,-75.637421357));
#2134=DIRECTION('',(-0.,-0.,-1.));
#2135=VECTOR('',#2134,0.9);
#2136=LINE('',#2133,#2135);
#2137=EDGE_CURVE('',#2063,#2126,#2136,.T.);
#2138=ORIENTED_EDGE('',*,*,#2137,.F.);
#2139=EDGE_LOOP('',(#2069,#2075,#2076,#2082,#2083,#2084,#2085,#2086,#2087,#2093,#2094,#2102,#2110,#2116,#2117,#2123,#2124,#2132,#2138));
#2140=FACE_BOUND('',#2139,.T.);
#2141=ADVANCED_FACE('',(#2140),#2059,.T.);
#2142=CARTESIAN_POINT('',(760.839848603,214.105579608,-37.492834773));
#2143=DIRECTION('',(-0.,1.,0.));
#2144=DIRECTION('',(1.,0.,0.));
#2145=AXIS2_PLACEMENT_3D('',#2142,#2143,#2144);
#2146=PLANE('',#2145);
#2147=ORIENTED_EDGE('',*,*,#1286,.T.);
#2148=CARTESIAN_POINT('',(763.839848603,214.105579608,-75.637421357));
#2149=DIRECTION('',(1.,0.,-0.));
#2150=VECTOR('',#2149,38.);
#2151=LINE('',#2148,#2150);
#2152=EDGE_CURVE('',#1273,#2096,#2151,.T.);
#2153=ORIENTED_EDGE('',*,*,#2152,.T.);
#2154=ORIENTED_EDGE('',*,*,#2101,.F.);
#2155=ORIENTED_EDGE('',*,*,#1909,.F.);
#2156=EDGE_LOOP('',(#2147,#2153,#2154,#2155));
#2157=FACE_BOUND('',#2156,.T.);
#2158=ADVANCED_FACE('',(#2157),#2146,.F.);
#2159=CARTESIAN_POINT('',(760.839848603,214.105579608,-37.492834773));
#2160=DIRECTION('',(-0.,1.,0.));
#2161=DIRECTION('',(1.,0.,0.));
#2162=AXIS2_PLACEMENT_3D('',#2159,#2160,#2161);
#2163=PLANE('',#2162);
#2164=CARTESIAN_POINT('',(801.839848603,214.105579608,-37.5));
#2165=VERTEX_POINT('',#2164);
#2166=CARTESIAN_POINT('',(763.839848603,214.105579608,-37.5));
#2167=DIRECTION('',(1.,0.,-0.));
#2168=VECTOR('',#2167,38.);
#2169=LINE('',#2166,#2168);
#2170=EDGE_CURVE('',#1227,#2165,#2169,.T.);
#2171=ORIENTED_EDGE('',*,*,#2170,.T.);
#2172=CARTESIAN_POINT('',(801.839848603,214.105579608,-35.437421357));
#2173=VERTEX_POINT('',#2172);
#2174=CARTESIAN_POINT('',(801.839848603,214.105579608,-35.437421357));
#2175=DIRECTION('',(-0.,-0.,-1.));
#2176=VECTOR('',#2175,2.062578644);
#2177=LINE('',#2174,#2176);
#2178=EDGE_CURVE('',#2173,#2165,#2177,.T.);
#2179=ORIENTED_EDGE('',*,*,#2178,.F.);
#2180=CARTESIAN_POINT('',(763.839848603,214.105579608,-35.437421357));
#2181=DIRECTION('',(1.,0.,-0.));
#2182=VECTOR('',#2181,38.);
#2183=LINE('',#2180,#2182);
#2184=EDGE_CURVE('',#1235,#2173,#2183,.T.);
#2185=ORIENTED_EDGE('',*,*,#2184,.F.);
#2186=ORIENTED_EDGE('',*,*,#1240,.T.);
#2187=EDGE_LOOP('',(#2171,#2179,#2185,#2186));
#2188=FACE_BOUND('',#2187,.T.);
#2189=ADVANCED_FACE('',(#2188),#2163,.F.);
#2190=CARTESIAN_POINT('',(760.839848603,219.878405278,-37.492834773));
#2191=DIRECTION('',(0.,-1.,0.));
#2192=DIRECTION('',(-1.,-0.,0.));
#2193=AXIS2_PLACEMENT_3D('',#2190,#2191,#2192);
#2194=PLANE('',#2193);
#2195=ORIENTED_EDGE('',*,*,#1885,.T.);
#2196=ORIENTED_EDGE('',*,*,#2074,.F.);
#2197=CARTESIAN_POINT('',(763.839848603,219.878405278,-75.637421357));
#2198=DIRECTION('',(1.,0.,-0.));
#2199=VECTOR('',#2198,38.);
#2200=LINE('',#2197,#2199);
#2201=EDGE_CURVE('',#1361,#2061,#2200,.T.);
#2202=ORIENTED_EDGE('',*,*,#2201,.F.);
#2203=ORIENTED_EDGE('',*,*,#1366,.T.);
#2204=EDGE_LOOP('',(#2195,#2196,#2202,#2203));
#2205=FACE_BOUND('',#2204,.T.);
#2206=ADVANCED_FACE('',(#2205),#2194,.F.);
#2207=CARTESIAN_POINT('',(763.539848603,217.346992443,-75.637421357));
#2208=DIRECTION('',(0.,0.,1.));
#2209=DIRECTION('',(-1.,0.,0.));
#2210=AXIS2_PLACEMENT_3D('',#2207,#2208,#2209);
#2211=PLANE('',#2210);
#2212=ORIENTED_EDGE('',*,*,#1372,.F.);
#2213=ORIENTED_EDGE('',*,*,#2201,.T.);
#2214=ORIENTED_EDGE('',*,*,#2068,.T.);
#2215=CARTESIAN_POINT('',(769.339848603,227.346992443,-75.637421357));
#2216=DIRECTION('',(1.,0.,-0.));
#2217=VECTOR('',#2216,32.5);
#2218=LINE('',#2215,#2217);
#2219=EDGE_CURVE('',#743,#2063,#2218,.T.);
#2220=ORIENTED_EDGE('',*,*,#2219,.F.);
#2221=ORIENTED_EDGE('',*,*,#748,.T.);
#2222=ORIENTED_EDGE('',*,*,#96,.F.);
#2223=EDGE_LOOP('',(#2212,#2213,#2214,#2220,#2221,#2222));
#2224=FACE_BOUND('',#2223,.T.);
#2225=ADVANCED_FACE('',(#2224),#2211,.T.);
#2226=CARTESIAN_POINT('',(763.539848603,217.346992443,-35.437421357));
#2227=DIRECTION('',(-0.,0.,-1.));
#2228=DIRECTION('',(1.,0.,-0.));
#2229=AXIS2_PLACEMENT_3D('',#2226,#2227,#2228);
#2230=PLANE('',#2229);
#2231=CARTESIAN_POINT('',(801.839848603,219.878405278,-35.437421357));
#2232=VERTEX_POINT('',#2231);
#2233=CARTESIAN_POINT('',(801.839848603,227.346992443,-35.437421357));
#2234=DIRECTION('',(0.,-1.,-0.));
#2235=VECTOR('',#2234,7.468587165);
#2236=LINE('',#2233,#2235);
#2237=EDGE_CURVE('',#1798,#2232,#2236,.T.);
#2238=ORIENTED_EDGE('',*,*,#2237,.T.);
#2239=CARTESIAN_POINT('',(763.839848603,219.878405278,-35.437421357));
#2240=DIRECTION('',(1.,0.,-0.));
#2241=VECTOR('',#2240,38.);
#2242=LINE('',#2239,#2241);
#2243=EDGE_CURVE('',#1147,#2232,#2242,.T.);
#2244=ORIENTED_EDGE('',*,*,#2243,.F.);
#2245=ORIENTED_EDGE('',*,*,#1152,.F.);
#2246=ORIENTED_EDGE('',*,*,#1780,.T.);
#2247=ORIENTED_EDGE('',*,*,#558,.F.);
#2248=ORIENTED_EDGE('',*,*,#1811,.T.);
#2249=EDGE_LOOP('',(#2238,#2244,#2245,#2246,#2247,#2248));
#2250=FACE_BOUND('',#2249,.T.);
#2251=ADVANCED_FACE('',(#2250),#2230,.T.);
#2252=CARTESIAN_POINT('',(800.544848603,207.341412835,-79.337421357));
#2253=DIRECTION('',(-0.,-1.,0.));
#2254=DIRECTION('',(-1.,0.,-0.));
#2255=AXIS2_PLACEMENT_3D('',#2252,#2253,#2254);
#2256=PLANE('',#2255);
#2257=CARTESIAN_POINT('',(763.839848603,207.341412835,-75.637421357));
#2258=DIRECTION('',(1.,-0.,-0.));
#2259=VECTOR('',#2258,38.);
#2260=LINE('',#2257,#2259);
#2261=EDGE_CURVE('',#1265,#2104,#2260,.T.);
#2262=ORIENTED_EDGE('',*,*,#2261,.F.);
#2263=ORIENTED_EDGE('',*,*,#1270,.F.);
#2264=ORIENTED_EDGE('',*,*,#128,.T.);
#2265=ORIENTED_EDGE('',*,*,#2115,.F.);
#2266=EDGE_LOOP('',(#2262,#2263,#2264,#2265));
#2267=FACE_BOUND('',#2266,.T.);
#2268=ADVANCED_FACE('',(#2267),#2256,.T.);
#2269=CARTESIAN_POINT('',(763.539848603,217.346992443,-75.637421357));
#2270=DIRECTION('',(0.,0.,1.));
#2271=DIRECTION('',(-1.,0.,0.));
#2272=AXIS2_PLACEMENT_3D('',#2269,#2270,#2271);
#2273=PLANE('',#2272);
#2274=ORIENTED_EDGE('',*,*,#2109,.T.);
#2275=ORIENTED_EDGE('',*,*,#2152,.F.);
#2276=ORIENTED_EDGE('',*,*,#1278,.F.);
#2277=ORIENTED_EDGE('',*,*,#2261,.T.);
#2278=EDGE_LOOP('',(#2274,#2275,#2276,#2277));
#2279=FACE_BOUND('',#2278,.T.);
#2280=ADVANCED_FACE('',(#2279),#2273,.T.);
#2281=CARTESIAN_POINT('',(763.539848603,227.346992443,-76.037421357));
#2282=DIRECTION('',(-0.,1.,-0.));
#2283=DIRECTION('',(1.,0.,0.));
#2284=AXIS2_PLACEMENT_3D('',#2281,#2282,#2283);
#2285=PLANE('',#2284);
#2286=ORIENTED_EDGE('',*,*,#756,.T.);
#2287=ORIENTED_EDGE('',*,*,#2219,.T.);
#2288=ORIENTED_EDGE('',*,*,#2137,.T.);
#2289=CARTESIAN_POINT('',(769.339848603,227.346992443,-76.537421357));
#2290=DIRECTION('',(1.,0.,0.));
#2291=VECTOR('',#2290,32.5);
#2292=LINE('',#2289,#2291);
#2293=EDGE_CURVE('',#751,#2126,#2292,.T.);
#2294=ORIENTED_EDGE('',*,*,#2293,.F.);
#2295=EDGE_LOOP('',(#2286,#2287,#2288,#2294));
#2296=FACE_BOUND('',#2295,.T.);
#2297=ADVANCED_FACE('',(#2296),#2285,.T.);
#2298=CARTESIAN_POINT('',(801.839848603,247.784397458,-55.537421357));
#2299=DIRECTION('',(-1.,-0.,0.));
#2300=DIRECTION('',(0.,-1.,0.));
#2301=AXIS2_PLACEMENT_3D('',#2298,#2299,#2300);
#2302=PLANE('',#2301);
#2303=ORIENTED_EDGE('',*,*,#224,.F.);
#2304=CARTESIAN_POINT('',(801.839848603,207.346992443,-35.437421357));
#2305=VERTEX_POINT('',#2304);
#2306=CARTESIAN_POINT('',(801.839848603,207.346992443,-35.437421357));
#2307=DIRECTION('',(0.,0.,1.));
#2308=VECTOR('',#2307,5.9);
#2309=LINE('',#2306,#2308);
#2310=EDGE_CURVE('',#2305,#211,#2309,.T.);
#2311=ORIENTED_EDGE('',*,*,#2310,.F.);
#2312=CARTESIAN_POINT('',(801.839848603,214.105579608,-35.437421357));
#2313=DIRECTION('',(0.,-1.,-0.));
#2314=VECTOR('',#2313,6.758587165);
#2315=LINE('',#2312,#2314);
#2316=EDGE_CURVE('',#2173,#2305,#2315,.T.);
#2317=ORIENTED_EDGE('',*,*,#2316,.F.);
#2318=ORIENTED_EDGE('',*,*,#2178,.T.);
#2319=CARTESIAN_POINT('',(801.839848603,212.778452247,-37.5));
#2320=VERTEX_POINT('',#2319);
#2321=CARTESIAN_POINT('',(801.839848603,214.105579608,-37.5));
#2322=DIRECTION('',(0.,-1.,-0.));
#2323=VECTOR('',#2322,1.327127361);
#2324=LINE('',#2321,#2323);
#2325=EDGE_CURVE('',#2165,#2320,#2324,.T.);
#2326=ORIENTED_EDGE('',*,*,#2325,.T.);
#2327=CARTESIAN_POINT('',(801.839848603,212.378452247,-37.9));
#2328=VERTEX_POINT('',#2327);
#2329=CARTESIAN_POINT('',(801.839848603,212.378452247,-37.9));
#2330=DIRECTION('',(-0.,0.707106781,0.707106781));
#2331=VECTOR('',#2330,0.565685425);
#2332=LINE('',#2329,#2331);
#2333=EDGE_CURVE('',#2328,#2320,#2332,.T.);
#2334=ORIENTED_EDGE('',*,*,#2333,.F.);
#2335=CARTESIAN_POINT('',(801.839848603,212.378452247,-39.6));
#2336=VERTEX_POINT('',#2335);
#2337=CARTESIAN_POINT('',(801.839848603,212.378452247,-37.9));
#2338=DIRECTION('',(-0.,-0.,-1.));
#2339=VECTOR('',#2338,1.7);
#2340=LINE('',#2337,#2339);
#2341=EDGE_CURVE('',#2328,#2336,#2340,.T.);
#2342=ORIENTED_EDGE('',*,*,#2341,.T.);
#2343=CARTESIAN_POINT('',(801.839848603,214.055579608,-41.25));
#2344=VERTEX_POINT('',#2343);
#2345=CARTESIAN_POINT('',(801.839848603,214.055579608,-41.25));
#2346=DIRECTION('',(0.,-0.712848403,0.701318154));
#2347=VECTOR('',#2346,2.352712517);
#2348=LINE('',#2345,#2347);
#2349=EDGE_CURVE('',#2344,#2336,#2348,.T.);
#2350=ORIENTED_EDGE('',*,*,#2349,.F.);
#2351=CARTESIAN_POINT('',(801.839848603,219.855579608,-41.25));
#2352=VERTEX_POINT('',#2351);
#2353=CARTESIAN_POINT('',(801.839848603,214.055579608,-41.25));
#2354=DIRECTION('',(-0.,1.,0.));
#2355=VECTOR('',#2354,5.8);
#2356=LINE('',#2353,#2355);
#2357=EDGE_CURVE('',#2344,#2352,#2356,.T.);
#2358=ORIENTED_EDGE('',*,*,#2357,.T.);
#2359=CARTESIAN_POINT('',(801.839848603,221.53270697,-39.6));
#2360=VERTEX_POINT('',#2359);
#2361=CARTESIAN_POINT('',(801.839848603,221.53270697,-39.6));
#2362=DIRECTION('',(0.,-0.712848403,-0.701318154));
#2363=VECTOR('',#2362,2.352712517);
#2364=LINE('',#2361,#2363);
#2365=EDGE_CURVE('',#2360,#2352,#2364,.T.);
#2366=ORIENTED_EDGE('',*,*,#2365,.F.);
#2367=CARTESIAN_POINT('',(801.839848603,221.53270697,-37.9));
#2368=VERTEX_POINT('',#2367);
#2369=CARTESIAN_POINT('',(801.839848603,221.53270697,-39.6));
#2370=DIRECTION('',(0.,0.,1.));
#2371=VECTOR('',#2370,1.7);
#2372=LINE('',#2369,#2371);
#2373=EDGE_CURVE('',#2360,#2368,#2372,.T.);
#2374=ORIENTED_EDGE('',*,*,#2373,.T.);
#2375=CARTESIAN_POINT('',(801.839848603,221.13270697,-37.5));
#2376=VERTEX_POINT('',#2375);
#2377=CARTESIAN_POINT('',(801.839848603,221.13270697,-37.5));
#2378=DIRECTION('',(-0.,0.707106781,-0.707106781));
#2379=VECTOR('',#2378,0.565685425);
#2380=LINE('',#2377,#2379);
#2381=EDGE_CURVE('',#2376,#2368,#2380,.T.);
#2382=ORIENTED_EDGE('',*,*,#2381,.F.);
#2383=CARTESIAN_POINT('',(801.839848603,219.878405278,-37.5));
#2384=VERTEX_POINT('',#2383);
#2385=CARTESIAN_POINT('',(801.839848603,221.13270697,-37.5));
#2386=DIRECTION('',(0.,-1.,-0.));
#2387=VECTOR('',#2386,1.254301692);
#2388=LINE('',#2385,#2387);
#2389=EDGE_CURVE('',#2376,#2384,#2388,.T.);
#2390=ORIENTED_EDGE('',*,*,#2389,.T.);
#2391=CARTESIAN_POINT('',(801.839848603,219.878405278,-37.5));
#2392=DIRECTION('',(0.,0.,1.));
#2393=VECTOR('',#2392,2.062578644);
#2394=LINE('',#2391,#2393);
#2395=EDGE_CURVE('',#2384,#2232,#2394,.T.);
#2396=ORIENTED_EDGE('',*,*,#2395,.T.);
#2397=ORIENTED_EDGE('',*,*,#2237,.F.);
#2398=ORIENTED_EDGE('',*,*,#1805,.T.);
#2399=CARTESIAN_POINT('',(801.839848603,227.846992443,-34.037421357));
#2400=DIRECTION('',(0.,-0.707106781,-0.707106781));
#2401=VECTOR('',#2400,0.707106781);
#2402=LINE('',#2399,#2401);
#2403=EDGE_CURVE('',#381,#1800,#2402,.T.);
#2404=ORIENTED_EDGE('',*,*,#2403,.F.);
#2405=ORIENTED_EDGE('',*,*,#386,.F.);
#2406=CARTESIAN_POINT('',(801.839848603,228.296615351,-34.037421357));
#2407=DIRECTION('',(0.,-0.,1.));
#2408=VECTOR('',#2407,4.5);
#2409=LINE('',#2406,#2408);
#2410=EDGE_CURVE('',#373,#219,#2409,.T.);
#2411=ORIENTED_EDGE('',*,*,#2410,.T.);
#2412=EDGE_LOOP('',(#2303,#2311,#2317,#2318,#2326,#2334,#2342,#2350,#2358,#2366,#2374,#2382,#2390,#2396,#2397,#2398,#2404,#2405,#2411));
#2413=FACE_BOUND('',#2412,.T.);
#2414=ADVANCED_FACE('',(#2413),#2302,.F.);
#2415=CARTESIAN_POINT('',(763.539848603,207.346992443,-35.037421357));
#2416=DIRECTION('',(0.,-1.,0.));
#2417=DIRECTION('',(-1.,-0.,0.));
#2418=AXIS2_PLACEMENT_3D('',#2415,#2416,#2417);
#2419=PLANE('',#2418);
#2420=ORIENTED_EDGE('',*,*,#216,.F.);
#2421=ORIENTED_EDGE('',*,*,#1254,.T.);
#2422=CARTESIAN_POINT('',(763.839848603,207.346992443,-35.437421357));
#2423=DIRECTION('',(1.,0.,-0.));
#2424=VECTOR('',#2423,38.);
#2425=LINE('',#2422,#2424);
#2426=EDGE_CURVE('',#1243,#2305,#2425,.T.);
#2427=ORIENTED_EDGE('',*,*,#2426,.T.);
#2428=ORIENTED_EDGE('',*,*,#2310,.T.);
#2429=EDGE_LOOP('',(#2420,#2421,#2427,#2428));
#2430=FACE_BOUND('',#2429,.T.);
#2431=ADVANCED_FACE('',(#2430),#2419,.T.);
#2432=CARTESIAN_POINT('',(763.539848603,217.346992443,-35.437421357));
#2433=DIRECTION('',(-0.,0.,-1.));
#2434=DIRECTION('',(1.,0.,-0.));
#2435=AXIS2_PLACEMENT_3D('',#2432,#2433,#2434);
#2436=PLANE('',#2435);
#2437=ORIENTED_EDGE('',*,*,#2426,.F.);
#2438=ORIENTED_EDGE('',*,*,#1248,.F.);
#2439=ORIENTED_EDGE('',*,*,#2184,.T.);
#2440=ORIENTED_EDGE('',*,*,#2316,.T.);
#2441=EDGE_LOOP('',(#2437,#2438,#2439,#2440));
#2442=FACE_BOUND('',#2441,.T.);
#2443=ADVANCED_FACE('',(#2442),#2436,.T.);
#2444=CARTESIAN_POINT('',(760.839848603,219.878405278,-37.492834773));
#2445=DIRECTION('',(0.,-1.,0.));
#2446=DIRECTION('',(-1.,-0.,0.));
#2447=AXIS2_PLACEMENT_3D('',#2444,#2445,#2446);
#2448=PLANE('',#2447);
#2449=ORIENTED_EDGE('',*,*,#1160,.T.);
#2450=ORIENTED_EDGE('',*,*,#2243,.T.);
#2451=ORIENTED_EDGE('',*,*,#2395,.F.);
#2452=CARTESIAN_POINT('',(763.839848603,219.878405278,-37.5));
#2453=DIRECTION('',(1.,0.,-0.));
#2454=VECTOR('',#2453,38.);
#2455=LINE('',#2452,#2454);
#2456=EDGE_CURVE('',#1155,#2384,#2455,.T.);
#2457=ORIENTED_EDGE('',*,*,#2456,.F.);
#2458=EDGE_LOOP('',(#2449,#2450,#2451,#2457));
#2459=FACE_BOUND('',#2458,.T.);
#2460=ADVANCED_FACE('',(#2459),#2448,.F.);
#2461=CARTESIAN_POINT('',(763.739848603,216.955579608,-37.5));
#2462=DIRECTION('',(-0.,0.,-1.));
#2463=DIRECTION('',(1.,0.,-0.));
#2464=AXIS2_PLACEMENT_3D('',#2461,#2462,#2463);
#2465=PLANE('',#2464);
#2466=ORIENTED_EDGE('',*,*,#2325,.F.);
#2467=ORIENTED_EDGE('',*,*,#2170,.F.);
#2468=ORIENTED_EDGE('',*,*,#1232,.T.);
#2469=CARTESIAN_POINT('',(801.839848603,212.778452247,-37.5));
#2470=DIRECTION('',(-1.,-0.,0.));
#2471=VECTOR('',#2470,38.);
#2472=LINE('',#2469,#2471);
#2473=EDGE_CURVE('',#2320,#1219,#2472,.T.);
#2474=ORIENTED_EDGE('',*,*,#2473,.F.);
#2475=EDGE_LOOP('',(#2466,#2467,#2468,#2474));
#2476=FACE_BOUND('',#2475,.T.);
#2477=ADVANCED_FACE('',(#2476),#2465,.F.);
#2478=CARTESIAN_POINT('',(763.739848603,216.955579608,-37.5));
#2479=DIRECTION('',(-0.,0.,-1.));
#2480=DIRECTION('',(1.,0.,-0.));
#2481=AXIS2_PLACEMENT_3D('',#2478,#2479,#2480);
#2482=PLANE('',#2481);
#2483=ORIENTED_EDGE('',*,*,#1168,.T.);
#2484=ORIENTED_EDGE('',*,*,#2456,.T.);
#2485=ORIENTED_EDGE('',*,*,#2389,.F.);
#2486=CARTESIAN_POINT('',(763.839848603,221.13270697,-37.5));
#2487=DIRECTION('',(1.,0.,-0.));
#2488=VECTOR('',#2487,38.);
#2489=LINE('',#2486,#2488);
#2490=EDGE_CURVE('',#1163,#2376,#2489,.T.);
#2491=ORIENTED_EDGE('',*,*,#2490,.F.);
#2492=EDGE_LOOP('',(#2483,#2484,#2485,#2491));
#2493=FACE_BOUND('',#2492,.T.);
#2494=ADVANCED_FACE('',(#2493),#2482,.F.);
#2495=CARTESIAN_POINT('',(763.739848603,221.53270697,-38.55));
#2496=DIRECTION('',(0.,-1.,0.));
#2497=DIRECTION('',(-1.,-0.,0.));
#2498=AXIS2_PLACEMENT_3D('',#2495,#2496,#2497);
#2499=PLANE('',#2498);
#2500=ORIENTED_EDGE('',*,*,#2373,.F.);
#2501=CARTESIAN_POINT('',(763.839848603,221.53270697,-39.6));
#2502=DIRECTION('',(1.,0.,-0.));
#2503=VECTOR('',#2502,38.);
#2504=LINE('',#2501,#2503);
#2505=EDGE_CURVE('',#1179,#2360,#2504,.T.);
#2506=ORIENTED_EDGE('',*,*,#2505,.F.);
#2507=ORIENTED_EDGE('',*,*,#1184,.T.);
#2508=CARTESIAN_POINT('',(801.839848603,221.53270697,-37.9));
#2509=DIRECTION('',(-1.,-0.,0.));
#2510=VECTOR('',#2509,38.);
#2511=LINE('',#2508,#2510);
#2512=EDGE_CURVE('',#2368,#1171,#2511,.T.);
#2513=ORIENTED_EDGE('',*,*,#2512,.F.);
#2514=EDGE_LOOP('',(#2500,#2506,#2507,#2513));
#2515=FACE_BOUND('',#2514,.T.);
#2516=ADVANCED_FACE('',(#2515),#2499,.F.);
#2517=CARTESIAN_POINT('',(763.739848603,220.694143289,-40.425));
#2518=DIRECTION('',(-0.,0.701318154,-0.712848403));
#2519=DIRECTION('',(0.,0.712848403,0.701318154));
#2520=AXIS2_PLACEMENT_3D('',#2517,#2518,#2519);
#2521=PLANE('',#2520);
#2522=ORIENTED_EDGE('',*,*,#2365,.T.);
#2523=CARTESIAN_POINT('',(763.839848603,219.855579608,-41.25));
#2524=DIRECTION('',(1.,0.,-0.));
#2525=VECTOR('',#2524,38.);
#2526=LINE('',#2523,#2525);
#2527=EDGE_CURVE('',#1187,#2352,#2526,.T.);
#2528=ORIENTED_EDGE('',*,*,#2527,.F.);
#2529=ORIENTED_EDGE('',*,*,#1192,.F.);
#2530=ORIENTED_EDGE('',*,*,#2505,.T.);
#2531=EDGE_LOOP('',(#2522,#2528,#2529,#2530));
#2532=FACE_BOUND('',#2531,.T.);
#2533=ADVANCED_FACE('',(#2532),#2521,.T.);
#2534=CARTESIAN_POINT('',(763.739848603,216.955579608,-41.25));
#2535=DIRECTION('',(0.,0.,1.));
#2536=DIRECTION('',(-1.,0.,0.));
#2537=AXIS2_PLACEMENT_3D('',#2534,#2535,#2536);
#2538=PLANE('',#2537);
#2539=ORIENTED_EDGE('',*,*,#2357,.F.);
#2540=CARTESIAN_POINT('',(763.839848603,214.055579608,-41.25));
#2541=DIRECTION('',(1.,0.,-0.));
#2542=VECTOR('',#2541,38.);
#2543=LINE('',#2540,#2542);
#2544=EDGE_CURVE('',#1195,#2344,#2543,.T.);
#2545=ORIENTED_EDGE('',*,*,#2544,.F.);
#2546=ORIENTED_EDGE('',*,*,#1200,.T.);
#2547=ORIENTED_EDGE('',*,*,#2527,.T.);
#2548=EDGE_LOOP('',(#2539,#2545,#2546,#2547));
#2549=FACE_BOUND('',#2548,.T.);
#2550=ADVANCED_FACE('',(#2549),#2538,.F.);
#2551=CARTESIAN_POINT('',(763.739848603,213.217015928,-40.425));
#2552=DIRECTION('',(0.,-0.701318154,-0.712848403));
#2553=DIRECTION('',(0.,0.712848403,-0.701318154));
#2554=AXIS2_PLACEMENT_3D('',#2551,#2552,#2553);
#2555=PLANE('',#2554);
#2556=ORIENTED_EDGE('',*,*,#2349,.T.);
#2557=CARTESIAN_POINT('',(763.839848603,212.378452247,-39.6));
#2558=DIRECTION('',(1.,0.,-0.));
#2559=VECTOR('',#2558,38.);
#2560=LINE('',#2557,#2559);
#2561=EDGE_CURVE('',#1203,#2336,#2560,.T.);
#2562=ORIENTED_EDGE('',*,*,#2561,.F.);
#2563=ORIENTED_EDGE('',*,*,#1208,.F.);
#2564=ORIENTED_EDGE('',*,*,#2544,.T.);
#2565=EDGE_LOOP('',(#2556,#2562,#2563,#2564));
#2566=FACE_BOUND('',#2565,.T.);
#2567=ADVANCED_FACE('',(#2566),#2555,.T.);
#2568=CARTESIAN_POINT('',(763.739848603,212.378452247,-38.55));
#2569=DIRECTION('',(-0.,1.,0.));
#2570=DIRECTION('',(1.,0.,0.));
#2571=AXIS2_PLACEMENT_3D('',#2568,#2569,#2570);
#2572=PLANE('',#2571);
#2573=ORIENTED_EDGE('',*,*,#1216,.T.);
#2574=ORIENTED_EDGE('',*,*,#2561,.T.);
#2575=ORIENTED_EDGE('',*,*,#2341,.F.);
#2576=CARTESIAN_POINT('',(763.839848603,212.378452247,-37.9));
#2577=DIRECTION('',(1.,0.,-0.));
#2578=VECTOR('',#2577,38.);
#2579=LINE('',#2576,#2578);
#2580=EDGE_CURVE('',#1211,#2328,#2579,.T.);
#2581=ORIENTED_EDGE('',*,*,#2580,.F.);
#2582=EDGE_LOOP('',(#2573,#2574,#2575,#2581));
#2583=FACE_BOUND('',#2582,.T.);
#2584=ADVANCED_FACE('',(#2583),#2572,.F.);
#2585=CARTESIAN_POINT('',(763.739848603,221.605532639,-73.174842713));
#2586=DIRECTION('',(0.,-0.707106781,0.707106781));
#2587=DIRECTION('',(1.,0.,-0.));
#2588=AXIS2_PLACEMENT_3D('',#2585,#2586,#2587);
#2589=PLANE('',#2588);
#2590=ORIENTED_EDGE('',*,*,#1350,.T.);
#2591=ORIENTED_EDGE('',*,*,#2050,.T.);
#2592=ORIENTED_EDGE('',*,*,#2081,.T.);
#2593=ORIENTED_EDGE('',*,*,#1892,.T.);
#2594=EDGE_LOOP('',(#2590,#2591,#2592,#2593));
#2595=FACE_BOUND('',#2594,.T.);
#2596=ADVANCED_FACE('',(#2595),#2589,.F.);
#2597=CARTESIAN_POINT('',(763.739848603,212.378452247,-37.9));
#2598=DIRECTION('',(-0.,0.707106781,-0.707106781));
#2599=DIRECTION('',(1.,0.,-0.));
#2600=AXIS2_PLACEMENT_3D('',#2597,#2598,#2599);
#2601=PLANE('',#2600);
#2602=ORIENTED_EDGE('',*,*,#1224,.T.);
#2603=ORIENTED_EDGE('',*,*,#2580,.T.);
#2604=ORIENTED_EDGE('',*,*,#2333,.T.);
#2605=ORIENTED_EDGE('',*,*,#2473,.T.);
#2606=EDGE_LOOP('',(#2602,#2603,#2604,#2605));
#2607=FACE_BOUND('',#2606,.T.);
#2608=ADVANCED_FACE('',(#2607),#2601,.F.);
#2609=CARTESIAN_POINT('',(763.739848603,212.851277916,-73.574842713));
#2610=DIRECTION('',(-0.,0.707106781,0.707106781));
#2611=DIRECTION('',(1.,0.,-0.));
#2612=AXIS2_PLACEMENT_3D('',#2609,#2610,#2611);
#2613=PLANE('',#2612);
#2614=ORIENTED_EDGE('',*,*,#1302,.T.);
#2615=ORIENTED_EDGE('',*,*,#1923,.T.);
#2616=ORIENTED_EDGE('',*,*,#2092,.T.);
#2617=ORIENTED_EDGE('',*,*,#1954,.T.);
#2618=EDGE_LOOP('',(#2614,#2615,#2616,#2617));
#2619=FACE_BOUND('',#2618,.T.);
#2620=ADVANCED_FACE('',(#2619),#2613,.F.);
#2621=CARTESIAN_POINT('',(763.739848603,221.13270697,-37.5));
#2622=DIRECTION('',(0.,-0.707106781,-0.707106781));
#2623=DIRECTION('',(1.,0.,-0.));
#2624=AXIS2_PLACEMENT_3D('',#2621,#2622,#2623);
#2625=PLANE('',#2624);
#2626=ORIENTED_EDGE('',*,*,#1176,.T.);
#2627=ORIENTED_EDGE('',*,*,#2490,.T.);
#2628=ORIENTED_EDGE('',*,*,#2381,.T.);
#2629=ORIENTED_EDGE('',*,*,#2512,.T.);
#2630=EDGE_LOOP('',(#2626,#2627,#2628,#2629));
#2631=FACE_BOUND('',#2630,.T.);
#2632=ADVANCED_FACE('',(#2631),#2625,.F.);
#2633=CARTESIAN_POINT('',(767.339848603,266.289267349,-41.475));
#2634=DIRECTION('',(0.,-0.,1.));
#2635=DIRECTION('',(-1.,0.,0.));
#2636=AXIS2_PLACEMENT_3D('',#2633,#2634,#2635);
#2637=PLANE('',#2636);
#2638=ORIENTED_EDGE('',*,*,#461,.F.);
#2639=CARTESIAN_POINT('',(763.839848603,268.589267349,-41.475));
#2640=DIRECTION('',(1.,0.,-0.));
#2641=VECTOR('',#2640,5.5);
#2642=LINE('',#2639,#2641);
#2643=EDGE_CURVE('',#1595,#447,#2642,.T.);
#2644=ORIENTED_EDGE('',*,*,#2643,.F.);
#2645=ORIENTED_EDGE('',*,*,#1600,.T.);
#2646=CARTESIAN_POINT('',(769.339848603,263.989267349,-41.475));
#2647=DIRECTION('',(-1.,-0.,0.));
#2648=VECTOR('',#2647,5.5);
#2649=LINE('',#2646,#2648);
#2650=EDGE_CURVE('',#456,#1586,#2649,.T.);
#2651=ORIENTED_EDGE('',*,*,#2650,.F.);
#2652=EDGE_LOOP('',(#2638,#2644,#2645,#2651));
#2653=FACE_BOUND('',#2652,.T.);
#2654=ADVANCED_FACE('',(#2653),#2637,.T.);
#2655=CARTESIAN_POINT('',(767.339848603,262.789267349,-40.05));
#2656=DIRECTION('',(-0.,1.,0.));
#2657=DIRECTION('',(1.,0.,0.));
#2658=AXIS2_PLACEMENT_3D('',#2655,#2656,#2657);
#2659=PLANE('',#2658);
#2660=ORIENTED_EDGE('',*,*,#410,.F.);
#2661=CARTESIAN_POINT('',(763.839848603,262.789267349,-40.275));
#2662=DIRECTION('',(1.,0.,-0.));
#2663=VECTOR('',#2662,5.5);
#2664=LINE('',#2661,#2663);
#2665=EDGE_CURVE('',#1578,#403,#2664,.T.);
#2666=ORIENTED_EDGE('',*,*,#2665,.F.);
#2667=ORIENTED_EDGE('',*,*,#1583,.T.);
#2668=CARTESIAN_POINT('',(769.339848603,262.789267349,-39.825));
#2669=DIRECTION('',(-1.,-0.,0.));
#2670=VECTOR('',#2669,5.5);
#2671=LINE('',#2668,#2670);
#2672=EDGE_CURVE('',#405,#1569,#2671,.T.);
#2673=ORIENTED_EDGE('',*,*,#2672,.F.);
#2674=EDGE_LOOP('',(#2660,#2666,#2667,#2673));
#2675=FACE_BOUND('',#2674,.T.);
#2676=ADVANCED_FACE('',(#2675),#2659,.T.);
#2677=CARTESIAN_POINT('',(767.339848603,266.289267349,-38.625));
#2678=DIRECTION('',(-0.,0.,-1.));
#2679=DIRECTION('',(1.,0.,-0.));
#2680=AXIS2_PLACEMENT_3D('',#2677,#2678,#2679);
#2681=PLANE('',#2680);
#2682=ORIENTED_EDGE('',*,*,#1566,.T.);
#2683=CARTESIAN_POINT('',(769.339848603,268.589267349,-38.625));
#2684=DIRECTION('',(-1.,-0.,0.));
#2685=VECTOR('',#2684,5.5);
#2686=LINE('',#2683,#2685);
#2687=EDGE_CURVE('',#422,#1561,#2686,.T.);
#2688=ORIENTED_EDGE('',*,*,#2687,.F.);
#2689=ORIENTED_EDGE('',*,*,#427,.F.);
#2690=CARTESIAN_POINT('',(763.839848603,263.989267349,-38.625));
#2691=DIRECTION('',(1.,0.,-0.));
#2692=VECTOR('',#2691,5.5);
#2693=LINE('',#2690,#2692);
#2694=EDGE_CURVE('',#1559,#413,#2693,.T.);
#2695=ORIENTED_EDGE('',*,*,#2694,.F.);
#2696=EDGE_LOOP('',(#2682,#2688,#2689,#2695));
#2697=FACE_BOUND('',#2696,.T.);
#2698=ADVANCED_FACE('',(#2697),#2681,.T.);
#2699=CARTESIAN_POINT('',(767.339848603,269.789267349,-40.05));
#2700=DIRECTION('',(0.,-1.,0.));
#2701=DIRECTION('',(-1.,-0.,0.));
#2702=AXIS2_PLACEMENT_3D('',#2699,#2700,#2701);
#2703=PLANE('',#2702);
#2704=ORIENTED_EDGE('',*,*,#1617,.T.);
#2705=CARTESIAN_POINT('',(769.339848603,269.789267349,-40.275));
#2706=DIRECTION('',(-1.,-0.,0.));
#2707=VECTOR('',#2706,5.5);
#2708=LINE('',#2705,#2707);
#2709=EDGE_CURVE('',#439,#1603,#2708,.T.);
#2710=ORIENTED_EDGE('',*,*,#2709,.F.);
#2711=ORIENTED_EDGE('',*,*,#444,.F.);
#2712=CARTESIAN_POINT('',(763.839848603,269.789267349,-39.825));
#2713=DIRECTION('',(1.,0.,-0.));
#2714=VECTOR('',#2713,5.5);
#2715=LINE('',#2712,#2714);
#2716=EDGE_CURVE('',#1612,#430,#2715,.T.);
#2717=ORIENTED_EDGE('',*,*,#2716,.F.);
#2718=EDGE_LOOP('',(#2704,#2710,#2711,#2717));
#2719=FACE_BOUND('',#2718,.T.);
#2720=ADVANCED_FACE('',(#2719),#2703,.T.);
#2721=CARTESIAN_POINT('',(767.339848603,265.2,-55.5));
#2722=DIRECTION('',(0.,-1.,0.));
#2723=DIRECTION('',(-1.,-0.,0.));
#2724=AXIS2_PLACEMENT_3D('',#2721,#2722,#2723);
#2725=PLANE('',#2724);
#2726=ORIENTED_EDGE('',*,*,#1133,.T.);
#2727=CARTESIAN_POINT('',(769.339848603,265.2,-56.3));
#2728=DIRECTION('',(-1.,-0.,0.));
#2729=VECTOR('',#2728,5.5);
#2730=LINE('',#2727,#2729);
#2731=EDGE_CURVE('',#957,#1119,#2730,.T.);
#2732=ORIENTED_EDGE('',*,*,#2731,.F.);
#2733=ORIENTED_EDGE('',*,*,#962,.F.);
#2734=CARTESIAN_POINT('',(763.839848603,265.2,-54.7));
#2735=DIRECTION('',(1.,0.,-0.));
#2736=VECTOR('',#2735,5.5);
#2737=LINE('',#2734,#2736);
#2738=EDGE_CURVE('',#1128,#948,#2737,.T.);
#2739=ORIENTED_EDGE('',*,*,#2738,.F.);
#2740=EDGE_LOOP('',(#2726,#2732,#2733,#2739));
#2741=FACE_BOUND('',#2740,.T.);
#2742=ADVANCED_FACE('',(#2741),#2725,.T.);
#2743=CARTESIAN_POINT('',(767.339848603,250.8,-43.7));
#2744=DIRECTION('',(-0.,0.,-1.));
#2745=DIRECTION('',(1.,0.,-0.));
#2746=AXIS2_PLACEMENT_3D('',#2743,#2744,#2745);
#2747=PLANE('',#2746);
#2748=ORIENTED_EDGE('',*,*,#945,.F.);
#2749=CARTESIAN_POINT('',(763.839848603,247.4,-43.7));
#2750=DIRECTION('',(1.,0.,-0.));
#2751=VECTOR('',#2750,5.5);
#2752=LINE('',#2749,#2751);
#2753=EDGE_CURVE('',#1075,#931,#2752,.T.);
#2754=ORIENTED_EDGE('',*,*,#2753,.F.);
#2755=ORIENTED_EDGE('',*,*,#1082,.T.);
#2756=CARTESIAN_POINT('',(769.339848603,254.2,-43.7));
#2757=DIRECTION('',(-1.,-0.,0.));
#2758=VECTOR('',#2757,5.5);
#2759=LINE('',#2756,#2758);
#2760=EDGE_CURVE('',#940,#1077,#2759,.T.);
#2761=ORIENTED_EDGE('',*,*,#2760,.F.);
#2762=EDGE_LOOP('',(#2748,#2754,#2755,#2761));
#2763=FACE_BOUND('',#2762,.T.);
#2764=ADVANCED_FACE('',(#2763),#2747,.T.);
#2765=CARTESIAN_POINT('',(767.339848603,236.4,-55.5));
#2766=DIRECTION('',(-0.,1.,0.));
#2767=DIRECTION('',(1.,0.,0.));
#2768=AXIS2_PLACEMENT_3D('',#2765,#2766,#2767);
#2769=PLANE('',#2768);
#2770=ORIENTED_EDGE('',*,*,#928,.F.);
#2771=CARTESIAN_POINT('',(763.839848603,236.4,-56.3));
#2772=DIRECTION('',(1.,0.,-0.));
#2773=VECTOR('',#2772,5.5);
#2774=LINE('',#2771,#2773);
#2775=EDGE_CURVE('',#1094,#921,#2774,.T.);
#2776=ORIENTED_EDGE('',*,*,#2775,.F.);
#2777=ORIENTED_EDGE('',*,*,#1099,.T.);
#2778=CARTESIAN_POINT('',(769.339848603,236.4,-54.7));
#2779=DIRECTION('',(-1.,-0.,0.));
#2780=VECTOR('',#2779,5.5);
#2781=LINE('',#2778,#2780);
#2782=EDGE_CURVE('',#923,#1085,#2781,.T.);
#2783=ORIENTED_EDGE('',*,*,#2782,.F.);
#2784=EDGE_LOOP('',(#2770,#2776,#2777,#2783));
#2785=FACE_BOUND('',#2784,.T.);
#2786=ADVANCED_FACE('',(#2785),#2769,.T.);
#2787=CARTESIAN_POINT('',(767.339848603,250.8,-67.3));
#2788=DIRECTION('',(0.,-0.,1.));
#2789=DIRECTION('',(-1.,0.,0.));
#2790=AXIS2_PLACEMENT_3D('',#2787,#2788,#2789);
#2791=PLANE('',#2790);
#2792=ORIENTED_EDGE('',*,*,#1116,.T.);
#2793=CARTESIAN_POINT('',(769.339848603,247.4,-67.3));
#2794=DIRECTION('',(-1.,-0.,0.));
#2795=VECTOR('',#2794,5.5);
#2796=LINE('',#2793,#2795);
#2797=EDGE_CURVE('',#974,#1102,#2796,.T.);
#2798=ORIENTED_EDGE('',*,*,#2797,.F.);
#2799=ORIENTED_EDGE('',*,*,#979,.F.);
#2800=CARTESIAN_POINT('',(763.839848603,254.2,-67.3));
#2801=DIRECTION('',(1.,0.,-0.));
#2802=VECTOR('',#2801,5.5);
#2803=LINE('',#2800,#2802);
#2804=EDGE_CURVE('',#1111,#965,#2803,.T.);
#2805=ORIENTED_EDGE('',*,*,#2804,.F.);
#2806=EDGE_LOOP('',(#2792,#2798,#2799,#2805));
#2807=FACE_BOUND('',#2806,.T.);
#2808=ADVANCED_FACE('',(#2807),#2791,.T.);
#2809=CARTESIAN_POINT('',(767.339848603,266.289267349,-72.462113667));
#2810=DIRECTION('',(0.,-0.,1.));
#2811=DIRECTION('',(-1.,0.,0.));
#2812=AXIS2_PLACEMENT_3D('',#2809,#2810,#2811);
#2813=PLANE('',#2812);
#2814=ORIENTED_EDGE('',*,*,#1670,.T.);
#2815=CARTESIAN_POINT('',(769.339848603,263.989267349,-72.462113667));
#2816=DIRECTION('',(-1.,-0.,0.));
#2817=VECTOR('',#2816,5.5);
#2818=LINE('',#2815,#2817);
#2819=EDGE_CURVE('',#834,#1656,#2818,.T.);
#2820=ORIENTED_EDGE('',*,*,#2819,.F.);
#2821=ORIENTED_EDGE('',*,*,#839,.F.);
#2822=CARTESIAN_POINT('',(763.839848603,268.589267349,-72.462113667));
#2823=DIRECTION('',(1.,0.,-0.));
#2824=VECTOR('',#2823,5.5);
#2825=LINE('',#2822,#2824);
#2826=EDGE_CURVE('',#1665,#825,#2825,.T.);
#2827=ORIENTED_EDGE('',*,*,#2826,.F.);
#2828=EDGE_LOOP('',(#2814,#2820,#2821,#2827));
#2829=FACE_BOUND('',#2828,.T.);
#2830=ADVANCED_FACE('',(#2829),#2813,.T.);
#2831=CARTESIAN_POINT('',(767.339848603,262.789267349,-71.037113667));
#2832=DIRECTION('',(-0.,1.,0.));
#2833=DIRECTION('',(1.,0.,0.));
#2834=AXIS2_PLACEMENT_3D('',#2831,#2832,#2833);
#2835=PLANE('',#2834);
#2836=ORIENTED_EDGE('',*,*,#788,.F.);
#2837=CARTESIAN_POINT('',(763.839848603,262.789267349,-71.262113667));
#2838=DIRECTION('',(1.,0.,-0.));
#2839=VECTOR('',#2838,5.5);
#2840=LINE('',#2837,#2839);
#2841=EDGE_CURVE('',#1648,#781,#2840,.T.);
#2842=ORIENTED_EDGE('',*,*,#2841,.F.);
#2843=ORIENTED_EDGE('',*,*,#1653,.T.);
#2844=CARTESIAN_POINT('',(769.339848603,262.789267349,-70.812113667));
#2845=DIRECTION('',(-1.,-0.,0.));
#2846=VECTOR('',#2845,5.5);
#2847=LINE('',#2844,#2846);
#2848=EDGE_CURVE('',#783,#1639,#2847,.T.);
#2849=ORIENTED_EDGE('',*,*,#2848,.F.);
#2850=EDGE_LOOP('',(#2836,#2842,#2843,#2849));
#2851=FACE_BOUND('',#2850,.T.);
#2852=ADVANCED_FACE('',(#2851),#2835,.T.);
#2853=CARTESIAN_POINT('',(767.339848603,266.289267349,-69.612113667));
#2854=DIRECTION('',(-0.,0.,-1.));
#2855=DIRECTION('',(1.,0.,-0.));
#2856=AXIS2_PLACEMENT_3D('',#2853,#2854,#2855);
#2857=PLANE('',#2856);
#2858=ORIENTED_EDGE('',*,*,#1636,.T.);
#2859=CARTESIAN_POINT('',(769.339848603,268.589267349,-69.612113667));
#2860=DIRECTION('',(-1.,-0.,0.));
#2861=VECTOR('',#2860,5.5);
#2862=LINE('',#2859,#2861);
#2863=EDGE_CURVE('',#800,#1631,#2862,.T.);
#2864=ORIENTED_EDGE('',*,*,#2863,.F.);
#2865=ORIENTED_EDGE('',*,*,#805,.F.);
#2866=CARTESIAN_POINT('',(763.839848603,263.989267349,-69.612113667));
#2867=DIRECTION('',(1.,0.,-0.));
#2868=VECTOR('',#2867,5.5);
#2869=LINE('',#2866,#2868);
#2870=EDGE_CURVE('',#1629,#791,#2869,.T.);
#2871=ORIENTED_EDGE('',*,*,#2870,.F.);
#2872=EDGE_LOOP('',(#2858,#2864,#2865,#2871));
#2873=FACE_BOUND('',#2872,.T.);
#2874=ADVANCED_FACE('',(#2873),#2857,.T.);
#2875=CARTESIAN_POINT('',(767.339848603,269.789267349,-71.037113667));
#2876=DIRECTION('',(0.,-1.,0.));
#2877=DIRECTION('',(-1.,-0.,0.));
#2878=AXIS2_PLACEMENT_3D('',#2875,#2876,#2877);
#2879=PLANE('',#2878);
#2880=ORIENTED_EDGE('',*,*,#822,.F.);
#2881=CARTESIAN_POINT('',(763.839848603,269.789267349,-70.812113667));
#2882=DIRECTION('',(1.,0.,-0.));
#2883=VECTOR('',#2882,5.5);
#2884=LINE('',#2881,#2883);
#2885=EDGE_CURVE('',#1682,#808,#2884,.T.);
#2886=ORIENTED_EDGE('',*,*,#2885,.F.);
#2887=ORIENTED_EDGE('',*,*,#1687,.T.);
#2888=CARTESIAN_POINT('',(769.339848603,269.789267349,-71.262113667));
#2889=DIRECTION('',(-1.,-0.,0.));
#2890=VECTOR('',#2889,5.5);
#2891=LINE('',#2888,#2890);
#2892=EDGE_CURVE('',#817,#1673,#2891,.T.);
#2893=ORIENTED_EDGE('',*,*,#2892,.F.);
#2894=EDGE_LOOP('',(#2880,#2886,#2887,#2893));
#2895=FACE_BOUND('',#2894,.T.);
#2896=ADVANCED_FACE('',(#2895),#2879,.T.);
#2897=CARTESIAN_POINT('',(767.339848603,235.3,-41.475));
#2898=DIRECTION('',(0.,-0.,1.));
#2899=DIRECTION('',(-1.,0.,0.));
#2900=AXIS2_PLACEMENT_3D('',#2897,#2898,#2899);
#2901=PLANE('',#2900);
#2902=ORIENTED_EDGE('',*,*,#1046,.T.);
#2903=CARTESIAN_POINT('',(769.339848603,233.,-41.475));
#2904=DIRECTION('',(-1.,-0.,0.));
#2905=VECTOR('',#2904,5.5);
#2906=LINE('',#2903,#2905);
#2907=EDGE_CURVE('',#904,#1032,#2906,.T.);
#2908=ORIENTED_EDGE('',*,*,#2907,.F.);
#2909=ORIENTED_EDGE('',*,*,#909,.F.);
#2910=CARTESIAN_POINT('',(763.839848603,237.6,-41.475));
#2911=DIRECTION('',(1.,0.,-0.));
#2912=VECTOR('',#2911,5.5);
#2913=LINE('',#2910,#2912);
#2914=EDGE_CURVE('',#1041,#895,#2913,.T.);
#2915=ORIENTED_EDGE('',*,*,#2914,.F.);
#2916=EDGE_LOOP('',(#2902,#2908,#2909,#2915));
#2917=FACE_BOUND('',#2916,.T.);
#2918=ADVANCED_FACE('',(#2917),#2901,.T.);
#2919=CARTESIAN_POINT('',(767.339848603,231.8,-40.05));
#2920=DIRECTION('',(-0.,1.,0.));
#2921=DIRECTION('',(1.,0.,0.));
#2922=AXIS2_PLACEMENT_3D('',#2919,#2920,#2921);
#2923=PLANE('',#2922);
#2924=ORIENTED_EDGE('',*,*,#858,.F.);
#2925=CARTESIAN_POINT('',(763.839848603,231.8,-40.275));
#2926=DIRECTION('',(1.,0.,-0.));
#2927=VECTOR('',#2926,5.5);
#2928=LINE('',#2925,#2927);
#2929=EDGE_CURVE('',#1024,#851,#2928,.T.);
#2930=ORIENTED_EDGE('',*,*,#2929,.F.);
#2931=ORIENTED_EDGE('',*,*,#1029,.T.);
#2932=CARTESIAN_POINT('',(769.339848603,231.8,-39.825));
#2933=DIRECTION('',(-1.,-0.,0.));
#2934=VECTOR('',#2933,5.5);
#2935=LINE('',#2932,#2934);
#2936=EDGE_CURVE('',#853,#1015,#2935,.T.);
#2937=ORIENTED_EDGE('',*,*,#2936,.F.);
#2938=EDGE_LOOP('',(#2924,#2930,#2931,#2937));
#2939=FACE_BOUND('',#2938,.T.);
#2940=ADVANCED_FACE('',(#2939),#2923,.T.);
#2941=CARTESIAN_POINT('',(767.339848603,235.3,-38.625));
#2942=DIRECTION('',(-0.,0.,-1.));
#2943=DIRECTION('',(1.,0.,-0.));
#2944=AXIS2_PLACEMENT_3D('',#2941,#2942,#2943);
#2945=PLANE('',#2944);
#2946=ORIENTED_EDGE('',*,*,#1012,.T.);
#2947=CARTESIAN_POINT('',(769.339848603,237.6,-38.625));
#2948=DIRECTION('',(-1.,-0.,0.));
#2949=VECTOR('',#2948,5.5);
#2950=LINE('',#2947,#2949);
#2951=EDGE_CURVE('',#870,#1007,#2950,.T.);
#2952=ORIENTED_EDGE('',*,*,#2951,.F.);
#2953=ORIENTED_EDGE('',*,*,#875,.F.);
#2954=CARTESIAN_POINT('',(763.839848603,233.,-38.625));
#2955=DIRECTION('',(1.,0.,-0.));
#2956=VECTOR('',#2955,5.5);
#2957=LINE('',#2954,#2956);
#2958=EDGE_CURVE('',#1005,#861,#2957,.T.);
#2959=ORIENTED_EDGE('',*,*,#2958,.F.);
#2960=EDGE_LOOP('',(#2946,#2952,#2953,#2959));
#2961=FACE_BOUND('',#2960,.T.);
#2962=ADVANCED_FACE('',(#2961),#2945,.T.);
#2963=CARTESIAN_POINT('',(767.339848603,238.8,-40.05));
#2964=DIRECTION('',(0.,-1.,0.));
#2965=DIRECTION('',(-1.,-0.,0.));
#2966=AXIS2_PLACEMENT_3D('',#2963,#2964,#2965);
#2967=PLANE('',#2966);
#2968=ORIENTED_EDGE('',*,*,#892,.F.);
#2969=CARTESIAN_POINT('',(763.839848603,238.8,-39.825));
#2970=DIRECTION('',(1.,0.,-0.));
#2971=VECTOR('',#2970,5.5);
#2972=LINE('',#2969,#2971);
#2973=EDGE_CURVE('',#1058,#878,#2972,.T.);
#2974=ORIENTED_EDGE('',*,*,#2973,.F.);
#2975=ORIENTED_EDGE('',*,*,#1063,.T.);
#2976=CARTESIAN_POINT('',(769.339848603,238.8,-40.275));
#2977=DIRECTION('',(-1.,-0.,0.));
#2978=VECTOR('',#2977,5.5);
#2979=LINE('',#2976,#2978);
#2980=EDGE_CURVE('',#887,#1049,#2979,.T.);
#2981=ORIENTED_EDGE('',*,*,#2980,.F.);
#2982=EDGE_LOOP('',(#2968,#2974,#2975,#2981));
#2983=FACE_BOUND('',#2982,.T.);
#2984=ADVANCED_FACE('',(#2983),#2967,.T.);
#2985=CARTESIAN_POINT('',(767.339848603,235.3,-72.462113667));
#2986=DIRECTION('',(0.,-0.,1.));
#2987=DIRECTION('',(-1.,0.,0.));
#2988=AXIS2_PLACEMENT_3D('',#2985,#2986,#2987);
#2989=PLANE('',#2988);
#2990=ORIENTED_EDGE('',*,*,#531,.F.);
#2991=CARTESIAN_POINT('',(763.839848603,237.6,-72.462113667));
#2992=DIRECTION('',(1.,0.,-0.));
#2993=VECTOR('',#2992,5.5);
#2994=LINE('',#2991,#2993);
#2995=EDGE_CURVE('',#1735,#517,#2994,.T.);
#2996=ORIENTED_EDGE('',*,*,#2995,.F.);
#2997=ORIENTED_EDGE('',*,*,#1740,.T.);
#2998=CARTESIAN_POINT('',(769.339848603,233.,-72.462113667));
#2999=DIRECTION('',(-1.,-0.,0.));
#3000=VECTOR('',#2999,5.5);
#3001=LINE('',#2998,#3000);
#3002=EDGE_CURVE('',#526,#1726,#3001,.T.);
#3003=ORIENTED_EDGE('',*,*,#3002,.F.);
#3004=EDGE_LOOP('',(#2990,#2996,#2997,#3003));
#3005=FACE_BOUND('',#3004,.T.);
#3006=ADVANCED_FACE('',(#3005),#2989,.T.);
#3007=CARTESIAN_POINT('',(767.339848603,231.8,-71.037113667));
#3008=DIRECTION('',(-0.,1.,0.));
#3009=DIRECTION('',(1.,0.,0.));
#3010=AXIS2_PLACEMENT_3D('',#3007,#3008,#3009);
#3011=PLANE('',#3010);
#3012=ORIENTED_EDGE('',*,*,#480,.F.);
#3013=CARTESIAN_POINT('',(763.839848603,231.8,-71.262113667));
#3014=DIRECTION('',(1.,0.,-0.));
#3015=VECTOR('',#3014,5.5);
#3016=LINE('',#3013,#3015);
#3017=EDGE_CURVE('',#1718,#473,#3016,.T.);
#3018=ORIENTED_EDGE('',*,*,#3017,.F.);
#3019=ORIENTED_EDGE('',*,*,#1723,.T.);
#3020=CARTESIAN_POINT('',(769.339848603,231.8,-70.812113667));
#3021=DIRECTION('',(-1.,-0.,0.));
#3022=VECTOR('',#3021,5.5);
#3023=LINE('',#3020,#3022);
#3024=EDGE_CURVE('',#475,#1709,#3023,.T.);
#3025=ORIENTED_EDGE('',*,*,#3024,.F.);
#3026=EDGE_LOOP('',(#3012,#3018,#3019,#3025));
#3027=FACE_BOUND('',#3026,.T.);
#3028=ADVANCED_FACE('',(#3027),#3011,.T.);
#3029=CARTESIAN_POINT('',(767.339848603,235.3,-69.612113667));
#3030=DIRECTION('',(-0.,0.,-1.));
#3031=DIRECTION('',(1.,0.,-0.));
#3032=AXIS2_PLACEMENT_3D('',#3029,#3030,#3031);
#3033=PLANE('',#3032);
#3034=ORIENTED_EDGE('',*,*,#1706,.T.);
#3035=CARTESIAN_POINT('',(769.339848603,237.6,-69.612113667));
#3036=DIRECTION('',(-1.,-0.,0.));
#3037=VECTOR('',#3036,5.5);
#3038=LINE('',#3035,#3037);
#3039=EDGE_CURVE('',#492,#1701,#3038,.T.);
#3040=ORIENTED_EDGE('',*,*,#3039,.F.);
#3041=ORIENTED_EDGE('',*,*,#497,.F.);
#3042=CARTESIAN_POINT('',(763.839848603,233.,-69.612113667));
#3043=DIRECTION('',(1.,0.,-0.));
#3044=VECTOR('',#3043,5.5);
#3045=LINE('',#3042,#3044);
#3046=EDGE_CURVE('',#1699,#483,#3045,.T.);
#3047=ORIENTED_EDGE('',*,*,#3046,.F.);
#3048=EDGE_LOOP('',(#3034,#3040,#3041,#3047));
#3049=FACE_BOUND('',#3048,.T.);
#3050=ADVANCED_FACE('',(#3049),#3033,.T.);
#3051=CARTESIAN_POINT('',(767.339848603,238.8,-71.037113667));
#3052=DIRECTION('',(0.,-1.,0.));
#3053=DIRECTION('',(-1.,-0.,0.));
#3054=AXIS2_PLACEMENT_3D('',#3051,#3052,#3053);
#3055=PLANE('',#3054);
#3056=ORIENTED_EDGE('',*,*,#1757,.T.);
#3057=CARTESIAN_POINT('',(769.339848603,238.8,-71.262113667));
#3058=DIRECTION('',(-1.,-0.,0.));
#3059=VECTOR('',#3058,5.5);
#3060=LINE('',#3057,#3059);
#3061=EDGE_CURVE('',#509,#1743,#3060,.T.);
#3062=ORIENTED_EDGE('',*,*,#3061,.F.);
#3063=ORIENTED_EDGE('',*,*,#514,.F.);
#3064=CARTESIAN_POINT('',(763.839848603,238.8,-70.812113667));
#3065=DIRECTION('',(1.,0.,-0.));
#3066=VECTOR('',#3065,5.5);
#3067=LINE('',#3064,#3066);
#3068=EDGE_CURVE('',#1752,#500,#3067,.T.);
#3069=ORIENTED_EDGE('',*,*,#3068,.F.);
#3070=EDGE_LOOP('',(#3056,#3062,#3063,#3069));
#3071=FACE_BOUND('',#3070,.T.);
#3072=ADVANCED_FACE('',(#3071),#3055,.T.);
#3073=CARTESIAN_POINT('',(767.339848603,237.6,-40.275));
#3074=DIRECTION('',(1.,0.,-0.));
#3075=DIRECTION('',(0.,-1.,0.));
#3076=AXIS2_PLACEMENT_3D('',#3073,#3074,#3075);
#3077=CYLINDRICAL_SURFACE('',#3076,1.2);
#3078=ORIENTED_EDGE('',*,*,#901,.T.);
#3079=ORIENTED_EDGE('',*,*,#2980,.T.);
#3080=ORIENTED_EDGE('',*,*,#1055,.T.);
#3081=ORIENTED_EDGE('',*,*,#2914,.T.);
#3082=EDGE_LOOP('',(#3078,#3079,#3080,#3081));
#3083=FACE_BOUND('',#3082,.T.);
#3084=ADVANCED_FACE('',(#3083),#3077,.F.);
#3085=CARTESIAN_POINT('',(767.339848603,233.,-70.812113667));
#3086=DIRECTION('',(1.,0.,-0.));
#3087=DIRECTION('',(0.,-1.,0.));
#3088=AXIS2_PLACEMENT_3D('',#3085,#3086,#3087);
#3089=CYLINDRICAL_SURFACE('',#3088,1.2);
#3090=ORIENTED_EDGE('',*,*,#489,.T.);
#3091=ORIENTED_EDGE('',*,*,#3024,.T.);
#3092=ORIENTED_EDGE('',*,*,#1715,.T.);
#3093=ORIENTED_EDGE('',*,*,#3046,.T.);
#3094=EDGE_LOOP('',(#3090,#3091,#3092,#3093));
#3095=FACE_BOUND('',#3094,.T.);
#3096=ADVANCED_FACE('',(#3095),#3089,.F.);
#3097=CARTESIAN_POINT('',(767.339848603,263.989267349,-39.825));
#3098=DIRECTION('',(1.,0.,-0.));
#3099=DIRECTION('',(0.,-1.,0.));
#3100=AXIS2_PLACEMENT_3D('',#3097,#3098,#3099);
#3101=CYLINDRICAL_SURFACE('',#3100,1.2);
#3102=ORIENTED_EDGE('',*,*,#419,.T.);
#3103=ORIENTED_EDGE('',*,*,#2672,.T.);
#3104=ORIENTED_EDGE('',*,*,#1575,.T.);
#3105=ORIENTED_EDGE('',*,*,#2694,.T.);
#3106=EDGE_LOOP('',(#3102,#3103,#3104,#3105));
#3107=FACE_BOUND('',#3106,.T.);
#3108=ADVANCED_FACE('',(#3107),#3101,.F.);
#3109=CARTESIAN_POINT('',(767.339848603,233.,-39.825));
#3110=DIRECTION('',(1.,0.,-0.));
#3111=DIRECTION('',(0.,-1.,0.));
#3112=AXIS2_PLACEMENT_3D('',#3109,#3110,#3111);
#3113=CYLINDRICAL_SURFACE('',#3112,1.2);
#3114=ORIENTED_EDGE('',*,*,#867,.T.);
#3115=ORIENTED_EDGE('',*,*,#2936,.T.);
#3116=ORIENTED_EDGE('',*,*,#1021,.T.);
#3117=ORIENTED_EDGE('',*,*,#2958,.T.);
#3118=EDGE_LOOP('',(#3114,#3115,#3116,#3117));
#3119=FACE_BOUND('',#3118,.T.);
#3120=ADVANCED_FACE('',(#3119),#3113,.F.);
#3121=CARTESIAN_POINT('',(767.339848603,268.589267349,-71.262113667));
#3122=DIRECTION('',(1.,0.,-0.));
#3123=DIRECTION('',(0.,-1.,0.));
#3124=AXIS2_PLACEMENT_3D('',#3121,#3122,#3123);
#3125=CYLINDRICAL_SURFACE('',#3124,1.2);
#3126=ORIENTED_EDGE('',*,*,#831,.T.);
#3127=ORIENTED_EDGE('',*,*,#2892,.T.);
#3128=ORIENTED_EDGE('',*,*,#1679,.T.);
#3129=ORIENTED_EDGE('',*,*,#2826,.T.);
#3130=EDGE_LOOP('',(#3126,#3127,#3128,#3129));
#3131=FACE_BOUND('',#3130,.T.);
#3132=ADVANCED_FACE('',(#3131),#3125,.F.);
#3133=CARTESIAN_POINT('',(767.339848603,237.6,-70.812113667));
#3134=DIRECTION('',(1.,0.,-0.));
#3135=DIRECTION('',(0.,-1.,0.));
#3136=AXIS2_PLACEMENT_3D('',#3133,#3134,#3135);
#3137=CYLINDRICAL_SURFACE('',#3136,1.2);
#3138=ORIENTED_EDGE('',*,*,#506,.T.);
#3139=ORIENTED_EDGE('',*,*,#3039,.T.);
#3140=ORIENTED_EDGE('',*,*,#1764,.T.);
#3141=ORIENTED_EDGE('',*,*,#3068,.T.);
#3142=EDGE_LOOP('',(#3138,#3139,#3140,#3141));
#3143=FACE_BOUND('',#3142,.T.);
#3144=ADVANCED_FACE('',(#3143),#3137,.F.);
#3145=CARTESIAN_POINT('',(767.339848603,233.,-71.262113667));
#3146=DIRECTION('',(1.,0.,-0.));
#3147=DIRECTION('',(0.,-1.,0.));
#3148=AXIS2_PLACEMENT_3D('',#3145,#3146,#3147);
#3149=CYLINDRICAL_SURFACE('',#3148,1.2);
#3150=ORIENTED_EDGE('',*,*,#538,.T.);
#3151=ORIENTED_EDGE('',*,*,#3002,.T.);
#3152=ORIENTED_EDGE('',*,*,#1732,.T.);
#3153=ORIENTED_EDGE('',*,*,#3017,.T.);
#3154=EDGE_LOOP('',(#3150,#3151,#3152,#3153));
#3155=FACE_BOUND('',#3154,.T.);
#3156=ADVANCED_FACE('',(#3155),#3149,.F.);
#3157=CARTESIAN_POINT('',(767.339848603,237.6,-39.825));
#3158=DIRECTION('',(1.,0.,-0.));
#3159=DIRECTION('',(0.,-1.,0.));
#3160=AXIS2_PLACEMENT_3D('',#3157,#3158,#3159);
#3161=CYLINDRICAL_SURFACE('',#3160,1.2);
#3162=ORIENTED_EDGE('',*,*,#884,.T.);
#3163=ORIENTED_EDGE('',*,*,#2951,.T.);
#3164=ORIENTED_EDGE('',*,*,#1070,.T.);
#3165=ORIENTED_EDGE('',*,*,#2973,.T.);
#3166=EDGE_LOOP('',(#3162,#3163,#3164,#3165));
#3167=FACE_BOUND('',#3166,.T.);
#3168=ADVANCED_FACE('',(#3167),#3161,.F.);
#3169=CARTESIAN_POINT('',(767.339848603,263.989267349,-70.812113667));
#3170=DIRECTION('',(1.,0.,-0.));
#3171=DIRECTION('',(0.,-1.,0.));
#3172=AXIS2_PLACEMENT_3D('',#3169,#3170,#3171);
#3173=CYLINDRICAL_SURFACE('',#3172,1.2);
#3174=ORIENTED_EDGE('',*,*,#797,.T.);
#3175=ORIENTED_EDGE('',*,*,#2848,.T.);
#3176=ORIENTED_EDGE('',*,*,#1645,.T.);
#3177=ORIENTED_EDGE('',*,*,#2870,.T.);
#3178=EDGE_LOOP('',(#3174,#3175,#3176,#3177));
#3179=FACE_BOUND('',#3178,.T.);
#3180=ADVANCED_FACE('',(#3179),#3173,.F.);
#3181=CARTESIAN_POINT('',(767.339848603,263.989267349,-40.275));
#3182=DIRECTION('',(1.,0.,-0.));
#3183=DIRECTION('',(0.,-1.,0.));
#3184=AXIS2_PLACEMENT_3D('',#3181,#3182,#3183);
#3185=CYLINDRICAL_SURFACE('',#3184,1.2);
#3186=ORIENTED_EDGE('',*,*,#468,.T.);
#3187=ORIENTED_EDGE('',*,*,#2650,.T.);
#3188=ORIENTED_EDGE('',*,*,#1592,.T.);
#3189=ORIENTED_EDGE('',*,*,#2665,.T.);
#3190=EDGE_LOOP('',(#3186,#3187,#3188,#3189));
#3191=FACE_BOUND('',#3190,.T.);
#3192=ADVANCED_FACE('',(#3191),#3185,.F.);
#3193=CARTESIAN_POINT('',(767.339848603,237.6,-71.262113667));
#3194=DIRECTION('',(1.,0.,-0.));
#3195=DIRECTION('',(0.,-1.,0.));
#3196=AXIS2_PLACEMENT_3D('',#3193,#3194,#3195);
#3197=CYLINDRICAL_SURFACE('',#3196,1.2);
#3198=ORIENTED_EDGE('',*,*,#523,.T.);
#3199=ORIENTED_EDGE('',*,*,#3061,.T.);
#3200=ORIENTED_EDGE('',*,*,#1749,.T.);
#3201=ORIENTED_EDGE('',*,*,#2995,.T.);
#3202=EDGE_LOOP('',(#3198,#3199,#3200,#3201));
#3203=FACE_BOUND('',#3202,.T.);
#3204=ADVANCED_FACE('',(#3203),#3197,.F.);
#3205=CARTESIAN_POINT('',(767.339848603,268.589267349,-39.825));
#3206=DIRECTION('',(1.,0.,-0.));
#3207=DIRECTION('',(0.,-1.,0.));
#3208=AXIS2_PLACEMENT_3D('',#3205,#3206,#3207);
#3209=CYLINDRICAL_SURFACE('',#3208,1.2);
#3210=ORIENTED_EDGE('',*,*,#436,.T.);
#3211=ORIENTED_EDGE('',*,*,#2687,.T.);
#3212=ORIENTED_EDGE('',*,*,#1624,.T.);
#3213=ORIENTED_EDGE('',*,*,#2716,.T.);
#3214=EDGE_LOOP('',(#3210,#3211,#3212,#3213));
#3215=FACE_BOUND('',#3214,.T.);
#3216=ADVANCED_FACE('',(#3215),#3209,.F.);
#3217=CARTESIAN_POINT('',(767.339848603,233.,-40.275));
#3218=DIRECTION('',(1.,0.,-0.));
#3219=DIRECTION('',(0.,-1.,0.));
#3220=AXIS2_PLACEMENT_3D('',#3217,#3218,#3219);
#3221=CYLINDRICAL_SURFACE('',#3220,1.2);
#3222=ORIENTED_EDGE('',*,*,#916,.T.);
#3223=ORIENTED_EDGE('',*,*,#2907,.T.);
#3224=ORIENTED_EDGE('',*,*,#1038,.T.);
#3225=ORIENTED_EDGE('',*,*,#2929,.T.);
#3226=EDGE_LOOP('',(#3222,#3223,#3224,#3225));
#3227=FACE_BOUND('',#3226,.T.);
#3228=ADVANCED_FACE('',(#3227),#3221,.F.);
#3229=CARTESIAN_POINT('',(767.339848603,263.989267349,-71.262113667));
#3230=DIRECTION('',(1.,0.,-0.));
#3231=DIRECTION('',(0.,-1.,0.));
#3232=AXIS2_PLACEMENT_3D('',#3229,#3230,#3231);
#3233=CYLINDRICAL_SURFACE('',#3232,1.2);
#3234=ORIENTED_EDGE('',*,*,#846,.T.);
#3235=ORIENTED_EDGE('',*,*,#2819,.T.);
#3236=ORIENTED_EDGE('',*,*,#1662,.T.);
#3237=ORIENTED_EDGE('',*,*,#2841,.T.);
#3238=EDGE_LOOP('',(#3234,#3235,#3236,#3237));
#3239=FACE_BOUND('',#3238,.T.);
#3240=ADVANCED_FACE('',(#3239),#3233,.F.);
#3241=CARTESIAN_POINT('',(767.339848603,268.589267349,-40.275));
#3242=DIRECTION('',(1.,0.,-0.));
#3243=DIRECTION('',(0.,-1.,0.));
#3244=AXIS2_PLACEMENT_3D('',#3241,#3242,#3243);
#3245=CYLINDRICAL_SURFACE('',#3244,1.2);
#3246=ORIENTED_EDGE('',*,*,#453,.T.);
#3247=ORIENTED_EDGE('',*,*,#2709,.T.);
#3248=ORIENTED_EDGE('',*,*,#1609,.T.);
#3249=ORIENTED_EDGE('',*,*,#2643,.T.);
#3250=EDGE_LOOP('',(#3246,#3247,#3248,#3249));
#3251=FACE_BOUND('',#3250,.T.);
#3252=ADVANCED_FACE('',(#3251),#3245,.F.);
#3253=CARTESIAN_POINT('',(767.339848603,268.589267349,-70.812113667));
#3254=DIRECTION('',(1.,0.,-0.));
#3255=DIRECTION('',(0.,-1.,0.));
#3256=AXIS2_PLACEMENT_3D('',#3253,#3254,#3255);
#3257=CYLINDRICAL_SURFACE('',#3256,1.2);
#3258=ORIENTED_EDGE('',*,*,#814,.T.);
#3259=ORIENTED_EDGE('',*,*,#2863,.T.);
#3260=ORIENTED_EDGE('',*,*,#1694,.T.);
#3261=ORIENTED_EDGE('',*,*,#2885,.T.);
#3262=EDGE_LOOP('',(#3258,#3259,#3260,#3261));
#3263=FACE_BOUND('',#3262,.T.);
#3264=ADVANCED_FACE('',(#3263),#3257,.F.);
#3265=CARTESIAN_POINT('',(767.339848603,254.2,-54.7));
#3266=DIRECTION('',(1.,0.,-0.));
#3267=DIRECTION('',(0.,-1.,0.));
#3268=AXIS2_PLACEMENT_3D('',#3265,#3266,#3267);
#3269=CYLINDRICAL_SURFACE('',#3268,11.);
#3270=ORIENTED_EDGE('',*,*,#954,.T.);
#3271=ORIENTED_EDGE('',*,*,#2760,.T.);
#3272=ORIENTED_EDGE('',*,*,#1140,.T.);
#3273=ORIENTED_EDGE('',*,*,#2738,.T.);
#3274=EDGE_LOOP('',(#3270,#3271,#3272,#3273));
#3275=FACE_BOUND('',#3274,.T.);
#3276=ADVANCED_FACE('',(#3275),#3269,.F.);
#3277=CARTESIAN_POINT('',(767.339848603,254.2,-56.3));
#3278=DIRECTION('',(1.,0.,-0.));
#3279=DIRECTION('',(0.,-1.,0.));
#3280=AXIS2_PLACEMENT_3D('',#3277,#3278,#3279);
#3281=CYLINDRICAL_SURFACE('',#3280,11.);
#3282=ORIENTED_EDGE('',*,*,#971,.T.);
#3283=ORIENTED_EDGE('',*,*,#2731,.T.);
#3284=ORIENTED_EDGE('',*,*,#1125,.T.);
#3285=ORIENTED_EDGE('',*,*,#2804,.T.);
#3286=EDGE_LOOP('',(#3282,#3283,#3284,#3285));
#3287=FACE_BOUND('',#3286,.T.);
#3288=ADVANCED_FACE('',(#3287),#3281,.F.);
#3289=CARTESIAN_POINT('',(767.339848603,247.4,-54.7));
#3290=DIRECTION('',(1.,0.,-0.));
#3291=DIRECTION('',(0.,-1.,0.));
#3292=AXIS2_PLACEMENT_3D('',#3289,#3290,#3291);
#3293=CYLINDRICAL_SURFACE('',#3292,11.);
#3294=ORIENTED_EDGE('',*,*,#937,.T.);
#3295=ORIENTED_EDGE('',*,*,#2782,.T.);
#3296=ORIENTED_EDGE('',*,*,#1091,.T.);
#3297=ORIENTED_EDGE('',*,*,#2753,.T.);
#3298=EDGE_LOOP('',(#3294,#3295,#3296,#3297));
#3299=FACE_BOUND('',#3298,.T.);
#3300=ADVANCED_FACE('',(#3299),#3293,.F.);
#3301=CARTESIAN_POINT('',(767.339848603,247.4,-56.3));
#3302=DIRECTION('',(1.,0.,-0.));
#3303=DIRECTION('',(0.,-1.,0.));
#3304=AXIS2_PLACEMENT_3D('',#3301,#3302,#3303);
#3305=CYLINDRICAL_SURFACE('',#3304,11.);
#3306=ORIENTED_EDGE('',*,*,#986,.T.);
#3307=ORIENTED_EDGE('',*,*,#2797,.T.);
#3308=ORIENTED_EDGE('',*,*,#1108,.T.);
#3309=ORIENTED_EDGE('',*,*,#2775,.T.);
#3310=EDGE_LOOP('',(#3306,#3307,#3308,#3309));
#3311=FACE_BOUND('',#3310,.T.);
#3312=ADVANCED_FACE('',(#3311),#3305,.F.);
#3313=CARTESIAN_POINT('',(785.155318542,240.210604526,32.462578643));
#3314=DIRECTION('',(1.,0.,0.));
#3315=DIRECTION('',(-0.,0.,1.));
#3316=AXIS2_PLACEMENT_3D('',#3313,#3314,#3315);
#3317=PLANE('',#3316);
#3318=ORIENTED_EDGE('',*,*,#248,.F.);
#3319=CARTESIAN_POINT('',(785.155318542,239.296615351,-34.037421357));
#3320=DIRECTION('',(-0.,-0.,1.));
#3321=VECTOR('',#3320,4.5);
#3322=LINE('',#3319,#3321);
#3323=EDGE_CURVE('',#357,#235,#3322,.T.);
#3324=ORIENTED_EDGE('',*,*,#3323,.F.);
#3325=ORIENTED_EDGE('',*,*,#362,.T.);
#3326=CARTESIAN_POINT('',(785.155318542,251.809294912,-29.537421357));
#3327=DIRECTION('',(0.,-0.,-1.));
#3328=VECTOR('',#3327,4.5);
#3329=LINE('',#3326,#3328);
#3330=EDGE_CURVE('',#243,#348,#3329,.T.);
#3331=ORIENTED_EDGE('',*,*,#3330,.F.);
#3332=EDGE_LOOP('',(#3318,#3324,#3325,#3331));
#3333=FACE_BOUND('',#3332,.T.);
#3334=ADVANCED_FACE('',(#3333),#3317,.T.);
#3335=CARTESIAN_POINT('',(793.497583572,228.296615351,32.462578643));
#3336=DIRECTION('',(-0.,1.,0.));
#3337=DIRECTION('',(0.,-0.,1.));
#3338=AXIS2_PLACEMENT_3D('',#3335,#3336,#3337);
#3339=PLANE('',#3338);
#3340=ORIENTED_EDGE('',*,*,#2410,.F.);
#3341=ORIENTED_EDGE('',*,*,#378,.T.);
#3342=CARTESIAN_POINT('',(796.155318542,228.296615351,-29.537421357));
#3343=DIRECTION('',(0.,0.,-1.));
#3344=VECTOR('',#3343,4.5);
#3345=LINE('',#3342,#3344);
#3346=EDGE_CURVE('',#227,#365,#3345,.T.);
#3347=ORIENTED_EDGE('',*,*,#3346,.F.);
#3348=ORIENTED_EDGE('',*,*,#232,.F.);
#3349=EDGE_LOOP('',(#3340,#3341,#3347,#3348));
#3350=FACE_BOUND('',#3349,.T.);
#3351=ADVANCED_FACE('',(#3350),#3339,.T.);
#3352=CARTESIAN_POINT('',(793.497583572,228.296615351,32.462578643));
#3353=DIRECTION('',(-0.,1.,0.));
#3354=DIRECTION('',(0.,-0.,1.));
#3355=AXIS2_PLACEMENT_3D('',#3352,#3353,#3354);
#3356=PLANE('',#3355);
#3357=ORIENTED_EDGE('',*,*,#281,.T.);
#3358=ORIENTED_EDGE('',*,*,#2122,.T.);
#3359=ORIENTED_EDGE('',*,*,#174,.T.);
#3360=CARTESIAN_POINT('',(796.155318542,228.296615351,-77.037421357));
#3361=DIRECTION('',(0.,0.,-1.));
#3362=VECTOR('',#3361,4.5);
#3363=LINE('',#3360,#3362);
#3364=EDGE_CURVE('',#276,#163,#3363,.T.);
#3365=ORIENTED_EDGE('',*,*,#3364,.F.);
#3366=EDGE_LOOP('',(#3357,#3358,#3359,#3365));
#3367=FACE_BOUND('',#3366,.T.);
#3368=ADVANCED_FACE('',(#3367),#3356,.T.);
#3369=CARTESIAN_POINT('',(785.155318542,240.210604526,32.462578643));
#3370=DIRECTION('',(1.,0.,0.));
#3371=DIRECTION('',(-0.,0.,1.));
#3372=AXIS2_PLACEMENT_3D('',#3369,#3370,#3371);
#3373=PLANE('',#3372);
#3374=ORIENTED_EDGE('',*,*,#160,.T.);
#3375=ORIENTED_EDGE('',*,*,#1852,.F.);
#3376=ORIENTED_EDGE('',*,*,#297,.T.);
#3377=CARTESIAN_POINT('',(785.155318542,239.296615351,-81.537421357));
#3378=DIRECTION('',(-0.,-0.,1.));
#3379=VECTOR('',#3378,4.5);
#3380=LINE('',#3377,#3379);
#3381=EDGE_CURVE('',#155,#284,#3380,.T.);
#3382=ORIENTED_EDGE('',*,*,#3381,.F.);
#3383=EDGE_LOOP('',(#3374,#3375,#3376,#3382));
#3384=FACE_BOUND('',#3383,.T.);
#3385=ADVANCED_FACE('',(#3384),#3373,.T.);
#3386=CARTESIAN_POINT('',(796.155318542,228.296615351,32.462578643));
#3387=DIRECTION('',(0.707106781,0.707106781,0.));
#3388=DIRECTION('',(-0.,-0.,1.));
#3389=AXIS2_PLACEMENT_3D('',#3386,#3387,#3388);
#3390=PLANE('',#3389);
#3391=ORIENTED_EDGE('',*,*,#289,.T.);
#3392=ORIENTED_EDGE('',*,*,#3364,.T.);
#3393=ORIENTED_EDGE('',*,*,#168,.T.);
#3394=ORIENTED_EDGE('',*,*,#3381,.T.);
#3395=EDGE_LOOP('',(#3391,#3392,#3393,#3394));
#3396=FACE_BOUND('',#3395,.T.);
#3397=ADVANCED_FACE('',(#3396),#3390,.T.);
#3398=CARTESIAN_POINT('',(796.155318542,228.296615351,32.462578643));
#3399=DIRECTION('',(0.707106781,0.707106781,0.));
#3400=DIRECTION('',(-0.,-0.,1.));
#3401=AXIS2_PLACEMENT_3D('',#3398,#3399,#3400);
#3402=PLANE('',#3401);
#3403=ORIENTED_EDGE('',*,*,#3346,.T.);
#3404=ORIENTED_EDGE('',*,*,#370,.T.);
#3405=ORIENTED_EDGE('',*,*,#3323,.T.);
#3406=ORIENTED_EDGE('',*,*,#240,.F.);
#3407=EDGE_LOOP('',(#3403,#3404,#3405,#3406));
#3408=FACE_BOUND('',#3407,.T.);
#3409=ADVANCED_FACE('',(#3408),#3402,.T.);
#3410=CARTESIAN_POINT('',(784.155318542,251.809294912,32.462578643));
#3411=DIRECTION('',(0.,-0.,-1.));
#3412=DIRECTION('',(0.,1.,-0.));
#3413=AXIS2_PLACEMENT_3D('',#3410,#3411,#3412);
#3414=CYLINDRICAL_SURFACE('',#3413,1.);
#3415=ORIENTED_EDGE('',*,*,#255,.F.);
#3416=ORIENTED_EDGE('',*,*,#3330,.T.);
#3417=ORIENTED_EDGE('',*,*,#354,.T.);
#3418=ORIENTED_EDGE('',*,*,#1861,.T.);
#3419=EDGE_LOOP('',(#3415,#3416,#3417,#3418));
#3420=FACE_BOUND('',#3419,.T.);
#3421=ADVANCED_FACE('',(#3420),#3414,.T.);
#3422=CARTESIAN_POINT('',(763.539848603,227.346992443,-76.537421357));
#3423=DIRECTION('',(0.,-0.707106781,-0.707106781));
#3424=DIRECTION('',(1.,0.,0.));
#3425=AXIS2_PLACEMENT_3D('',#3422,#3423,#3424);
#3426=PLANE('',#3425);
#3427=ORIENTED_EDGE('',*,*,#762,.T.);
#3428=ORIENTED_EDGE('',*,*,#2293,.T.);
#3429=ORIENTED_EDGE('',*,*,#2131,.T.);
#3430=ORIENTED_EDGE('',*,*,#319,.T.);
#3431=EDGE_LOOP('',(#3427,#3428,#3429,#3430));
#3432=FACE_BOUND('',#3431,.T.);
#3433=ADVANCED_FACE('',(#3432),#3426,.F.);
#3434=CARTESIAN_POINT('',(783.544848603,227.846992443,-34.037421357));
#3435=DIRECTION('',(0.,-0.707106781,0.707106781));
#3436=DIRECTION('',(1.,0.,-0.));
#3437=AXIS2_PLACEMENT_3D('',#3434,#3435,#3436);
#3438=PLANE('',#3437);
#3439=ORIENTED_EDGE('',*,*,#776,.T.);
#3440=ORIENTED_EDGE('',*,*,#392,.T.);
#3441=ORIENTED_EDGE('',*,*,#2403,.T.);
#3442=ORIENTED_EDGE('',*,*,#1818,.T.);
#3443=EDGE_LOOP('',(#3439,#3440,#3441,#3442));
#3444=FACE_BOUND('',#3443,.T.);
#3445=ADVANCED_FACE('',(#3444),#3438,.F.);
#3446=CARTESIAN_POINT('',(766.439848603,221.2344138,-65.501008522));
#3447=DIRECTION('',(0.,-1.,0.));
#3448=DIRECTION('',(0.,0.,-1.));
#3449=AXIS2_PLACEMENT_3D('',#3446,#3447,#3448);
#3450=PLANE('',#3449);
#3451=ORIENTED_EDGE('',*,*,#1421,.T.);
#3452=CARTESIAN_POINT('',(769.339848603,221.2344138,-68.401008522));
#3453=DIRECTION('',(-1.,0.,0.));
#3454=VECTOR('',#3453,5.5);
#3455=LINE('',#3452,#3454);
#3456=EDGE_CURVE('',#696,#1408,#3455,.T.);
#3457=ORIENTED_EDGE('',*,*,#3456,.F.);
#3458=ORIENTED_EDGE('',*,*,#701,.F.);
#3459=CARTESIAN_POINT('',(769.339848603,221.2344138,-62.601008522));
#3460=DIRECTION('',(-1.,0.,0.));
#3461=VECTOR('',#3460,5.5);
#3462=LINE('',#3459,#3461);
#3463=EDGE_CURVE('',#688,#1416,#3462,.T.);
#3464=ORIENTED_EDGE('',*,*,#3463,.T.);
#3465=EDGE_LOOP('',(#3451,#3457,#3458,#3464));
#3466=FACE_BOUND('',#3465,.T.);
#3467=ADVANCED_FACE('',(#3466),#3450,.T.);
#3468=OVER_RIDING_STYLED_ITEM('',(#997),#3467,#26);
#3469=CARTESIAN_POINT('',(766.439848603,222.0594138,-61.762444841));
#3470=DIRECTION('',(0.,-0.712848403,0.701318154));
#3471=DIRECTION('',(0.,-0.701318154,-0.712848403));
#3472=AXIS2_PLACEMENT_3D('',#3469,#3470,#3471);
#3473=PLANE('',#3472);
#3474=ORIENTED_EDGE('',*,*,#1429,.T.);
#3475=ORIENTED_EDGE('',*,*,#3463,.F.);
#3476=ORIENTED_EDGE('',*,*,#693,.F.);
#3477=CARTESIAN_POINT('',(769.339848603,222.8844138,-60.923881161));
#3478=DIRECTION('',(-1.,0.,0.));
#3479=VECTOR('',#3478,5.5);
#3480=LINE('',#3477,#3479);
#3481=EDGE_CURVE('',#680,#1424,#3480,.T.);
#3482=ORIENTED_EDGE('',*,*,#3481,.T.);
#3483=EDGE_LOOP('',(#3474,#3475,#3476,#3482));
#3484=FACE_BOUND('',#3483,.T.);
#3485=ADVANCED_FACE('',(#3484),#3473,.T.);
#3486=OVER_RIDING_STYLED_ITEM('',(#997),#3485,#26);
#3487=CARTESIAN_POINT('',(766.439848603,223.7344138,-60.923881161));
#3488=DIRECTION('',(0.,0.,1.));
#3489=DIRECTION('',(-1.,0.,0.));
#3490=AXIS2_PLACEMENT_3D('',#3487,#3488,#3489);
#3491=PLANE('',#3490);
#3492=ORIENTED_EDGE('',*,*,#1437,.T.);
#3493=ORIENTED_EDGE('',*,*,#3481,.F.);
#3494=ORIENTED_EDGE('',*,*,#685,.F.);
#3495=CARTESIAN_POINT('',(769.339848603,224.5844138,-60.923881161));
#3496=DIRECTION('',(-1.,0.,0.));
#3497=VECTOR('',#3496,5.5);
#3498=LINE('',#3495,#3497);
#3499=EDGE_CURVE('',#672,#1432,#3498,.T.);
#3500=ORIENTED_EDGE('',*,*,#3499,.T.);
#3501=EDGE_LOOP('',(#3492,#3493,#3494,#3500));
#3502=FACE_BOUND('',#3501,.T.);
#3503=ADVANCED_FACE('',(#3502),#3491,.T.);
#3504=OVER_RIDING_STYLED_ITEM('',(#997),#3503,#26);
#3505=CARTESIAN_POINT('',(766.439848603,224.7844138,-61.123881161));
#3506=DIRECTION('',(0.,0.707106781,0.707106781));
#3507=DIRECTION('',(0.,-0.707106781,0.707106781));
#3508=AXIS2_PLACEMENT_3D('',#3505,#3506,#3507);
#3509=PLANE('',#3508);
#3510=ORIENTED_EDGE('',*,*,#1445,.T.);
#3511=ORIENTED_EDGE('',*,*,#3499,.F.);
#3512=ORIENTED_EDGE('',*,*,#677,.F.);
#3513=CARTESIAN_POINT('',(769.339848603,224.9844138,-61.323881161));
#3514=DIRECTION('',(-1.,0.,0.));
#3515=VECTOR('',#3514,5.5);
#3516=LINE('',#3513,#3515);
#3517=EDGE_CURVE('',#664,#1440,#3516,.T.);
#3518=ORIENTED_EDGE('',*,*,#3517,.T.);
#3519=EDGE_LOOP('',(#3510,#3511,#3512,#3518));
#3520=FACE_BOUND('',#3519,.T.);
#3521=ADVANCED_FACE('',(#3520),#3509,.T.);
#3522=OVER_RIDING_STYLED_ITEM('',(#997),#3521,#26);
#3523=CARTESIAN_POINT('',(766.439848603,224.9844138,-61.987444841));
#3524=DIRECTION('',(0.,1.,0.));
#3525=DIRECTION('',(0.,0.,1.));
#3526=AXIS2_PLACEMENT_3D('',#3523,#3524,#3525);
#3527=PLANE('',#3526);
#3528=ORIENTED_EDGE('',*,*,#1453,.T.);
#3529=ORIENTED_EDGE('',*,*,#3517,.F.);
#3530=ORIENTED_EDGE('',*,*,#669,.F.);
#3531=CARTESIAN_POINT('',(769.339848603,224.9844138,-62.651008522));
#3532=DIRECTION('',(-1.,0.,0.));
#3533=VECTOR('',#3532,5.5);
#3534=LINE('',#3531,#3533);
#3535=EDGE_CURVE('',#656,#1448,#3534,.T.);
#3536=ORIENTED_EDGE('',*,*,#3535,.T.);
#3537=EDGE_LOOP('',(#3528,#3529,#3530,#3536));
#3538=FACE_BOUND('',#3537,.T.);
#3539=ADVANCED_FACE('',(#3538),#3527,.T.);
#3540=OVER_RIDING_STYLED_ITEM('',(#997),#3539,#26);
#3541=CARTESIAN_POINT('',(766.439848603,226.065703121,-62.651008522));
#3542=DIRECTION('',(0.,0.,1.));
#3543=DIRECTION('',(-1.,0.,0.));
#3544=AXIS2_PLACEMENT_3D('',#3541,#3542,#3543);
#3545=PLANE('',#3544);
#3546=ORIENTED_EDGE('',*,*,#1459,.T.);
#3547=ORIENTED_EDGE('',*,*,#3535,.F.);
#3548=ORIENTED_EDGE('',*,*,#661,.F.);
#3549=ORIENTED_EDGE('',*,*,#56,.T.);
#3550=EDGE_LOOP('',(#3546,#3547,#3548,#3549));
#3551=FACE_BOUND('',#3550,.T.);
#3552=ADVANCED_FACE('',(#3551),#3545,.T.);
#3553=OVER_RIDING_STYLED_ITEM('',(#997),#3552,#26);
#3554=CARTESIAN_POINT('',(766.439848603,226.065703121,-68.423834191));
#3555=DIRECTION('',(-0.,0.,-1.));
#3556=DIRECTION('',(1.,0.,-0.));
#3557=AXIS2_PLACEMENT_3D('',#3554,#3555,#3556);
#3558=PLANE('',#3557);
#3559=ORIENTED_EDGE('',*,*,#1381,.T.);
#3560=ORIENTED_EDGE('',*,*,#80,.F.);
#3561=ORIENTED_EDGE('',*,*,#739,.F.);
#3562=CARTESIAN_POINT('',(769.339848603,224.9844138,-68.423834191));
#3563=DIRECTION('',(-1.,0.,0.));
#3564=VECTOR('',#3563,5.5);
#3565=LINE('',#3562,#3564);
#3566=EDGE_CURVE('',#728,#1376,#3565,.T.);
#3567=ORIENTED_EDGE('',*,*,#3566,.T.);
#3568=EDGE_LOOP('',(#3559,#3560,#3561,#3567));
#3569=FACE_BOUND('',#3568,.T.);
#3570=ADVANCED_FACE('',(#3569),#3558,.T.);
#3571=OVER_RIDING_STYLED_ITEM('',(#997),#3570,#26);
#3572=CARTESIAN_POINT('',(766.439848603,224.9844138,-69.050985037));
#3573=DIRECTION('',(0.,1.,0.));
#3574=DIRECTION('',(0.,0.,1.));
#3575=AXIS2_PLACEMENT_3D('',#3572,#3573,#3574);
#3576=PLANE('',#3575);
#3577=ORIENTED_EDGE('',*,*,#1389,.T.);
#3578=ORIENTED_EDGE('',*,*,#3566,.F.);
#3579=ORIENTED_EDGE('',*,*,#733,.F.);
#3580=CARTESIAN_POINT('',(769.339848603,224.9844138,-69.678135883));
#3581=DIRECTION('',(-1.,0.,0.));
#3582=VECTOR('',#3581,5.5);
#3583=LINE('',#3580,#3582);
#3584=EDGE_CURVE('',#720,#1384,#3583,.T.);
#3585=ORIENTED_EDGE('',*,*,#3584,.T.);
#3586=EDGE_LOOP('',(#3577,#3578,#3579,#3585));
#3587=FACE_BOUND('',#3586,.T.);
#3588=ADVANCED_FACE('',(#3587),#3576,.T.);
#3589=OVER_RIDING_STYLED_ITEM('',(#997),#3588,#26);
#3590=CARTESIAN_POINT('',(766.439848603,224.7844138,-69.878135883));
#3591=DIRECTION('',(-0.,0.707106781,-0.707106781));
#3592=DIRECTION('',(0.,0.707106781,0.707106781));
#3593=AXIS2_PLACEMENT_3D('',#3590,#3591,#3592);
#3594=PLANE('',#3593);
#3595=ORIENTED_EDGE('',*,*,#1397,.T.);
#3596=ORIENTED_EDGE('',*,*,#3584,.F.);
#3597=ORIENTED_EDGE('',*,*,#725,.F.);
#3598=CARTESIAN_POINT('',(769.339848603,224.5844138,-70.078135883));
#3599=DIRECTION('',(-1.,0.,0.));
#3600=VECTOR('',#3599,5.5);
#3601=LINE('',#3598,#3600);
#3602=EDGE_CURVE('',#712,#1392,#3601,.T.);
#3603=ORIENTED_EDGE('',*,*,#3602,.T.);
#3604=EDGE_LOOP('',(#3595,#3596,#3597,#3603));
#3605=FACE_BOUND('',#3604,.T.);
#3606=ADVANCED_FACE('',(#3605),#3594,.T.);
#3607=OVER_RIDING_STYLED_ITEM('',(#997),#3606,#26);
#3608=CARTESIAN_POINT('',(766.439848603,223.7344138,-70.078135883));
#3609=DIRECTION('',(-0.,0.,-1.));
#3610=DIRECTION('',(1.,0.,-0.));
#3611=AXIS2_PLACEMENT_3D('',#3608,#3609,#3610);
#3612=PLANE('',#3611);
#3613=ORIENTED_EDGE('',*,*,#1405,.T.);
#3614=ORIENTED_EDGE('',*,*,#3602,.F.);
#3615=ORIENTED_EDGE('',*,*,#717,.F.);
#3616=CARTESIAN_POINT('',(769.339848603,222.8844138,-70.078135883));
#3617=DIRECTION('',(-1.,0.,0.));
#3618=VECTOR('',#3617,5.5);
#3619=LINE('',#3616,#3618);
#3620=EDGE_CURVE('',#704,#1400,#3619,.T.);
#3621=ORIENTED_EDGE('',*,*,#3620,.T.);
#3622=EDGE_LOOP('',(#3613,#3614,#3615,#3621));
#3623=FACE_BOUND('',#3622,.T.);
#3624=ADVANCED_FACE('',(#3623),#3612,.T.);
#3625=OVER_RIDING_STYLED_ITEM('',(#997),#3624,#26);
#3626=CARTESIAN_POINT('',(766.439848603,222.0594138,-69.239572202));
#3627=DIRECTION('',(-0.,-0.712848403,-0.701318154));
#3628=DIRECTION('',(0.,0.701318154,-0.712848403));
#3629=AXIS2_PLACEMENT_3D('',#3626,#3627,#3628);
#3630=PLANE('',#3629);
#3631=ORIENTED_EDGE('',*,*,#1413,.T.);
#3632=ORIENTED_EDGE('',*,*,#3620,.F.);
#3633=ORIENTED_EDGE('',*,*,#709,.F.);
#3634=ORIENTED_EDGE('',*,*,#3456,.T.);
#3635=EDGE_LOOP('',(#3631,#3632,#3633,#3634));
#3636=FACE_BOUND('',#3635,.T.);
#3637=ADVANCED_FACE('',(#3636),#3630,.T.);
#3638=OVER_RIDING_STYLED_ITEM('',(#997),#3637,#26);
#3639=CARTESIAN_POINT('',(766.439848603,221.2344138,-45.501008522));
#3640=DIRECTION('',(0.,-1.,0.));
#3641=DIRECTION('',(0.,0.,-1.));
#3642=AXIS2_PLACEMENT_3D('',#3639,#3640,#3641);
#3643=PLANE('',#3642);
#3644=ORIENTED_EDGE('',*,*,#1508,.T.);
#3645=CARTESIAN_POINT('',(769.339848603,221.2344138,-48.401008522));
#3646=DIRECTION('',(-1.,0.,0.));
#3647=VECTOR('',#3646,5.5);
#3648=LINE('',#3645,#3647);
#3649=EDGE_CURVE('',#609,#1495,#3648,.T.);
#3650=ORIENTED_EDGE('',*,*,#3649,.F.);
#3651=ORIENTED_EDGE('',*,*,#614,.F.);
#3652=CARTESIAN_POINT('',(769.339848603,221.2344138,-42.601008522));
#3653=DIRECTION('',(-1.,0.,0.));
#3654=VECTOR('',#3653,5.5);
#3655=LINE('',#3652,#3654);
#3656=EDGE_CURVE('',#601,#1503,#3655,.T.);
#3657=ORIENTED_EDGE('',*,*,#3656,.T.);
#3658=EDGE_LOOP('',(#3644,#3650,#3651,#3657));
#3659=FACE_BOUND('',#3658,.T.);
#3660=ADVANCED_FACE('',(#3659),#3643,.T.);
#3661=OVER_RIDING_STYLED_ITEM('',(#997),#3660,#26);
#3662=CARTESIAN_POINT('',(766.439848603,222.0594138,-41.762444841));
#3663=DIRECTION('',(0.,-0.712848403,0.701318154));
#3664=DIRECTION('',(0.,-0.701318154,-0.712848403));
#3665=AXIS2_PLACEMENT_3D('',#3662,#3663,#3664);
#3666=PLANE('',#3665);
#3667=ORIENTED_EDGE('',*,*,#1516,.T.);
#3668=ORIENTED_EDGE('',*,*,#3656,.F.);
#3669=ORIENTED_EDGE('',*,*,#606,.F.);
#3670=CARTESIAN_POINT('',(769.339848603,222.8844138,-40.923881161));
#3671=DIRECTION('',(-1.,0.,0.));
#3672=VECTOR('',#3671,5.5);
#3673=LINE('',#3670,#3672);
#3674=EDGE_CURVE('',#593,#1511,#3673,.T.);
#3675=ORIENTED_EDGE('',*,*,#3674,.T.);
#3676=EDGE_LOOP('',(#3667,#3668,#3669,#3675));
#3677=FACE_BOUND('',#3676,.T.);
#3678=ADVANCED_FACE('',(#3677),#3666,.T.);
#3679=OVER_RIDING_STYLED_ITEM('',(#997),#3678,#26);
#3680=CARTESIAN_POINT('',(766.439848603,223.7344138,-40.923881161));
#3681=DIRECTION('',(0.,0.,1.));
#3682=DIRECTION('',(-1.,0.,0.));
#3683=AXIS2_PLACEMENT_3D('',#3680,#3681,#3682);
#3684=PLANE('',#3683);
#3685=ORIENTED_EDGE('',*,*,#1524,.T.);
#3686=ORIENTED_EDGE('',*,*,#3674,.F.);
#3687=ORIENTED_EDGE('',*,*,#598,.F.);
#3688=CARTESIAN_POINT('',(769.339848603,224.5844138,-40.923881161));
#3689=DIRECTION('',(-1.,0.,0.));
#3690=VECTOR('',#3689,5.5);
#3691=LINE('',#3688,#3690);
#3692=EDGE_CURVE('',#585,#1519,#3691,.T.);
#3693=ORIENTED_EDGE('',*,*,#3692,.T.);
#3694=EDGE_LOOP('',(#3685,#3686,#3687,#3693));
#3695=FACE_BOUND('',#3694,.T.);
#3696=ADVANCED_FACE('',(#3695),#3684,.T.);
#3697=OVER_RIDING_STYLED_ITEM('',(#997),#3696,#26);
#3698=CARTESIAN_POINT('',(766.439848603,224.7844138,-41.123881161));
#3699=DIRECTION('',(0.,0.707106781,0.707106781));
#3700=DIRECTION('',(0.,-0.707106781,0.707106781));
#3701=AXIS2_PLACEMENT_3D('',#3698,#3699,#3700);
#3702=PLANE('',#3701);
#3703=ORIENTED_EDGE('',*,*,#1532,.T.);
#3704=ORIENTED_EDGE('',*,*,#3692,.F.);
#3705=ORIENTED_EDGE('',*,*,#590,.F.);
#3706=CARTESIAN_POINT('',(769.339848603,224.9844138,-41.323881161));
#3707=DIRECTION('',(-1.,0.,0.));
#3708=VECTOR('',#3707,5.5);
#3709=LINE('',#3706,#3708);
#3710=EDGE_CURVE('',#577,#1527,#3709,.T.);
#3711=ORIENTED_EDGE('',*,*,#3710,.T.);
#3712=EDGE_LOOP('',(#3703,#3704,#3705,#3711));
#3713=FACE_BOUND('',#3712,.T.);
#3714=ADVANCED_FACE('',(#3713),#3702,.T.);
#3715=OVER_RIDING_STYLED_ITEM('',(#997),#3714,#26);
#3716=CARTESIAN_POINT('',(766.439848603,224.9844138,-41.987444841));
#3717=DIRECTION('',(0.,1.,0.));
#3718=DIRECTION('',(0.,0.,1.));
#3719=AXIS2_PLACEMENT_3D('',#3716,#3717,#3718);
#3720=PLANE('',#3719);
#3721=ORIENTED_EDGE('',*,*,#1540,.T.);
#3722=ORIENTED_EDGE('',*,*,#3710,.F.);
#3723=ORIENTED_EDGE('',*,*,#582,.F.);
#3724=CARTESIAN_POINT('',(769.339848603,224.9844138,-42.651008522));
#3725=DIRECTION('',(-1.,0.,0.));
#3726=VECTOR('',#3725,5.5);
#3727=LINE('',#3724,#3726);
#3728=EDGE_CURVE('',#569,#1535,#3727,.T.);
#3729=ORIENTED_EDGE('',*,*,#3728,.T.);
#3730=EDGE_LOOP('',(#3721,#3722,#3723,#3729));
#3731=FACE_BOUND('',#3730,.T.);
#3732=ADVANCED_FACE('',(#3731),#3720,.T.);
#3733=OVER_RIDING_STYLED_ITEM('',(#997),#3732,#26);
#3734=CARTESIAN_POINT('',(766.439848603,226.065703121,-42.651008522));
#3735=DIRECTION('',(0.,0.,1.));
#3736=DIRECTION('',(-1.,0.,0.));
#3737=AXIS2_PLACEMENT_3D('',#3734,#3735,#3736);
#3738=PLANE('',#3737);
#3739=ORIENTED_EDGE('',*,*,#1548,.T.);
#3740=ORIENTED_EDGE('',*,*,#3728,.F.);
#3741=ORIENTED_EDGE('',*,*,#574,.F.);
#3742=ORIENTED_EDGE('',*,*,#1787,.T.);
#3743=EDGE_LOOP('',(#3739,#3740,#3741,#3742));
#3744=FACE_BOUND('',#3743,.T.);
#3745=ADVANCED_FACE('',(#3744),#3738,.T.);
#3746=OVER_RIDING_STYLED_ITEM('',(#997),#3745,#26);
#3747=CARTESIAN_POINT('',(766.439848603,226.065703121,-48.423834191));
#3748=DIRECTION('',(-0.,0.,-1.));
#3749=DIRECTION('',(1.,0.,-0.));
#3750=AXIS2_PLACEMENT_3D('',#3747,#3748,#3749);
#3751=PLANE('',#3750);
#3752=ORIENTED_EDGE('',*,*,#1468,.T.);
#3753=ORIENTED_EDGE('',*,*,#40,.F.);
#3754=ORIENTED_EDGE('',*,*,#652,.F.);
#3755=CARTESIAN_POINT('',(769.339848603,224.9844138,-48.423834191));
#3756=DIRECTION('',(-1.,0.,0.));
#3757=VECTOR('',#3756,5.5);
#3758=LINE('',#3755,#3757);
#3759=EDGE_CURVE('',#641,#1463,#3758,.T.);
#3760=ORIENTED_EDGE('',*,*,#3759,.T.);
#3761=EDGE_LOOP('',(#3752,#3753,#3754,#3760));
#3762=FACE_BOUND('',#3761,.T.);
#3763=ADVANCED_FACE('',(#3762),#3751,.T.);
#3764=OVER_RIDING_STYLED_ITEM('',(#997),#3763,#26);
#3765=CARTESIAN_POINT('',(766.439848603,224.9844138,-49.050985037));
#3766=DIRECTION('',(0.,1.,0.));
#3767=DIRECTION('',(0.,0.,1.));
#3768=AXIS2_PLACEMENT_3D('',#3765,#3766,#3767);
#3769=PLANE('',#3768);
#3770=ORIENTED_EDGE('',*,*,#1476,.T.);
#3771=ORIENTED_EDGE('',*,*,#3759,.F.);
#3772=ORIENTED_EDGE('',*,*,#646,.F.);
#3773=CARTESIAN_POINT('',(769.339848603,224.9844138,-49.678135883));
#3774=DIRECTION('',(-1.,0.,0.));
#3775=VECTOR('',#3774,5.5);
#3776=LINE('',#3773,#3775);
#3777=EDGE_CURVE('',#633,#1471,#3776,.T.);
#3778=ORIENTED_EDGE('',*,*,#3777,.T.);
#3779=EDGE_LOOP('',(#3770,#3771,#3772,#3778));
#3780=FACE_BOUND('',#3779,.T.);
#3781=ADVANCED_FACE('',(#3780),#3769,.T.);
#3782=OVER_RIDING_STYLED_ITEM('',(#997),#3781,#26);
#3783=CARTESIAN_POINT('',(766.439848603,224.7844138,-49.878135883));
#3784=DIRECTION('',(-0.,0.707106781,-0.707106781));
#3785=DIRECTION('',(0.,0.707106781,0.707106781));
#3786=AXIS2_PLACEMENT_3D('',#3783,#3784,#3785);
#3787=PLANE('',#3786);
#3788=ORIENTED_EDGE('',*,*,#1484,.T.);
#3789=ORIENTED_EDGE('',*,*,#3777,.F.);
#3790=ORIENTED_EDGE('',*,*,#638,.F.);
#3791=CARTESIAN_POINT('',(769.339848603,224.5844138,-50.078135883));
#3792=DIRECTION('',(-1.,0.,0.));
#3793=VECTOR('',#3792,5.5);
#3794=LINE('',#3791,#3793);
#3795=EDGE_CURVE('',#625,#1479,#3794,.T.);
#3796=ORIENTED_EDGE('',*,*,#3795,.T.);
#3797=EDGE_LOOP('',(#3788,#3789,#3790,#3796));
#3798=FACE_BOUND('',#3797,.T.);
#3799=ADVANCED_FACE('',(#3798),#3787,.T.);
#3800=OVER_RIDING_STYLED_ITEM('',(#997),#3799,#26);
#3801=CARTESIAN_POINT('',(766.439848603,223.7344138,-50.078135883));
#3802=DIRECTION('',(-0.,0.,-1.));
#3803=DIRECTION('',(1.,0.,-0.));
#3804=AXIS2_PLACEMENT_3D('',#3801,#3802,#3803);
#3805=PLANE('',#3804);
#3806=ORIENTED_EDGE('',*,*,#1492,.T.);
#3807=ORIENTED_EDGE('',*,*,#3795,.F.);
#3808=ORIENTED_EDGE('',*,*,#630,.F.);
#3809=CARTESIAN_POINT('',(769.339848603,222.8844138,-50.078135883));
#3810=DIRECTION('',(-1.,0.,0.));
#3811=VECTOR('',#3810,5.5);
#3812=LINE('',#3809,#3811);
#3813=EDGE_CURVE('',#617,#1487,#3812,.T.);
#3814=ORIENTED_EDGE('',*,*,#3813,.T.);
#3815=EDGE_LOOP('',(#3806,#3807,#3808,#3814));
#3816=FACE_BOUND('',#3815,.T.);
#3817=ADVANCED_FACE('',(#3816),#3805,.T.);
#3818=OVER_RIDING_STYLED_ITEM('',(#997),#3817,#26);
#3819=CARTESIAN_POINT('',(766.439848603,222.0594138,-49.239572202));
#3820=DIRECTION('',(-0.,-0.712848403,-0.701318154));
#3821=DIRECTION('',(0.,0.701318154,-0.712848403));
#3822=AXIS2_PLACEMENT_3D('',#3819,#3820,#3821);
#3823=PLANE('',#3822);
#3824=ORIENTED_EDGE('',*,*,#1500,.T.);
#3825=ORIENTED_EDGE('',*,*,#3813,.F.);
#3826=ORIENTED_EDGE('',*,*,#622,.F.);
#3827=ORIENTED_EDGE('',*,*,#3649,.T.);
#3828=EDGE_LOOP('',(#3824,#3825,#3826,#3827));
#3829=FACE_BOUND('',#3828,.T.);
#3830=ADVANCED_FACE('',(#3829),#3823,.T.);
#3831=OVER_RIDING_STYLED_ITEM('',(#997),#3830,#26);
#3832=CLOSED_SHELL('',(#66,#106,#178,#259,#323,#396,#990,#1768,#1791,#1822,#1839,#1865,#1896,#1927,#1958,#1982,#2006,#2030,#2054,#2141,#2158,#2189,#2206,#2225,#2251,#2268,
#2280,#2297,#2414,#2431,#2443,#2460,#2477,#2494,#2516,#2533,#2550,#2567,#2584,#2596,#2608,#2620,#2632,#2654,#2676,#2698,#2720,#2742,#2764,#2786,#2808,
#2830,#2852,#2874,#2896,#2918,#2940,#2962,#2984,#3006,#3028,#3050,#3072,#3084,#3096,#3108,#3120,#3132,#3144,#3156,#3168,#3180,#3192,#3204,#3216,#3228,
#3240,#3252,#3264,#3276,#3288,#3300,#3312,#3334,#3351,#3368,#3385,#3397,#3409,#3421,#3433,#3445,#3467,#3485,#3503,#3521,#3539,#3552,#3570,#3588,#3606,
#3624,#3637,#3660,#3678,#3696,#3714,#3732,#3745,#3763,#3781,#3799,#3817,#3830));
#3833=MANIFOLD_SOLID_BREP('belt cart mod adjustable belt motor mount right',#3832);
#3834=COLOUR_RGB('',0.368627459,1.,0.925490201);
#3835=FILL_AREA_STYLE_COLOUR('',#3834);
#3836=FILL_AREA_STYLE('',(#3835));
#3837=SURFACE_STYLE_FILL_AREA(#3836);
#3838=SURFACE_SIDE_STYLE('',(#3837));
#3839=SURFACE_STYLE_USAGE(.BOTH.,#3838);
#3840=PRESENTATION_STYLE_ASSIGNMENT((#3839));
#26=STYLED_ITEM('',(#3840),#3833);
#16=SHAPE_REPRESENTATION('belt cart mod adjustable belt motor mount right',(#15),#10);
#17=ADVANCED_BREP_SHAPE_REPRESENTATION('belt cart mod adjustable belt motor mount right',(#3833),#10);
#3848=SHAPE_REPRESENTATION_RELATIONSHIP('','',#16,#17);
#3849=CARTESIAN_POINT('',(0.,0.,0.));
#3850=DIRECTION('',(0.,0.,1.));
#3851=DIRECTION('',(1.,0.,0.));
#3852=AXIS2_PLACEMENT_3D('',#3849,#3850,#3851);
#3854=MAPPED_ITEM('',#3853,#3852);
#3853=REPRESENTATION_MAP(#3852,#16);
#3855=APPLICATION_CONTEXT('Managed model based 3d engineering');
#3856=APPLICATION_PROTOCOL_DEFINITION('international standard','ap242_managed_model_based_3d_engineering',2014,#3855);
#3857=PRODUCT_CONTEXT('',#3855,'mechanical');
#3858=PRODUCT_DEFINITION_CONTEXT('part definition',#3855,'design');
#24=PRODUCT('belt cart mod adjustable belt motor mount right','belt cart mod adjustable belt motor mount right','',(#3857));
#3859=PRODUCT_RELATED_PRODUCT_CATEGORY('part','',(#24));
#3860=PRODUCT_DEFINITION_FORMATION_WITH_SPECIFIED_SOURCE('','',#24,.NOT_KNOWN.);
#25=PRODUCT_DEFINITION('design','',#3860,#3858);
#23=PRODUCT_DEFINITION_SHAPE('','',#25);
#3861=SHAPE_DEFINITION_REPRESENTATION(#23,#16);
#11=DRAUGHTING_MODEL('',(#3854),#10);
#3862=DESCRIPTIVE_REPRESENTATION_ITEM('KEY','C:\\Users\\cdeit\\AppData\\Local\\Packages\\Shapr3D.Shapr3D_j403pzjkqtqbj\\TempState\\64c807d3-abe0-4bfc-9dee-f0b146d1ce0b.tmp');
#3863=PROPERTY_DEFINITION('KEY','',#25);
#3864=REPRESENTATION('',(#3862),#10);
#3865=PROPERTY_DEFINITION_REPRESENTATION(#3863,#3864);
#3866=GENERAL_PROPERTY('','KEY','');
#3867=GENERAL_PROPERTY_ASSOCIATION('','',#3866,#3863);
#1=MECHANICAL_DESIGN_GEOMETRIC_PRESENTATION_REPRESENTATION('',(#998,#1769,#3468,#3486,#3504,#3522,#3540,#3553,#3571,#3589,#3607,#3625,#3638,#3661,#3679,#3697,#3715,#3733,#3746,#3764,#3782,#3800,#3818,#3831,#26),#10);
ENDSEC;
END-ISO-10303-21;
