ISO-10303-21;
HEADER;

/* File generated by Shapr3D Version 26.142.11496.0 */

FILE_DESCRIPTION(('HOOPS Exchange Step'),'2;1');

FILE_NAME('C:\\Users\\cdeit\\AppData\\Local\\Packages\\Shapr3D.Shapr3D_j403pzjkqtqbj\\TempState\\export\\temp_export',
'2026-08-14T11:25:31-04:00',
('cdeit'),
('Shapr3D Limited'),
'HOOPS Exchange 2026.3',
'Shapr3D',
'Authorized');

FILE_SCHEMA( ('AP242_MANAGED_MODEL_BASED_3D_ENGINEERING_MIM_LF {1 0 10303 442 1 1 4}') );

ENDSEC;

DATA;
#3=(NAMED_UNIT(*)PLANE_ANGLE_UNIT()SI_UNIT($,.RADIAN.));
#4=PLANE_ANGLE_MEASURE_WITH_UNIT(PLANE_ANGLE_MEASURE(0.0174532925),#3);
#5=(CONVERSION_BASED_UNIT('DEGREE',#4)NAMED_UNIT(#6)PLANE_ANGLE_UNIT());
#6=DIMENSIONAL_EXPONENTS(0.,0.,0.,0.,0.,0.,0.);
#7=(NAMED_UNIT(*)SI_UNIT($,.STERADIAN.)SOLID_ANGLE_UNIT());
#8=(LENGTH_UNIT()NAMED_UNIT(*)SI_UNIT(.MILLI.,.METRE.));
#9=UNCERTAINTY_MEASURE_WITH_UNIT(LENGTH_MEASURE(1.000000E-05),#8,'DISTANCE_ACCURACY_VALUE','Maximum Tolerance applied to model');
#10=(GEOMETRIC_REPRESENTATION_CONTEXT(3)GLOBAL_UNCERTAINTY_ASSIGNED_CONTEXT((#9))GLOBAL_UNIT_ASSIGNED_CONTEXT((#8,#5,#7))REPRESENTATION_CONTEXT('','front roller arm toolless frame-side part 1 front right'));
#12=CARTESIAN_POINT('',(0.,0.,0.));
#13=DIRECTION('',(0.,0.,1.));
#14=DIRECTION('',(1.,0.,0.));
#15=AXIS2_PLACEMENT_3D('',#12,#13,#14);
#27=CARTESIAN_POINT('',(761.839848603,-1.255797361,-83.037421356));
#28=DIRECTION('',(0.,-0.,-1.));
#29=DIRECTION('',(0.,1.,-0.));
#30=AXIS2_PLACEMENT_3D('',#27,#28,#29);
#31=PLANE('',#30);
#32=CARTESIAN_POINT('',(742.839848603,166.744202639,-83.037421357));
#33=VERTEX_POINT('',#32);
#34=CARTESIAN_POINT('',(800.839848603,166.744202639,-83.037421357));
#35=VERTEX_POINT('',#34);
#36=CARTESIAN_POINT('',(742.839848603,166.744202639,-83.037421357));
#37=DIRECTION('',(1.,0.,0.));
#38=VECTOR('',#37,58.);
#39=LINE('',#36,#38);
#40=EDGE_CURVE('',#33,#35,#39,.T.);
#41=ORIENTED_EDGE('',*,*,#40,.T.);
#42=CARTESIAN_POINT('',(800.839848603,151.062638851,-83.037421357));
#43=VERTEX_POINT('',#42);
#44=CARTESIAN_POINT('',(800.839848603,151.062638851,-83.037421357));
#45=DIRECTION('',(0.,1.,-0.));
#46=VECTOR('',#45,15.681563788);
#47=LINE('',#44,#46);
#48=EDGE_CURVE('',#43,#35,#47,.T.);
#49=ORIENTED_EDGE('',*,*,#48,.F.);
#50=CARTESIAN_POINT('',(742.839848603,151.062638851,-83.037421357));
#51=VERTEX_POINT('',#50);
#52=CARTESIAN_POINT('',(742.839848603,151.062638851,-83.037421357));
#53=DIRECTION('',(1.,0.,0.));
#54=VECTOR('',#53,58.);
#55=LINE('',#52,#54);
#56=EDGE_CURVE('',#51,#43,#55,.T.);
#57=ORIENTED_EDGE('',*,*,#56,.F.);
#58=CARTESIAN_POINT('',(742.839848603,166.744202639,-83.037421357));
#59=DIRECTION('',(-0.,-1.,0.));
#60=VECTOR('',#59,15.681563788);
#61=LINE('',#58,#60);
#62=EDGE_CURVE('',#33,#51,#61,.T.);
#63=ORIENTED_EDGE('',*,*,#62,.F.);
#64=EDGE_LOOP('',(#41,#49,#57,#63));
#65=FACE_BOUND('',#64,.T.);
#66=ADVANCED_FACE('',(#65),#31,.T.);
#67=CARTESIAN_POINT('',(753.625548513,166.744202639,-76.037421356));
#68=DIRECTION('',(0.,1.,0.));
#69=DIRECTION('',(-1.,0.,0.));
#70=AXIS2_PLACEMENT_3D('',#67,#68,#69);
#71=PLANE('',#70);
#72=CARTESIAN_POINT('',(800.839848603,166.744202639,-25.7));
#73=VERTEX_POINT('',#72);
#74=CARTESIAN_POINT('',(742.839848603,166.744202639,-25.7));
#75=VERTEX_POINT('',#74);
#76=CARTESIAN_POINT('',(800.839848603,166.744202639,-25.7));
#77=DIRECTION('',(-1.,0.,-0.));
#78=VECTOR('',#77,58.);
#79=LINE('',#76,#78);
#80=EDGE_CURVE('',#73,#75,#79,.T.);
#81=ORIENTED_EDGE('',*,*,#80,.F.);
#82=CARTESIAN_POINT('',(800.839848603,166.744202639,-35.337421356));
#83=VERTEX_POINT('',#82);
#84=CARTESIAN_POINT('',(800.839848603,166.744202639,-35.337421356));
#85=DIRECTION('',(-0.,-0.,1.));
#86=VECTOR('',#85,9.637421356);
#87=LINE('',#84,#86);
#88=EDGE_CURVE('',#83,#73,#87,.T.);
#89=ORIENTED_EDGE('',*,*,#88,.F.);
#90=CARTESIAN_POINT('',(742.839848603,166.744202639,-35.337421356));
#91=VERTEX_POINT('',#90);
#92=CARTESIAN_POINT('',(742.839848603,166.744202639,-35.337421356));
#93=DIRECTION('',(1.,-0.,0.));
#94=VECTOR('',#93,58.);
#95=LINE('',#92,#94);
#96=EDGE_CURVE('',#91,#83,#95,.T.);
#97=ORIENTED_EDGE('',*,*,#96,.F.);
#98=CARTESIAN_POINT('',(742.839848603,166.744202639,-25.7));
#99=DIRECTION('',(0.,0.,-1.));
#100=VECTOR('',#99,9.637421356);
#101=LINE('',#98,#100);
#102=EDGE_CURVE('',#75,#91,#101,.T.);
#103=ORIENTED_EDGE('',*,*,#102,.F.);
#104=EDGE_LOOP('',(#81,#89,#97,#103));
#105=FACE_BOUND('',#104,.T.);
#106=ADVANCED_FACE('',(#105),#71,.T.);
#107=CARTESIAN_POINT('',(801.839848603,51.74420252,-48.7));
#108=DIRECTION('',(1.,-0.,0.));
#109=DIRECTION('',(0.,1.,-0.));
#110=AXIS2_PLACEMENT_3D('',#107,#108,#109);
#111=PLANE('',#110);
#112=CARTESIAN_POINT('',(801.839848603,126.991338132,-25.700002658));
#113=VERTEX_POINT('',#112);
#114=CARTESIAN_POINT('',(801.839848603,165.744202639,-25.7));
#115=VERTEX_POINT('',#114);
#116=CARTESIAN_POINT('',(801.839848603,126.991338132,-25.7));
#117=DIRECTION('',(0.,1.,-0.));
#118=VECTOR('',#117,38.752864507);
#119=LINE('',#116,#118);
#120=EDGE_CURVE('',#113,#115,#119,.T.);
#121=ORIENTED_EDGE('',*,*,#120,.F.);
#122=CARTESIAN_POINT('',(801.839848603,93.237992889,-73.904775388));
#123=VERTEX_POINT('',#122);
#124=CARTESIAN_POINT('',(801.839848603,93.237992889,-73.904775388));
#125=DIRECTION('',(0.,0.573576436,0.819152044));
#126=VECTOR('',#125,58.847161605);
#127=LINE('',#124,#126);
#128=EDGE_CURVE('',#123,#113,#127,.T.);
#129=ORIENTED_EDGE('',*,*,#128,.F.);
#130=CARTESIAN_POINT('',(801.839848603,110.275544664,-73.904772735));
#131=VERTEX_POINT('',#130);
#132=CARTESIAN_POINT('',(801.839848603,110.275544664,-73.904772735));
#133=DIRECTION('',(-0.,-1.,0.));
#134=VECTOR('',#133,17.037551775);
#135=LINE('',#132,#134);
#136=EDGE_CURVE('',#131,#123,#135,.T.);
#137=ORIENTED_EDGE('',*,*,#136,.F.);
#138=CARTESIAN_POINT('',(801.839848603,151.161130255,-82.037421357));
#139=VERTEX_POINT('',#138);
#140=CARTESIAN_POINT('',(801.839848603,151.161130255,-82.037421357));
#141=DIRECTION('',(-0.,-0.98078528,0.195090322));
#142=VECTOR('',#141,41.686581566);
#143=LINE('',#140,#142);
#144=EDGE_CURVE('',#139,#131,#143,.T.);
#145=ORIENTED_EDGE('',*,*,#144,.F.);
#146=CARTESIAN_POINT('',(801.839848603,166.744202639,-82.037421357));
#147=VERTEX_POINT('',#146);
#148=CARTESIAN_POINT('',(801.839848603,166.744202639,-82.037421357));
#149=DIRECTION('',(-0.,-1.,0.));
#150=VECTOR('',#149,15.583072384);
#151=LINE('',#148,#150);
#152=EDGE_CURVE('',#147,#139,#151,.T.);
#153=ORIENTED_EDGE('',*,*,#152,.F.);
#154=CARTESIAN_POINT('',(801.839848603,166.744202639,-75.737421356));
#155=VERTEX_POINT('',#154);
#156=CARTESIAN_POINT('',(801.839848603,166.744202639,-82.037421357));
#157=DIRECTION('',(-0.,-0.,1.));
#158=VECTOR('',#157,6.3);
#159=LINE('',#156,#158);
#160=EDGE_CURVE('',#147,#155,#159,.T.);
#161=ORIENTED_EDGE('',*,*,#160,.T.);
#162=CARTESIAN_POINT('',(801.839848603,159.985615474,-75.737421356));
#163=VERTEX_POINT('',#162);
#164=CARTESIAN_POINT('',(801.839848603,159.985615474,-75.737421356));
#165=DIRECTION('',(0.,1.,0.));
#166=VECTOR('',#165,6.758587165);
#167=LINE('',#164,#166);
#168=EDGE_CURVE('',#163,#155,#167,.T.);
#169=ORIENTED_EDGE('',*,*,#168,.F.);
#170=CARTESIAN_POINT('',(801.839848603,159.985615474,-73.574842713));
#171=VERTEX_POINT('',#170);
#172=CARTESIAN_POINT('',(801.839848603,159.985615474,-75.737421356));
#173=DIRECTION('',(-0.,-0.,1.));
#174=VECTOR('',#173,2.162578643);
#175=LINE('',#172,#174);
#176=EDGE_CURVE('',#163,#171,#175,.T.);
#177=ORIENTED_EDGE('',*,*,#176,.T.);
#178=CARTESIAN_POINT('',(801.839848603,161.312742835,-73.574842713));
#179=VERTEX_POINT('',#178);
#180=CARTESIAN_POINT('',(801.839848603,159.985615474,-73.574842713));
#181=DIRECTION('',(0.,1.,0.));
#182=VECTOR('',#181,1.327127361);
#183=LINE('',#180,#182);
#184=EDGE_CURVE('',#171,#179,#183,.T.);
#185=ORIENTED_EDGE('',*,*,#184,.T.);
#186=CARTESIAN_POINT('',(801.839848603,161.712742835,-73.174842713));
#187=VERTEX_POINT('',#186);
#188=CARTESIAN_POINT('',(801.839848603,161.312742835,-73.574842713));
#189=DIRECTION('',(0.,0.707106781,0.707106781));
#190=VECTOR('',#189,0.565685425);
#191=LINE('',#188,#190);
#192=EDGE_CURVE('',#179,#187,#191,.T.);
#193=ORIENTED_EDGE('',*,*,#192,.T.);
#194=CARTESIAN_POINT('',(801.839848603,161.712742835,-71.474842713));
#195=VERTEX_POINT('',#194);
#196=CARTESIAN_POINT('',(801.839848603,161.712742835,-73.174842713));
#197=DIRECTION('',(-0.,-0.,1.));
#198=VECTOR('',#197,1.7);
#199=LINE('',#196,#198);
#200=EDGE_CURVE('',#187,#195,#199,.T.);
#201=ORIENTED_EDGE('',*,*,#200,.T.);
#202=CARTESIAN_POINT('',(801.839848603,160.035615474,-69.824842713));
#203=VERTEX_POINT('',#202);
#204=CARTESIAN_POINT('',(801.839848603,160.035615474,-69.824842713));
#205=DIRECTION('',(0.,0.712848403,-0.701318154));
#206=VECTOR('',#205,2.352712517);
#207=LINE('',#204,#206);
#208=EDGE_CURVE('',#203,#195,#207,.T.);
#209=ORIENTED_EDGE('',*,*,#208,.F.);
#210=CARTESIAN_POINT('',(801.839848603,154.235615474,-69.824842713));
#211=VERTEX_POINT('',#210);
#212=CARTESIAN_POINT('',(801.839848603,160.035615474,-69.824842713));
#213=DIRECTION('',(-0.,-1.,-0.));
#214=VECTOR('',#213,5.8);
#215=LINE('',#212,#214);
#216=EDGE_CURVE('',#203,#211,#215,.T.);
#217=ORIENTED_EDGE('',*,*,#216,.T.);
#218=CARTESIAN_POINT('',(801.839848603,152.558488112,-71.474842713));
#219=VERTEX_POINT('',#218);
#220=CARTESIAN_POINT('',(801.839848603,152.558488112,-71.474842713));
#221=DIRECTION('',(0.,0.712848403,0.701318154));
#222=VECTOR('',#221,2.352712517);
#223=LINE('',#220,#222);
#224=EDGE_CURVE('',#219,#211,#223,.T.);
#225=ORIENTED_EDGE('',*,*,#224,.F.);
#226=CARTESIAN_POINT('',(801.839848603,152.558488112,-73.174842713));
#227=VERTEX_POINT('',#226);
#228=CARTESIAN_POINT('',(801.839848603,152.558488112,-71.474842713));
#229=DIRECTION('',(0.,0.,-1.));
#230=VECTOR('',#229,1.7);
#231=LINE('',#228,#230);
#232=EDGE_CURVE('',#219,#227,#231,.T.);
#233=ORIENTED_EDGE('',*,*,#232,.T.);
#234=CARTESIAN_POINT('',(801.839848603,152.958488112,-73.574842713));
#235=VERTEX_POINT('',#234);
#236=CARTESIAN_POINT('',(801.839848603,152.558488112,-73.174842713));
#237=DIRECTION('',(0.,0.707106781,-0.707106781));
#238=VECTOR('',#237,0.565685425);
#239=LINE('',#236,#238);
#240=EDGE_CURVE('',#227,#235,#239,.T.);
#241=ORIENTED_EDGE('',*,*,#240,.T.);
#242=CARTESIAN_POINT('',(801.839848603,154.212789804,-73.574842713));
#243=VERTEX_POINT('',#242);
#244=CARTESIAN_POINT('',(801.839848603,152.958488112,-73.574842713));
#245=DIRECTION('',(0.,1.,0.));
#246=VECTOR('',#245,1.254301692);
#247=LINE('',#244,#246);
#248=EDGE_CURVE('',#235,#243,#247,.T.);
#249=ORIENTED_EDGE('',*,*,#248,.T.);
#250=CARTESIAN_POINT('',(801.839848603,154.212789804,-75.737421356));
#251=VERTEX_POINT('',#250);
#252=CARTESIAN_POINT('',(801.839848603,154.212789804,-73.574842713));
#253=DIRECTION('',(0.,0.,-1.));
#254=VECTOR('',#253,2.162578643);
#255=LINE('',#252,#254);
#256=EDGE_CURVE('',#243,#251,#255,.T.);
#257=ORIENTED_EDGE('',*,*,#256,.T.);
#258=CARTESIAN_POINT('',(801.839848603,146.944202639,-75.737421356));
#259=VERTEX_POINT('',#258);
#260=CARTESIAN_POINT('',(801.839848603,146.944202639,-75.737421356));
#261=DIRECTION('',(0.,1.,0.));
#262=VECTOR('',#261,7.268587165);
#263=LINE('',#260,#262);
#264=EDGE_CURVE('',#259,#251,#263,.T.);
#265=ORIENTED_EDGE('',*,*,#264,.F.);
#266=CARTESIAN_POINT('',(801.839848603,146.944202639,-68.423834191));
#267=VERTEX_POINT('',#266);
#268=CARTESIAN_POINT('',(801.839848603,146.944202639,-68.423834191));
#269=DIRECTION('',(0.,0.,-1.));
#270=VECTOR('',#269,7.313587165);
#271=LINE('',#268,#270);
#272=EDGE_CURVE('',#267,#259,#271,.T.);
#273=ORIENTED_EDGE('',*,*,#272,.F.);
#274=CARTESIAN_POINT('',(801.839848603,149.106781282,-68.423834191));
#275=VERTEX_POINT('',#274);
#276=CARTESIAN_POINT('',(801.839848603,146.944202639,-68.423834191));
#277=DIRECTION('',(0.,1.,0.));
#278=VECTOR('',#277,2.162578644);
#279=LINE('',#276,#278);
#280=EDGE_CURVE('',#267,#275,#279,.T.);
#281=ORIENTED_EDGE('',*,*,#280,.T.);
#282=CARTESIAN_POINT('',(801.839848603,149.106781282,-69.750961552));
#283=VERTEX_POINT('',#282);
#284=CARTESIAN_POINT('',(801.839848603,149.106781282,-68.423834191));
#285=DIRECTION('',(0.,0.,-1.));
#286=VECTOR('',#285,1.327127361);
#287=LINE('',#284,#286);
#288=EDGE_CURVE('',#275,#283,#287,.T.);
#289=ORIENTED_EDGE('',*,*,#288,.T.);
#290=CARTESIAN_POINT('',(801.839848603,149.506781282,-70.150961552));
#291=VERTEX_POINT('',#290);
#292=CARTESIAN_POINT('',(801.839848603,149.106781282,-69.750961552));
#293=DIRECTION('',(0.,0.707106781,-0.707106781));
#294=VECTOR('',#293,0.565685425);
#295=LINE('',#292,#294);
#296=EDGE_CURVE('',#283,#291,#295,.T.);
#297=ORIENTED_EDGE('',*,*,#296,.T.);
#298=CARTESIAN_POINT('',(801.839848603,151.206781282,-70.150961552));
#299=VERTEX_POINT('',#298);
#300=CARTESIAN_POINT('',(801.839848603,149.506781282,-70.150961552));
#301=DIRECTION('',(0.,1.,0.));
#302=VECTOR('',#301,1.7);
#303=LINE('',#300,#302);
#304=EDGE_CURVE('',#291,#299,#303,.T.);
#305=ORIENTED_EDGE('',*,*,#304,.T.);
#306=CARTESIAN_POINT('',(801.839848603,152.856781282,-68.473834191));
#307=VERTEX_POINT('',#306);
#308=CARTESIAN_POINT('',(801.839848603,152.856781282,-68.473834191));
#309=DIRECTION('',(-0.,-0.701318154,-0.712848403));
#310=VECTOR('',#309,2.352712517);
#311=LINE('',#308,#310);
#312=EDGE_CURVE('',#307,#299,#311,.T.);
#313=ORIENTED_EDGE('',*,*,#312,.F.);
#314=CARTESIAN_POINT('',(801.839848603,152.856781282,-62.673834191));
#315=VERTEX_POINT('',#314);
#316=CARTESIAN_POINT('',(801.839848603,152.856781282,-68.473834191));
#317=DIRECTION('',(-0.,-0.,1.));
#318=VECTOR('',#317,5.8);
#319=LINE('',#316,#318);
#320=EDGE_CURVE('',#307,#315,#319,.T.);
#321=ORIENTED_EDGE('',*,*,#320,.T.);
#322=CARTESIAN_POINT('',(801.839848603,151.206781282,-60.99670683));
#323=VERTEX_POINT('',#322);
#324=CARTESIAN_POINT('',(801.839848603,151.206781282,-60.99670683));
#325=DIRECTION('',(0.,0.701318154,-0.712848403));
#326=VECTOR('',#325,2.352712517);
#327=LINE('',#324,#326);
#328=EDGE_CURVE('',#323,#315,#327,.T.);
#329=ORIENTED_EDGE('',*,*,#328,.F.);
#330=CARTESIAN_POINT('',(801.839848603,149.506781282,-60.99670683));
#331=VERTEX_POINT('',#330);
#332=CARTESIAN_POINT('',(801.839848603,151.206781282,-60.99670683));
#333=DIRECTION('',(-0.,-1.,-0.));
#334=VECTOR('',#333,1.7);
#335=LINE('',#332,#334);
#336=EDGE_CURVE('',#323,#331,#335,.T.);
#337=ORIENTED_EDGE('',*,*,#336,.T.);
#338=CARTESIAN_POINT('',(801.839848603,149.106781282,-61.39670683));
#339=VERTEX_POINT('',#338);
#340=CARTESIAN_POINT('',(801.839848603,149.506781282,-60.99670683));
#341=DIRECTION('',(-0.,-0.707106781,-0.707106781));
#342=VECTOR('',#341,0.565685425);
#343=LINE('',#340,#342);
#344=EDGE_CURVE('',#331,#339,#343,.T.);
#345=ORIENTED_EDGE('',*,*,#344,.T.);
#346=CARTESIAN_POINT('',(801.839848603,149.106781282,-62.651008522));
#347=VERTEX_POINT('',#346);
#348=CARTESIAN_POINT('',(801.839848603,149.106781282,-61.39670683));
#349=DIRECTION('',(0.,0.,-1.));
#350=VECTOR('',#349,1.254301692);
#351=LINE('',#348,#350);
#352=EDGE_CURVE('',#339,#347,#351,.T.);
#353=ORIENTED_EDGE('',*,*,#352,.T.);
#354=CARTESIAN_POINT('',(801.839848603,146.944202639,-62.651008522));
#355=VERTEX_POINT('',#354);
#356=CARTESIAN_POINT('',(801.839848603,149.106781282,-62.651008522));
#357=DIRECTION('',(-0.,-1.,-0.));
#358=VECTOR('',#357,2.162578644);
#359=LINE('',#356,#358);
#360=EDGE_CURVE('',#347,#355,#359,.T.);
#361=ORIENTED_EDGE('',*,*,#360,.T.);
#362=CARTESIAN_POINT('',(801.839848603,146.944202639,-48.423834191));
#363=VERTEX_POINT('',#362);
#364=CARTESIAN_POINT('',(801.839848603,146.944202639,-48.423834191));
#365=DIRECTION('',(0.,0.,-1.));
#366=VECTOR('',#365,14.227174331);
#367=LINE('',#364,#366);
#368=EDGE_CURVE('',#363,#355,#367,.T.);
#369=ORIENTED_EDGE('',*,*,#368,.F.);
#370=CARTESIAN_POINT('',(801.839848603,149.106781282,-48.423834191));
#371=VERTEX_POINT('',#370);
#372=CARTESIAN_POINT('',(801.839848603,146.944202639,-48.423834191));
#373=DIRECTION('',(0.,1.,0.));
#374=VECTOR('',#373,2.162578644);
#375=LINE('',#372,#374);
#376=EDGE_CURVE('',#363,#371,#375,.T.);
#377=ORIENTED_EDGE('',*,*,#376,.T.);
#378=CARTESIAN_POINT('',(801.839848603,149.106781282,-49.750961552));
#379=VERTEX_POINT('',#378);
#380=CARTESIAN_POINT('',(801.839848603,149.106781282,-48.423834191));
#381=DIRECTION('',(0.,0.,-1.));
#382=VECTOR('',#381,1.327127361);
#383=LINE('',#380,#382);
#384=EDGE_CURVE('',#371,#379,#383,.T.);
#385=ORIENTED_EDGE('',*,*,#384,.T.);
#386=CARTESIAN_POINT('',(801.839848603,149.506781282,-50.150961552));
#387=VERTEX_POINT('',#386);
#388=CARTESIAN_POINT('',(801.839848603,149.106781282,-49.750961552));
#389=DIRECTION('',(0.,0.707106781,-0.707106781));
#390=VECTOR('',#389,0.565685425);
#391=LINE('',#388,#390);
#392=EDGE_CURVE('',#379,#387,#391,.T.);
#393=ORIENTED_EDGE('',*,*,#392,.T.);
#394=CARTESIAN_POINT('',(801.839848603,151.206781282,-50.150961552));
#395=VERTEX_POINT('',#394);
#396=CARTESIAN_POINT('',(801.839848603,149.506781282,-50.150961552));
#397=DIRECTION('',(0.,1.,0.));
#398=VECTOR('',#397,1.7);
#399=LINE('',#396,#398);
#400=EDGE_CURVE('',#387,#395,#399,.T.);
#401=ORIENTED_EDGE('',*,*,#400,.T.);
#402=CARTESIAN_POINT('',(801.839848603,152.856781282,-48.473834191));
#403=VERTEX_POINT('',#402);
#404=CARTESIAN_POINT('',(801.839848603,152.856781282,-48.473834191));
#405=DIRECTION('',(-0.,-0.701318154,-0.712848403));
#406=VECTOR('',#405,2.352712517);
#407=LINE('',#404,#406);
#408=EDGE_CURVE('',#403,#395,#407,.T.);
#409=ORIENTED_EDGE('',*,*,#408,.F.);
#410=CARTESIAN_POINT('',(801.839848603,152.856781282,-42.673834191));
#411=VERTEX_POINT('',#410);
#412=CARTESIAN_POINT('',(801.839848603,152.856781282,-48.473834191));
#413=DIRECTION('',(-0.,-0.,1.));
#414=VECTOR('',#413,5.8);
#415=LINE('',#412,#414);
#416=EDGE_CURVE('',#403,#411,#415,.T.);
#417=ORIENTED_EDGE('',*,*,#416,.T.);
#418=CARTESIAN_POINT('',(801.839848603,151.206781282,-40.99670683));
#419=VERTEX_POINT('',#418);
#420=CARTESIAN_POINT('',(801.839848603,151.206781282,-40.99670683));
#421=DIRECTION('',(0.,0.701318154,-0.712848403));
#422=VECTOR('',#421,2.352712517);
#423=LINE('',#420,#422);
#424=EDGE_CURVE('',#419,#411,#423,.T.);
#425=ORIENTED_EDGE('',*,*,#424,.F.);
#426=CARTESIAN_POINT('',(801.839848603,149.506781282,-40.99670683));
#427=VERTEX_POINT('',#426);
#428=CARTESIAN_POINT('',(801.839848603,151.206781282,-40.99670683));
#429=DIRECTION('',(-0.,-1.,-0.));
#430=VECTOR('',#429,1.7);
#431=LINE('',#428,#430);
#432=EDGE_CURVE('',#419,#427,#431,.T.);
#433=ORIENTED_EDGE('',*,*,#432,.T.);
#434=CARTESIAN_POINT('',(801.839848603,149.106781282,-41.39670683));
#435=VERTEX_POINT('',#434);
#436=CARTESIAN_POINT('',(801.839848603,149.506781282,-40.99670683));
#437=DIRECTION('',(-0.,-0.707106781,-0.707106781));
#438=VECTOR('',#437,0.565685425);
#439=LINE('',#436,#438);
#440=EDGE_CURVE('',#427,#435,#439,.T.);
#441=ORIENTED_EDGE('',*,*,#440,.T.);
#442=CARTESIAN_POINT('',(801.839848603,149.106781282,-42.651008522));
#443=VERTEX_POINT('',#442);
#444=CARTESIAN_POINT('',(801.839848603,149.106781282,-41.39670683));
#445=DIRECTION('',(0.,0.,-1.));
#446=VECTOR('',#445,1.254301692);
#447=LINE('',#444,#446);
#448=EDGE_CURVE('',#435,#443,#447,.T.);
#449=ORIENTED_EDGE('',*,*,#448,.T.);
#450=CARTESIAN_POINT('',(801.839848603,146.944202639,-42.651008522));
#451=VERTEX_POINT('',#450);
#452=CARTESIAN_POINT('',(801.839848603,149.106781282,-42.651008522));
#453=DIRECTION('',(-0.,-1.,-0.));
#454=VECTOR('',#453,2.162578644);
#455=LINE('',#452,#454);
#456=EDGE_CURVE('',#443,#451,#455,.T.);
#457=ORIENTED_EDGE('',*,*,#456,.T.);
#458=CARTESIAN_POINT('',(801.839848603,146.944202639,-35.337421356));
#459=VERTEX_POINT('',#458);
#460=CARTESIAN_POINT('',(801.839848603,146.944202639,-35.337421356));
#461=DIRECTION('',(0.,0.,-1.));
#462=VECTOR('',#461,7.313587165);
#463=LINE('',#460,#462);
#464=EDGE_CURVE('',#459,#451,#463,.T.);
#465=ORIENTED_EDGE('',*,*,#464,.F.);
#466=CARTESIAN_POINT('',(801.839848603,154.212789804,-35.337421356));
#467=VERTEX_POINT('',#466);
#468=CARTESIAN_POINT('',(801.839848603,154.212789804,-35.337421356));
#469=DIRECTION('',(-0.,-1.,-0.));
#470=VECTOR('',#469,7.268587165);
#471=LINE('',#468,#470);
#472=EDGE_CURVE('',#467,#459,#471,.T.);
#473=ORIENTED_EDGE('',*,*,#472,.F.);
#474=CARTESIAN_POINT('',(801.839848603,154.212789804,-37.5));
#475=VERTEX_POINT('',#474);
#476=CARTESIAN_POINT('',(801.839848603,154.212789804,-35.337421356));
#477=DIRECTION('',(0.,0.,-1.));
#478=VECTOR('',#477,2.162578644);
#479=LINE('',#476,#478);
#480=EDGE_CURVE('',#467,#475,#479,.T.);
#481=ORIENTED_EDGE('',*,*,#480,.T.);
#482=CARTESIAN_POINT('',(801.839848603,152.885662443,-37.5));
#483=VERTEX_POINT('',#482);
#484=CARTESIAN_POINT('',(801.839848603,154.212789804,-37.5));
#485=DIRECTION('',(-0.,-1.,-0.));
#486=VECTOR('',#485,1.327127361);
#487=LINE('',#484,#486);
#488=EDGE_CURVE('',#475,#483,#487,.T.);
#489=ORIENTED_EDGE('',*,*,#488,.T.);
#490=CARTESIAN_POINT('',(801.839848603,152.485662443,-37.9));
#491=VERTEX_POINT('',#490);
#492=CARTESIAN_POINT('',(801.839848603,152.885662443,-37.5));
#493=DIRECTION('',(-0.,-0.707106781,-0.707106781));
#494=VECTOR('',#493,0.565685425);
#495=LINE('',#492,#494);
#496=EDGE_CURVE('',#483,#491,#495,.T.);
#497=ORIENTED_EDGE('',*,*,#496,.T.);
#498=CARTESIAN_POINT('',(801.839848603,152.485662443,-39.6));
#499=VERTEX_POINT('',#498);
#500=CARTESIAN_POINT('',(801.839848603,152.485662443,-37.9));
#501=DIRECTION('',(0.,0.,-1.));
#502=VECTOR('',#501,1.7);
#503=LINE('',#500,#502);
#504=EDGE_CURVE('',#491,#499,#503,.T.);
#505=ORIENTED_EDGE('',*,*,#504,.T.);
#506=CARTESIAN_POINT('',(801.839848603,154.162789804,-41.25));
#507=VERTEX_POINT('',#506);
#508=CARTESIAN_POINT('',(801.839848603,154.162789804,-41.25));
#509=DIRECTION('',(-0.,-0.712848403,0.701318154));
#510=VECTOR('',#509,2.352712517);
#511=LINE('',#508,#510);
#512=EDGE_CURVE('',#507,#499,#511,.T.);
#513=ORIENTED_EDGE('',*,*,#512,.F.);
#514=CARTESIAN_POINT('',(801.839848603,159.962789804,-41.25));
#515=VERTEX_POINT('',#514);
#516=CARTESIAN_POINT('',(801.839848603,154.162789804,-41.25));
#517=DIRECTION('',(0.,1.,0.));
#518=VECTOR('',#517,5.8);
#519=LINE('',#516,#518);
#520=EDGE_CURVE('',#507,#515,#519,.T.);
#521=ORIENTED_EDGE('',*,*,#520,.T.);
#522=CARTESIAN_POINT('',(801.839848603,161.639917165,-39.6));
#523=VERTEX_POINT('',#522);
#524=CARTESIAN_POINT('',(801.839848603,161.639917165,-39.6));
#525=DIRECTION('',(-0.,-0.712848403,-0.701318154));
#526=VECTOR('',#525,2.352712517);
#527=LINE('',#524,#526);
#528=EDGE_CURVE('',#523,#515,#527,.T.);
#529=ORIENTED_EDGE('',*,*,#528,.F.);
#530=CARTESIAN_POINT('',(801.839848603,161.639917165,-37.9));
#531=VERTEX_POINT('',#530);
#532=CARTESIAN_POINT('',(801.839848603,161.639917165,-39.6));
#533=DIRECTION('',(-0.,-0.,1.));
#534=VECTOR('',#533,1.7);
#535=LINE('',#532,#534);
#536=EDGE_CURVE('',#523,#531,#535,.T.);
#537=ORIENTED_EDGE('',*,*,#536,.T.);
#538=CARTESIAN_POINT('',(801.839848603,161.239917165,-37.5));
#539=VERTEX_POINT('',#538);
#540=CARTESIAN_POINT('',(801.839848603,161.639917165,-37.9));
#541=DIRECTION('',(-0.,-0.707106781,0.707106781));
#542=VECTOR('',#541,0.565685425);
#543=LINE('',#540,#542);
#544=EDGE_CURVE('',#531,#539,#543,.T.);
#545=ORIENTED_EDGE('',*,*,#544,.T.);
#546=CARTESIAN_POINT('',(801.839848603,159.985615474,-37.5));
#547=VERTEX_POINT('',#546);
#548=CARTESIAN_POINT('',(801.839848603,161.239917165,-37.5));
#549=DIRECTION('',(-0.,-1.,-0.));
#550=VECTOR('',#549,1.254301692);
#551=LINE('',#548,#550);
#552=EDGE_CURVE('',#539,#547,#551,.T.);
#553=ORIENTED_EDGE('',*,*,#552,.T.);
#554=CARTESIAN_POINT('',(801.839848603,159.985615474,-35.337421356));
#555=VERTEX_POINT('',#554);
#556=CARTESIAN_POINT('',(801.839848603,159.985615474,-37.5));
#557=DIRECTION('',(-0.,-0.,1.));
#558=VECTOR('',#557,2.162578644);
#559=LINE('',#556,#558);
#560=EDGE_CURVE('',#547,#555,#559,.T.);
#561=ORIENTED_EDGE('',*,*,#560,.T.);
#562=CARTESIAN_POINT('',(801.839848603,165.744202639,-35.337421356));
#563=VERTEX_POINT('',#562);
#564=CARTESIAN_POINT('',(801.839848603,165.744202639,-35.337421356));
#565=DIRECTION('',(-0.,-1.,-0.));
#566=VECTOR('',#565,5.758587165);
#567=LINE('',#564,#566);
#568=EDGE_CURVE('',#563,#555,#567,.T.);
#569=ORIENTED_EDGE('',*,*,#568,.F.);
#570=CARTESIAN_POINT('',(801.839848603,165.744202639,-25.7));
#571=DIRECTION('',(0.,0.,-1.));
#572=VECTOR('',#571,9.637421356);
#573=LINE('',#570,#572);
#574=EDGE_CURVE('',#115,#563,#573,.T.);
#575=ORIENTED_EDGE('',*,*,#574,.F.);
#576=EDGE_LOOP('',(#121,#129,#137,#145,#153,#161,#169,#177,#185,#193,#201,#209,#217,#225,#233,#241,#249,#257,#265,#273,#281,#289,#297,#305,#313,#321,
#329,#337,#345,#353,#361,#369,#377,#385,#393,#401,#409,#417,#425,#433,#441,#449,#457,#465,#473,#481,#489,#497,#505,#513,#521,
#529,#537,#545,#553,#561,#569,#575));
#577=FACE_BOUND('',#576,.T.);
#578=ADVANCED_FACE('',(#577),#111,.T.);
#579=CARTESIAN_POINT('',(741.839848603,-23.755797361,-25.7));
#580=DIRECTION('',(-1.,0.,-0.));
#581=DIRECTION('',(-0.,-0.,-1.));
#582=AXIS2_PLACEMENT_3D('',#579,#580,#581);
#583=PLANE('',#582);
#584=CARTESIAN_POINT('',(741.839848603,126.991338132,-25.700002659));
#585=VERTEX_POINT('',#584);
#586=CARTESIAN_POINT('',(741.839848603,93.237992885,-73.904775394));
#587=VERTEX_POINT('',#586);
#588=CARTESIAN_POINT('',(741.839848603,126.991338132,-25.700002659));
#589=DIRECTION('',(-0.,-0.573576436,-0.819152044));
#590=VECTOR('',#589,58.847161612);
#591=LINE('',#588,#590);
#592=EDGE_CURVE('',#585,#587,#591,.T.);
#593=ORIENTED_EDGE('',*,*,#592,.F.);
#594=CARTESIAN_POINT('',(741.839848603,165.744202639,-25.7));
#595=VERTEX_POINT('',#594);
#596=CARTESIAN_POINT('',(741.839848603,165.744202639,-25.7));
#597=DIRECTION('',(-0.,-1.,0.));
#598=VECTOR('',#597,38.752864507);
#599=LINE('',#596,#598);
#600=EDGE_CURVE('',#595,#585,#599,.T.);
#601=ORIENTED_EDGE('',*,*,#600,.F.);
#602=CARTESIAN_POINT('',(741.839848603,165.744202639,-35.337421356));
#603=VERTEX_POINT('',#602);
#604=CARTESIAN_POINT('',(741.839848603,165.744202639,-35.337421356));
#605=DIRECTION('',(-0.,-0.,1.));
#606=VECTOR('',#605,9.637421356);
#607=LINE('',#604,#606);
#608=EDGE_CURVE('',#603,#595,#607,.T.);
#609=ORIENTED_EDGE('',*,*,#608,.F.);
#610=CARTESIAN_POINT('',(741.839848603,159.985615474,-35.337421356));
#611=VERTEX_POINT('',#610);
#612=CARTESIAN_POINT('',(741.839848603,159.985615474,-35.337421356));
#613=DIRECTION('',(0.,1.,0.));
#614=VECTOR('',#613,5.758587165);
#615=LINE('',#612,#614);
#616=EDGE_CURVE('',#611,#603,#615,.T.);
#617=ORIENTED_EDGE('',*,*,#616,.F.);
#618=CARTESIAN_POINT('',(741.839848603,159.985615474,-37.5));
#619=VERTEX_POINT('',#618);
#620=CARTESIAN_POINT('',(741.839848603,159.985615474,-37.5));
#621=DIRECTION('',(-0.,-0.,1.));
#622=VECTOR('',#621,2.162578644);
#623=LINE('',#620,#622);
#624=EDGE_CURVE('',#619,#611,#623,.T.);
#625=ORIENTED_EDGE('',*,*,#624,.F.);
#626=CARTESIAN_POINT('',(741.839848603,161.239917165,-37.5));
#627=VERTEX_POINT('',#626);
#628=CARTESIAN_POINT('',(741.839848603,161.239917165,-37.5));
#629=DIRECTION('',(-0.,-1.,-0.));
#630=VECTOR('',#629,1.254301692);
#631=LINE('',#628,#630);
#632=EDGE_CURVE('',#627,#619,#631,.T.);
#633=ORIENTED_EDGE('',*,*,#632,.F.);
#634=CARTESIAN_POINT('',(741.839848603,161.639917165,-37.9));
#635=VERTEX_POINT('',#634);
#636=CARTESIAN_POINT('',(741.839848603,161.639917165,-37.9));
#637=DIRECTION('',(-0.,-0.707106781,0.707106781));
#638=VECTOR('',#637,0.565685425);
#639=LINE('',#636,#638);
#640=EDGE_CURVE('',#635,#627,#639,.T.);
#641=ORIENTED_EDGE('',*,*,#640,.F.);
#642=CARTESIAN_POINT('',(741.839848603,161.639917165,-39.6));
#643=VERTEX_POINT('',#642);
#644=CARTESIAN_POINT('',(741.839848603,161.639917165,-39.6));
#645=DIRECTION('',(-0.,-0.,1.));
#646=VECTOR('',#645,1.7);
#647=LINE('',#644,#646);
#648=EDGE_CURVE('',#643,#635,#647,.T.);
#649=ORIENTED_EDGE('',*,*,#648,.F.);
#650=CARTESIAN_POINT('',(741.839848603,159.962789804,-41.25));
#651=VERTEX_POINT('',#650);
#652=CARTESIAN_POINT('',(741.839848603,159.962789804,-41.25));
#653=DIRECTION('',(-0.,0.712848403,0.701318154));
#654=VECTOR('',#653,2.352712517);
#655=LINE('',#652,#654);
#656=EDGE_CURVE('',#651,#643,#655,.T.);
#657=ORIENTED_EDGE('',*,*,#656,.F.);
#658=CARTESIAN_POINT('',(741.839848603,154.162789804,-41.25));
#659=VERTEX_POINT('',#658);
#660=CARTESIAN_POINT('',(741.839848603,154.162789804,-41.25));
#661=DIRECTION('',(-0.,1.,0.));
#662=VECTOR('',#661,5.8);
#663=LINE('',#660,#662);
#664=EDGE_CURVE('',#659,#651,#663,.T.);
#665=ORIENTED_EDGE('',*,*,#664,.F.);
#666=CARTESIAN_POINT('',(741.839848603,152.485662443,-39.6));
#667=VERTEX_POINT('',#666);
#668=CARTESIAN_POINT('',(741.839848603,152.485662443,-39.6));
#669=DIRECTION('',(0.,0.712848403,-0.701318154));
#670=VECTOR('',#669,2.352712517);
#671=LINE('',#668,#670);
#672=EDGE_CURVE('',#667,#659,#671,.T.);
#673=ORIENTED_EDGE('',*,*,#672,.F.);
#674=CARTESIAN_POINT('',(741.839848603,152.485662443,-37.9));
#675=VERTEX_POINT('',#674);
#676=CARTESIAN_POINT('',(741.839848603,152.485662443,-37.9));
#677=DIRECTION('',(0.,0.,-1.));
#678=VECTOR('',#677,1.7);
#679=LINE('',#676,#678);
#680=EDGE_CURVE('',#675,#667,#679,.T.);
#681=ORIENTED_EDGE('',*,*,#680,.F.);
#682=CARTESIAN_POINT('',(741.839848603,152.885662443,-37.5));
#683=VERTEX_POINT('',#682);
#684=CARTESIAN_POINT('',(741.839848603,152.885662443,-37.5));
#685=DIRECTION('',(0.,-0.707106781,-0.707106781));
#686=VECTOR('',#685,0.565685425);
#687=LINE('',#684,#686);
#688=EDGE_CURVE('',#683,#675,#687,.T.);
#689=ORIENTED_EDGE('',*,*,#688,.F.);
#690=CARTESIAN_POINT('',(741.839848603,154.212789804,-37.5));
#691=VERTEX_POINT('',#690);
#692=CARTESIAN_POINT('',(741.839848603,154.212789804,-37.5));
#693=DIRECTION('',(-0.,-1.,-0.));
#694=VECTOR('',#693,1.327127361);
#695=LINE('',#692,#694);
#696=EDGE_CURVE('',#691,#683,#695,.T.);
#697=ORIENTED_EDGE('',*,*,#696,.F.);
#698=CARTESIAN_POINT('',(741.839848603,154.212789804,-35.337421356));
#699=VERTEX_POINT('',#698);
#700=CARTESIAN_POINT('',(741.839848603,154.212789804,-35.337421356));
#701=DIRECTION('',(0.,0.,-1.));
#702=VECTOR('',#701,2.162578644);
#703=LINE('',#700,#702);
#704=EDGE_CURVE('',#699,#691,#703,.T.);
#705=ORIENTED_EDGE('',*,*,#704,.F.);
#706=CARTESIAN_POINT('',(741.839848603,146.944202639,-35.337421356));
#707=VERTEX_POINT('',#706);
#708=CARTESIAN_POINT('',(741.839848603,146.944202639,-35.337421356));
#709=DIRECTION('',(0.,1.,0.));
#710=VECTOR('',#709,7.268587165);
#711=LINE('',#708,#710);
#712=EDGE_CURVE('',#707,#699,#711,.T.);
#713=ORIENTED_EDGE('',*,*,#712,.F.);
#714=CARTESIAN_POINT('',(741.839848603,146.944202639,-42.651008522));
#715=VERTEX_POINT('',#714);
#716=CARTESIAN_POINT('',(741.839848603,146.944202639,-35.337421356));
#717=DIRECTION('',(0.,0.,-1.));
#718=VECTOR('',#717,7.313587165);
#719=LINE('',#716,#718);
#720=EDGE_CURVE('',#707,#715,#719,.T.);
#721=ORIENTED_EDGE('',*,*,#720,.T.);
#722=CARTESIAN_POINT('',(741.839848603,149.106781282,-42.651008522));
#723=VERTEX_POINT('',#722);
#724=CARTESIAN_POINT('',(741.839848603,149.106781282,-42.651008522));
#725=DIRECTION('',(0.,-1.,-0.));
#726=VECTOR('',#725,2.162578643);
#727=LINE('',#724,#726);
#728=EDGE_CURVE('',#723,#715,#727,.T.);
#729=ORIENTED_EDGE('',*,*,#728,.F.);
#730=CARTESIAN_POINT('',(741.839848603,149.106781282,-41.39670683));
#731=VERTEX_POINT('',#730);
#732=CARTESIAN_POINT('',(741.839848603,149.106781282,-41.39670683));
#733=DIRECTION('',(-0.,0.,-1.));
#734=VECTOR('',#733,1.254301692);
#735=LINE('',#732,#734);
#736=EDGE_CURVE('',#731,#723,#735,.T.);
#737=ORIENTED_EDGE('',*,*,#736,.F.);
#738=CARTESIAN_POINT('',(741.839848603,149.506781282,-40.99670683));
#739=VERTEX_POINT('',#738);
#740=CARTESIAN_POINT('',(741.839848603,149.506781282,-40.99670683));
#741=DIRECTION('',(0.,-0.707106781,-0.707106781));
#742=VECTOR('',#741,0.565685425);
#743=LINE('',#740,#742);
#744=EDGE_CURVE('',#739,#731,#743,.T.);
#745=ORIENTED_EDGE('',*,*,#744,.F.);
#746=CARTESIAN_POINT('',(741.839848603,151.206781282,-40.99670683));
#747=VERTEX_POINT('',#746);
#748=CARTESIAN_POINT('',(741.839848603,151.206781282,-40.99670683));
#749=DIRECTION('',(0.,-1.,-0.));
#750=VECTOR('',#749,1.7);
#751=LINE('',#748,#750);
#752=EDGE_CURVE('',#747,#739,#751,.T.);
#753=ORIENTED_EDGE('',*,*,#752,.F.);
#754=CARTESIAN_POINT('',(741.839848603,152.856781282,-42.673834191));
#755=VERTEX_POINT('',#754);
#756=CARTESIAN_POINT('',(741.839848603,152.856781282,-42.673834191));
#757=DIRECTION('',(0.,-0.701318154,0.712848403));
#758=VECTOR('',#757,2.352712517);
#759=LINE('',#756,#758);
#760=EDGE_CURVE('',#755,#747,#759,.T.);
#761=ORIENTED_EDGE('',*,*,#760,.F.);
#762=CARTESIAN_POINT('',(741.839848603,152.856781282,-48.473834191));
#763=VERTEX_POINT('',#762);
#764=CARTESIAN_POINT('',(741.839848603,152.856781282,-48.473834191));
#765=DIRECTION('',(-0.,-0.,1.));
#766=VECTOR('',#765,5.8);
#767=LINE('',#764,#766);
#768=EDGE_CURVE('',#763,#755,#767,.T.);
#769=ORIENTED_EDGE('',*,*,#768,.F.);
#770=CARTESIAN_POINT('',(741.839848603,151.206781282,-50.150961552));
#771=VERTEX_POINT('',#770);
#772=CARTESIAN_POINT('',(741.839848603,151.206781282,-50.150961552));
#773=DIRECTION('',(-0.,0.701318154,0.712848403));
#774=VECTOR('',#773,2.352712517);
#775=LINE('',#772,#774);
#776=EDGE_CURVE('',#771,#763,#775,.T.);
#777=ORIENTED_EDGE('',*,*,#776,.F.);
#778=CARTESIAN_POINT('',(741.839848603,149.506781282,-50.150961552));
#779=VERTEX_POINT('',#778);
#780=CARTESIAN_POINT('',(741.839848603,149.506781282,-50.150961552));
#781=DIRECTION('',(-0.,1.,0.));
#782=VECTOR('',#781,1.7);
#783=LINE('',#780,#782);
#784=EDGE_CURVE('',#779,#771,#783,.T.);
#785=ORIENTED_EDGE('',*,*,#784,.F.);
#786=CARTESIAN_POINT('',(741.839848603,149.106781282,-49.750961552));
#787=VERTEX_POINT('',#786);
#788=CARTESIAN_POINT('',(741.839848603,149.106781282,-49.750961552));
#789=DIRECTION('',(-0.,0.707106781,-0.707106781));
#790=VECTOR('',#789,0.565685425);
#791=LINE('',#788,#790);
#792=EDGE_CURVE('',#787,#779,#791,.T.);
#793=ORIENTED_EDGE('',*,*,#792,.F.);
#794=CARTESIAN_POINT('',(741.839848603,149.106781282,-48.423834191));
#795=VERTEX_POINT('',#794);
#796=CARTESIAN_POINT('',(741.839848603,149.106781282,-48.423834191));
#797=DIRECTION('',(-0.,0.,-1.));
#798=VECTOR('',#797,1.327127361);
#799=LINE('',#796,#798);
#800=EDGE_CURVE('',#795,#787,#799,.T.);
#801=ORIENTED_EDGE('',*,*,#800,.F.);
#802=CARTESIAN_POINT('',(741.839848603,146.944202639,-48.423834191));
#803=VERTEX_POINT('',#802);
#804=CARTESIAN_POINT('',(741.839848603,146.944202639,-48.423834191));
#805=DIRECTION('',(-0.,1.,0.));
#806=VECTOR('',#805,2.162578643);
#807=LINE('',#804,#806);
#808=EDGE_CURVE('',#803,#795,#807,.T.);
#809=ORIENTED_EDGE('',*,*,#808,.F.);
#810=CARTESIAN_POINT('',(741.839848603,146.944202639,-62.651008522));
#811=VERTEX_POINT('',#810);
#812=CARTESIAN_POINT('',(741.839848603,146.944202639,-48.423834191));
#813=DIRECTION('',(0.,0.,-1.));
#814=VECTOR('',#813,14.227174331);
#815=LINE('',#812,#814);
#816=EDGE_CURVE('',#803,#811,#815,.T.);
#817=ORIENTED_EDGE('',*,*,#816,.T.);
#818=CARTESIAN_POINT('',(741.839848603,149.106781282,-62.651008522));
#819=VERTEX_POINT('',#818);
#820=CARTESIAN_POINT('',(741.839848603,149.106781282,-62.651008522));
#821=DIRECTION('',(0.,-1.,-0.));
#822=VECTOR('',#821,2.162578643);
#823=LINE('',#820,#822);
#824=EDGE_CURVE('',#819,#811,#823,.T.);
#825=ORIENTED_EDGE('',*,*,#824,.F.);
#826=CARTESIAN_POINT('',(741.839848603,149.106781282,-61.39670683));
#827=VERTEX_POINT('',#826);
#828=CARTESIAN_POINT('',(741.839848603,149.106781282,-61.39670683));
#829=DIRECTION('',(-0.,0.,-1.));
#830=VECTOR('',#829,1.254301692);
#831=LINE('',#828,#830);
#832=EDGE_CURVE('',#827,#819,#831,.T.);
#833=ORIENTED_EDGE('',*,*,#832,.F.);
#834=CARTESIAN_POINT('',(741.839848603,149.506781282,-60.99670683));
#835=VERTEX_POINT('',#834);
#836=CARTESIAN_POINT('',(741.839848603,149.506781282,-60.99670683));
#837=DIRECTION('',(0.,-0.707106781,-0.707106781));
#838=VECTOR('',#837,0.565685425);
#839=LINE('',#836,#838);
#840=EDGE_CURVE('',#835,#827,#839,.T.);
#841=ORIENTED_EDGE('',*,*,#840,.F.);
#842=CARTESIAN_POINT('',(741.839848603,151.206781282,-60.99670683));
#843=VERTEX_POINT('',#842);
#844=CARTESIAN_POINT('',(741.839848603,151.206781282,-60.99670683));
#845=DIRECTION('',(0.,-1.,-0.));
#846=VECTOR('',#845,1.7);
#847=LINE('',#844,#846);
#848=EDGE_CURVE('',#843,#835,#847,.T.);
#849=ORIENTED_EDGE('',*,*,#848,.F.);
#850=CARTESIAN_POINT('',(741.839848603,152.856781282,-62.673834191));
#851=VERTEX_POINT('',#850);
#852=CARTESIAN_POINT('',(741.839848603,152.856781282,-62.673834191));
#853=DIRECTION('',(0.,-0.701318154,0.712848403));
#854=VECTOR('',#853,2.352712517);
#855=LINE('',#852,#854);
#856=EDGE_CURVE('',#851,#843,#855,.T.);
#857=ORIENTED_EDGE('',*,*,#856,.F.);
#858=CARTESIAN_POINT('',(741.839848603,152.856781282,-68.473834191));
#859=VERTEX_POINT('',#858);
#860=CARTESIAN_POINT('',(741.839848603,152.856781282,-68.473834191));
#861=DIRECTION('',(-0.,-0.,1.));
#862=VECTOR('',#861,5.8);
#863=LINE('',#860,#862);
#864=EDGE_CURVE('',#859,#851,#863,.T.);
#865=ORIENTED_EDGE('',*,*,#864,.F.);
#866=CARTESIAN_POINT('',(741.839848603,151.206781282,-70.150961552));
#867=VERTEX_POINT('',#866);
#868=CARTESIAN_POINT('',(741.839848603,151.206781282,-70.150961552));
#869=DIRECTION('',(-0.,0.701318154,0.712848403));
#870=VECTOR('',#869,2.352712517);
#871=LINE('',#868,#870);
#872=EDGE_CURVE('',#867,#859,#871,.T.);
#873=ORIENTED_EDGE('',*,*,#872,.F.);
#874=CARTESIAN_POINT('',(741.839848603,149.506781282,-70.150961552));
#875=VERTEX_POINT('',#874);
#876=CARTESIAN_POINT('',(741.839848603,149.506781282,-70.150961552));
#877=DIRECTION('',(-0.,1.,0.));
#878=VECTOR('',#877,1.7);
#879=LINE('',#876,#878);
#880=EDGE_CURVE('',#875,#867,#879,.T.);
#881=ORIENTED_EDGE('',*,*,#880,.F.);
#882=CARTESIAN_POINT('',(741.839848603,149.106781282,-69.750961552));
#883=VERTEX_POINT('',#882);
#884=CARTESIAN_POINT('',(741.839848603,149.106781282,-69.750961552));
#885=DIRECTION('',(-0.,0.707106781,-0.707106781));
#886=VECTOR('',#885,0.565685425);
#887=LINE('',#884,#886);
#888=EDGE_CURVE('',#883,#875,#887,.T.);
#889=ORIENTED_EDGE('',*,*,#888,.F.);
#890=CARTESIAN_POINT('',(741.839848603,149.106781282,-68.423834191));
#891=VERTEX_POINT('',#890);
#892=CARTESIAN_POINT('',(741.839848603,149.106781282,-68.423834191));
#893=DIRECTION('',(-0.,0.,-1.));
#894=VECTOR('',#893,1.327127361);
#895=LINE('',#892,#894);
#896=EDGE_CURVE('',#891,#883,#895,.T.);
#897=ORIENTED_EDGE('',*,*,#896,.F.);
#898=CARTESIAN_POINT('',(741.839848603,146.944202639,-68.423834191));
#899=VERTEX_POINT('',#898);
#900=CARTESIAN_POINT('',(741.839848603,146.944202639,-68.423834191));
#901=DIRECTION('',(-0.,1.,0.));
#902=VECTOR('',#901,2.162578643);
#903=LINE('',#900,#902);
#904=EDGE_CURVE('',#899,#891,#903,.T.);
#905=ORIENTED_EDGE('',*,*,#904,.F.);
#906=CARTESIAN_POINT('',(741.839848603,146.944202639,-75.737421356));
#907=VERTEX_POINT('',#906);
#908=CARTESIAN_POINT('',(741.839848603,146.944202639,-68.423834191));
#909=DIRECTION('',(0.,0.,-1.));
#910=VECTOR('',#909,7.313587165);
#911=LINE('',#908,#910);
#912=EDGE_CURVE('',#899,#907,#911,.T.);
#913=ORIENTED_EDGE('',*,*,#912,.T.);
#914=CARTESIAN_POINT('',(741.839848603,154.212789804,-75.737421356));
#915=VERTEX_POINT('',#914);
#916=CARTESIAN_POINT('',(741.839848603,154.212789804,-75.737421356));
#917=DIRECTION('',(0.,-1.,-0.));
#918=VECTOR('',#917,7.268587165);
#919=LINE('',#916,#918);
#920=EDGE_CURVE('',#915,#907,#919,.T.);
#921=ORIENTED_EDGE('',*,*,#920,.F.);
#922=CARTESIAN_POINT('',(741.839848603,154.212789804,-73.574842713));
#923=VERTEX_POINT('',#922);
#924=CARTESIAN_POINT('',(741.839848603,154.212789804,-73.574842713));
#925=DIRECTION('',(0.,0.,-1.));
#926=VECTOR('',#925,2.162578643);
#927=LINE('',#924,#926);
#928=EDGE_CURVE('',#923,#915,#927,.T.);
#929=ORIENTED_EDGE('',*,*,#928,.F.);
#930=CARTESIAN_POINT('',(741.839848603,152.958488112,-73.574842713));
#931=VERTEX_POINT('',#930);
#932=CARTESIAN_POINT('',(741.839848603,152.958488112,-73.574842713));
#933=DIRECTION('',(-0.,1.,0.));
#934=VECTOR('',#933,1.254301692);
#935=LINE('',#932,#934);
#936=EDGE_CURVE('',#931,#923,#935,.T.);
#937=ORIENTED_EDGE('',*,*,#936,.F.);
#938=CARTESIAN_POINT('',(741.839848603,152.558488112,-73.174842713));
#939=VERTEX_POINT('',#938);
#940=CARTESIAN_POINT('',(741.839848603,152.558488112,-73.174842713));
#941=DIRECTION('',(0.,0.707106781,-0.707106781));
#942=VECTOR('',#941,0.565685425);
#943=LINE('',#940,#942);
#944=EDGE_CURVE('',#939,#931,#943,.T.);
#945=ORIENTED_EDGE('',*,*,#944,.F.);
#946=CARTESIAN_POINT('',(741.839848603,152.558488112,-71.474842713));
#947=VERTEX_POINT('',#946);
#948=CARTESIAN_POINT('',(741.839848603,152.558488112,-71.474842713));
#949=DIRECTION('',(0.,0.,-1.));
#950=VECTOR('',#949,1.7);
#951=LINE('',#948,#950);
#952=EDGE_CURVE('',#947,#939,#951,.T.);
#953=ORIENTED_EDGE('',*,*,#952,.F.);
#954=CARTESIAN_POINT('',(741.839848603,154.235615474,-69.824842713));
#955=VERTEX_POINT('',#954);
#956=CARTESIAN_POINT('',(741.839848603,154.235615474,-69.824842713));
#957=DIRECTION('',(0.,-0.712848403,-0.701318154));
#958=VECTOR('',#957,2.352712517);
#959=LINE('',#956,#958);
#960=EDGE_CURVE('',#955,#947,#959,.T.);
#961=ORIENTED_EDGE('',*,*,#960,.F.);
#962=CARTESIAN_POINT('',(741.839848603,160.035615474,-69.824842713));
#963=VERTEX_POINT('',#962);
#964=CARTESIAN_POINT('',(741.839848603,160.035615474,-69.824842713));
#965=DIRECTION('',(-0.,-1.,-0.));
#966=VECTOR('',#965,5.8);
#967=LINE('',#964,#966);
#968=EDGE_CURVE('',#963,#955,#967,.T.);
#969=ORIENTED_EDGE('',*,*,#968,.F.);
#970=CARTESIAN_POINT('',(741.839848603,161.712742835,-71.474842713));
#971=VERTEX_POINT('',#970);
#972=CARTESIAN_POINT('',(741.839848603,161.712742835,-71.474842713));
#973=DIRECTION('',(-0.,-0.712848403,0.701318154));
#974=VECTOR('',#973,2.352712517);
#975=LINE('',#972,#974);
#976=EDGE_CURVE('',#971,#963,#975,.T.);
#977=ORIENTED_EDGE('',*,*,#976,.F.);
#978=CARTESIAN_POINT('',(741.839848603,161.712742835,-73.174842713));
#979=VERTEX_POINT('',#978);
#980=CARTESIAN_POINT('',(741.839848603,161.712742835,-73.174842713));
#981=DIRECTION('',(-0.,-0.,1.));
#982=VECTOR('',#981,1.7);
#983=LINE('',#980,#982);
#984=EDGE_CURVE('',#979,#971,#983,.T.);
#985=ORIENTED_EDGE('',*,*,#984,.F.);
#986=CARTESIAN_POINT('',(741.839848603,161.312742835,-73.574842713));
#987=VERTEX_POINT('',#986);
#988=CARTESIAN_POINT('',(741.839848603,161.312742835,-73.574842713));
#989=DIRECTION('',(-0.,0.707106781,0.707106781));
#990=VECTOR('',#989,0.565685425);
#991=LINE('',#988,#990);
#992=EDGE_CURVE('',#987,#979,#991,.T.);
#993=ORIENTED_EDGE('',*,*,#992,.F.);
#994=CARTESIAN_POINT('',(741.839848603,159.985615474,-73.574842713));
#995=VERTEX_POINT('',#994);
#996=CARTESIAN_POINT('',(741.839848603,159.985615474,-73.574842713));
#997=DIRECTION('',(-0.,1.,0.));
#998=VECTOR('',#997,1.327127361);
#999=LINE('',#996,#998);
#1000=EDGE_CURVE('',#995,#987,#999,.T.);
#1001=ORIENTED_EDGE('',*,*,#1000,.F.);
#1002=CARTESIAN_POINT('',(741.839848603,159.985615474,-75.737421356));
#1003=VERTEX_POINT('',#1002);
#1004=CARTESIAN_POINT('',(741.839848603,159.985615474,-75.737421356));
#1005=DIRECTION('',(-0.,-0.,1.));
#1006=VECTOR('',#1005,2.162578643);
#1007=LINE('',#1004,#1006);
#1008=EDGE_CURVE('',#1003,#995,#1007,.T.);
#1009=ORIENTED_EDGE('',*,*,#1008,.F.);
#1010=CARTESIAN_POINT('',(741.839848603,166.744202639,-75.737421356));
#1011=VERTEX_POINT('',#1010);
#1012=CARTESIAN_POINT('',(741.839848603,166.744202639,-75.737421356));
#1013=DIRECTION('',(0.,-1.,-0.));
#1014=VECTOR('',#1013,6.758587165);
#1015=LINE('',#1012,#1014);
#1016=EDGE_CURVE('',#1011,#1003,#1015,.T.);
#1017=ORIENTED_EDGE('',*,*,#1016,.F.);
#1018=CARTESIAN_POINT('',(741.839848603,166.744202639,-82.037421357));
#1019=VERTEX_POINT('',#1018);
#1020=CARTESIAN_POINT('',(741.839848603,166.744202639,-75.737421356));
#1021=DIRECTION('',(0.,0.,-1.));
#1022=VECTOR('',#1021,6.3);
#1023=LINE('',#1020,#1022);
#1024=EDGE_CURVE('',#1011,#1019,#1023,.T.);
#1025=ORIENTED_EDGE('',*,*,#1024,.T.);
#1026=CARTESIAN_POINT('',(741.839848603,151.161130255,-82.037421357));
#1027=VERTEX_POINT('',#1026);
#1028=CARTESIAN_POINT('',(741.839848603,151.161130255,-82.037421357));
#1029=DIRECTION('',(0.,1.,-0.));
#1030=VECTOR('',#1029,15.583072384);
#1031=LINE('',#1028,#1030);
#1032=EDGE_CURVE('',#1027,#1019,#1031,.T.);
#1033=ORIENTED_EDGE('',*,*,#1032,.F.);
#1034=CARTESIAN_POINT('',(741.839848603,110.275544664,-73.904772735));
#1035=VERTEX_POINT('',#1034);
#1036=CARTESIAN_POINT('',(741.839848603,110.275544664,-73.904772735));
#1037=DIRECTION('',(0.,0.98078528,-0.195090322));
#1038=VECTOR('',#1037,41.686581566);
#1039=LINE('',#1036,#1038);
#1040=EDGE_CURVE('',#1035,#1027,#1039,.T.);
#1041=ORIENTED_EDGE('',*,*,#1040,.F.);
#1042=CARTESIAN_POINT('',(741.839848603,93.237992885,-73.904772735));
#1043=DIRECTION('',(0.,1.,-0.));
#1044=VECTOR('',#1043,17.037551779);
#1045=LINE('',#1042,#1044);
#1046=EDGE_CURVE('',#587,#1035,#1045,.T.);
#1047=ORIENTED_EDGE('',*,*,#1046,.F.);
#1048=EDGE_LOOP('',(#593,#601,#609,#617,#625,#633,#641,#649,#657,#665,#673,#681,#689,#697,#705,#713,#721,#729,#737,#745,#753,#761,#769,#777,#785,#793,
#801,#809,#817,#825,#833,#841,#849,#857,#865,#873,#881,#889,#897,#905,#913,#921,#929,#937,#945,#953,#961,#969,#977,#985,#993,
#1001,#1009,#1017,#1025,#1033,#1041,#1047));
#1049=FACE_BOUND('',#1048,.T.);
#1050=ADVANCED_FACE('',(#1049),#583,.T.);
#1051=CARTESIAN_POINT('',(744.054148693,166.744202639,-76.037421357));
#1052=DIRECTION('',(-0.,1.,0.));
#1053=DIRECTION('',(1.,0.,0.));
#1054=AXIS2_PLACEMENT_3D('',#1051,#1052,#1053);
#1055=PLANE('',#1054);
#1056=ORIENTED_EDGE('',*,*,#1024,.F.);
#1057=CARTESIAN_POINT('',(801.839848603,166.744202639,-75.737421356));
#1058=DIRECTION('',(-1.,-0.,-0.));
#1059=VECTOR('',#1058,60.);
#1060=LINE('',#1057,#1059);
#1061=EDGE_CURVE('',#155,#1011,#1060,.T.);
#1062=ORIENTED_EDGE('',*,*,#1061,.F.);
#1063=ORIENTED_EDGE('',*,*,#160,.F.);
#1064=CARTESIAN_POINT('',(800.839848603,166.744202639,-82.037421357));
#1065=DIRECTION('',(0.,-1.,-0.));
#1066=DIRECTION('',(1.,0.,0.));
#1067=AXIS2_PLACEMENT_3D('',#1064,#1065,#1066);
#1068=CIRCLE('',#1067,1.);
#1069=EDGE_CURVE('',#35,#147,#1068,.T.);
#1070=ORIENTED_EDGE('',*,*,#1069,.F.);
#1071=ORIENTED_EDGE('',*,*,#40,.F.);
#1072=CARTESIAN_POINT('',(742.839848603,166.744202639,-82.037421357));
#1073=DIRECTION('',(0.,-1.,-0.));
#1074=DIRECTION('',(1.,0.,0.));
#1075=AXIS2_PLACEMENT_3D('',#1072,#1073,#1074);
#1076=CIRCLE('',#1075,1.);
#1077=EDGE_CURVE('',#1019,#33,#1076,.T.);
#1078=ORIENTED_EDGE('',*,*,#1077,.F.);
#1079=EDGE_LOOP('',(#1056,#1062,#1063,#1070,#1071,#1078));
#1080=FACE_BOUND('',#1079,.T.);
#1081=ADVANCED_FACE('',(#1080),#1055,.T.);
#1082=CARTESIAN_POINT('',(743.839848603,159.985615474,-75.737421356));
#1083=DIRECTION('',(-0.,-0.,1.));
#1084=DIRECTION('',(0.,1.,0.));
#1085=AXIS2_PLACEMENT_3D('',#1082,#1083,#1084);
#1086=PLANE('',#1085);
#1087=ORIENTED_EDGE('',*,*,#1061,.T.);
#1088=ORIENTED_EDGE('',*,*,#1016,.T.);
#1089=CARTESIAN_POINT('',(801.839848603,159.985615474,-75.737421356));
#1090=DIRECTION('',(-1.,0.,-0.));
#1091=VECTOR('',#1090,60.);
#1092=LINE('',#1089,#1091);
#1093=EDGE_CURVE('',#163,#1003,#1092,.T.);
#1094=ORIENTED_EDGE('',*,*,#1093,.F.);
#1095=ORIENTED_EDGE('',*,*,#168,.T.);
#1096=EDGE_LOOP('',(#1087,#1088,#1094,#1095));
#1097=FACE_BOUND('',#1096,.T.);
#1098=ADVANCED_FACE('',(#1097),#1086,.T.);
#1099=CARTESIAN_POINT('',(743.839848603,159.985615474,-75.637421357));
#1100=DIRECTION('',(0.,-1.,-0.));
#1101=DIRECTION('',(-0.,-0.,1.));
#1102=AXIS2_PLACEMENT_3D('',#1099,#1100,#1101);
#1103=PLANE('',#1102);
#1104=ORIENTED_EDGE('',*,*,#1093,.T.);
#1105=ORIENTED_EDGE('',*,*,#1008,.T.);
#1106=CARTESIAN_POINT('',(801.839848603,159.985615474,-73.574842713));
#1107=DIRECTION('',(-1.,0.,-0.));
#1108=VECTOR('',#1107,60.);
#1109=LINE('',#1106,#1108);
#1110=EDGE_CURVE('',#171,#995,#1109,.T.);
#1111=ORIENTED_EDGE('',*,*,#1110,.F.);
#1112=ORIENTED_EDGE('',*,*,#176,.F.);
#1113=EDGE_LOOP('',(#1104,#1105,#1111,#1112));
#1114=FACE_BOUND('',#1113,.T.);
#1115=ADVANCED_FACE('',(#1114),#1103,.F.);
#1116=CARTESIAN_POINT('',(743.839848603,159.985615474,-73.574842713));
#1117=DIRECTION('',(-0.,-0.,1.));
#1118=DIRECTION('',(0.,1.,0.));
#1119=AXIS2_PLACEMENT_3D('',#1116,#1117,#1118);
#1120=PLANE('',#1119);
#1121=ORIENTED_EDGE('',*,*,#1110,.T.);
#1122=ORIENTED_EDGE('',*,*,#1000,.T.);
#1123=CARTESIAN_POINT('',(801.839848603,161.312742835,-73.574842713));
#1124=DIRECTION('',(-1.,0.,-0.));
#1125=VECTOR('',#1124,60.);
#1126=LINE('',#1123,#1125);
#1127=EDGE_CURVE('',#179,#987,#1126,.T.);
#1128=ORIENTED_EDGE('',*,*,#1127,.F.);
#1129=ORIENTED_EDGE('',*,*,#184,.F.);
#1130=EDGE_LOOP('',(#1121,#1122,#1128,#1129));
#1131=FACE_BOUND('',#1130,.T.);
#1132=ADVANCED_FACE('',(#1131),#1120,.F.);
#1133=CARTESIAN_POINT('',(743.839848603,161.312742835,-73.574842713));
#1134=DIRECTION('',(-0.,-0.707106781,0.707106781));
#1135=DIRECTION('',(-0.,0.707106781,0.707106781));
#1136=AXIS2_PLACEMENT_3D('',#1133,#1134,#1135);
#1137=PLANE('',#1136);
#1138=ORIENTED_EDGE('',*,*,#1127,.T.);
#1139=ORIENTED_EDGE('',*,*,#992,.T.);
#1140=CARTESIAN_POINT('',(801.839848603,161.712742835,-73.174842713));
#1141=DIRECTION('',(-1.,0.,-0.));
#1142=VECTOR('',#1141,60.);
#1143=LINE('',#1140,#1142);
#1144=EDGE_CURVE('',#187,#979,#1143,.T.);
#1145=ORIENTED_EDGE('',*,*,#1144,.F.);
#1146=ORIENTED_EDGE('',*,*,#192,.F.);
#1147=EDGE_LOOP('',(#1138,#1139,#1145,#1146));
#1148=FACE_BOUND('',#1147,.T.);
#1149=ADVANCED_FACE('',(#1148),#1137,.F.);
#1150=CARTESIAN_POINT('',(743.839848603,161.712742835,-73.174842713));
#1151=DIRECTION('',(0.,-1.,-0.));
#1152=DIRECTION('',(-0.,-0.,1.));
#1153=AXIS2_PLACEMENT_3D('',#1150,#1151,#1152);
#1154=PLANE('',#1153);
#1155=ORIENTED_EDGE('',*,*,#1144,.T.);
#1156=ORIENTED_EDGE('',*,*,#984,.T.);
#1157=CARTESIAN_POINT('',(801.839848603,161.712742835,-71.474842713));
#1158=DIRECTION('',(-1.,0.,-0.));
#1159=VECTOR('',#1158,60.);
#1160=LINE('',#1157,#1159);
#1161=EDGE_CURVE('',#195,#971,#1160,.T.);
#1162=ORIENTED_EDGE('',*,*,#1161,.F.);
#1163=ORIENTED_EDGE('',*,*,#200,.F.);
#1164=EDGE_LOOP('',(#1155,#1156,#1162,#1163));
#1165=FACE_BOUND('',#1164,.T.);
#1166=ADVANCED_FACE('',(#1165),#1154,.F.);
#1167=CARTESIAN_POINT('',(743.839848603,160.035615474,-69.824842713));
#1168=DIRECTION('',(-0.,0.701318154,0.712848403));
#1169=DIRECTION('',(0.,0.712848403,-0.701318154));
#1170=AXIS2_PLACEMENT_3D('',#1167,#1168,#1169);
#1171=PLANE('',#1170);
#1172=ORIENTED_EDGE('',*,*,#1161,.T.);
#1173=ORIENTED_EDGE('',*,*,#976,.T.);
#1174=CARTESIAN_POINT('',(801.839848603,160.035615474,-69.824842713));
#1175=DIRECTION('',(-1.,0.,-0.));
#1176=VECTOR('',#1175,60.);
#1177=LINE('',#1174,#1176);
#1178=EDGE_CURVE('',#203,#963,#1177,.T.);
#1179=ORIENTED_EDGE('',*,*,#1178,.F.);
#1180=ORIENTED_EDGE('',*,*,#208,.T.);
#1181=EDGE_LOOP('',(#1172,#1173,#1179,#1180));
#1182=FACE_BOUND('',#1181,.T.);
#1183=ADVANCED_FACE('',(#1182),#1171,.T.);
#1184=CARTESIAN_POINT('',(743.839848603,160.035615474,-69.824842713));
#1185=DIRECTION('',(0.,0.,-1.));
#1186=DIRECTION('',(0.,-1.,-0.));
#1187=AXIS2_PLACEMENT_3D('',#1184,#1185,#1186);
#1188=PLANE('',#1187);
#1189=ORIENTED_EDGE('',*,*,#1178,.T.);
#1190=ORIENTED_EDGE('',*,*,#968,.T.);
#1191=CARTESIAN_POINT('',(801.839848603,154.235615474,-69.824842713));
#1192=DIRECTION('',(-1.,0.,-0.));
#1193=VECTOR('',#1192,60.);
#1194=LINE('',#1191,#1193);
#1195=EDGE_CURVE('',#211,#955,#1194,.T.);
#1196=ORIENTED_EDGE('',*,*,#1195,.F.);
#1197=ORIENTED_EDGE('',*,*,#216,.F.);
#1198=EDGE_LOOP('',(#1189,#1190,#1196,#1197));
#1199=FACE_BOUND('',#1198,.T.);
#1200=ADVANCED_FACE('',(#1199),#1188,.F.);
#1201=CARTESIAN_POINT('',(743.839848603,152.558488112,-71.474842713));
#1202=DIRECTION('',(-0.,-0.701318154,0.712848403));
#1203=DIRECTION('',(-0.,0.712848403,0.701318154));
#1204=AXIS2_PLACEMENT_3D('',#1201,#1202,#1203);
#1205=PLANE('',#1204);
#1206=ORIENTED_EDGE('',*,*,#1195,.T.);
#1207=ORIENTED_EDGE('',*,*,#960,.T.);
#1208=CARTESIAN_POINT('',(801.839848603,152.558488112,-71.474842713));
#1209=DIRECTION('',(-1.,0.,-0.));
#1210=VECTOR('',#1209,60.);
#1211=LINE('',#1208,#1210);
#1212=EDGE_CURVE('',#219,#947,#1211,.T.);
#1213=ORIENTED_EDGE('',*,*,#1212,.F.);
#1214=ORIENTED_EDGE('',*,*,#224,.T.);
#1215=EDGE_LOOP('',(#1206,#1207,#1213,#1214));
#1216=FACE_BOUND('',#1215,.T.);
#1217=ADVANCED_FACE('',(#1216),#1205,.T.);
#1218=CARTESIAN_POINT('',(743.839848603,152.558488112,-71.474842713));
#1219=DIRECTION('',(0.,1.,0.));
#1220=DIRECTION('',(0.,0.,-1.));
#1221=AXIS2_PLACEMENT_3D('',#1218,#1219,#1220);
#1222=PLANE('',#1221);
#1223=ORIENTED_EDGE('',*,*,#1212,.T.);
#1224=ORIENTED_EDGE('',*,*,#952,.T.);
#1225=CARTESIAN_POINT('',(801.839848603,152.558488112,-73.174842713));
#1226=DIRECTION('',(-1.,0.,-0.));
#1227=VECTOR('',#1226,60.);
#1228=LINE('',#1225,#1227);
#1229=EDGE_CURVE('',#227,#939,#1228,.T.);
#1230=ORIENTED_EDGE('',*,*,#1229,.F.);
#1231=ORIENTED_EDGE('',*,*,#232,.F.);
#1232=EDGE_LOOP('',(#1223,#1224,#1230,#1231));
#1233=FACE_BOUND('',#1232,.T.);
#1234=ADVANCED_FACE('',(#1233),#1222,.F.);
#1235=CARTESIAN_POINT('',(743.839848603,152.558488112,-73.174842713));
#1236=DIRECTION('',(-0.,0.707106781,0.707106781));
#1237=DIRECTION('',(0.,0.707106781,-0.707106781));
#1238=AXIS2_PLACEMENT_3D('',#1235,#1236,#1237);
#1239=PLANE('',#1238);
#1240=ORIENTED_EDGE('',*,*,#1229,.T.);
#1241=ORIENTED_EDGE('',*,*,#944,.T.);
#1242=CARTESIAN_POINT('',(801.839848603,152.958488112,-73.574842713));
#1243=DIRECTION('',(-1.,0.,-0.));
#1244=VECTOR('',#1243,60.);
#1245=LINE('',#1242,#1244);
#1246=EDGE_CURVE('',#235,#931,#1245,.T.);
#1247=ORIENTED_EDGE('',*,*,#1246,.F.);
#1248=ORIENTED_EDGE('',*,*,#240,.F.);
#1249=EDGE_LOOP('',(#1240,#1241,#1247,#1248));
#1250=FACE_BOUND('',#1249,.T.);
#1251=ADVANCED_FACE('',(#1250),#1239,.F.);
#1252=CARTESIAN_POINT('',(743.839848603,152.958488112,-73.574842713));
#1253=DIRECTION('',(-0.,-0.,1.));
#1254=DIRECTION('',(0.,1.,0.));
#1255=AXIS2_PLACEMENT_3D('',#1252,#1253,#1254);
#1256=PLANE('',#1255);
#1257=ORIENTED_EDGE('',*,*,#1246,.T.);
#1258=ORIENTED_EDGE('',*,*,#936,.T.);
#1259=CARTESIAN_POINT('',(801.839848603,154.212789804,-73.574842713));
#1260=DIRECTION('',(-1.,0.,-0.));
#1261=VECTOR('',#1260,60.);
#1262=LINE('',#1259,#1261);
#1263=EDGE_CURVE('',#243,#923,#1262,.T.);
#1264=ORIENTED_EDGE('',*,*,#1263,.F.);
#1265=ORIENTED_EDGE('',*,*,#248,.F.);
#1266=EDGE_LOOP('',(#1257,#1258,#1264,#1265));
#1267=FACE_BOUND('',#1266,.T.);
#1268=ADVANCED_FACE('',(#1267),#1256,.F.);
#1269=CARTESIAN_POINT('',(743.839848603,154.212789804,-73.574842713));
#1270=DIRECTION('',(0.,1.,0.));
#1271=DIRECTION('',(0.,0.,-1.));
#1272=AXIS2_PLACEMENT_3D('',#1269,#1270,#1271);
#1273=PLANE('',#1272);
#1274=ORIENTED_EDGE('',*,*,#1263,.T.);
#1275=ORIENTED_EDGE('',*,*,#928,.T.);
#1276=CARTESIAN_POINT('',(801.839848603,154.212789804,-75.737421356));
#1277=DIRECTION('',(-1.,0.,-0.));
#1278=VECTOR('',#1277,60.);
#1279=LINE('',#1276,#1278);
#1280=EDGE_CURVE('',#251,#915,#1279,.T.);
#1281=ORIENTED_EDGE('',*,*,#1280,.F.);
#1282=ORIENTED_EDGE('',*,*,#256,.F.);
#1283=EDGE_LOOP('',(#1274,#1275,#1281,#1282));
#1284=FACE_BOUND('',#1283,.T.);
#1285=ADVANCED_FACE('',(#1284),#1273,.F.);
#1286=CARTESIAN_POINT('',(743.839848603,146.744202639,-75.737421356));
#1287=DIRECTION('',(-0.,-0.,1.));
#1288=DIRECTION('',(0.,1.,0.));
#1289=AXIS2_PLACEMENT_3D('',#1286,#1287,#1288);
#1290=PLANE('',#1289);
#1291=ORIENTED_EDGE('',*,*,#1280,.T.);
#1292=ORIENTED_EDGE('',*,*,#920,.T.);
#1293=CARTESIAN_POINT('',(801.839848603,146.944202639,-75.737421356));
#1294=DIRECTION('',(-1.,0.,-0.));
#1295=VECTOR('',#1294,60.);
#1296=LINE('',#1293,#1295);
#1297=EDGE_CURVE('',#259,#907,#1296,.T.);
#1298=ORIENTED_EDGE('',*,*,#1297,.F.);
#1299=ORIENTED_EDGE('',*,*,#264,.T.);
#1300=EDGE_LOOP('',(#1291,#1292,#1298,#1299));
#1301=FACE_BOUND('',#1300,.T.);
#1302=ADVANCED_FACE('',(#1301),#1290,.T.);
#1303=CARTESIAN_POINT('',(753.839848603,146.944202639,-34.937421357));
#1304=DIRECTION('',(0.,-1.,-0.));
#1305=DIRECTION('',(-0.,-0.,1.));
#1306=AXIS2_PLACEMENT_3D('',#1303,#1304,#1305);
#1307=PLANE('',#1306);
#1308=CARTESIAN_POINT('',(741.839848603,146.944202639,-68.423834191));
#1309=DIRECTION('',(1.,0.,-0.));
#1310=VECTOR('',#1309,60.);
#1311=LINE('',#1308,#1310);
#1312=EDGE_CURVE('',#899,#267,#1311,.T.);
#1313=ORIENTED_EDGE('',*,*,#1312,.T.);
#1314=ORIENTED_EDGE('',*,*,#272,.T.);
#1315=ORIENTED_EDGE('',*,*,#1297,.T.);
#1316=ORIENTED_EDGE('',*,*,#912,.F.);
#1317=EDGE_LOOP('',(#1313,#1314,#1315,#1316));
#1318=FACE_BOUND('',#1317,.T.);
#1319=ADVANCED_FACE('',(#1318),#1307,.F.);
#1320=CARTESIAN_POINT('',(743.839848603,147.044202639,-68.423834191));
#1321=DIRECTION('',(0.,-0.,1.));
#1322=DIRECTION('',(-0.,1.,0.));
#1323=AXIS2_PLACEMENT_3D('',#1320,#1321,#1322);
#1324=PLANE('',#1323);
#1325=ORIENTED_EDGE('',*,*,#904,.T.);
#1326=CARTESIAN_POINT('',(801.839848603,149.106781282,-68.423834191));
#1327=DIRECTION('',(-1.,-0.,-0.));
#1328=VECTOR('',#1327,60.);
#1329=LINE('',#1326,#1328);
#1330=EDGE_CURVE('',#275,#891,#1329,.T.);
#1331=ORIENTED_EDGE('',*,*,#1330,.F.);
#1332=ORIENTED_EDGE('',*,*,#280,.F.);
#1333=ORIENTED_EDGE('',*,*,#1312,.F.);
#1334=EDGE_LOOP('',(#1325,#1331,#1332,#1333));
#1335=FACE_BOUND('',#1334,.T.);
#1336=ADVANCED_FACE('',(#1335),#1324,.F.);
#1337=CARTESIAN_POINT('',(743.839848603,149.106781282,-68.423834191));
#1338=DIRECTION('',(-0.,1.,0.));
#1339=DIRECTION('',(0.,0.,-1.));
#1340=AXIS2_PLACEMENT_3D('',#1337,#1338,#1339);
#1341=PLANE('',#1340);
#1342=ORIENTED_EDGE('',*,*,#1330,.T.);
#1343=ORIENTED_EDGE('',*,*,#896,.T.);
#1344=CARTESIAN_POINT('',(801.839848603,149.106781282,-69.750961552));
#1345=DIRECTION('',(-1.,-0.,-0.));
#1346=VECTOR('',#1345,60.);
#1347=LINE('',#1344,#1346);
#1348=EDGE_CURVE('',#283,#883,#1347,.T.);
#1349=ORIENTED_EDGE('',*,*,#1348,.F.);
#1350=ORIENTED_EDGE('',*,*,#288,.F.);
#1351=EDGE_LOOP('',(#1342,#1343,#1349,#1350));
#1352=FACE_BOUND('',#1351,.T.);
#1353=ADVANCED_FACE('',(#1352),#1341,.F.);
#1354=CARTESIAN_POINT('',(743.839848603,149.106781282,-69.750961552));
#1355=DIRECTION('',(-0.,0.707106781,0.707106781));
#1356=DIRECTION('',(-0.,0.707106781,-0.707106781));
#1357=AXIS2_PLACEMENT_3D('',#1354,#1355,#1356);
#1358=PLANE('',#1357);
#1359=ORIENTED_EDGE('',*,*,#1348,.T.);
#1360=ORIENTED_EDGE('',*,*,#888,.T.);
#1361=CARTESIAN_POINT('',(801.839848603,149.506781282,-70.150961552));
#1362=DIRECTION('',(-1.,-0.,-0.));
#1363=VECTOR('',#1362,60.);
#1364=LINE('',#1361,#1363);
#1365=EDGE_CURVE('',#291,#875,#1364,.T.);
#1366=ORIENTED_EDGE('',*,*,#1365,.F.);
#1367=ORIENTED_EDGE('',*,*,#296,.F.);
#1368=EDGE_LOOP('',(#1359,#1360,#1366,#1367));
#1369=FACE_BOUND('',#1368,.T.);
#1370=ADVANCED_FACE('',(#1369),#1358,.F.);
#1371=CARTESIAN_POINT('',(743.839848603,149.506781282,-70.150961552));
#1372=DIRECTION('',(0.,-0.,1.));
#1373=DIRECTION('',(-0.,1.,0.));
#1374=AXIS2_PLACEMENT_3D('',#1371,#1372,#1373);
#1375=PLANE('',#1374);
#1376=ORIENTED_EDGE('',*,*,#1365,.T.);
#1377=ORIENTED_EDGE('',*,*,#880,.T.);
#1378=CARTESIAN_POINT('',(801.839848603,151.206781282,-70.150961552));
#1379=DIRECTION('',(-1.,-0.,-0.));
#1380=VECTOR('',#1379,60.);
#1381=LINE('',#1378,#1380);
#1382=EDGE_CURVE('',#299,#867,#1381,.T.);
#1383=ORIENTED_EDGE('',*,*,#1382,.F.);
#1384=ORIENTED_EDGE('',*,*,#304,.F.);
#1385=EDGE_LOOP('',(#1376,#1377,#1383,#1384));
#1386=FACE_BOUND('',#1385,.T.);
#1387=ADVANCED_FACE('',(#1386),#1375,.F.);
#1388=CARTESIAN_POINT('',(743.839848603,152.856781282,-68.473834191));
#1389=DIRECTION('',(-0.,0.712848403,-0.701318154));
#1390=DIRECTION('',(0.,-0.701318154,-0.712848403));
#1391=AXIS2_PLACEMENT_3D('',#1388,#1389,#1390);
#1392=PLANE('',#1391);
#1393=ORIENTED_EDGE('',*,*,#1382,.T.);
#1394=ORIENTED_EDGE('',*,*,#872,.T.);
#1395=CARTESIAN_POINT('',(801.839848603,152.856781282,-68.473834191));
#1396=DIRECTION('',(-1.,-0.,-0.));
#1397=VECTOR('',#1396,60.);
#1398=LINE('',#1395,#1397);
#1399=EDGE_CURVE('',#307,#859,#1398,.T.);
#1400=ORIENTED_EDGE('',*,*,#1399,.F.);
#1401=ORIENTED_EDGE('',*,*,#312,.T.);
#1402=EDGE_LOOP('',(#1393,#1394,#1400,#1401));
#1403=FACE_BOUND('',#1402,.T.);
#1404=ADVANCED_FACE('',(#1403),#1392,.T.);
#1405=CARTESIAN_POINT('',(743.839848603,152.856781282,-68.473834191));
#1406=DIRECTION('',(0.,-1.,-0.));
#1407=DIRECTION('',(0.,-0.,1.));
#1408=AXIS2_PLACEMENT_3D('',#1405,#1406,#1407);
#1409=PLANE('',#1408);
#1410=ORIENTED_EDGE('',*,*,#1399,.T.);
#1411=ORIENTED_EDGE('',*,*,#864,.T.);
#1412=CARTESIAN_POINT('',(801.839848603,152.856781282,-62.673834191));
#1413=DIRECTION('',(-1.,-0.,-0.));
#1414=VECTOR('',#1413,60.);
#1415=LINE('',#1412,#1414);
#1416=EDGE_CURVE('',#315,#851,#1415,.T.);
#1417=ORIENTED_EDGE('',*,*,#1416,.F.);
#1418=ORIENTED_EDGE('',*,*,#320,.F.);
#1419=EDGE_LOOP('',(#1410,#1411,#1417,#1418));
#1420=FACE_BOUND('',#1419,.T.);
#1421=ADVANCED_FACE('',(#1420),#1409,.F.);
#1422=CARTESIAN_POINT('',(743.839848603,151.206781282,-60.99670683));
#1423=DIRECTION('',(-0.,0.712848403,0.701318154));
#1424=DIRECTION('',(-0.,0.701318154,-0.712848403));
#1425=AXIS2_PLACEMENT_3D('',#1422,#1423,#1424);
#1426=PLANE('',#1425);
#1427=ORIENTED_EDGE('',*,*,#1416,.T.);
#1428=ORIENTED_EDGE('',*,*,#856,.T.);
#1429=CARTESIAN_POINT('',(801.839848603,151.206781282,-60.99670683));
#1430=DIRECTION('',(-1.,-0.,-0.));
#1431=VECTOR('',#1430,60.);
#1432=LINE('',#1429,#1431);
#1433=EDGE_CURVE('',#323,#843,#1432,.T.);
#1434=ORIENTED_EDGE('',*,*,#1433,.F.);
#1435=ORIENTED_EDGE('',*,*,#328,.T.);
#1436=EDGE_LOOP('',(#1427,#1428,#1434,#1435));
#1437=FACE_BOUND('',#1436,.T.);
#1438=ADVANCED_FACE('',(#1437),#1426,.T.);
#1439=CARTESIAN_POINT('',(743.839848603,151.206781282,-60.99670683));
#1440=DIRECTION('',(0.,0.,-1.));
#1441=DIRECTION('',(0.,-1.,-0.));
#1442=AXIS2_PLACEMENT_3D('',#1439,#1440,#1441);
#1443=PLANE('',#1442);
#1444=ORIENTED_EDGE('',*,*,#1433,.T.);
#1445=ORIENTED_EDGE('',*,*,#848,.T.);
#1446=CARTESIAN_POINT('',(801.839848603,149.506781282,-60.99670683));
#1447=DIRECTION('',(-1.,-0.,-0.));
#1448=VECTOR('',#1447,60.);
#1449=LINE('',#1446,#1448);
#1450=EDGE_CURVE('',#331,#835,#1449,.T.);
#1451=ORIENTED_EDGE('',*,*,#1450,.F.);
#1452=ORIENTED_EDGE('',*,*,#336,.F.);
#1453=EDGE_LOOP('',(#1444,#1445,#1451,#1452));
#1454=FACE_BOUND('',#1453,.T.);
#1455=ADVANCED_FACE('',(#1454),#1443,.F.);
#1456=CARTESIAN_POINT('',(743.839848603,149.506781282,-60.99670683));
#1457=DIRECTION('',(-0.,0.707106781,-0.707106781));
#1458=DIRECTION('',(0.,-0.707106781,-0.707106781));
#1459=AXIS2_PLACEMENT_3D('',#1456,#1457,#1458);
#1460=PLANE('',#1459);
#1461=ORIENTED_EDGE('',*,*,#1450,.T.);
#1462=ORIENTED_EDGE('',*,*,#840,.T.);
#1463=CARTESIAN_POINT('',(801.839848603,149.106781282,-61.39670683));
#1464=DIRECTION('',(-1.,-0.,-0.));
#1465=VECTOR('',#1464,60.);
#1466=LINE('',#1463,#1465);
#1467=EDGE_CURVE('',#339,#827,#1466,.T.);
#1468=ORIENTED_EDGE('',*,*,#1467,.F.);
#1469=ORIENTED_EDGE('',*,*,#344,.F.);
#1470=EDGE_LOOP('',(#1461,#1462,#1468,#1469));
#1471=FACE_BOUND('',#1470,.T.);
#1472=ADVANCED_FACE('',(#1471),#1460,.F.);
#1473=CARTESIAN_POINT('',(743.839848603,149.106781282,-61.39670683));
#1474=DIRECTION('',(-0.,1.,0.));
#1475=DIRECTION('',(0.,0.,-1.));
#1476=AXIS2_PLACEMENT_3D('',#1473,#1474,#1475);
#1477=PLANE('',#1476);
#1478=ORIENTED_EDGE('',*,*,#1467,.T.);
#1479=ORIENTED_EDGE('',*,*,#832,.T.);
#1480=CARTESIAN_POINT('',(801.839848603,149.106781282,-62.651008522));
#1481=DIRECTION('',(-1.,-0.,-0.));
#1482=VECTOR('',#1481,60.);
#1483=LINE('',#1480,#1482);
#1484=EDGE_CURVE('',#347,#819,#1483,.T.);
#1485=ORIENTED_EDGE('',*,*,#1484,.F.);
#1486=ORIENTED_EDGE('',*,*,#352,.F.);
#1487=EDGE_LOOP('',(#1478,#1479,#1485,#1486));
#1488=FACE_BOUND('',#1487,.T.);
#1489=ADVANCED_FACE('',(#1488),#1477,.F.);
#1490=CARTESIAN_POINT('',(743.839848603,149.106781282,-62.651008522));
#1491=DIRECTION('',(0.,0.,-1.));
#1492=DIRECTION('',(0.,-1.,-0.));
#1493=AXIS2_PLACEMENT_3D('',#1490,#1491,#1492);
#1494=PLANE('',#1493);
#1495=ORIENTED_EDGE('',*,*,#360,.F.);
#1496=ORIENTED_EDGE('',*,*,#1484,.T.);
#1497=ORIENTED_EDGE('',*,*,#824,.T.);
#1498=CARTESIAN_POINT('',(801.839848603,146.944202639,-62.651008522));
#1499=DIRECTION('',(-1.,0.,0.));
#1500=VECTOR('',#1499,60.);
#1501=LINE('',#1498,#1500);
#1502=EDGE_CURVE('',#355,#811,#1501,.T.);
#1503=ORIENTED_EDGE('',*,*,#1502,.F.);
#1504=EDGE_LOOP('',(#1495,#1496,#1497,#1503));
#1505=FACE_BOUND('',#1504,.T.);
#1506=ADVANCED_FACE('',(#1505),#1494,.F.);
#1507=CARTESIAN_POINT('',(753.839848603,146.944202639,-34.937421357));
#1508=DIRECTION('',(0.,-1.,-0.));
#1509=DIRECTION('',(-0.,-0.,1.));
#1510=AXIS2_PLACEMENT_3D('',#1507,#1508,#1509);
#1511=PLANE('',#1510);
#1512=ORIENTED_EDGE('',*,*,#1502,.T.);
#1513=ORIENTED_EDGE('',*,*,#816,.F.);
#1514=CARTESIAN_POINT('',(741.839848603,146.944202639,-48.423834191));
#1515=DIRECTION('',(1.,0.,-0.));
#1516=VECTOR('',#1515,60.);
#1517=LINE('',#1514,#1516);
#1518=EDGE_CURVE('',#803,#363,#1517,.T.);
#1519=ORIENTED_EDGE('',*,*,#1518,.T.);
#1520=ORIENTED_EDGE('',*,*,#368,.T.);
#1521=EDGE_LOOP('',(#1512,#1513,#1519,#1520));
#1522=FACE_BOUND('',#1521,.T.);
#1523=ADVANCED_FACE('',(#1522),#1511,.F.);
#1524=CARTESIAN_POINT('',(743.839848603,147.044202639,-48.423834191));
#1525=DIRECTION('',(0.,-0.,1.));
#1526=DIRECTION('',(-0.,1.,0.));
#1527=AXIS2_PLACEMENT_3D('',#1524,#1525,#1526);
#1528=PLANE('',#1527);
#1529=ORIENTED_EDGE('',*,*,#808,.T.);
#1530=CARTESIAN_POINT('',(801.839848603,149.106781282,-48.423834191));
#1531=DIRECTION('',(-1.,-0.,-0.));
#1532=VECTOR('',#1531,60.);
#1533=LINE('',#1530,#1532);
#1534=EDGE_CURVE('',#371,#795,#1533,.T.);
#1535=ORIENTED_EDGE('',*,*,#1534,.F.);
#1536=ORIENTED_EDGE('',*,*,#376,.F.);
#1537=ORIENTED_EDGE('',*,*,#1518,.F.);
#1538=EDGE_LOOP('',(#1529,#1535,#1536,#1537));
#1539=FACE_BOUND('',#1538,.T.);
#1540=ADVANCED_FACE('',(#1539),#1528,.F.);
#1541=CARTESIAN_POINT('',(743.839848603,149.106781282,-48.423834191));
#1542=DIRECTION('',(-0.,1.,0.));
#1543=DIRECTION('',(0.,0.,-1.));
#1544=AXIS2_PLACEMENT_3D('',#1541,#1542,#1543);
#1545=PLANE('',#1544);
#1546=ORIENTED_EDGE('',*,*,#1534,.T.);
#1547=ORIENTED_EDGE('',*,*,#800,.T.);
#1548=CARTESIAN_POINT('',(801.839848603,149.106781282,-49.750961552));
#1549=DIRECTION('',(-1.,-0.,-0.));
#1550=VECTOR('',#1549,60.);
#1551=LINE('',#1548,#1550);
#1552=EDGE_CURVE('',#379,#787,#1551,.T.);
#1553=ORIENTED_EDGE('',*,*,#1552,.F.);
#1554=ORIENTED_EDGE('',*,*,#384,.F.);
#1555=EDGE_LOOP('',(#1546,#1547,#1553,#1554));
#1556=FACE_BOUND('',#1555,.T.);
#1557=ADVANCED_FACE('',(#1556),#1545,.F.);
#1558=CARTESIAN_POINT('',(743.839848603,149.106781282,-49.750961552));
#1559=DIRECTION('',(-0.,0.707106781,0.707106781));
#1560=DIRECTION('',(-0.,0.707106781,-0.707106781));
#1561=AXIS2_PLACEMENT_3D('',#1558,#1559,#1560);
#1562=PLANE('',#1561);
#1563=ORIENTED_EDGE('',*,*,#1552,.T.);
#1564=ORIENTED_EDGE('',*,*,#792,.T.);
#1565=CARTESIAN_POINT('',(801.839848603,149.506781282,-50.150961552));
#1566=DIRECTION('',(-1.,-0.,-0.));
#1567=VECTOR('',#1566,60.);
#1568=LINE('',#1565,#1567);
#1569=EDGE_CURVE('',#387,#779,#1568,.T.);
#1570=ORIENTED_EDGE('',*,*,#1569,.F.);
#1571=ORIENTED_EDGE('',*,*,#392,.F.);
#1572=EDGE_LOOP('',(#1563,#1564,#1570,#1571));
#1573=FACE_BOUND('',#1572,.T.);
#1574=ADVANCED_FACE('',(#1573),#1562,.F.);
#1575=CARTESIAN_POINT('',(743.839848603,149.506781282,-50.150961552));
#1576=DIRECTION('',(0.,-0.,1.));
#1577=DIRECTION('',(-0.,1.,0.));
#1578=AXIS2_PLACEMENT_3D('',#1575,#1576,#1577);
#1579=PLANE('',#1578);
#1580=ORIENTED_EDGE('',*,*,#1569,.T.);
#1581=ORIENTED_EDGE('',*,*,#784,.T.);
#1582=CARTESIAN_POINT('',(801.839848603,151.206781282,-50.150961552));
#1583=DIRECTION('',(-1.,-0.,-0.));
#1584=VECTOR('',#1583,60.);
#1585=LINE('',#1582,#1584);
#1586=EDGE_CURVE('',#395,#771,#1585,.T.);
#1587=ORIENTED_EDGE('',*,*,#1586,.F.);
#1588=ORIENTED_EDGE('',*,*,#400,.F.);
#1589=EDGE_LOOP('',(#1580,#1581,#1587,#1588));
#1590=FACE_BOUND('',#1589,.T.);
#1591=ADVANCED_FACE('',(#1590),#1579,.F.);
#1592=CARTESIAN_POINT('',(743.839848603,152.856781282,-48.473834191));
#1593=DIRECTION('',(-0.,0.712848403,-0.701318154));
#1594=DIRECTION('',(0.,-0.701318154,-0.712848403));
#1595=AXIS2_PLACEMENT_3D('',#1592,#1593,#1594);
#1596=PLANE('',#1595);
#1597=ORIENTED_EDGE('',*,*,#1586,.T.);
#1598=ORIENTED_EDGE('',*,*,#776,.T.);
#1599=CARTESIAN_POINT('',(801.839848603,152.856781282,-48.473834191));
#1600=DIRECTION('',(-1.,-0.,-0.));
#1601=VECTOR('',#1600,60.);
#1602=LINE('',#1599,#1601);
#1603=EDGE_CURVE('',#403,#763,#1602,.T.);
#1604=ORIENTED_EDGE('',*,*,#1603,.F.);
#1605=ORIENTED_EDGE('',*,*,#408,.T.);
#1606=EDGE_LOOP('',(#1597,#1598,#1604,#1605));
#1607=FACE_BOUND('',#1606,.T.);
#1608=ADVANCED_FACE('',(#1607),#1596,.T.);
#1609=CARTESIAN_POINT('',(743.839848603,152.856781282,-48.473834191));
#1610=DIRECTION('',(0.,-1.,-0.));
#1611=DIRECTION('',(0.,-0.,1.));
#1612=AXIS2_PLACEMENT_3D('',#1609,#1610,#1611);
#1613=PLANE('',#1612);
#1614=ORIENTED_EDGE('',*,*,#1603,.T.);
#1615=ORIENTED_EDGE('',*,*,#768,.T.);
#1616=CARTESIAN_POINT('',(801.839848603,152.856781282,-42.673834191));
#1617=DIRECTION('',(-1.,-0.,-0.));
#1618=VECTOR('',#1617,60.);
#1619=LINE('',#1616,#1618);
#1620=EDGE_CURVE('',#411,#755,#1619,.T.);
#1621=ORIENTED_EDGE('',*,*,#1620,.F.);
#1622=ORIENTED_EDGE('',*,*,#416,.F.);
#1623=EDGE_LOOP('',(#1614,#1615,#1621,#1622));
#1624=FACE_BOUND('',#1623,.T.);
#1625=ADVANCED_FACE('',(#1624),#1613,.F.);
#1626=CARTESIAN_POINT('',(743.839848603,151.206781282,-40.99670683));
#1627=DIRECTION('',(-0.,0.712848403,0.701318154));
#1628=DIRECTION('',(-0.,0.701318154,-0.712848403));
#1629=AXIS2_PLACEMENT_3D('',#1626,#1627,#1628);
#1630=PLANE('',#1629);
#1631=ORIENTED_EDGE('',*,*,#1620,.T.);
#1632=ORIENTED_EDGE('',*,*,#760,.T.);
#1633=CARTESIAN_POINT('',(801.839848603,151.206781282,-40.99670683));
#1634=DIRECTION('',(-1.,-0.,-0.));
#1635=VECTOR('',#1634,60.);
#1636=LINE('',#1633,#1635);
#1637=EDGE_CURVE('',#419,#747,#1636,.T.);
#1638=ORIENTED_EDGE('',*,*,#1637,.F.);
#1639=ORIENTED_EDGE('',*,*,#424,.T.);
#1640=EDGE_LOOP('',(#1631,#1632,#1638,#1639));
#1641=FACE_BOUND('',#1640,.T.);
#1642=ADVANCED_FACE('',(#1641),#1630,.T.);
#1643=CARTESIAN_POINT('',(743.839848603,151.206781282,-40.99670683));
#1644=DIRECTION('',(0.,0.,-1.));
#1645=DIRECTION('',(0.,-1.,-0.));
#1646=AXIS2_PLACEMENT_3D('',#1643,#1644,#1645);
#1647=PLANE('',#1646);
#1648=ORIENTED_EDGE('',*,*,#1637,.T.);
#1649=ORIENTED_EDGE('',*,*,#752,.T.);
#1650=CARTESIAN_POINT('',(801.839848603,149.506781282,-40.99670683));
#1651=DIRECTION('',(-1.,-0.,-0.));
#1652=VECTOR('',#1651,60.);
#1653=LINE('',#1650,#1652);
#1654=EDGE_CURVE('',#427,#739,#1653,.T.);
#1655=ORIENTED_EDGE('',*,*,#1654,.F.);
#1656=ORIENTED_EDGE('',*,*,#432,.F.);
#1657=EDGE_LOOP('',(#1648,#1649,#1655,#1656));
#1658=FACE_BOUND('',#1657,.T.);
#1659=ADVANCED_FACE('',(#1658),#1647,.F.);
#1660=CARTESIAN_POINT('',(743.839848603,149.506781282,-40.99670683));
#1661=DIRECTION('',(-0.,0.707106781,-0.707106781));
#1662=DIRECTION('',(0.,-0.707106781,-0.707106781));
#1663=AXIS2_PLACEMENT_3D('',#1660,#1661,#1662);
#1664=PLANE('',#1663);
#1665=ORIENTED_EDGE('',*,*,#1654,.T.);
#1666=ORIENTED_EDGE('',*,*,#744,.T.);
#1667=CARTESIAN_POINT('',(801.839848603,149.106781282,-41.39670683));
#1668=DIRECTION('',(-1.,-0.,-0.));
#1669=VECTOR('',#1668,60.);
#1670=LINE('',#1667,#1669);
#1671=EDGE_CURVE('',#435,#731,#1670,.T.);
#1672=ORIENTED_EDGE('',*,*,#1671,.F.);
#1673=ORIENTED_EDGE('',*,*,#440,.F.);
#1674=EDGE_LOOP('',(#1665,#1666,#1672,#1673));
#1675=FACE_BOUND('',#1674,.T.);
#1676=ADVANCED_FACE('',(#1675),#1664,.F.);
#1677=CARTESIAN_POINT('',(743.839848603,149.106781282,-41.39670683));
#1678=DIRECTION('',(-0.,1.,0.));
#1679=DIRECTION('',(0.,0.,-1.));
#1680=AXIS2_PLACEMENT_3D('',#1677,#1678,#1679);
#1681=PLANE('',#1680);
#1682=ORIENTED_EDGE('',*,*,#1671,.T.);
#1683=ORIENTED_EDGE('',*,*,#736,.T.);
#1684=CARTESIAN_POINT('',(801.839848603,149.106781282,-42.651008522));
#1685=DIRECTION('',(-1.,-0.,-0.));
#1686=VECTOR('',#1685,60.);
#1687=LINE('',#1684,#1686);
#1688=EDGE_CURVE('',#443,#723,#1687,.T.);
#1689=ORIENTED_EDGE('',*,*,#1688,.F.);
#1690=ORIENTED_EDGE('',*,*,#448,.F.);
#1691=EDGE_LOOP('',(#1682,#1683,#1689,#1690));
#1692=FACE_BOUND('',#1691,.T.);
#1693=ADVANCED_FACE('',(#1692),#1681,.F.);
#1694=CARTESIAN_POINT('',(743.839848603,149.106781282,-42.651008522));
#1695=DIRECTION('',(0.,0.,-1.));
#1696=DIRECTION('',(0.,-1.,-0.));
#1697=AXIS2_PLACEMENT_3D('',#1694,#1695,#1696);
#1698=PLANE('',#1697);
#1699=ORIENTED_EDGE('',*,*,#456,.F.);
#1700=ORIENTED_EDGE('',*,*,#1688,.T.);
#1701=ORIENTED_EDGE('',*,*,#728,.T.);
#1702=CARTESIAN_POINT('',(801.839848603,146.944202639,-42.651008522));
#1703=DIRECTION('',(-1.,0.,0.));
#1704=VECTOR('',#1703,60.);
#1705=LINE('',#1702,#1704);
#1706=EDGE_CURVE('',#451,#715,#1705,.T.);
#1707=ORIENTED_EDGE('',*,*,#1706,.F.);
#1708=EDGE_LOOP('',(#1699,#1700,#1701,#1707));
#1709=FACE_BOUND('',#1708,.T.);
#1710=ADVANCED_FACE('',(#1709),#1698,.F.);
#1711=CARTESIAN_POINT('',(753.839848603,146.944202639,-34.937421357));
#1712=DIRECTION('',(0.,-1.,-0.));
#1713=DIRECTION('',(-0.,-0.,1.));
#1714=AXIS2_PLACEMENT_3D('',#1711,#1712,#1713);
#1715=PLANE('',#1714);
#1716=ORIENTED_EDGE('',*,*,#1706,.T.);
#1717=ORIENTED_EDGE('',*,*,#720,.F.);
#1718=CARTESIAN_POINT('',(741.839848603,146.944202639,-35.337421356));
#1719=DIRECTION('',(1.,-0.,0.));
#1720=VECTOR('',#1719,60.);
#1721=LINE('',#1718,#1720);
#1722=EDGE_CURVE('',#707,#459,#1721,.T.);
#1723=ORIENTED_EDGE('',*,*,#1722,.T.);
#1724=ORIENTED_EDGE('',*,*,#464,.T.);
#1725=EDGE_LOOP('',(#1716,#1717,#1723,#1724));
#1726=FACE_BOUND('',#1725,.T.);
#1727=ADVANCED_FACE('',(#1726),#1715,.F.);
#1728=CARTESIAN_POINT('',(753.839848603,154.212789804,-35.337421356));
#1729=DIRECTION('',(0.,0.,-1.));
#1730=DIRECTION('',(0.,-1.,-0.));
#1731=AXIS2_PLACEMENT_3D('',#1728,#1729,#1730);
#1732=PLANE('',#1731);
#1733=CARTESIAN_POINT('',(741.839848603,154.212789804,-35.337421356));
#1734=DIRECTION('',(1.,-0.,0.));
#1735=VECTOR('',#1734,60.);
#1736=LINE('',#1733,#1735);
#1737=EDGE_CURVE('',#699,#467,#1736,.T.);
#1738=ORIENTED_EDGE('',*,*,#1737,.T.);
#1739=ORIENTED_EDGE('',*,*,#472,.T.);
#1740=ORIENTED_EDGE('',*,*,#1722,.F.);
#1741=ORIENTED_EDGE('',*,*,#712,.T.);
#1742=EDGE_LOOP('',(#1738,#1739,#1740,#1741));
#1743=FACE_BOUND('',#1742,.T.);
#1744=ADVANCED_FACE('',(#1743),#1732,.T.);
#1745=CARTESIAN_POINT('',(753.839848603,154.212789804,-35.437421357));
#1746=DIRECTION('',(0.,1.,0.));
#1747=DIRECTION('',(0.,0.,-1.));
#1748=AXIS2_PLACEMENT_3D('',#1745,#1746,#1747);
#1749=PLANE('',#1748);
#1750=CARTESIAN_POINT('',(741.839848603,154.212789804,-37.5));
#1751=DIRECTION('',(1.,-0.,0.));
#1752=VECTOR('',#1751,60.);
#1753=LINE('',#1750,#1752);
#1754=EDGE_CURVE('',#691,#475,#1753,.T.);
#1755=ORIENTED_EDGE('',*,*,#1754,.T.);
#1756=ORIENTED_EDGE('',*,*,#480,.F.);
#1757=ORIENTED_EDGE('',*,*,#1737,.F.);
#1758=ORIENTED_EDGE('',*,*,#704,.T.);
#1759=EDGE_LOOP('',(#1755,#1756,#1757,#1758));
#1760=FACE_BOUND('',#1759,.T.);
#1761=ADVANCED_FACE('',(#1760),#1749,.F.);
#1762=CARTESIAN_POINT('',(753.839848603,154.212789804,-37.5));
#1763=DIRECTION('',(0.,0.,-1.));
#1764=DIRECTION('',(0.,-1.,-0.));
#1765=AXIS2_PLACEMENT_3D('',#1762,#1763,#1764);
#1766=PLANE('',#1765);
#1767=CARTESIAN_POINT('',(741.839848603,152.885662443,-37.5));
#1768=DIRECTION('',(1.,-0.,0.));
#1769=VECTOR('',#1768,60.);
#1770=LINE('',#1767,#1769);
#1771=EDGE_CURVE('',#683,#483,#1770,.T.);
#1772=ORIENTED_EDGE('',*,*,#1771,.T.);
#1773=ORIENTED_EDGE('',*,*,#488,.F.);
#1774=ORIENTED_EDGE('',*,*,#1754,.F.);
#1775=ORIENTED_EDGE('',*,*,#696,.T.);
#1776=EDGE_LOOP('',(#1772,#1773,#1774,#1775));
#1777=FACE_BOUND('',#1776,.T.);
#1778=ADVANCED_FACE('',(#1777),#1766,.F.);
#1779=CARTESIAN_POINT('',(753.839848603,152.885662443,-37.5));
#1780=DIRECTION('',(0.,0.707106781,-0.707106781));
#1781=DIRECTION('',(0.,-0.707106781,-0.707106781));
#1782=AXIS2_PLACEMENT_3D('',#1779,#1780,#1781);
#1783=PLANE('',#1782);
#1784=CARTESIAN_POINT('',(741.839848603,152.485662443,-37.9));
#1785=DIRECTION('',(1.,-0.,0.));
#1786=VECTOR('',#1785,60.);
#1787=LINE('',#1784,#1786);
#1788=EDGE_CURVE('',#675,#491,#1787,.T.);
#1789=ORIENTED_EDGE('',*,*,#1788,.T.);
#1790=ORIENTED_EDGE('',*,*,#496,.F.);
#1791=ORIENTED_EDGE('',*,*,#1771,.F.);
#1792=ORIENTED_EDGE('',*,*,#688,.T.);
#1793=EDGE_LOOP('',(#1789,#1790,#1791,#1792));
#1794=FACE_BOUND('',#1793,.T.);
#1795=ADVANCED_FACE('',(#1794),#1783,.F.);
#1796=CARTESIAN_POINT('',(753.839848603,152.485662443,-37.9));
#1797=DIRECTION('',(0.,1.,0.));
#1798=DIRECTION('',(0.,0.,-1.));
#1799=AXIS2_PLACEMENT_3D('',#1796,#1797,#1798);
#1800=PLANE('',#1799);
#1801=CARTESIAN_POINT('',(741.839848603,152.485662443,-39.6));
#1802=DIRECTION('',(1.,-0.,0.));
#1803=VECTOR('',#1802,60.);
#1804=LINE('',#1801,#1803);
#1805=EDGE_CURVE('',#667,#499,#1804,.T.);
#1806=ORIENTED_EDGE('',*,*,#1805,.T.);
#1807=ORIENTED_EDGE('',*,*,#504,.F.);
#1808=ORIENTED_EDGE('',*,*,#1788,.F.);
#1809=ORIENTED_EDGE('',*,*,#680,.T.);
#1810=EDGE_LOOP('',(#1806,#1807,#1808,#1809));
#1811=FACE_BOUND('',#1810,.T.);
#1812=ADVANCED_FACE('',(#1811),#1800,.F.);
#1813=CARTESIAN_POINT('',(753.839848603,154.162789804,-41.25));
#1814=DIRECTION('',(0.,-0.701318154,-0.712848403));
#1815=DIRECTION('',(-0.,-0.712848403,0.701318154));
#1816=AXIS2_PLACEMENT_3D('',#1813,#1814,#1815);
#1817=PLANE('',#1816);
#1818=CARTESIAN_POINT('',(741.839848603,154.162789804,-41.25));
#1819=DIRECTION('',(1.,-0.,0.));
#1820=VECTOR('',#1819,60.);
#1821=LINE('',#1818,#1820);
#1822=EDGE_CURVE('',#659,#507,#1821,.T.);
#1823=ORIENTED_EDGE('',*,*,#1822,.T.);
#1824=ORIENTED_EDGE('',*,*,#512,.T.);
#1825=ORIENTED_EDGE('',*,*,#1805,.F.);
#1826=ORIENTED_EDGE('',*,*,#672,.T.);
#1827=EDGE_LOOP('',(#1823,#1824,#1825,#1826));
#1828=FACE_BOUND('',#1827,.T.);
#1829=ADVANCED_FACE('',(#1828),#1817,.T.);
#1830=CARTESIAN_POINT('',(753.839848603,154.162789804,-41.25));
#1831=DIRECTION('',(-0.,-0.,1.));
#1832=DIRECTION('',(0.,1.,0.));
#1833=AXIS2_PLACEMENT_3D('',#1830,#1831,#1832);
#1834=PLANE('',#1833);
#1835=CARTESIAN_POINT('',(741.839848603,159.962789804,-41.25));
#1836=DIRECTION('',(1.,-0.,0.));
#1837=VECTOR('',#1836,60.);
#1838=LINE('',#1835,#1837);
#1839=EDGE_CURVE('',#651,#515,#1838,.T.);
#1840=ORIENTED_EDGE('',*,*,#1839,.T.);
#1841=ORIENTED_EDGE('',*,*,#520,.F.);
#1842=ORIENTED_EDGE('',*,*,#1822,.F.);
#1843=ORIENTED_EDGE('',*,*,#664,.T.);
#1844=EDGE_LOOP('',(#1840,#1841,#1842,#1843));
#1845=FACE_BOUND('',#1844,.T.);
#1846=ADVANCED_FACE('',(#1845),#1834,.F.);
#1847=CARTESIAN_POINT('',(753.839848603,161.639917165,-39.6));
#1848=DIRECTION('',(0.,0.701318154,-0.712848403));
#1849=DIRECTION('',(0.,-0.712848403,-0.701318154));
#1850=AXIS2_PLACEMENT_3D('',#1847,#1848,#1849);
#1851=PLANE('',#1850);
#1852=CARTESIAN_POINT('',(741.839848603,161.639917165,-39.6));
#1853=DIRECTION('',(1.,-0.,0.));
#1854=VECTOR('',#1853,60.);
#1855=LINE('',#1852,#1854);
#1856=EDGE_CURVE('',#643,#523,#1855,.T.);
#1857=ORIENTED_EDGE('',*,*,#1856,.T.);
#1858=ORIENTED_EDGE('',*,*,#528,.T.);
#1859=ORIENTED_EDGE('',*,*,#1839,.F.);
#1860=ORIENTED_EDGE('',*,*,#656,.T.);
#1861=EDGE_LOOP('',(#1857,#1858,#1859,#1860));
#1862=FACE_BOUND('',#1861,.T.);
#1863=ADVANCED_FACE('',(#1862),#1851,.T.);
#1864=CARTESIAN_POINT('',(753.839848603,161.639917165,-39.6));
#1865=DIRECTION('',(0.,-1.,-0.));
#1866=DIRECTION('',(-0.,-0.,1.));
#1867=AXIS2_PLACEMENT_3D('',#1864,#1865,#1866);
#1868=PLANE('',#1867);
#1869=CARTESIAN_POINT('',(741.839848603,161.639917165,-37.9));
#1870=DIRECTION('',(1.,-0.,0.));
#1871=VECTOR('',#1870,60.);
#1872=LINE('',#1869,#1871);
#1873=EDGE_CURVE('',#635,#531,#1872,.T.);
#1874=ORIENTED_EDGE('',*,*,#1873,.T.);
#1875=ORIENTED_EDGE('',*,*,#536,.F.);
#1876=ORIENTED_EDGE('',*,*,#1856,.F.);
#1877=ORIENTED_EDGE('',*,*,#648,.T.);
#1878=EDGE_LOOP('',(#1874,#1875,#1876,#1877));
#1879=FACE_BOUND('',#1878,.T.);
#1880=ADVANCED_FACE('',(#1879),#1868,.F.);
#1881=CARTESIAN_POINT('',(753.839848603,161.639917165,-37.9));
#1882=DIRECTION('',(0.,-0.707106781,-0.707106781));
#1883=DIRECTION('',(-0.,-0.707106781,0.707106781));
#1884=AXIS2_PLACEMENT_3D('',#1881,#1882,#1883);
#1885=PLANE('',#1884);
#1886=CARTESIAN_POINT('',(741.839848603,161.239917165,-37.5));
#1887=DIRECTION('',(1.,-0.,0.));
#1888=VECTOR('',#1887,60.);
#1889=LINE('',#1886,#1888);
#1890=EDGE_CURVE('',#627,#539,#1889,.T.);
#1891=ORIENTED_EDGE('',*,*,#1890,.T.);
#1892=ORIENTED_EDGE('',*,*,#544,.F.);
#1893=ORIENTED_EDGE('',*,*,#1873,.F.);
#1894=ORIENTED_EDGE('',*,*,#640,.T.);
#1895=EDGE_LOOP('',(#1891,#1892,#1893,#1894));
#1896=FACE_BOUND('',#1895,.T.);
#1897=ADVANCED_FACE('',(#1896),#1885,.F.);
#1898=CARTESIAN_POINT('',(753.839848603,161.239917165,-37.5));
#1899=DIRECTION('',(0.,0.,-1.));
#1900=DIRECTION('',(0.,-1.,-0.));
#1901=AXIS2_PLACEMENT_3D('',#1898,#1899,#1900);
#1902=PLANE('',#1901);
#1903=CARTESIAN_POINT('',(741.839848603,159.985615474,-37.5));
#1904=DIRECTION('',(1.,-0.,0.));
#1905=VECTOR('',#1904,60.);
#1906=LINE('',#1903,#1905);
#1907=EDGE_CURVE('',#619,#547,#1906,.T.);
#1908=ORIENTED_EDGE('',*,*,#1907,.T.);
#1909=ORIENTED_EDGE('',*,*,#552,.F.);
#1910=ORIENTED_EDGE('',*,*,#1890,.F.);
#1911=ORIENTED_EDGE('',*,*,#632,.T.);
#1912=EDGE_LOOP('',(#1908,#1909,#1910,#1911));
#1913=FACE_BOUND('',#1912,.T.);
#1914=ADVANCED_FACE('',(#1913),#1902,.F.);
#1915=CARTESIAN_POINT('',(753.839848603,159.985615474,-37.5));
#1916=DIRECTION('',(0.,-1.,-0.));
#1917=DIRECTION('',(-0.,-0.,1.));
#1918=AXIS2_PLACEMENT_3D('',#1915,#1916,#1917);
#1919=PLANE('',#1918);
#1920=CARTESIAN_POINT('',(741.839848603,159.985615474,-35.337421356));
#1921=DIRECTION('',(1.,-0.,0.));
#1922=VECTOR('',#1921,60.);
#1923=LINE('',#1920,#1922);
#1924=EDGE_CURVE('',#611,#555,#1923,.T.);
#1925=ORIENTED_EDGE('',*,*,#1924,.T.);
#1926=ORIENTED_EDGE('',*,*,#560,.F.);
#1927=ORIENTED_EDGE('',*,*,#1907,.F.);
#1928=ORIENTED_EDGE('',*,*,#624,.T.);
#1929=EDGE_LOOP('',(#1925,#1926,#1927,#1928));
#1930=FACE_BOUND('',#1929,.T.);
#1931=ADVANCED_FACE('',(#1930),#1919,.F.);
#1932=CARTESIAN_POINT('',(753.839848603,166.744202639,-35.337421356));
#1933=DIRECTION('',(0.,0.,-1.));
#1934=DIRECTION('',(0.,-1.,-0.));
#1935=AXIS2_PLACEMENT_3D('',#1932,#1933,#1934);
#1936=PLANE('',#1935);
#1937=ORIENTED_EDGE('',*,*,#96,.T.);
#1938=CARTESIAN_POINT('',(800.839848603,165.744202639,-35.337421356));
#1939=DIRECTION('',(-0.,-0.,1.));
#1940=DIRECTION('',(1.,0.,0.));
#1941=AXIS2_PLACEMENT_3D('',#1938,#1939,#1940);
#1942=CIRCLE('',#1941,1.);
#1943=EDGE_CURVE('',#563,#83,#1942,.T.);
#1944=ORIENTED_EDGE('',*,*,#1943,.F.);
#1945=ORIENTED_EDGE('',*,*,#568,.T.);
#1946=ORIENTED_EDGE('',*,*,#1924,.F.);
#1947=ORIENTED_EDGE('',*,*,#616,.T.);
#1948=CARTESIAN_POINT('',(742.839848603,165.744202639,-35.337421356));
#1949=DIRECTION('',(-0.,-0.,1.));
#1950=DIRECTION('',(1.,0.,0.));
#1951=AXIS2_PLACEMENT_3D('',#1948,#1949,#1950);
#1952=CIRCLE('',#1951,1.);
#1953=EDGE_CURVE('',#91,#603,#1952,.T.);
#1954=ORIENTED_EDGE('',*,*,#1953,.F.);
#1955=EDGE_LOOP('',(#1937,#1944,#1945,#1946,#1947,#1954));
#1956=FACE_BOUND('',#1955,.T.);
#1957=ADVANCED_FACE('',(#1956),#1936,.T.);
#1958=CARTESIAN_POINT('',(220.950697206,105.606693513,-56.240440246));
#1959=DIRECTION('',(0.,0.819152044,-0.573576436));
#1960=DIRECTION('',(1.,-0.,-0.));
#1961=AXIS2_PLACEMENT_3D('',#1958,#1959,#1960);
#1962=PLANE('',#1961);
#1963=CARTESIAN_POINT('',(749.539848603,116.334685281,-40.919280186));
#1964=VERTEX_POINT('',#1963);
#1965=CARTESIAN_POINT('',(749.539848603,117.682589907,-38.994272881));
#1966=DIRECTION('',(0.,0.819152044,-0.573576436));
#1967=DIRECTION('',(0.,-0.573576436,-0.819152044));
#1968=AXIS2_PLACEMENT_3D('',#1965,#1966,#1967);
#1969=CIRCLE('',#1968,2.35);
#1970=EDGE_CURVE('',#1964,#1964,#1969,.T.);
#1971=ORIENTED_EDGE('',*,*,#1970,.T.);
#1972=EDGE_LOOP('',(#1971));
#1973=FACE_BOUND('',#1972,.T.);
#1974=CARTESIAN_POINT('',(794.039848603,116.333400073,-40.921115653));
#1975=VERTEX_POINT('',#1974);
#1976=CARTESIAN_POINT('',(794.039848603,117.681304699,-38.996108349));
#1977=DIRECTION('',(0.,0.819152044,-0.573576436));
#1978=DIRECTION('',(0.,-0.573576436,-0.819152044));
#1979=AXIS2_PLACEMENT_3D('',#1976,#1977,#1978);
#1980=CIRCLE('',#1979,2.35);
#1981=EDGE_CURVE('',#1975,#1975,#1980,.T.);
#1982=ORIENTED_EDGE('',*,*,#1981,.T.);
#1983=EDGE_LOOP('',(#1982));
#1984=FACE_BOUND('',#1983,.T.);
#1985=CARTESIAN_POINT('',(794.039848603,100.334538453,-63.769857986));
#1986=VERTEX_POINT('',#1985);
#1987=CARTESIAN_POINT('',(794.039848603,101.682443079,-61.844850682));
#1988=DIRECTION('',(0.,0.819152044,-0.573576436));
#1989=DIRECTION('',(0.,-0.573576436,-0.819152044));
#1990=AXIS2_PLACEMENT_3D('',#1987,#1988,#1989);
#1991=CIRCLE('',#1990,2.35);
#1992=EDGE_CURVE('',#1986,#1986,#1991,.T.);
#1993=ORIENTED_EDGE('',*,*,#1992,.T.);
#1994=EDGE_LOOP('',(#1993));
#1995=FACE_BOUND('',#1994,.T.);
#1996=CARTESIAN_POINT('',(749.539848603,100.335823662,-63.768022518));
#1997=VERTEX_POINT('',#1996);
#1998=CARTESIAN_POINT('',(749.539848603,101.683728287,-61.843015214));
#1999=DIRECTION('',(0.,0.819152044,-0.573576436));
#2000=DIRECTION('',(0.,-0.573576436,-0.819152044));
#2001=AXIS2_PLACEMENT_3D('',#1998,#1999,#2000);
#2002=CIRCLE('',#2001,2.35);
#2003=EDGE_CURVE('',#1997,#1997,#2002,.T.);
#2004=ORIENTED_EDGE('',*,*,#2003,.T.);
#2005=EDGE_LOOP('',(#2004));
#2006=FACE_BOUND('',#2005,.T.);
#2007=CARTESIAN_POINT('',(800.839845041,92.537787209,-74.904772735));
#2008=VERTEX_POINT('',#2007);
#2009=CARTESIAN_POINT('',(742.839844774,92.537787209,-74.904772735));
#2010=VERTEX_POINT('',#2009);
#2011=CARTESIAN_POINT('',(800.839845041,92.537787209,-74.904772735));
#2012=DIRECTION('',(-1.,-0.,-0.));
#2013=VECTOR('',#2012,58.000000267);
#2014=LINE('',#2011,#2013);
#2015=EDGE_CURVE('',#2008,#2010,#2014,.T.);
#2016=ORIENTED_EDGE('',*,*,#2015,.F.);
#2017=CARTESIAN_POINT('',(800.839848603,93.237994747,-73.904772735));
#2018=DIRECTION('',(0.,0.819152044,-0.573576436));
#2019=DIRECTION('',(0.,0.573576436,0.819152044));
#2020=AXIS2_PLACEMENT_3D('',#2017,#2018,#2019);
#2021=ELLIPSE('',#2020,1.220774589,1.);
#2022=EDGE_CURVE('',#123,#2008,#2021,.T.);
#2023=ORIENTED_EDGE('',*,*,#2022,.F.);
#2024=ORIENTED_EDGE('',*,*,#128,.T.);
#2025=CARTESIAN_POINT('',(800.839851141,127.691547532,-24.7));
#2026=VERTEX_POINT('',#2025);
#2027=CARTESIAN_POINT('',(800.839848603,126.991339993,-25.7));
#2028=DIRECTION('',(0.,0.819152044,-0.573576436));
#2029=DIRECTION('',(0.,0.573576436,0.819152044));
#2030=AXIS2_PLACEMENT_3D('',#2027,#2028,#2029);
#2031=ELLIPSE('',#2030,1.220774589,1.);
#2032=EDGE_CURVE('',#2026,#113,#2031,.T.);
#2033=ORIENTED_EDGE('',*,*,#2032,.F.);
#2034=CARTESIAN_POINT('',(742.839845846,127.691547532,-24.7));
#2035=VERTEX_POINT('',#2034);
#2036=CARTESIAN_POINT('',(800.839851141,127.691547532,-24.7));
#2037=DIRECTION('',(-1.,0.,0.));
#2038=VECTOR('',#2037,58.000005294);
#2039=LINE('',#2036,#2038);
#2040=EDGE_CURVE('',#2026,#2035,#2039,.T.);
#2041=ORIENTED_EDGE('',*,*,#2040,.T.);
#2042=CARTESIAN_POINT('',(742.839848603,126.991339993,-25.7));
#2043=DIRECTION('',(0.,0.819152044,-0.573576436));
#2044=DIRECTION('',(-0.,-0.573576436,-0.819152044));
#2045=AXIS2_PLACEMENT_3D('',#2042,#2043,#2044);
#2046=ELLIPSE('',#2045,1.220774589,1.);
#2047=EDGE_CURVE('',#585,#2035,#2046,.T.);
#2048=ORIENTED_EDGE('',*,*,#2047,.F.);
#2049=ORIENTED_EDGE('',*,*,#592,.T.);
#2050=CARTESIAN_POINT('',(742.839848603,93.237994747,-73.904772735));
#2051=DIRECTION('',(0.,0.819152044,-0.573576436));
#2052=DIRECTION('',(0.,0.573576436,0.819152044));
#2053=AXIS2_PLACEMENT_3D('',#2050,#2051,#2052);
#2054=ELLIPSE('',#2053,1.220774589,1.);
#2055=EDGE_CURVE('',#2010,#587,#2054,.T.);
#2056=ORIENTED_EDGE('',*,*,#2055,.F.);
#2057=EDGE_LOOP('',(#2016,#2023,#2024,#2033,#2041,#2048,#2049,#2056));
#2058=FACE_BOUND('',#2057,.T.);
#2059=ADVANCED_FACE('',(#1973,#1984,#1995,#2006,#2058),#1962,.F.);
#2060=CARTESIAN_POINT('',(768.650697206,3.5,-24.7));
#2061=DIRECTION('',(0.,0.,1.));
#2062=DIRECTION('',(1.,0.,-0.));
#2063=AXIS2_PLACEMENT_3D('',#2060,#2061,#2062);
#2064=PLANE('',#2063);
#2065=ORIENTED_EDGE('',*,*,#2040,.F.);
#2066=CARTESIAN_POINT('',(800.839848603,165.744202639,-24.7));
#2067=VERTEX_POINT('',#2066);
#2068=CARTESIAN_POINT('',(800.839848603,165.744202639,-24.7));
#2069=DIRECTION('',(-0.,-1.,0.));
#2070=VECTOR('',#2069,38.052655107);
#2071=LINE('',#2068,#2070);
#2072=EDGE_CURVE('',#2067,#2026,#2071,.T.);
#2073=ORIENTED_EDGE('',*,*,#2072,.F.);
#2074=CARTESIAN_POINT('',(742.839848603,165.744202639,-24.7));
#2075=VERTEX_POINT('',#2074);
#2076=CARTESIAN_POINT('',(742.839848603,165.744202639,-24.7));
#2077=DIRECTION('',(1.,-0.,0.));
#2078=VECTOR('',#2077,58.);
#2079=LINE('',#2076,#2078);
#2080=EDGE_CURVE('',#2075,#2067,#2079,.T.);
#2081=ORIENTED_EDGE('',*,*,#2080,.F.);
#2082=CARTESIAN_POINT('',(742.839848603,127.691547532,-24.7));
#2083=DIRECTION('',(0.,1.,-0.));
#2084=VECTOR('',#2083,38.052655107);
#2085=LINE('',#2082,#2084);
#2086=EDGE_CURVE('',#2035,#2075,#2085,.T.);
#2087=ORIENTED_EDGE('',*,*,#2086,.F.);
#2088=EDGE_LOOP('',(#2065,#2073,#2081,#2087));
#2089=FACE_BOUND('',#2088,.T.);
#2090=ADVANCED_FACE('',(#2089),#2064,.T.);
#2091=CARTESIAN_POINT('',(761.839848603,108.407365652,-74.552759983));
#2092=DIRECTION('',(0.,-0.195090322,-0.98078528));
#2093=DIRECTION('',(-1.,-0.,-0.));
#2094=AXIS2_PLACEMENT_3D('',#2091,#2092,#2093);
#2095=PLANE('',#2094);
#2096=ORIENTED_EDGE('',*,*,#56,.T.);
#2097=CARTESIAN_POINT('',(800.839848603,110.177053261,-74.904772735));
#2098=VERTEX_POINT('',#2097);
#2099=CARTESIAN_POINT('',(800.839848603,110.177053261,-74.904772735));
#2100=DIRECTION('',(0.,0.98078528,-0.195090322));
#2101=VECTOR('',#2100,41.686581566);
#2102=LINE('',#2099,#2101);
#2103=EDGE_CURVE('',#2098,#43,#2102,.T.);
#2104=ORIENTED_EDGE('',*,*,#2103,.F.);
#2105=CARTESIAN_POINT('',(742.839848603,110.177053261,-74.904772735));
#2106=VERTEX_POINT('',#2105);
#2107=CARTESIAN_POINT('',(800.839848603,110.177053261,-74.904772735));
#2108=DIRECTION('',(-1.,0.,-0.));
#2109=VECTOR('',#2108,58.);
#2110=LINE('',#2107,#2109);
#2111=EDGE_CURVE('',#2098,#2106,#2110,.T.);
#2112=ORIENTED_EDGE('',*,*,#2111,.T.);
#2113=CARTESIAN_POINT('',(742.839848603,151.062638851,-83.037421357));
#2114=DIRECTION('',(-0.,-0.98078528,0.195090322));
#2115=VECTOR('',#2114,41.686581566);
#2116=LINE('',#2113,#2115);
#2117=EDGE_CURVE('',#51,#2106,#2116,.T.);
#2118=ORIENTED_EDGE('',*,*,#2117,.F.);
#2119=EDGE_LOOP('',(#2096,#2104,#2112,#2118));
#2120=FACE_BOUND('',#2119,.T.);
#2121=ADVANCED_FACE('',(#2120),#2095,.T.);
#2122=CARTESIAN_POINT('',(801.839848603,101.680045235,-74.904772735));
#2123=DIRECTION('',(0.,-0.,-1.));
#2124=DIRECTION('',(0.,1.,-0.));
#2125=AXIS2_PLACEMENT_3D('',#2122,#2123,#2124);
#2126=PLANE('',#2125);
#2127=ORIENTED_EDGE('',*,*,#2111,.F.);
#2128=CARTESIAN_POINT('',(800.839848603,92.537787209,-74.904772735));
#2129=DIRECTION('',(0.,1.,-0.));
#2130=VECTOR('',#2129,17.639266052);
#2131=LINE('',#2128,#2130);
#2132=EDGE_CURVE('',#2008,#2098,#2131,.T.);
#2133=ORIENTED_EDGE('',*,*,#2132,.F.);
#2134=ORIENTED_EDGE('',*,*,#2015,.T.);
#2135=CARTESIAN_POINT('',(742.839848603,110.177053261,-74.904772735));
#2136=DIRECTION('',(-0.,-1.,0.));
#2137=VECTOR('',#2136,17.639266052);
#2138=LINE('',#2135,#2137);
#2139=EDGE_CURVE('',#2106,#2010,#2138,.T.);
#2140=ORIENTED_EDGE('',*,*,#2139,.F.);
#2141=EDGE_LOOP('',(#2127,#2133,#2134,#2140));
#2142=FACE_BOUND('',#2141,.T.);
#2143=ADVANCED_FACE('',(#2142),#2126,.T.);
#2144=CARTESIAN_POINT('',(800.839848603,51.74420252,-25.7));
#2145=DIRECTION('',(0.,1.,-0.));
#2146=DIRECTION('',(0.,0.,1.));
#2147=AXIS2_PLACEMENT_3D('',#2144,#2145,#2146);
#2148=CYLINDRICAL_SURFACE('',#2147,1.);
#2149=ORIENTED_EDGE('',*,*,#2032,.T.);
#2150=ORIENTED_EDGE('',*,*,#120,.T.);
#2151=CARTESIAN_POINT('',(800.839848603,165.744202639,-25.7));
#2152=DIRECTION('',(0.,-1.,0.));
#2153=DIRECTION('',(0.,0.,1.));
#2154=AXIS2_PLACEMENT_3D('',#2151,#2152,#2153);
#2155=CIRCLE('',#2154,1.);
#2156=EDGE_CURVE('',#115,#2067,#2155,.T.);
#2157=ORIENTED_EDGE('',*,*,#2156,.T.);
#2158=ORIENTED_EDGE('',*,*,#2072,.T.);
#2159=EDGE_LOOP('',(#2149,#2150,#2157,#2158));
#2160=FACE_BOUND('',#2159,.T.);
#2161=ADVANCED_FACE('',(#2160),#2148,.T.);
#2162=CARTESIAN_POINT('',(800.839848603,165.744202639,-76.037421356));
#2163=DIRECTION('',(-0.,-0.,1.));
#2164=DIRECTION('',(0.,-1.,-0.));
#2165=AXIS2_PLACEMENT_3D('',#2162,#2163,#2164);
#2166=CYLINDRICAL_SURFACE('',#2165,1.);
#2167=ORIENTED_EDGE('',*,*,#1943,.T.);
#2168=ORIENTED_EDGE('',*,*,#88,.T.);
#2169=CARTESIAN_POINT('',(800.839848603,165.744202639,-25.7));
#2170=DIRECTION('',(0.,0.,-1.));
#2171=DIRECTION('',(-1.,0.,0.));
#2172=AXIS2_PLACEMENT_3D('',#2169,#2170,#2171);
#2173=CIRCLE('',#2172,1.);
#2174=EDGE_CURVE('',#73,#115,#2173,.T.);
#2175=ORIENTED_EDGE('',*,*,#2174,.T.);
#2176=ORIENTED_EDGE('',*,*,#574,.T.);
#2177=EDGE_LOOP('',(#2167,#2168,#2175,#2176));
#2178=FACE_BOUND('',#2177,.T.);
#2179=ADVANCED_FACE('',(#2178),#2166,.T.);
#2180=CARTESIAN_POINT('',(800.839848603,165.744202639,-25.7));
#2181=DIRECTION('',(1.,0.,-0.));
#2182=DIRECTION('',(0.,0.,1.));
#2183=AXIS2_PLACEMENT_3D('',#2180,#2181,#2182);
#2184=SPHERICAL_SURFACE('',#2183,1.);
#2185=ORIENTED_EDGE('',*,*,#2174,.F.);
#2186=CARTESIAN_POINT('',(800.839848603,165.744202639,-25.7));
#2187=DIRECTION('',(1.,-0.,-0.));
#2188=DIRECTION('',(0.,0.,1.));
#2189=AXIS2_PLACEMENT_3D('',#2186,#2187,#2188);
#2190=CIRCLE('',#2189,1.);
#2191=EDGE_CURVE('',#73,#2067,#2190,.T.);
#2192=ORIENTED_EDGE('',*,*,#2191,.T.);
#2193=ORIENTED_EDGE('',*,*,#2156,.F.);
#2194=EDGE_LOOP('',(#2185,#2192,#2193));
#2195=FACE_BOUND('',#2194,.T.);
#2196=ADVANCED_FACE('',(#2195),#2184,.T.);
#2197=CARTESIAN_POINT('',(742.839848603,-23.755797361,-25.7));
#2198=DIRECTION('',(-0.,-1.,0.));
#2199=DIRECTION('',(0.,-0.,-1.));
#2200=AXIS2_PLACEMENT_3D('',#2197,#2198,#2199);
#2201=CYLINDRICAL_SURFACE('',#2200,1.);
#2202=ORIENTED_EDGE('',*,*,#2047,.T.);
#2203=ORIENTED_EDGE('',*,*,#2086,.T.);
#2204=CARTESIAN_POINT('',(742.839848603,165.744202639,-25.7));
#2205=DIRECTION('',(0.,-1.,0.));
#2206=DIRECTION('',(0.,0.,1.));
#2207=AXIS2_PLACEMENT_3D('',#2204,#2205,#2206);
#2208=CIRCLE('',#2207,1.);
#2209=EDGE_CURVE('',#2075,#595,#2208,.T.);
#2210=ORIENTED_EDGE('',*,*,#2209,.T.);
#2211=ORIENTED_EDGE('',*,*,#600,.T.);
#2212=EDGE_LOOP('',(#2202,#2203,#2210,#2211));
#2213=FACE_BOUND('',#2212,.T.);
#2214=ADVANCED_FACE('',(#2213),#2201,.T.);
#2215=CARTESIAN_POINT('',(768.650697206,165.744202639,-25.7));
#2216=DIRECTION('',(1.,-0.,0.));
#2217=DIRECTION('',(-0.,-1.,0.));
#2218=AXIS2_PLACEMENT_3D('',#2215,#2216,#2217);
#2219=CYLINDRICAL_SURFACE('',#2218,1.);
#2220=ORIENTED_EDGE('',*,*,#2191,.F.);
#2221=ORIENTED_EDGE('',*,*,#80,.T.);
#2222=CARTESIAN_POINT('',(742.839848603,165.744202639,-25.7));
#2223=DIRECTION('',(1.,0.,0.));
#2224=DIRECTION('',(0.,0.,-1.));
#2225=AXIS2_PLACEMENT_3D('',#2222,#2223,#2224);
#2226=CIRCLE('',#2225,1.);
#2227=EDGE_CURVE('',#75,#2075,#2226,.T.);
#2228=ORIENTED_EDGE('',*,*,#2227,.T.);
#2229=ORIENTED_EDGE('',*,*,#2080,.T.);
#2230=EDGE_LOOP('',(#2220,#2221,#2228,#2229));
#2231=FACE_BOUND('',#2230,.T.);
#2232=ADVANCED_FACE('',(#2231),#2219,.T.);
#2233=CARTESIAN_POINT('',(742.839848603,165.744202639,-25.7));
#2234=DIRECTION('',(0.,0.,1.));
#2235=DIRECTION('',(0.,-1.,0.));
#2236=AXIS2_PLACEMENT_3D('',#2233,#2234,#2235);
#2237=SPHERICAL_SURFACE('',#2236,1.);
#2238=ORIENTED_EDGE('',*,*,#2227,.F.);
#2239=CARTESIAN_POINT('',(742.839848603,165.744202639,-25.7));
#2240=DIRECTION('',(-0.,-0.,1.));
#2241=DIRECTION('',(-1.,0.,0.));
#2242=AXIS2_PLACEMENT_3D('',#2239,#2240,#2241);
#2243=CIRCLE('',#2242,1.);
#2244=EDGE_CURVE('',#75,#595,#2243,.T.);
#2245=ORIENTED_EDGE('',*,*,#2244,.T.);
#2246=ORIENTED_EDGE('',*,*,#2209,.F.);
#2247=EDGE_LOOP('',(#2238,#2245,#2246));
#2248=FACE_BOUND('',#2247,.T.);
#2249=ADVANCED_FACE('',(#2248),#2237,.T.);
#2250=CARTESIAN_POINT('',(742.839848603,165.744202639,-76.037421356));
#2251=DIRECTION('',(0.,0.,-1.));
#2252=DIRECTION('',(0.,1.,0.));
#2253=AXIS2_PLACEMENT_3D('',#2250,#2251,#2252);
#2254=CYLINDRICAL_SURFACE('',#2253,1.);
#2255=ORIENTED_EDGE('',*,*,#2244,.F.);
#2256=ORIENTED_EDGE('',*,*,#102,.T.);
#2257=ORIENTED_EDGE('',*,*,#1953,.T.);
#2258=ORIENTED_EDGE('',*,*,#608,.T.);
#2259=EDGE_LOOP('',(#2255,#2256,#2257,#2258));
#2260=FACE_BOUND('',#2259,.T.);
#2261=ADVANCED_FACE('',(#2260),#2254,.T.);
#2262=CARTESIAN_POINT('',(742.839848603,-1.255797361,-82.037421356));
#2263=DIRECTION('',(-0.,-1.,0.));
#2264=DIRECTION('',(0.,-0.,-1.));
#2265=AXIS2_PLACEMENT_3D('',#2262,#2263,#2264);
#2266=CYLINDRICAL_SURFACE('',#2265,1.);
#2267=ORIENTED_EDGE('',*,*,#1077,.T.);
#2268=ORIENTED_EDGE('',*,*,#62,.T.);
#2269=CARTESIAN_POINT('',(742.839848603,151.161130255,-82.037421357));
#2270=DIRECTION('',(0.,0.995184727,-0.09801714));
#2271=DIRECTION('',(-0.,-0.09801714,-0.995184727));
#2272=AXIS2_PLACEMENT_3D('',#2269,#2270,#2271);
#2273=ELLIPSE('',#2272,1.004838572,1.);
#2274=EDGE_CURVE('',#51,#1027,#2273,.T.);
#2275=ORIENTED_EDGE('',*,*,#2274,.T.);
#2276=ORIENTED_EDGE('',*,*,#1032,.T.);
#2277=EDGE_LOOP('',(#2267,#2268,#2275,#2276));
#2278=FACE_BOUND('',#2277,.T.);
#2279=ADVANCED_FACE('',(#2278),#2266,.T.);
#2280=CARTESIAN_POINT('',(742.839848603,-27.878117098,-46.424300812));
#2281=DIRECTION('',(0.,0.98078528,-0.195090322));
#2282=DIRECTION('',(-0.,0.195090322,0.98078528));
#2283=AXIS2_PLACEMENT_3D('',#2280,#2281,#2282);
#2284=CYLINDRICAL_SURFACE('',#2283,1.);
#2285=ORIENTED_EDGE('',*,*,#2274,.F.);
#2286=ORIENTED_EDGE('',*,*,#2117,.T.);
#2287=CARTESIAN_POINT('',(742.839848603,110.275544664,-73.904772735));
#2288=DIRECTION('',(0.,0.995184727,-0.09801714));
#2289=DIRECTION('',(0.,0.09801714,0.995184727));
#2290=AXIS2_PLACEMENT_3D('',#2287,#2288,#2289);
#2291=ELLIPSE('',#2290,1.004838572,1.);
#2292=EDGE_CURVE('',#2106,#1035,#2291,.T.);
#2293=ORIENTED_EDGE('',*,*,#2292,.T.);
#2294=ORIENTED_EDGE('',*,*,#1040,.T.);
#2295=EDGE_LOOP('',(#2285,#2286,#2293,#2294));
#2296=FACE_BOUND('',#2295,.T.);
#2297=ADVANCED_FACE('',(#2296),#2284,.T.);
#2298=CARTESIAN_POINT('',(742.839848603,-23.755797361,-73.904772735));
#2299=DIRECTION('',(0.,1.,-0.));
#2300=DIRECTION('',(1.,-0.,0.));
#2301=AXIS2_PLACEMENT_3D('',#2298,#2299,#2300);
#2302=CYLINDRICAL_SURFACE('',#2301,1.);
#2303=ORIENTED_EDGE('',*,*,#2055,.T.);
#2304=ORIENTED_EDGE('',*,*,#1046,.T.);
#2305=ORIENTED_EDGE('',*,*,#2292,.F.);
#2306=ORIENTED_EDGE('',*,*,#2139,.T.);
#2307=EDGE_LOOP('',(#2303,#2304,#2305,#2306));
#2308=FACE_BOUND('',#2307,.T.);
#2309=ADVANCED_FACE('',(#2308),#2302,.T.);
#2310=CARTESIAN_POINT('',(800.839848603,51.74420252,-82.037421356));
#2311=DIRECTION('',(-0.,-1.,0.));
#2312=DIRECTION('',(0.,-0.,-1.));
#2313=AXIS2_PLACEMENT_3D('',#2310,#2311,#2312);
#2314=CYLINDRICAL_SURFACE('',#2313,1.);
#2315=ORIENTED_EDGE('',*,*,#1069,.T.);
#2316=ORIENTED_EDGE('',*,*,#152,.T.);
#2317=CARTESIAN_POINT('',(800.839848603,151.161130255,-82.037421357));
#2318=DIRECTION('',(0.,0.995184727,-0.09801714));
#2319=DIRECTION('',(-0.,-0.09801714,-0.995184727));
#2320=AXIS2_PLACEMENT_3D('',#2317,#2318,#2319);
#2321=ELLIPSE('',#2320,1.004838572,1.);
#2322=EDGE_CURVE('',#139,#43,#2321,.T.);
#2323=ORIENTED_EDGE('',*,*,#2322,.T.);
#2324=ORIENTED_EDGE('',*,*,#48,.T.);
#2325=EDGE_LOOP('',(#2315,#2316,#2323,#2324));
#2326=FACE_BOUND('',#2325,.T.);
#2327=ADVANCED_FACE('',(#2326),#2314,.T.);
#2328=CARTESIAN_POINT('',(800.839848603,49.149194612,-61.745985737));
#2329=DIRECTION('',(-0.,-0.98078528,0.195090322));
#2330=DIRECTION('',(0.,-0.195090322,-0.98078528));
#2331=AXIS2_PLACEMENT_3D('',#2328,#2329,#2330);
#2332=CYLINDRICAL_SURFACE('',#2331,1.);
#2333=ORIENTED_EDGE('',*,*,#2322,.F.);
#2334=ORIENTED_EDGE('',*,*,#144,.T.);
#2335=CARTESIAN_POINT('',(800.839848603,110.275544664,-73.904772735));
#2336=DIRECTION('',(0.,0.995184727,-0.09801714));
#2337=DIRECTION('',(0.,0.09801714,0.995184727));
#2338=AXIS2_PLACEMENT_3D('',#2335,#2336,#2337);
#2339=ELLIPSE('',#2338,1.004838572,1.);
#2340=EDGE_CURVE('',#131,#2098,#2339,.T.);
#2341=ORIENTED_EDGE('',*,*,#2340,.T.);
#2342=ORIENTED_EDGE('',*,*,#2103,.T.);
#2343=EDGE_LOOP('',(#2333,#2334,#2341,#2342));
#2344=FACE_BOUND('',#2343,.T.);
#2345=ADVANCED_FACE('',(#2344),#2332,.T.);
#2346=CARTESIAN_POINT('',(800.839848603,101.680045235,-73.904772735));
#2347=DIRECTION('',(0.,1.,-0.));
#2348=DIRECTION('',(0.,0.,1.));
#2349=AXIS2_PLACEMENT_3D('',#2346,#2347,#2348);
#2350=CYLINDRICAL_SURFACE('',#2349,1.);
#2351=ORIENTED_EDGE('',*,*,#2022,.T.);
#2352=ORIENTED_EDGE('',*,*,#2132,.T.);
#2353=ORIENTED_EDGE('',*,*,#2340,.F.);
#2354=ORIENTED_EDGE('',*,*,#136,.T.);
#2355=EDGE_LOOP('',(#2351,#2352,#2353,#2354));
#2356=FACE_BOUND('',#2355,.T.);
#2357=ADVANCED_FACE('',(#2356),#2350,.T.);
#2358=CARTESIAN_POINT('',(749.539848603,104.960336464,-64.137320959));
#2359=DIRECTION('',(-0.,-0.819152044,0.573576436));
#2360=DIRECTION('',(0.,-0.573576436,-0.819152044));
#2361=AXIS2_PLACEMENT_3D('',#2358,#2359,#2360);
#2362=CYLINDRICAL_SURFACE('',#2361,2.35);
#2363=CARTESIAN_POINT('',(749.539848603,103.612431839,-66.062328263));
#2364=VERTEX_POINT('',#2363);
#2365=CARTESIAN_POINT('',(749.539848603,100.335823662,-63.768022518));
#2366=DIRECTION('',(0.,0.819152044,-0.573576436));
#2367=VECTOR('',#2366,4.);
#2368=LINE('',#2365,#2367);
#2369=EDGE_CURVE('',#1997,#2364,#2368,.T.);
#2370=ORIENTED_EDGE('',*,*,#2369,.F.);
#2371=ORIENTED_EDGE('',*,*,#2003,.F.);
#2372=ORIENTED_EDGE('',*,*,#2369,.T.);
#2373=CARTESIAN_POINT('',(749.539848603,104.960336464,-64.137320959));
#2374=DIRECTION('',(0.,0.819152044,-0.573576436));
#2375=DIRECTION('',(0.,-0.573576436,-0.819152044));
#2376=AXIS2_PLACEMENT_3D('',#2373,#2374,#2375);
#2377=CIRCLE('',#2376,2.35);
#2378=EDGE_CURVE('',#2364,#2364,#2377,.T.);
#2379=ORIENTED_EDGE('',*,*,#2378,.T.);
#2380=EDGE_LOOP('',(#2370,#2371,#2372,#2379));
#2381=FACE_BOUND('',#2380,.T.);
#2382=ADVANCED_FACE('',(#2381),#2362,.F.);
#2383=CARTESIAN_POINT('',(220.950697206,104.481162838,-64.821651818));
#2384=DIRECTION('',(-0.,-0.819152044,0.573576436));
#2385=DIRECTION('',(-1.,0.,0.));
#2386=AXIS2_PLACEMENT_3D('',#2383,#2384,#2385);
#2387=PLANE('',#2386);
#2388=ORIENTED_EDGE('',*,*,#2378,.F.);
#2389=EDGE_LOOP('',(#2388));
#2390=FACE_BOUND('',#2389,.T.);
#2391=ADVANCED_FACE('',(#2390),#2387,.T.);
#2392=CARTESIAN_POINT('',(794.039848603,104.959051256,-64.139156427));
#2393=DIRECTION('',(-0.,-0.819152044,0.573576436));
#2394=DIRECTION('',(0.,-0.573576436,-0.819152044));
#2395=AXIS2_PLACEMENT_3D('',#2392,#2393,#2394);
#2396=CYLINDRICAL_SURFACE('',#2395,2.35);
#2397=CARTESIAN_POINT('',(794.039848603,103.61114663,-66.064163731));
#2398=VERTEX_POINT('',#2397);
#2399=CARTESIAN_POINT('',(794.039848603,100.334538453,-63.769857986));
#2400=DIRECTION('',(0.,0.819152044,-0.573576436));
#2401=VECTOR('',#2400,4.);
#2402=LINE('',#2399,#2401);
#2403=EDGE_CURVE('',#1986,#2398,#2402,.T.);
#2404=ORIENTED_EDGE('',*,*,#2403,.F.);
#2405=ORIENTED_EDGE('',*,*,#1992,.F.);
#2406=ORIENTED_EDGE('',*,*,#2403,.T.);
#2407=CARTESIAN_POINT('',(794.039848603,104.959051256,-64.139156427));
#2408=DIRECTION('',(0.,0.819152044,-0.573576436));
#2409=DIRECTION('',(0.,-0.573576436,-0.819152044));
#2410=AXIS2_PLACEMENT_3D('',#2407,#2408,#2409);
#2411=CIRCLE('',#2410,2.35);
#2412=EDGE_CURVE('',#2398,#2398,#2411,.T.);
#2413=ORIENTED_EDGE('',*,*,#2412,.T.);
#2414=EDGE_LOOP('',(#2404,#2405,#2406,#2413));
#2415=FACE_BOUND('',#2414,.T.);
#2416=ADVANCED_FACE('',(#2415),#2396,.F.);
#2417=CARTESIAN_POINT('',(220.950697206,104.481162838,-64.821651818));
#2418=DIRECTION('',(-0.,-0.819152044,0.573576436));
#2419=DIRECTION('',(-1.,0.,0.));
#2420=AXIS2_PLACEMENT_3D('',#2417,#2418,#2419);
#2421=PLANE('',#2420);
#2422=ORIENTED_EDGE('',*,*,#2412,.F.);
#2423=EDGE_LOOP('',(#2422));
#2424=FACE_BOUND('',#2423,.T.);
#2425=ADVANCED_FACE('',(#2424),#2421,.T.);
#2426=CARTESIAN_POINT('',(794.039848603,120.957912876,-41.290414095));
#2427=DIRECTION('',(-0.,-0.819152044,0.573576436));
#2428=DIRECTION('',(0.,-0.573576436,-0.819152044));
#2429=AXIS2_PLACEMENT_3D('',#2426,#2427,#2428);
#2430=CYLINDRICAL_SURFACE('',#2429,2.35);
#2431=CARTESIAN_POINT('',(794.039848603,119.61000825,-43.215421399));
#2432=VERTEX_POINT('',#2431);
#2433=CARTESIAN_POINT('',(794.039848603,116.333400073,-40.921115653));
#2434=DIRECTION('',(0.,0.819152044,-0.573576436));
#2435=VECTOR('',#2434,4.);
#2436=LINE('',#2433,#2435);
#2437=EDGE_CURVE('',#1975,#2432,#2436,.T.);
#2438=ORIENTED_EDGE('',*,*,#2437,.F.);
#2439=ORIENTED_EDGE('',*,*,#1981,.F.);
#2440=ORIENTED_EDGE('',*,*,#2437,.T.);
#2441=CARTESIAN_POINT('',(794.039848603,120.957912876,-41.290414095));
#2442=DIRECTION('',(0.,0.819152044,-0.573576436));
#2443=DIRECTION('',(0.,-0.573576436,-0.819152044));
#2444=AXIS2_PLACEMENT_3D('',#2441,#2442,#2443);
#2445=CIRCLE('',#2444,2.35);
#2446=EDGE_CURVE('',#2432,#2432,#2445,.T.);
#2447=ORIENTED_EDGE('',*,*,#2446,.T.);
#2448=EDGE_LOOP('',(#2438,#2439,#2440,#2447));
#2449=FACE_BOUND('',#2448,.T.);
#2450=ADVANCED_FACE('',(#2449),#2430,.F.);
#2451=CARTESIAN_POINT('',(220.950697206,104.481162838,-64.821651818));
#2452=DIRECTION('',(-0.,-0.819152044,0.573576436));
#2453=DIRECTION('',(-1.,0.,0.));
#2454=AXIS2_PLACEMENT_3D('',#2451,#2452,#2453);
#2455=PLANE('',#2454);
#2456=ORIENTED_EDGE('',*,*,#2446,.F.);
#2457=EDGE_LOOP('',(#2456));
#2458=FACE_BOUND('',#2457,.T.);
#2459=ADVANCED_FACE('',(#2458),#2455,.T.);
#2460=CARTESIAN_POINT('',(749.539848603,120.959198084,-41.288578627));
#2461=DIRECTION('',(-0.,-0.819152044,0.573576436));
#2462=DIRECTION('',(0.,-0.573576436,-0.819152044));
#2463=AXIS2_PLACEMENT_3D('',#2460,#2461,#2462);
#2464=CYLINDRICAL_SURFACE('',#2463,2.35);
#2465=CARTESIAN_POINT('',(749.539848603,119.611293459,-43.213585931));
#2466=VERTEX_POINT('',#2465);
#2467=CARTESIAN_POINT('',(749.539848603,116.334685281,-40.919280186));
#2468=DIRECTION('',(0.,0.819152044,-0.573576436));
#2469=VECTOR('',#2468,4.);
#2470=LINE('',#2467,#2469);
#2471=EDGE_CURVE('',#1964,#2466,#2470,.T.);
#2472=ORIENTED_EDGE('',*,*,#2471,.F.);
#2473=ORIENTED_EDGE('',*,*,#1970,.F.);
#2474=ORIENTED_EDGE('',*,*,#2471,.T.);
#2475=CARTESIAN_POINT('',(749.539848603,120.959198084,-41.288578627));
#2476=DIRECTION('',(0.,0.819152044,-0.573576436));
#2477=DIRECTION('',(0.,-0.573576436,-0.819152044));
#2478=AXIS2_PLACEMENT_3D('',#2475,#2476,#2477);
#2479=CIRCLE('',#2478,2.35);
#2480=EDGE_CURVE('',#2466,#2466,#2479,.T.);
#2481=ORIENTED_EDGE('',*,*,#2480,.T.);
#2482=EDGE_LOOP('',(#2472,#2473,#2474,#2481));
#2483=FACE_BOUND('',#2482,.T.);
#2484=ADVANCED_FACE('',(#2483),#2464,.F.);
#2485=CARTESIAN_POINT('',(220.950697206,104.481162838,-64.821651818));
#2486=DIRECTION('',(-0.,-0.819152044,0.573576436));
#2487=DIRECTION('',(-1.,0.,0.));
#2488=AXIS2_PLACEMENT_3D('',#2485,#2486,#2487);
#2489=PLANE('',#2488);
#2490=ORIENTED_EDGE('',*,*,#2480,.F.);
#2491=EDGE_LOOP('',(#2490));
#2492=FACE_BOUND('',#2491,.T.);
#2493=ADVANCED_FACE('',(#2492),#2489,.T.);
#2494=CLOSED_SHELL('',(#66,#106,#578,#1050,#1081,#1098,#1115,#1132,#1149,#1166,#1183,#1200,#1217,#1234,#1251,#1268,#1285,#1302,#1319,#1336,#1353,#1370,#1387,#1404,#1421,#1438,
#1455,#1472,#1489,#1506,#1523,#1540,#1557,#1574,#1591,#1608,#1625,#1642,#1659,#1676,#1693,#1710,#1727,#1744,#1761,#1778,#1795,#1812,#1829,#1846,#1863,
#1880,#1897,#1914,#1931,#1957,#2059,#2090,#2121,#2143,#2161,#2179,#2196,#2214,#2232,#2249,#2261,#2279,#2297,#2309,#2327,#2345,#2357,#2382,#2391,#2416,
#2425,#2450,#2459,#2484,#2493));
#2495=MANIFOLD_SOLID_BREP('front roller arm toolless frame-side part 1 front right',#2494);
#2496=COLOUR_RGB('',0.850980401,0.152941182,0.152941182);
#2497=FILL_AREA_STYLE_COLOUR('',#2496);
#2498=FILL_AREA_STYLE('',(#2497));
#2499=SURFACE_STYLE_FILL_AREA(#2498);
#2500=SURFACE_SIDE_STYLE('',(#2499));
#2501=SURFACE_STYLE_USAGE(.BOTH.,#2500);
#2502=PRESENTATION_STYLE_ASSIGNMENT((#2501));
#26=STYLED_ITEM('',(#2502),#2495);
#16=SHAPE_REPRESENTATION('front roller arm toolless frame-side part 1 front right',(#15),#10);
#17=ADVANCED_BREP_SHAPE_REPRESENTATION('front roller arm toolless frame-side part 1 front right',(#2495),#10);
#2510=SHAPE_REPRESENTATION_RELATIONSHIP('','',#16,#17);
#2511=CARTESIAN_POINT('',(0.,0.,0.));
#2512=DIRECTION('',(0.,0.,1.));
#2513=DIRECTION('',(1.,0.,0.));
#2514=AXIS2_PLACEMENT_3D('',#2511,#2512,#2513);
#2516=MAPPED_ITEM('',#2515,#2514);
#2515=REPRESENTATION_MAP(#2514,#16);
#2517=APPLICATION_CONTEXT('Managed model based 3d engineering');
#2518=APPLICATION_PROTOCOL_DEFINITION('international standard','ap242_managed_model_based_3d_engineering',2014,#2517);
#2519=PRODUCT_CONTEXT('',#2517,'mechanical');
#2520=PRODUCT_DEFINITION_CONTEXT('part definition',#2517,'design');
#24=PRODUCT('front roller arm toolless frame-side part 1 front right','front roller arm toolless frame-side part 1 front right','',(#2519));
#2521=PRODUCT_RELATED_PRODUCT_CATEGORY('part','',(#24));
#2522=PRODUCT_DEFINITION_FORMATION_WITH_SPECIFIED_SOURCE('','',#24,.NOT_KNOWN.);
#25=PRODUCT_DEFINITION('design','',#2522,#2520);
#23=PRODUCT_DEFINITION_SHAPE('','',#25);
#2523=SHAPE_DEFINITION_REPRESENTATION(#23,#16);
#11=DRAUGHTING_MODEL('',(#2516),#10);
#2524=DESCRIPTIVE_REPRESENTATION_ITEM('KEY','C:\\Users\\cdeit\\AppData\\Local\\Packages\\Shapr3D.Shapr3D_j403pzjkqtqbj\\TempState\\6ad96402-ccd5-4f45-8b57-6dd6a0ef7925.tmp');
#2525=PROPERTY_DEFINITION('KEY','',#25);
#2526=REPRESENTATION('',(#2524),#10);
#2527=PROPERTY_DEFINITION_REPRESENTATION(#2525,#2526);
#2528=GENERAL_PROPERTY('','KEY','');
#2529=GENERAL_PROPERTY_ASSOCIATION('','',#2528,#2525);
#1=MECHANICAL_DESIGN_GEOMETRIC_PRESENTATION_REPRESENTATION('',(#26),#10);
ENDSEC;
END-ISO-10303-21;
