ISO-10303-21;
HEADER;

/* File generated by Shapr3D Version 26.142.11496.0 */

FILE_DESCRIPTION(('HOOPS Exchange Step'),'2;1');

FILE_NAME('C:\\Users\\cdeit\\AppData\\Local\\Packages\\Shapr3D.Shapr3D_j403pzjkqtqbj\\TempState\\export\\temp_export',
'2026-08-14T11:25:31-04:00',
('cdeit'),
('Shapr3D Limited'),
'HOOPS Exchange 2026.3',
'Shapr3D',
'Authorized');

FILE_SCHEMA( ('AP242_MANAGED_MODEL_BASED_3D_ENGINEERING_MIM_LF {1 0 10303 442 1 1 4}') );

ENDSEC;

DATA;
#3=(NAMED_UNIT(*)PLANE_ANGLE_UNIT()SI_UNIT($,.RADIAN.));
#4=PLANE_ANGLE_MEASURE_WITH_UNIT(PLANE_ANGLE_MEASURE(0.0174532925),#3);
#5=(CONVERSION_BASED_UNIT('DEGREE',#4)NAMED_UNIT(#6)PLANE_ANGLE_UNIT());
#6=DIMENSIONAL_EXPONENTS(0.,0.,0.,0.,0.,0.,0.);
#7=(NAMED_UNIT(*)SI_UNIT($,.STERADIAN.)SOLID_ANGLE_UNIT());
#8=(LENGTH_UNIT()NAMED_UNIT(*)SI_UNIT(.MILLI.,.METRE.));
#9=UNCERTAINTY_MEASURE_WITH_UNIT(LENGTH_MEASURE(1.000000E-05),#8,'DISTANCE_ACCURACY_VALUE','Maximum Tolerance applied to model');
#10=(GEOMETRIC_REPRESENTATION_CONTEXT(3)GLOBAL_UNCERTAINTY_ASSIGNED_CONTEXT((#9))GLOBAL_UNIT_ASSIGNED_CONTEXT((#8,#5,#7))REPRESENTATION_CONTEXT('','rear bearing holder tool-less right'));
#12=CARTESIAN_POINT('',(0.,0.,0.));
#13=DIRECTION('',(0.,0.,1.));
#14=DIRECTION('',(1.,0.,0.));
#15=AXIS2_PLACEMENT_3D('',#12,#13,#14);
#27=CARTESIAN_POINT('',(744.839848603,239.027038145,-34.037421356));
#28=DIRECTION('',(-0.,0.,-1.));
#29=DIRECTION('',(0.,-1.,0.));
#30=AXIS2_PLACEMENT_3D('',#27,#28,#29);
#31=PLANE('',#30);
#32=CARTESIAN_POINT('',(753.839848603,227.346992443,-34.037421356));
#33=VERTEX_POINT('',#32);
#34=CARTESIAN_POINT('',(753.839848603,275.952572051,-34.037421356));
#35=VERTEX_POINT('',#34);
#36=CARTESIAN_POINT('',(753.839848603,227.346992443,-34.037421356));
#37=DIRECTION('',(-0.,1.,-0.));
#38=VECTOR('',#37,48.605579608);
#39=LINE('',#36,#38);
#40=EDGE_CURVE('',#33,#35,#39,.T.);
#41=ORIENTED_EDGE('',*,*,#40,.T.);
#42=CARTESIAN_POINT('',(763.839848603,275.952572051,-34.037421356));
#43=VERTEX_POINT('',#42);
#44=CARTESIAN_POINT('',(763.839848603,275.952572051,-34.037421356));
#45=DIRECTION('',(-1.,0.,0.));
#46=VECTOR('',#45,10.);
#47=LINE('',#44,#46);
#48=EDGE_CURVE('',#43,#35,#47,.T.);
#49=ORIENTED_EDGE('',*,*,#48,.F.);
#50=CARTESIAN_POINT('',(763.839848603,227.346992443,-34.037421357));
#51=VERTEX_POINT('',#50);
#52=CARTESIAN_POINT('',(763.839848603,275.952572051,-34.037421357));
#53=DIRECTION('',(0.,-1.,-0.));
#54=VECTOR('',#53,48.605579608);
#55=LINE('',#52,#54);
#56=EDGE_CURVE('',#43,#51,#55,.T.);
#57=ORIENTED_EDGE('',*,*,#56,.T.);
#58=CARTESIAN_POINT('',(763.839848603,227.346992443,-34.037421357));
#59=DIRECTION('',(-1.,0.,0.));
#60=VECTOR('',#59,10.);
#61=LINE('',#58,#60);
#62=EDGE_CURVE('',#51,#33,#61,.T.);
#63=ORIENTED_EDGE('',*,*,#62,.T.);
#64=EDGE_LOOP('',(#41,#49,#57,#63));
#65=FACE_BOUND('',#64,.T.);
#66=ADVANCED_FACE('',(#65),#31,.T.);
#67=CARTESIAN_POINT('',(762.539848603,275.952572051,-81.537421356));
#68=DIRECTION('',(0.,-1.,0.));
#69=DIRECTION('',(0.,0.,1.));
#70=AXIS2_PLACEMENT_3D('',#67,#68,#69);
#71=PLANE('',#70);
#72=CARTESIAN_POINT('',(753.839848603,275.952572051,-29.537421357));
#73=VERTEX_POINT('',#72);
#74=CARTESIAN_POINT('',(753.839848603,275.952572051,-34.037421356));
#75=DIRECTION('',(0.,-0.,1.));
#76=VECTOR('',#75,4.5);
#77=LINE('',#74,#76);
#78=EDGE_CURVE('',#35,#73,#77,.T.);
#79=ORIENTED_EDGE('',*,*,#78,.T.);
#80=CARTESIAN_POINT('',(763.839848603,275.952572051,-29.537421357));
#81=VERTEX_POINT('',#80);
#82=CARTESIAN_POINT('',(763.839848603,275.952572051,-29.537421357));
#83=DIRECTION('',(-1.,-0.,0.));
#84=VECTOR('',#83,10.);
#85=LINE('',#82,#84);
#86=EDGE_CURVE('',#81,#73,#85,.T.);
#87=ORIENTED_EDGE('',*,*,#86,.F.);
#88=CARTESIAN_POINT('',(763.839848603,275.952572051,-34.037421356));
#89=DIRECTION('',(0.,-0.,1.));
#90=VECTOR('',#89,4.5);
#91=LINE('',#88,#90);
#92=EDGE_CURVE('',#43,#81,#91,.T.);
#93=ORIENTED_EDGE('',*,*,#92,.F.);
#94=ORIENTED_EDGE('',*,*,#48,.T.);
#95=EDGE_LOOP('',(#79,#87,#93,#94));
#96=FACE_BOUND('',#95,.T.);
#97=ADVANCED_FACE('',(#96),#71,.F.);
#98=CARTESIAN_POINT('',(780.645148693,151.460595248,-29.537421357));
#99=DIRECTION('',(0.,0.,1.));
#100=DIRECTION('',(1.,-0.,-0.));
#101=AXIS2_PLACEMENT_3D('',#98,#99,#100);
#102=PLANE('',#101);
#103=CARTESIAN_POINT('',(743.839848603,313.032922775,-29.537421356));
#104=VERTEX_POINT('',#103);
#105=CARTESIAN_POINT('',(743.839848603,207.346992443,-29.537421356));
#106=VERTEX_POINT('',#105);
#107=CARTESIAN_POINT('',(743.839848603,313.032922775,-29.537421356));
#108=DIRECTION('',(0.,-1.,0.));
#109=VECTOR('',#108,105.685930332);
#110=LINE('',#107,#109);
#111=EDGE_CURVE('',#104,#106,#110,.T.);
#112=ORIENTED_EDGE('',*,*,#111,.T.);
#113=CARTESIAN_POINT('',(763.839848603,207.346992443,-29.537421357));
#114=VERTEX_POINT('',#113);
#115=CARTESIAN_POINT('',(743.839848603,207.346992443,-29.537421356));
#116=DIRECTION('',(1.,-0.,-0.));
#117=VECTOR('',#116,20.);
#118=LINE('',#115,#117);
#119=EDGE_CURVE('',#106,#114,#118,.T.);
#120=ORIENTED_EDGE('',*,*,#119,.T.);
#121=CARTESIAN_POINT('',(763.839848603,275.952572051,-29.537421357));
#122=DIRECTION('',(0.,-1.,0.));
#123=VECTOR('',#122,68.605579608);
#124=LINE('',#121,#123);
#125=EDGE_CURVE('',#81,#114,#124,.T.);
#126=ORIENTED_EDGE('',*,*,#125,.F.);
#127=ORIENTED_EDGE('',*,*,#86,.T.);
#128=CARTESIAN_POINT('',(753.839848603,313.032922775,-29.537421357));
#129=VERTEX_POINT('',#128);
#130=CARTESIAN_POINT('',(753.839848603,313.032922775,-29.537421357));
#131=DIRECTION('',(0.,-1.,0.));
#132=VECTOR('',#131,37.080350723);
#133=LINE('',#130,#132);
#134=EDGE_CURVE('',#129,#73,#133,.T.);
#135=ORIENTED_EDGE('',*,*,#134,.F.);
#136=CARTESIAN_POINT('',(743.839848603,313.032922775,-29.537421356));
#137=DIRECTION('',(1.,-0.,-0.));
#138=VECTOR('',#137,10.);
#139=LINE('',#136,#138);
#140=EDGE_CURVE('',#104,#129,#139,.T.);
#141=ORIENTED_EDGE('',*,*,#140,.F.);
#142=EDGE_LOOP('',(#112,#120,#126,#127,#135,#141));
#143=FACE_BOUND('',#142,.T.);
#144=ADVANCED_FACE('',(#143),#102,.T.);
#145=CARTESIAN_POINT('',(743.839848603,37.805579608,-0.));
#146=DIRECTION('',(-1.,0.,0.));
#147=DIRECTION('',(0.,-1.,0.));
#148=AXIS2_PLACEMENT_3D('',#145,#146,#147);
#149=PLANE('',#148);
#150=CARTESIAN_POINT('',(743.839848603,327.362564914,-56.98763155));
#151=VERTEX_POINT('',#150);
#152=CARTESIAN_POINT('',(743.839848603,317.028172249,-30.370198133));
#153=VERTEX_POINT('',#152);
#154=CARTESIAN_POINT('',(743.839848603,327.362564914,-56.98763155));
#155=CARTESIAN_POINT('',(743.839848603,327.90672711,-55.768904479));
#156=CARTESIAN_POINT('',(743.839848603,328.321738005,-54.517068968));
#157=CARTESIAN_POINT('',(743.839848603,328.611400447,-53.233099892));
#158=CARTESIAN_POINT('',(743.839848603,328.756231668,-52.591115354));
#159=CARTESIAN_POINT('',(743.839848603,328.869779649,-51.941111236));
#160=CARTESIAN_POINT('',(743.839848603,328.951575472,-51.282967327));
#161=CARTESIAN_POINT('',(743.839848603,328.992473384,-50.953895373));
#162=CARTESIAN_POINT('',(743.839848603,329.025462479,-50.622085882));
#163=CARTESIAN_POINT('',(743.839848603,329.050201119,-50.289816587));
#164=CARTESIAN_POINT('',(743.839848603,329.074939759,-49.957547292));
#165=CARTESIAN_POINT('',(743.839848603,329.091378624,-49.625994306));
#166=CARTESIAN_POINT('',(743.839848603,329.099664848,-49.295144931));
#167=CARTESIAN_POINT('',(743.839848603,329.132809744,-47.971747433));
#168=CARTESIAN_POINT('',(743.839848603,329.036262546,-46.65954297));
#169=CARTESIAN_POINT('',(743.839848603,328.809526665,-45.3585744));
#170=CARTESIAN_POINT('',(743.839848603,328.752842695,-45.033332257));
#171=CARTESIAN_POINT('',(743.839848603,328.688017126,-44.708792773));
#172=CARTESIAN_POINT('',(743.839848603,328.614957866,-44.384963895));
#173=CARTESIAN_POINT('',(743.839848603,328.541898607,-44.061135017));
#174=CARTESIAN_POINT('',(743.839848603,328.460340267,-43.737118108));
#175=CARTESIAN_POINT('',(743.839848603,328.371152155,-43.416517754));
#176=CARTESIAN_POINT('',(743.839848603,328.192775929,-42.775317046));
#177=CARTESIAN_POINT('',(743.839848603,327.98420182,-42.147713426));
#178=CARTESIAN_POINT('',(743.839848603,327.746267334,-41.533329792));
#179=CARTESIAN_POINT('',(743.839848603,327.270398363,-40.304562523));
#180=CARTESIAN_POINT('',(743.839848603,326.677464185,-39.128505763));
#181=CARTESIAN_POINT('',(743.839848603,325.962992583,-38.007173199));
#182=CARTESIAN_POINT('',(743.839848603,325.784374683,-37.726840059));
#183=CARTESIAN_POINT('',(743.839848603,325.597718374,-37.449375217));
#184=CARTESIAN_POINT('',(743.839848603,325.40540436,-37.178242398));
#185=CARTESIAN_POINT('',(743.839848603,325.213090346,-36.907109579));
#186=CARTESIAN_POINT('',(743.839848603,325.014765893,-36.641690811));
#187=CARTESIAN_POINT('',(743.839848603,324.810551431,-36.381871604));
#188=CARTESIAN_POINT('',(743.839848603,324.402122509,-35.862233191));
#189=CARTESIAN_POINT('',(743.839848603,323.970189693,-35.364939646));
#190=CARTESIAN_POINT('',(743.839848603,323.515005973,-34.889750459));
#191=CARTESIAN_POINT('',(743.839848603,323.059822253,-34.414561272));
#192=CARTESIAN_POINT('',(743.839848603,322.581389167,-33.961474978));
#193=CARTESIAN_POINT('',(743.839848603,322.079045244,-33.531120431));
#194=CARTESIAN_POINT('',(743.839848603,321.827873283,-33.315943158));
#195=CARTESIAN_POINT('',(743.839848603,321.570695006,-33.106476016));
#196=CARTESIAN_POINT('',(743.839848603,321.307391319,-32.902832229));
#197=CARTESIAN_POINT('',(743.839848603,321.044087632,-32.699188442));
#198=CARTESIAN_POINT('',(743.839848603,320.774642724,-32.501396954));
#199=CARTESIAN_POINT('',(743.839848603,320.501659544,-32.3112731));
#200=CARTESIAN_POINT('',(743.839848603,319.409726825,-31.550777682));
#201=CARTESIAN_POINT('',(743.839848603,318.252005161,-30.903567697));
#202=CARTESIAN_POINT('',(743.839848603,317.028172249,-30.370198133));
#203=B_SPLINE_CURVE_WITH_KNOTS('',3,(#154,#155,#156,#157,#158,#159,#160,#161,#162,#163,#164,#165,#166,#167,#168,#169,#170,#171,#172,#173,#174,#175,#176,#177,#178,#179,
#180,#181,#182,#183,#184,#185,#186,#187,#188,#189,#190,#191,#192,#193,#194,#195,#196,#197,#198,#199,#200,#201,#202),.UNSPECIFIED.,.F.,.F.,(4,3,3,3,3,3,3,3,3,3,3,3,3,3,3,3,4),(0.,0.003947044,0.005920567,0.006907328,0.007894089,0.011841133,0.012827894,0.013814656,0.015788178,0.019735222,0.020721983,0.021708744,0.023682267,0.025655789,0.02664255,0.027629311,0.031576356),.UNSPECIFIED.);
#204=EDGE_CURVE('',#151,#153,#203,.T.);
#205=ORIENTED_EDGE('',*,*,#204,.F.);
#206=CARTESIAN_POINT('',(743.839848603,322.117913623,-62.124437556));
#207=VERTEX_POINT('',#206);
#208=CARTESIAN_POINT('',(743.839848603,318.231430465,-52.910575789));
#209=DIRECTION('',(1.,-0.,-0.));
#210=DIRECTION('',(0.,0.,1.));
#211=AXIS2_PLACEMENT_3D('',#208,#209,#210);
#212=CIRCLE('',#211,10.);
#213=EDGE_CURVE('',#207,#151,#212,.T.);
#214=ORIENTED_EDGE('',*,*,#213,.F.);
#215=CARTESIAN_POINT('',(743.839848603,276.094673081,-81.537421357));
#216=VERTEX_POINT('',#215);
#217=CARTESIAN_POINT('',(743.839848603,322.117913623,-62.124437556));
#218=DIRECTION('',(-0.,-0.921386177,-0.388648316));
#219=VECTOR('',#218,49.950001101);
#220=LINE('',#217,#219);
#221=EDGE_CURVE('',#207,#216,#220,.T.);
#222=ORIENTED_EDGE('',*,*,#221,.T.);
#223=CARTESIAN_POINT('',(743.839848603,207.346992443,-81.537421357));
#224=VERTEX_POINT('',#223);
#225=CARTESIAN_POINT('',(743.839848603,207.346992443,-81.537421357));
#226=DIRECTION('',(0.,1.,0.));
#227=VECTOR('',#226,68.747680638);
#228=LINE('',#225,#227);
#229=EDGE_CURVE('',#224,#216,#228,.T.);
#230=ORIENTED_EDGE('',*,*,#229,.F.);
#231=CARTESIAN_POINT('',(743.839848603,207.346992443,-75.737421357));
#232=VERTEX_POINT('',#231);
#233=CARTESIAN_POINT('',(743.839848603,207.346992443,-81.537421357));
#234=DIRECTION('',(0.,0.,1.));
#235=VECTOR('',#234,5.8);
#236=LINE('',#233,#235);
#237=EDGE_CURVE('',#224,#232,#236,.T.);
#238=ORIENTED_EDGE('',*,*,#237,.T.);
#239=CARTESIAN_POINT('',(743.839848603,214.105579608,-75.737421357));
#240=VERTEX_POINT('',#239);
#241=CARTESIAN_POINT('',(743.839848603,214.105579608,-75.737421357));
#242=DIRECTION('',(0.,-1.,0.));
#243=VECTOR('',#242,6.758587165);
#244=LINE('',#241,#243);
#245=EDGE_CURVE('',#240,#232,#244,.T.);
#246=ORIENTED_EDGE('',*,*,#245,.F.);
#247=CARTESIAN_POINT('',(743.839848603,214.105579608,-73.574842713));
#248=VERTEX_POINT('',#247);
#249=CARTESIAN_POINT('',(743.839848603,214.105579608,-73.574842713));
#250=DIRECTION('',(-0.,-0.,-1.));
#251=VECTOR('',#250,2.162578644);
#252=LINE('',#249,#251);
#253=EDGE_CURVE('',#248,#240,#252,.T.);
#254=ORIENTED_EDGE('',*,*,#253,.F.);
#255=CARTESIAN_POINT('',(743.839848603,212.851277916,-73.574842713));
#256=VERTEX_POINT('',#255);
#257=CARTESIAN_POINT('',(743.839848603,212.851277916,-73.574842713));
#258=DIRECTION('',(-0.,1.,-0.));
#259=VECTOR('',#258,1.254301692);
#260=LINE('',#257,#259);
#261=EDGE_CURVE('',#256,#248,#260,.T.);
#262=ORIENTED_EDGE('',*,*,#261,.F.);
#263=CARTESIAN_POINT('',(743.839848603,212.451277916,-73.174842713));
#264=VERTEX_POINT('',#263);
#265=CARTESIAN_POINT('',(743.839848603,212.451277916,-73.174842713));
#266=DIRECTION('',(-0.,0.707106781,-0.707106781));
#267=VECTOR('',#266,0.565685425);
#268=LINE('',#265,#267);
#269=EDGE_CURVE('',#264,#256,#268,.T.);
#270=ORIENTED_EDGE('',*,*,#269,.F.);
#271=CARTESIAN_POINT('',(743.839848603,212.451277916,-71.474842713));
#272=VERTEX_POINT('',#271);
#273=CARTESIAN_POINT('',(743.839848603,212.451277916,-71.474842713));
#274=DIRECTION('',(-0.,-0.,-1.));
#275=VECTOR('',#274,1.7);
#276=LINE('',#273,#275);
#277=EDGE_CURVE('',#272,#264,#276,.T.);
#278=ORIENTED_EDGE('',*,*,#277,.F.);
#279=CARTESIAN_POINT('',(743.839848603,214.128405278,-69.824842713));
#280=VERTEX_POINT('',#279);
#281=CARTESIAN_POINT('',(743.839848603,214.128405278,-69.824842713));
#282=DIRECTION('',(-0.,-0.712848403,-0.701318154));
#283=VECTOR('',#282,2.352712517);
#284=LINE('',#281,#283);
#285=EDGE_CURVE('',#280,#272,#284,.T.);
#286=ORIENTED_EDGE('',*,*,#285,.F.);
#287=CARTESIAN_POINT('',(743.839848603,219.928405278,-69.824842713));
#288=VERTEX_POINT('',#287);
#289=CARTESIAN_POINT('',(743.839848603,219.928405278,-69.824842713));
#290=DIRECTION('',(-0.,-1.,-0.));
#291=VECTOR('',#290,5.8);
#292=LINE('',#289,#291);
#293=EDGE_CURVE('',#288,#280,#292,.T.);
#294=ORIENTED_EDGE('',*,*,#293,.F.);
#295=CARTESIAN_POINT('',(743.839848603,221.605532639,-71.474842713));
#296=VERTEX_POINT('',#295);
#297=CARTESIAN_POINT('',(743.839848603,221.605532639,-71.474842713));
#298=DIRECTION('',(0.,-0.712848403,0.701318154));
#299=VECTOR('',#298,2.352712517);
#300=LINE('',#297,#299);
#301=EDGE_CURVE('',#296,#288,#300,.T.);
#302=ORIENTED_EDGE('',*,*,#301,.F.);
#303=CARTESIAN_POINT('',(743.839848603,221.605532639,-73.174842713));
#304=VERTEX_POINT('',#303);
#305=CARTESIAN_POINT('',(743.839848603,221.605532639,-73.174842713));
#306=DIRECTION('',(0.,-0.,1.));
#307=VECTOR('',#306,1.7);
#308=LINE('',#305,#307);
#309=EDGE_CURVE('',#304,#296,#308,.T.);
#310=ORIENTED_EDGE('',*,*,#309,.F.);
#311=CARTESIAN_POINT('',(743.839848603,221.205532639,-73.574842713));
#312=VERTEX_POINT('',#311);
#313=CARTESIAN_POINT('',(743.839848603,221.205532639,-73.574842713));
#314=DIRECTION('',(0.,0.707106781,0.707106781));
#315=VECTOR('',#314,0.565685425);
#316=LINE('',#313,#315);
#317=EDGE_CURVE('',#312,#304,#316,.T.);
#318=ORIENTED_EDGE('',*,*,#317,.F.);
#319=CARTESIAN_POINT('',(743.839848603,219.878405278,-73.574842713));
#320=VERTEX_POINT('',#319);
#321=CARTESIAN_POINT('',(743.839848603,219.878405278,-73.574842713));
#322=DIRECTION('',(-0.,1.,-0.));
#323=VECTOR('',#322,1.327127361);
#324=LINE('',#321,#323);
#325=EDGE_CURVE('',#320,#312,#324,.T.);
#326=ORIENTED_EDGE('',*,*,#325,.F.);
#327=CARTESIAN_POINT('',(743.839848603,219.878405278,-75.737421357));
#328=VERTEX_POINT('',#327);
#329=CARTESIAN_POINT('',(743.839848603,219.878405278,-75.737421357));
#330=DIRECTION('',(0.,-0.,1.));
#331=VECTOR('',#330,2.162578644);
#332=LINE('',#329,#331);
#333=EDGE_CURVE('',#328,#320,#332,.T.);
#334=ORIENTED_EDGE('',*,*,#333,.F.);
#335=CARTESIAN_POINT('',(743.839848603,227.146992443,-75.737421357));
#336=VERTEX_POINT('',#335);
#337=CARTESIAN_POINT('',(743.839848603,227.146992443,-75.737421357));
#338=DIRECTION('',(0.,-1.,0.));
#339=VECTOR('',#338,7.268587165);
#340=LINE('',#337,#339);
#341=EDGE_CURVE('',#336,#328,#340,.T.);
#342=ORIENTED_EDGE('',*,*,#341,.F.);
#343=CARTESIAN_POINT('',(743.839848603,227.146992443,-68.423834191));
#344=VERTEX_POINT('',#343);
#345=CARTESIAN_POINT('',(743.839848603,227.146992443,-75.737421357));
#346=DIRECTION('',(0.,-0.,1.));
#347=VECTOR('',#346,7.313587165);
#348=LINE('',#345,#347);
#349=EDGE_CURVE('',#336,#344,#348,.T.);
#350=ORIENTED_EDGE('',*,*,#349,.T.);
#351=CARTESIAN_POINT('',(743.839848603,224.9844138,-68.423834191));
#352=VERTEX_POINT('',#351);
#353=CARTESIAN_POINT('',(743.839848603,224.9844138,-68.423834191));
#354=DIRECTION('',(0.,1.,0.));
#355=VECTOR('',#354,2.162578643);
#356=LINE('',#353,#355);
#357=EDGE_CURVE('',#352,#344,#356,.T.);
#358=ORIENTED_EDGE('',*,*,#357,.F.);
#359=CARTESIAN_POINT('',(743.839848603,224.9844138,-69.678135883));
#360=VERTEX_POINT('',#359);
#361=CARTESIAN_POINT('',(743.839848603,224.9844138,-69.678135883));
#362=DIRECTION('',(0.,-0.,1.));
#363=VECTOR('',#362,1.254301692);
#364=LINE('',#361,#363);
#365=EDGE_CURVE('',#360,#352,#364,.T.);
#366=ORIENTED_EDGE('',*,*,#365,.F.);
#367=CARTESIAN_POINT('',(743.839848603,224.5844138,-70.078135883));
#368=VERTEX_POINT('',#367);
#369=CARTESIAN_POINT('',(743.839848603,224.5844138,-70.078135883));
#370=DIRECTION('',(0.,0.707106781,0.707106781));
#371=VECTOR('',#370,0.565685425);
#372=LINE('',#369,#371);
#373=EDGE_CURVE('',#368,#360,#372,.T.);
#374=ORIENTED_EDGE('',*,*,#373,.F.);
#375=CARTESIAN_POINT('',(743.839848603,222.8844138,-70.078135883));
#376=VERTEX_POINT('',#375);
#377=CARTESIAN_POINT('',(743.839848603,222.8844138,-70.078135883));
#378=DIRECTION('',(0.,1.,0.));
#379=VECTOR('',#378,1.7);
#380=LINE('',#377,#379);
#381=EDGE_CURVE('',#376,#368,#380,.T.);
#382=ORIENTED_EDGE('',*,*,#381,.F.);
#383=CARTESIAN_POINT('',(743.839848603,221.2344138,-68.401008522));
#384=VERTEX_POINT('',#383);
#385=CARTESIAN_POINT('',(743.839848603,221.2344138,-68.401008522));
#386=DIRECTION('',(-0.,0.701318154,-0.712848403));
#387=VECTOR('',#386,2.352712517);
#388=LINE('',#385,#387);
#389=EDGE_CURVE('',#384,#376,#388,.T.);
#390=ORIENTED_EDGE('',*,*,#389,.F.);
#391=CARTESIAN_POINT('',(743.839848603,221.2344138,-62.601008522));
#392=VERTEX_POINT('',#391);
#393=CARTESIAN_POINT('',(743.839848603,221.2344138,-62.601008522));
#394=DIRECTION('',(-0.,0.,-1.));
#395=VECTOR('',#394,5.8);
#396=LINE('',#393,#395);
#397=EDGE_CURVE('',#392,#384,#396,.T.);
#398=ORIENTED_EDGE('',*,*,#397,.F.);
#399=CARTESIAN_POINT('',(743.839848603,222.8844138,-60.923881161));
#400=VERTEX_POINT('',#399);
#401=CARTESIAN_POINT('',(743.839848603,222.8844138,-60.923881161));
#402=DIRECTION('',(-0.,-0.701318154,-0.712848403));
#403=VECTOR('',#402,2.352712517);
#404=LINE('',#401,#403);
#405=EDGE_CURVE('',#400,#392,#404,.T.);
#406=ORIENTED_EDGE('',*,*,#405,.F.);
#407=CARTESIAN_POINT('',(743.839848603,224.5844138,-60.923881161));
#408=VERTEX_POINT('',#407);
#409=CARTESIAN_POINT('',(743.839848603,224.5844138,-60.923881161));
#410=DIRECTION('',(-0.,-1.,-0.));
#411=VECTOR('',#410,1.7);
#412=LINE('',#409,#411);
#413=EDGE_CURVE('',#408,#400,#412,.T.);
#414=ORIENTED_EDGE('',*,*,#413,.F.);
#415=CARTESIAN_POINT('',(743.839848603,224.9844138,-61.323881161));
#416=VERTEX_POINT('',#415);
#417=CARTESIAN_POINT('',(743.839848603,224.9844138,-61.323881161));
#418=DIRECTION('',(0.,-0.707106781,0.707106781));
#419=VECTOR('',#418,0.565685425);
#420=LINE('',#417,#419);
#421=EDGE_CURVE('',#416,#408,#420,.T.);
#422=ORIENTED_EDGE('',*,*,#421,.F.);
#423=CARTESIAN_POINT('',(743.839848603,224.9844138,-62.651008522));
#424=VERTEX_POINT('',#423);
#425=CARTESIAN_POINT('',(743.839848603,224.9844138,-62.651008522));
#426=DIRECTION('',(0.,-0.,1.));
#427=VECTOR('',#426,1.327127361);
#428=LINE('',#425,#427);
#429=EDGE_CURVE('',#424,#416,#428,.T.);
#430=ORIENTED_EDGE('',*,*,#429,.F.);
#431=CARTESIAN_POINT('',(743.839848603,227.146992443,-62.651008522));
#432=VERTEX_POINT('',#431);
#433=CARTESIAN_POINT('',(743.839848603,227.146992443,-62.651008522));
#434=DIRECTION('',(-0.,-1.,-0.));
#435=VECTOR('',#434,2.162578643);
#436=LINE('',#433,#435);
#437=EDGE_CURVE('',#432,#424,#436,.T.);
#438=ORIENTED_EDGE('',*,*,#437,.F.);
#439=CARTESIAN_POINT('',(743.839848603,227.146992443,-48.423834191));
#440=VERTEX_POINT('',#439);
#441=CARTESIAN_POINT('',(743.839848603,227.146992443,-62.651008522));
#442=DIRECTION('',(0.,-0.,1.));
#443=VECTOR('',#442,14.227174331);
#444=LINE('',#441,#443);
#445=EDGE_CURVE('',#432,#440,#444,.T.);
#446=ORIENTED_EDGE('',*,*,#445,.T.);
#447=CARTESIAN_POINT('',(743.839848603,224.9844138,-48.423834191));
#448=VERTEX_POINT('',#447);
#449=CARTESIAN_POINT('',(743.839848603,224.9844138,-48.423834191));
#450=DIRECTION('',(0.,1.,0.));
#451=VECTOR('',#450,2.162578643);
#452=LINE('',#449,#451);
#453=EDGE_CURVE('',#448,#440,#452,.T.);
#454=ORIENTED_EDGE('',*,*,#453,.F.);
#455=CARTESIAN_POINT('',(743.839848603,224.9844138,-49.678135883));
#456=VERTEX_POINT('',#455);
#457=CARTESIAN_POINT('',(743.839848603,224.9844138,-49.678135883));
#458=DIRECTION('',(0.,-0.,1.));
#459=VECTOR('',#458,1.254301692);
#460=LINE('',#457,#459);
#461=EDGE_CURVE('',#456,#448,#460,.T.);
#462=ORIENTED_EDGE('',*,*,#461,.F.);
#463=CARTESIAN_POINT('',(743.839848603,224.5844138,-50.078135883));
#464=VERTEX_POINT('',#463);
#465=CARTESIAN_POINT('',(743.839848603,224.5844138,-50.078135883));
#466=DIRECTION('',(0.,0.707106781,0.707106781));
#467=VECTOR('',#466,0.565685425);
#468=LINE('',#465,#467);
#469=EDGE_CURVE('',#464,#456,#468,.T.);
#470=ORIENTED_EDGE('',*,*,#469,.F.);
#471=CARTESIAN_POINT('',(743.839848603,222.8844138,-50.078135883));
#472=VERTEX_POINT('',#471);
#473=CARTESIAN_POINT('',(743.839848603,222.8844138,-50.078135883));
#474=DIRECTION('',(0.,1.,0.));
#475=VECTOR('',#474,1.7);
#476=LINE('',#473,#475);
#477=EDGE_CURVE('',#472,#464,#476,.T.);
#478=ORIENTED_EDGE('',*,*,#477,.F.);
#479=CARTESIAN_POINT('',(743.839848603,221.2344138,-48.401008522));
#480=VERTEX_POINT('',#479);
#481=CARTESIAN_POINT('',(743.839848603,221.2344138,-48.401008522));
#482=DIRECTION('',(-0.,0.701318154,-0.712848403));
#483=VECTOR('',#482,2.352712517);
#484=LINE('',#481,#483);
#485=EDGE_CURVE('',#480,#472,#484,.T.);
#486=ORIENTED_EDGE('',*,*,#485,.F.);
#487=CARTESIAN_POINT('',(743.839848603,221.2344138,-42.601008522));
#488=VERTEX_POINT('',#487);
#489=CARTESIAN_POINT('',(743.839848603,221.2344138,-42.601008522));
#490=DIRECTION('',(-0.,0.,-1.));
#491=VECTOR('',#490,5.8);
#492=LINE('',#489,#491);
#493=EDGE_CURVE('',#488,#480,#492,.T.);
#494=ORIENTED_EDGE('',*,*,#493,.F.);
#495=CARTESIAN_POINT('',(743.839848603,222.8844138,-40.923881161));
#496=VERTEX_POINT('',#495);
#497=CARTESIAN_POINT('',(743.839848603,222.8844138,-40.923881161));
#498=DIRECTION('',(-0.,-0.701318154,-0.712848403));
#499=VECTOR('',#498,2.352712517);
#500=LINE('',#497,#499);
#501=EDGE_CURVE('',#496,#488,#500,.T.);
#502=ORIENTED_EDGE('',*,*,#501,.F.);
#503=CARTESIAN_POINT('',(743.839848603,224.5844138,-40.923881161));
#504=VERTEX_POINT('',#503);
#505=CARTESIAN_POINT('',(743.839848603,224.5844138,-40.923881161));
#506=DIRECTION('',(-0.,-1.,-0.));
#507=VECTOR('',#506,1.7);
#508=LINE('',#505,#507);
#509=EDGE_CURVE('',#504,#496,#508,.T.);
#510=ORIENTED_EDGE('',*,*,#509,.F.);
#511=CARTESIAN_POINT('',(743.839848603,224.9844138,-41.323881161));
#512=VERTEX_POINT('',#511);
#513=CARTESIAN_POINT('',(743.839848603,224.9844138,-41.323881161));
#514=DIRECTION('',(0.,-0.707106781,0.707106781));
#515=VECTOR('',#514,0.565685425);
#516=LINE('',#513,#515);
#517=EDGE_CURVE('',#512,#504,#516,.T.);
#518=ORIENTED_EDGE('',*,*,#517,.F.);
#519=CARTESIAN_POINT('',(743.839848603,224.9844138,-42.651008522));
#520=VERTEX_POINT('',#519);
#521=CARTESIAN_POINT('',(743.839848603,224.9844138,-42.651008522));
#522=DIRECTION('',(0.,-0.,1.));
#523=VECTOR('',#522,1.327127361);
#524=LINE('',#521,#523);
#525=EDGE_CURVE('',#520,#512,#524,.T.);
#526=ORIENTED_EDGE('',*,*,#525,.F.);
#527=CARTESIAN_POINT('',(743.839848603,227.146992443,-42.651008522));
#528=VERTEX_POINT('',#527);
#529=CARTESIAN_POINT('',(743.839848603,227.146992443,-42.651008522));
#530=DIRECTION('',(-0.,-1.,-0.));
#531=VECTOR('',#530,2.162578643);
#532=LINE('',#529,#531);
#533=EDGE_CURVE('',#528,#520,#532,.T.);
#534=ORIENTED_EDGE('',*,*,#533,.F.);
#535=CARTESIAN_POINT('',(743.839848603,227.146992443,-35.337421357));
#536=VERTEX_POINT('',#535);
#537=CARTESIAN_POINT('',(743.839848603,227.146992443,-42.651008522));
#538=DIRECTION('',(0.,-0.,1.));
#539=VECTOR('',#538,7.313587165);
#540=LINE('',#537,#539);
#541=EDGE_CURVE('',#528,#536,#540,.T.);
#542=ORIENTED_EDGE('',*,*,#541,.T.);
#543=CARTESIAN_POINT('',(743.839848603,219.878405278,-35.337421357));
#544=VERTEX_POINT('',#543);
#545=CARTESIAN_POINT('',(743.839848603,219.878405278,-35.337421357));
#546=DIRECTION('',(0.,1.,0.));
#547=VECTOR('',#546,7.268587165);
#548=LINE('',#545,#547);
#549=EDGE_CURVE('',#544,#536,#548,.T.);
#550=ORIENTED_EDGE('',*,*,#549,.F.);
#551=CARTESIAN_POINT('',(743.839848603,219.878405278,-37.5));
#552=VERTEX_POINT('',#551);
#553=CARTESIAN_POINT('',(743.839848603,219.878405278,-37.5));
#554=DIRECTION('',(0.,-0.,1.));
#555=VECTOR('',#554,2.162578643);
#556=LINE('',#553,#555);
#557=EDGE_CURVE('',#552,#544,#556,.T.);
#558=ORIENTED_EDGE('',*,*,#557,.F.);
#559=CARTESIAN_POINT('',(743.839848603,221.13270697,-37.5));
#560=VERTEX_POINT('',#559);
#561=CARTESIAN_POINT('',(743.839848603,221.13270697,-37.5));
#562=DIRECTION('',(-0.,-1.,-0.));
#563=VECTOR('',#562,1.254301692);
#564=LINE('',#561,#563);
#565=EDGE_CURVE('',#560,#552,#564,.T.);
#566=ORIENTED_EDGE('',*,*,#565,.F.);
#567=CARTESIAN_POINT('',(743.839848603,221.53270697,-37.9));
#568=VERTEX_POINT('',#567);
#569=CARTESIAN_POINT('',(743.839848603,221.53270697,-37.9));
#570=DIRECTION('',(0.,-0.707106781,0.707106781));
#571=VECTOR('',#570,0.565685425);
#572=LINE('',#569,#571);
#573=EDGE_CURVE('',#568,#560,#572,.T.);
#574=ORIENTED_EDGE('',*,*,#573,.F.);
#575=CARTESIAN_POINT('',(743.839848603,221.53270697,-39.6));
#576=VERTEX_POINT('',#575);
#577=CARTESIAN_POINT('',(743.839848603,221.53270697,-39.6));
#578=DIRECTION('',(0.,-0.,1.));
#579=VECTOR('',#578,1.7);
#580=LINE('',#577,#579);
#581=EDGE_CURVE('',#576,#568,#580,.T.);
#582=ORIENTED_EDGE('',*,*,#581,.F.);
#583=CARTESIAN_POINT('',(743.839848603,219.855579608,-41.25));
#584=VERTEX_POINT('',#583);
#585=CARTESIAN_POINT('',(743.839848603,219.855579608,-41.25));
#586=DIRECTION('',(0.,0.712848403,0.701318154));
#587=VECTOR('',#586,2.352712517);
#588=LINE('',#585,#587);
#589=EDGE_CURVE('',#584,#576,#588,.T.);
#590=ORIENTED_EDGE('',*,*,#589,.F.);
#591=CARTESIAN_POINT('',(743.839848603,214.055579608,-41.25));
#592=VERTEX_POINT('',#591);
#593=CARTESIAN_POINT('',(743.839848603,214.055579608,-41.25));
#594=DIRECTION('',(-0.,1.,-0.));
#595=VECTOR('',#594,5.8);
#596=LINE('',#593,#595);
#597=EDGE_CURVE('',#592,#584,#596,.T.);
#598=ORIENTED_EDGE('',*,*,#597,.F.);
#599=CARTESIAN_POINT('',(743.839848603,212.378452247,-39.6));
#600=VERTEX_POINT('',#599);
#601=CARTESIAN_POINT('',(743.839848603,212.378452247,-39.6));
#602=DIRECTION('',(-0.,0.712848403,-0.701318154));
#603=VECTOR('',#602,2.352712517);
#604=LINE('',#601,#603);
#605=EDGE_CURVE('',#600,#592,#604,.T.);
#606=ORIENTED_EDGE('',*,*,#605,.F.);
#607=CARTESIAN_POINT('',(743.839848603,212.378452247,-37.9));
#608=VERTEX_POINT('',#607);
#609=CARTESIAN_POINT('',(743.839848603,212.378452247,-37.9));
#610=DIRECTION('',(-0.,-0.,-1.));
#611=VECTOR('',#610,1.7);
#612=LINE('',#609,#611);
#613=EDGE_CURVE('',#608,#600,#612,.T.);
#614=ORIENTED_EDGE('',*,*,#613,.F.);
#615=CARTESIAN_POINT('',(743.839848603,212.778452247,-37.5));
#616=VERTEX_POINT('',#615);
#617=CARTESIAN_POINT('',(743.839848603,212.778452247,-37.5));
#618=DIRECTION('',(-0.,-0.707106781,-0.707106781));
#619=VECTOR('',#618,0.565685425);
#620=LINE('',#617,#619);
#621=EDGE_CURVE('',#616,#608,#620,.T.);
#622=ORIENTED_EDGE('',*,*,#621,.F.);
#623=CARTESIAN_POINT('',(743.839848603,214.105579608,-37.5));
#624=VERTEX_POINT('',#623);
#625=CARTESIAN_POINT('',(743.839848603,214.105579608,-37.5));
#626=DIRECTION('',(-0.,-1.,-0.));
#627=VECTOR('',#626,1.327127361);
#628=LINE('',#625,#627);
#629=EDGE_CURVE('',#624,#616,#628,.T.);
#630=ORIENTED_EDGE('',*,*,#629,.F.);
#631=CARTESIAN_POINT('',(743.839848603,214.105579608,-35.337421357));
#632=VERTEX_POINT('',#631);
#633=CARTESIAN_POINT('',(743.839848603,214.105579608,-35.337421357));
#634=DIRECTION('',(-0.,-0.,-1.));
#635=VECTOR('',#634,2.162578643);
#636=LINE('',#633,#635);
#637=EDGE_CURVE('',#632,#624,#636,.T.);
#638=ORIENTED_EDGE('',*,*,#637,.F.);
#639=CARTESIAN_POINT('',(743.839848603,207.346992443,-35.337421357));
#640=VERTEX_POINT('',#639);
#641=CARTESIAN_POINT('',(743.839848603,207.346992443,-35.337421357));
#642=DIRECTION('',(0.,1.,0.));
#643=VECTOR('',#642,6.758587165);
#644=LINE('',#641,#643);
#645=EDGE_CURVE('',#640,#632,#644,.T.);
#646=ORIENTED_EDGE('',*,*,#645,.F.);
#647=CARTESIAN_POINT('',(743.839848603,207.346992443,-35.337421357));
#648=DIRECTION('',(0.,0.,1.));
#649=VECTOR('',#648,5.8);
#650=LINE('',#647,#649);
#651=EDGE_CURVE('',#640,#106,#650,.T.);
#652=ORIENTED_EDGE('',*,*,#651,.T.);
#653=ORIENTED_EDGE('',*,*,#111,.F.);
#654=CARTESIAN_POINT('',(743.839848603,313.032922775,-39.537421357));
#655=DIRECTION('',(1.,-0.,-0.));
#656=DIRECTION('',(0.,0.,1.));
#657=AXIS2_PLACEMENT_3D('',#654,#655,#656);
#658=CIRCLE('',#657,10.);
#659=EDGE_CURVE('',#153,#104,#658,.T.);
#660=ORIENTED_EDGE('',*,*,#659,.F.);
#661=EDGE_LOOP('',(#205,#214,#222,#230,#238,#246,#254,#262,#270,#278,#286,#294,#302,#310,#318,#326,#334,#342,#350,#358,#366,#374,#382,#390,#398,#406,
#414,#422,#430,#438,#446,#454,#462,#470,#478,#486,#494,#502,#510,#518,#526,#534,#542,#550,#558,#566,#574,#582,#590,#598,#606,
#614,#622,#630,#638,#646,#652,#653,#660));
#662=FACE_BOUND('',#661,.T.);
#663=CARTESIAN_POINT('',(743.839848603,247.405579608,-67.3));
#664=VERTEX_POINT('',#663);
#665=CARTESIAN_POINT('',(743.839848603,236.405579608,-56.3));
#666=VERTEX_POINT('',#665);
#667=CARTESIAN_POINT('',(743.839848603,247.405579608,-67.3));
#668=CARTESIAN_POINT('',(743.839848603,246.687767174,-67.3));
#669=CARTESIAN_POINT('',(743.839848603,245.972582855,-67.232379099));
#670=CARTESIAN_POINT('',(743.839848603,245.26027475,-67.09075373));
#671=CARTESIAN_POINT('',(743.839848603,245.082197723,-67.055347387));
#672=CARTESIAN_POINT('',(743.839848603,244.904039758,-67.015216328));
#673=CARTESIAN_POINT('',(743.839848603,244.72810352,-66.97090714));
#674=CARTESIAN_POINT('',(743.839848603,244.552167282,-66.926597953));
#675=CARTESIAN_POINT('',(743.839848603,244.377966581,-66.878029672));
#676=CARTESIAN_POINT('',(743.839848603,244.205453124,-66.825320809));
#677=CARTESIAN_POINT('',(743.839848603,243.860426211,-66.719903082));
#678=CARTESIAN_POINT('',(743.839848603,243.522145637,-66.5979295));
#679=CARTESIAN_POINT('',(743.839848603,243.190257274,-66.460269113));
#680=CARTESIAN_POINT('',(743.839848603,242.858368912,-66.322608726));
#681=CARTESIAN_POINT('',(743.839848603,242.532885006,-66.169231482));
#682=CARTESIAN_POINT('',(743.839848603,242.214181638,-65.999214457));
#683=CARTESIAN_POINT('',(743.839848603,242.054829955,-65.914205945));
#684=CARTESIAN_POINT('',(743.839848603,241.897174065,-65.825035868));
#685=CARTESIAN_POINT('',(743.839848603,241.741265185,-65.731578546));
#686=CARTESIAN_POINT('',(743.839848603,241.585356304,-65.638121223));
#687=CARTESIAN_POINT('',(743.839848603,241.431280256,-65.540388253));
#688=CARTESIAN_POINT('',(743.839848603,241.280712141,-65.439470774));
#689=CARTESIAN_POINT('',(743.839848603,240.678439684,-65.035800858));
#690=CARTESIAN_POINT('',(743.839848603,240.125013245,-64.577053486));
#691=CARTESIAN_POINT('',(743.839848603,239.616691023,-64.067447817));
#692=CARTESIAN_POINT('',(743.839848603,239.362529913,-63.812644983));
#693=CARTESIAN_POINT('',(743.839848603,239.119685288,-63.545081983));
#694=CARTESIAN_POINT('',(743.839848603,238.88902241,-63.263783175));
#695=CARTESIAN_POINT('',(743.839848603,238.658359532,-62.982484367));
#696=CARTESIAN_POINT('',(743.839848603,238.442568642,-62.690546718));
#697=CARTESIAN_POINT('',(743.839848603,238.243237216,-62.390632982));
#698=CARTESIAN_POINT('',(743.839848603,237.844574365,-61.790805508));
#699=CARTESIAN_POINT('',(743.839848603,237.509173303,-61.156017906));
#700=CARTESIAN_POINT('',(743.839848603,237.233995013,-60.487949616));
#701=CARTESIAN_POINT('',(743.839848603,237.096405868,-60.153915471));
#702=CARTESIAN_POINT('',(743.839848603,236.973392344,-59.809377077));
#703=CARTESIAN_POINT('',(743.839848603,236.8690763,-59.463775751));
#704=CARTESIAN_POINT('',(743.839848603,236.764760256,-59.118174426));
#705=CARTESIAN_POINT('',(743.839848603,236.678501004,-58.770545996));
#706=CARTESIAN_POINT('',(743.839848603,236.609840999,-58.420941827));
#707=CARTESIAN_POINT('',(743.839848603,236.472520988,-57.721733489));
#708=CARTESIAN_POINT('',(743.839848603,236.405579608,-57.014624255));
#709=CARTESIAN_POINT('',(743.839848603,236.405579608,-56.3));
#710=B_SPLINE_CURVE_WITH_KNOTS('',3,(#667,#668,#669,#670,#671,#672,#673,#674,#675,#676,#677,#678,#679,#680,#681,#682,#683,#684,#685,#686,#687,#688,#689,#690,#691,#692,
#693,#694,#695,#696,#697,#698,#699,#700,#701,#702,#703,#704,#705,#706,#707,#708,#709),.UNSPECIFIED.,.F.,.F.,(4,3,3,3,3,3,3,3,3,3,3,3,3,3,4),(0.007206366,0.009350238,0.009886207,0.010422175,0.011494111,0.012566048,0.013102016,0.013637984,0.015781857,0.016853793,0.01792573,0.020069602,0.021141539,0.022213475,0.024357348),.UNSPECIFIED.);
#711=EDGE_CURVE('',#664,#666,#710,.T.);
#712=ORIENTED_EDGE('',*,*,#711,.F.);
#713=CARTESIAN_POINT('',(743.839848603,254.205579608,-67.3));
#714=VERTEX_POINT('',#713);
#715=CARTESIAN_POINT('',(743.839848603,254.205579608,-67.3));
#716=DIRECTION('',(-0.,-1.,-0.));
#717=VECTOR('',#716,6.8);
#718=LINE('',#715,#717);
#719=EDGE_CURVE('',#714,#664,#718,.T.);
#720=ORIENTED_EDGE('',*,*,#719,.F.);
#721=CARTESIAN_POINT('',(743.839848603,265.205579608,-56.3));
#722=VERTEX_POINT('',#721);
#723=CARTESIAN_POINT('',(743.839848603,265.205579608,-56.3));
#724=CARTESIAN_POINT('',(743.839848603,265.205579608,-57.015294225));
#725=CARTESIAN_POINT('',(743.839848603,265.138431537,-57.727978713));
#726=CARTESIAN_POINT('',(743.839848603,264.99782114,-58.437808057));
#727=CARTESIAN_POINT('',(743.839848603,264.962668541,-58.615265393));
#728=CARTESIAN_POINT('',(743.839848603,264.922819271,-58.79283655));
#729=CARTESIAN_POINT('',(743.839848603,264.878814479,-58.96821627));
#730=CARTESIAN_POINT('',(743.839848603,264.834809687,-59.143595989));
#731=CARTESIAN_POINT('',(743.839848603,264.7865735,-59.317251459));
#732=CARTESIAN_POINT('',(743.839848603,264.734223322,-59.48923052));
#733=CARTESIAN_POINT('',(743.839848603,264.629522965,-59.833188642));
#734=CARTESIAN_POINT('',(743.839848603,264.508372736,-60.170443611));
#735=CARTESIAN_POINT('',(743.839848603,264.371634671,-60.501346698));
#736=CARTESIAN_POINT('',(743.839848603,264.234896607,-60.832249785));
#737=CARTESIAN_POINT('',(743.839848603,264.082564297,-61.156798378));
#738=CARTESIAN_POINT('',(743.839848603,263.913725436,-61.474620723));
#739=CARTESIAN_POINT('',(743.839848603,263.829306005,-61.633531895));
#740=CARTESIAN_POINT('',(743.839848603,263.7407584,-61.790760878));
#741=CARTESIAN_POINT('',(743.839848603,263.647958526,-61.946257107));
#742=CARTESIAN_POINT('',(743.839848603,263.555158652,-62.101753335));
#743=CARTESIAN_POINT('',(743.839848603,263.458051481,-62.255538873));
#744=CARTESIAN_POINT('',(743.839848603,263.357777339,-62.405835339));
#745=CARTESIAN_POINT('',(743.839848603,262.956680771,-63.007021202));
#746=CARTESIAN_POINT('',(743.839848603,262.500842028,-63.559658391));
#747=CARTESIAN_POINT('',(743.839848603,261.994450682,-64.067462474));
#748=CARTESIAN_POINT('',(743.839848603,261.741255009,-64.321364515));
#749=CARTESIAN_POINT('',(743.839848603,261.475414471,-64.564052324));
#750=CARTESIAN_POINT('',(743.839848603,261.195966499,-64.794672238));
#751=CARTESIAN_POINT('',(743.839848603,260.916518528,-65.025292152));
#752=CARTESIAN_POINT('',(743.839848603,260.625456981,-65.242044357));
#753=CARTESIAN_POINT('',(743.839848603,260.325297003,-65.442944064));
#754=CARTESIAN_POINT('',(743.839848603,260.025137025,-65.643843771));
#755=CARTESIAN_POINT('',(743.839848603,259.71511594,-65.829530201));
#756=CARTESIAN_POINT('',(743.839848603,259.395276571,-66.000069417));
#757=CARTESIAN_POINT('',(743.839848603,259.075437201,-66.170608634));
#758=CARTESIAN_POINT('',(743.839848603,258.747482182,-66.324955687));
#759=CARTESIAN_POINT('',(743.839848603,258.415486011,-66.462513836));
#760=CARTESIAN_POINT('',(743.839848603,257.751493667,-66.737630132));
#761=CARTESIAN_POINT('',(743.839848603,257.066968781,-66.947902287));
#762=CARTESIAN_POINT('',(743.839848603,256.360540403,-67.089000685));
#763=CARTESIAN_POINT('',(743.839848603,256.007326214,-67.159549885));
#764=CARTESIAN_POINT('',(743.839848603,255.64694877,-67.212875517));
#765=CARTESIAN_POINT('',(743.839848603,255.286862047,-67.24790797));
#766=CARTESIAN_POINT('',(743.839848603,254.926775325,-67.282940423));
#767=CARTESIAN_POINT('',(743.839848603,254.566341974,-67.3));
#768=CARTESIAN_POINT('',(743.839848603,254.205579608,-67.3));
#769=B_SPLINE_CURVE_WITH_KNOTS('',3,(#723,#724,#725,#726,#727,#728,#729,#730,#731,#732,#733,#734,#735,#736,#737,#738,#739,#740,#741,#742,#743,#744,#745,#746,#747,#748,
#749,#750,#751,#752,#753,#754,#755,#756,#757,#758,#759,#760,#761,#762,#763,#764,#765,#766,#767,#768),.UNSPECIFIED.,.F.,.F.,(4,3,3,3,3,3,3,3,3,3,3,3,3,3,3,4),(0.036205784,0.038370358,0.038911501,0.039452645,0.040534932,0.041617219,0.042158363,0.042699506,0.04486408,0.045946367,0.047028655,0.048110942,0.049193229,0.051357803,0.05244009,0.053522377),.UNSPECIFIED.);
#770=EDGE_CURVE('',#722,#714,#769,.T.);
#771=ORIENTED_EDGE('',*,*,#770,.F.);
#772=CARTESIAN_POINT('',(743.839848603,265.205579608,-54.7));
#773=VERTEX_POINT('',#772);
#774=CARTESIAN_POINT('',(743.839848603,265.205579608,-54.7));
#775=DIRECTION('',(-0.,-0.,-1.));
#776=VECTOR('',#775,1.6);
#777=LINE('',#774,#776);
#778=EDGE_CURVE('',#773,#722,#777,.T.);
#779=ORIENTED_EDGE('',*,*,#778,.F.);
#780=CARTESIAN_POINT('',(743.839848603,254.205579608,-43.7));
#781=VERTEX_POINT('',#780);
#782=CARTESIAN_POINT('',(743.839848603,254.205579608,-43.7));
#783=CARTESIAN_POINT('',(743.839848603,254.920873834,-43.7));
#784=CARTESIAN_POINT('',(743.839848603,255.633558322,-43.767148071));
#785=CARTESIAN_POINT('',(743.839848603,256.343387665,-43.907758469));
#786=CARTESIAN_POINT('',(743.839848603,256.520845001,-43.942911068));
#787=CARTESIAN_POINT('',(743.839848603,256.698416159,-43.982760337));
#788=CARTESIAN_POINT('',(743.839848603,256.873795878,-44.026765129));
#789=CARTESIAN_POINT('',(743.839848603,257.049175598,-44.070769922));
#790=CARTESIAN_POINT('',(743.839848603,257.222831068,-44.119006108));
#791=CARTESIAN_POINT('',(743.839848603,257.394810129,-44.171356287));
#792=CARTESIAN_POINT('',(743.839848603,257.73876825,-44.276056644));
#793=CARTESIAN_POINT('',(743.839848603,258.076023219,-44.397206872));
#794=CARTESIAN_POINT('',(743.839848603,258.406926306,-44.533944937));
#795=CARTESIAN_POINT('',(743.839848603,258.737829393,-44.670683002));
#796=CARTESIAN_POINT('',(743.839848603,259.062377987,-44.823015311));
#797=CARTESIAN_POINT('',(743.839848603,259.380200331,-44.991854173));
#798=CARTESIAN_POINT('',(743.839848603,259.539111503,-45.076273603));
#799=CARTESIAN_POINT('',(743.839848603,259.696340487,-45.164821209));
#800=CARTESIAN_POINT('',(743.839848603,259.851836715,-45.257621083));
#801=CARTESIAN_POINT('',(743.839848603,260.007332943,-45.350420957));
#802=CARTESIAN_POINT('',(743.839848603,260.161118481,-45.447528127));
#803=CARTESIAN_POINT('',(743.839848603,260.311414947,-45.547802269));
#804=CARTESIAN_POINT('',(743.839848603,260.91260081,-45.948898837));
#805=CARTESIAN_POINT('',(743.839848603,261.465238,-46.40473758));
#806=CARTESIAN_POINT('',(743.839848603,261.973042082,-46.911128926));
#807=CARTESIAN_POINT('',(743.839848603,262.226944123,-47.164324599));
#808=CARTESIAN_POINT('',(743.839848603,262.469631932,-47.430165138));
#809=CARTESIAN_POINT('',(743.839848603,262.700251846,-47.709613109));
#810=CARTESIAN_POINT('',(743.839848603,262.930871761,-47.98906108));
#811=CARTESIAN_POINT('',(743.839848603,263.147623966,-48.280122628));
#812=CARTESIAN_POINT('',(743.839848603,263.348523672,-48.580282606));
#813=CARTESIAN_POINT('',(743.839848603,263.549423379,-48.880442583));
#814=CARTESIAN_POINT('',(743.839848603,263.735109809,-49.190463668));
#815=CARTESIAN_POINT('',(743.839848603,263.905649026,-49.510303038));
#816=CARTESIAN_POINT('',(743.839848603,264.076188243,-49.830142407));
#817=CARTESIAN_POINT('',(743.839848603,264.230535296,-50.158097426));
#818=CARTESIAN_POINT('',(743.839848603,264.368093444,-50.490093598));
#819=CARTESIAN_POINT('',(743.839848603,264.64320974,-51.154085941));
#820=CARTESIAN_POINT('',(743.839848603,264.853481895,-51.838610827));
#821=CARTESIAN_POINT('',(743.839848603,264.994580294,-52.545039205));
#822=CARTESIAN_POINT('',(743.839848603,265.065129493,-52.898253394));
#823=CARTESIAN_POINT('',(743.839848603,265.118455125,-53.258630838));
#824=CARTESIAN_POINT('',(743.839848603,265.153487578,-53.618717561));
#825=CARTESIAN_POINT('',(743.839848603,265.188520031,-53.978804284));
#826=CARTESIAN_POINT('',(743.839848603,265.205579608,-54.339237635));
#827=CARTESIAN_POINT('',(743.839848603,265.205579608,-54.7));
#828=B_SPLINE_CURVE_WITH_KNOTS('',3,(#782,#783,#784,#785,#786,#787,#788,#789,#790,#791,#792,#793,#794,#795,#796,#797,#798,#799,#800,#801,#802,#803,#804,#805,#806,#807,
#808,#809,#810,#811,#812,#813,#814,#815,#816,#817,#818,#819,#820,#821,#822,#823,#824,#825,#826,#827),.UNSPECIFIED.,.F.,.F.,(4,3,3,3,3,3,3,3,3,3,3,3,3,3,3,4),(0.036205784,0.038370358,0.038911501,0.039452645,0.040534932,0.041617219,0.042158363,0.042699506,0.04486408,0.045946367,0.047028655,0.048110942,0.049193229,0.051357803,0.05244009,0.053522377),.UNSPECIFIED.);
#829=EDGE_CURVE('',#781,#773,#828,.T.);
#830=ORIENTED_EDGE('',*,*,#829,.F.);
#831=CARTESIAN_POINT('',(743.839848603,247.405579608,-43.7));
#832=VERTEX_POINT('',#831);
#833=CARTESIAN_POINT('',(743.839848603,247.405579608,-43.7));
#834=DIRECTION('',(-0.,1.,-0.));
#835=VECTOR('',#834,6.8);
#836=LINE('',#833,#835);
#837=EDGE_CURVE('',#832,#781,#836,.T.);
#838=ORIENTED_EDGE('',*,*,#837,.F.);
#839=CARTESIAN_POINT('',(743.839848603,236.405579608,-54.7));
#840=VERTEX_POINT('',#839);
#841=CARTESIAN_POINT('',(743.839848603,236.405579608,-54.7));
#842=CARTESIAN_POINT('',(743.839848603,236.405579608,-54.339358213));
#843=CARTESIAN_POINT('',(743.839848603,236.422668046,-53.979044179));
#844=CARTESIAN_POINT('',(743.839848603,236.457716722,-53.619074622));
#845=CARTESIAN_POINT('',(743.839848603,236.492765398,-53.259105064));
#846=CARTESIAN_POINT('',(743.839848603,236.54608925,-52.898875423));
#847=CARTESIAN_POINT('',(743.839848603,236.616599555,-52.545793952));
#848=CARTESIAN_POINT('',(743.839848603,236.757620167,-51.83963101));
#849=CARTESIAN_POINT('',(743.839848603,236.967656589,-51.15528855));
#850=CARTESIAN_POINT('',(743.839848603,237.242508725,-50.491438642));
#851=CARTESIAN_POINT('',(743.839848603,237.379934793,-50.159513688));
#852=CARTESIAN_POINT('',(743.839848603,237.534185429,-49.831621256));
#853=CARTESIAN_POINT('',(743.839848603,237.704622436,-49.511870147));
#854=CARTESIAN_POINT('',(743.839848603,237.875059443,-49.192119038));
#855=CARTESIAN_POINT('',(743.839848603,238.060649289,-48.882186468));
#856=CARTESIAN_POINT('',(743.839848603,238.261440327,-48.582103767));
#857=CARTESIAN_POINT('',(743.839848603,238.462231364,-48.282021066));
#858=CARTESIAN_POINT('',(743.839848603,238.678854587,-47.991034794));
#859=CARTESIAN_POINT('',(743.839848603,238.909340483,-47.71161815));
#860=CARTESIAN_POINT('',(743.839848603,239.139826378,-47.432201506));
#861=CARTESIAN_POINT('',(743.839848603,239.382359456,-47.166368525));
#862=CARTESIAN_POINT('',(743.839848603,239.6360841,-46.913154467));
#863=CARTESIAN_POINT('',(743.839848603,240.143533389,-46.406726352));
#864=CARTESIAN_POINT('',(743.839848603,240.695864446,-45.950904163));
#865=CARTESIAN_POINT('',(743.839848603,241.29672168,-45.549797111));
#866=CARTESIAN_POINT('',(743.839848603,241.446935988,-45.449520348));
#867=CARTESIAN_POINT('',(743.839848603,241.600637688,-45.352407752));
#868=CARTESIAN_POINT('',(743.839848603,241.756068621,-45.259586615));
#869=CARTESIAN_POINT('',(743.839848603,241.911499555,-45.166765479));
#870=CARTESIAN_POINT('',(743.839848603,242.068661652,-45.078193245));
#871=CARTESIAN_POINT('',(743.839848603,242.227503348,-44.993743355));
#872=CARTESIAN_POINT('',(743.839848603,242.54518674,-44.824843576));
#873=CARTESIAN_POINT('',(743.839848603,242.869585882,-44.672426681));
#874=CARTESIAN_POINT('',(743.839848603,243.200321365,-44.535561461));
#875=CARTESIAN_POINT('',(743.839848603,243.531056848,-44.398696241));
#876=CARTESIAN_POINT('',(743.839848603,243.868136636,-44.277402244));
#877=CARTESIAN_POINT('',(743.839848603,244.211920769,-44.172563139));
#878=CARTESIAN_POINT('',(743.839848603,244.383812836,-44.120143586));
#879=CARTESIAN_POINT('',(743.839848603,244.55738151,-44.071839036));
#880=CARTESIAN_POINT('',(743.839848603,244.732675037,-44.027767897));
#881=CARTESIAN_POINT('',(743.839848603,244.907968563,-43.983696759));
#882=CARTESIAN_POINT('',(743.839848603,245.085437995,-43.943784394));
#883=CARTESIAN_POINT('',(743.839848603,245.262929488,-43.908547892));
#884=CARTESIAN_POINT('',(743.839848603,245.972895459,-43.767601881));
#885=CARTESIAN_POINT('',(743.839848603,246.687226071,-43.7));
#886=CARTESIAN_POINT('',(743.839848603,247.405579608,-43.7));
#887=B_SPLINE_CURVE_WITH_KNOTS('',3,(#841,#842,#843,#844,#845,#846,#847,#848,#849,#850,#851,#852,#853,#854,#855,#856,#857,#858,#859,#860,#861,#862,#863,#864,#865,#866,
#867,#868,#869,#870,#871,#872,#873,#874,#875,#876,#877,#878,#879,#880,#881,#882,#883,#884,#885,#886),.UNSPECIFIED.,.F.,.F.,(4,3,3,3,3,3,3,3,3,3,3,3,3,3,3,4),(0.036222355,0.037304281,0.038386206,0.040550057,0.041631982,0.042713907,0.043795833,0.044877758,0.047041609,0.047582572,0.048123534,0.04920546,0.050287385,0.050828348,0.05136931,0.053533161),.UNSPECIFIED.);
#888=EDGE_CURVE('',#840,#832,#887,.T.);
#889=ORIENTED_EDGE('',*,*,#888,.F.);
#890=CARTESIAN_POINT('',(743.839848603,236.405579608,-56.3));
#891=DIRECTION('',(0.,-0.,1.));
#892=VECTOR('',#891,1.6);
#893=LINE('',#890,#892);
#894=EDGE_CURVE('',#666,#840,#893,.T.);
#895=ORIENTED_EDGE('',*,*,#894,.F.);
#896=EDGE_LOOP('',(#712,#720,#771,#779,#830,#838,#889,#895));
#897=FACE_BOUND('',#896,.T.);
#898=CARTESIAN_POINT('',(743.839848603,309.005579608,-54.2));
#899=VERTEX_POINT('',#898);
#900=CARTESIAN_POINT('',(743.839848603,309.005579608,-43.2));
#901=VERTEX_POINT('',#900);
#902=CARTESIAN_POINT('',(743.839848603,309.005579608,-48.7));
#903=DIRECTION('',(-1.,0.,0.));
#904=DIRECTION('',(0.,0.,1.));
#905=AXIS2_PLACEMENT_3D('',#902,#903,#904);
#906=CIRCLE('',#905,5.5);
#907=EDGE_CURVE('',#899,#901,#906,.T.);
#908=ORIENTED_EDGE('',*,*,#907,.F.);
#909=CARTESIAN_POINT('',(743.839848603,309.005579608,-48.7));
#910=DIRECTION('',(-1.,0.,0.));
#911=DIRECTION('',(0.,0.,1.));
#912=AXIS2_PLACEMENT_3D('',#909,#910,#911);
#913=CIRCLE('',#912,5.5);
#914=EDGE_CURVE('',#901,#899,#913,.T.);
#915=ORIENTED_EDGE('',*,*,#914,.F.);
#916=EDGE_LOOP('',(#908,#915));
#917=FACE_BOUND('',#916,.T.);
#918=ADVANCED_FACE('',(#662,#897,#917),#149,.T.);
#919=CARTESIAN_POINT('',(743.839848603,317.028172249,-30.370198133));
#920=CARTESIAN_POINT('',(753.839848603,317.028172249,-30.370198133));
#921=CARTESIAN_POINT('',(743.839848603,318.698924125,-31.098343438));
#922=CARTESIAN_POINT('',(753.839848603,318.698924125,-31.098343438));
#923=CARTESIAN_POINT('',(743.839848603,322.541373526,-33.431296961));
#924=CARTESIAN_POINT('',(753.839848603,322.541373526,-33.431296961));
#925=CARTESIAN_POINT('',(743.839848603,327.14938457,-38.99326839));
#926=CARTESIAN_POINT('',(753.839848603,327.14938457,-38.99326839));
#927=CARTESIAN_POINT('',(743.839848603,329.521137588,-46.683096691));
#928=CARTESIAN_POINT('',(753.839848603,329.521137588,-46.683096691));
#929=CARTESIAN_POINT('',(743.839848603,328.937399909,-52.906364648));
#930=CARTESIAN_POINT('',(753.839848603,328.937399909,-52.906364648));
#931=CARTESIAN_POINT('',(743.839848603,327.716801385,-56.194269616));
#932=CARTESIAN_POINT('',(753.839848603,327.716801385,-56.194269616));
#933=CARTESIAN_POINT('',(743.839848603,327.362564914,-56.98763155));
#934=CARTESIAN_POINT('',(753.839848603,327.362564914,-56.98763155));
#935=B_SPLINE_SURFACE_WITH_KNOTS('',3,1,((#919,#920),(#921,#922),(#923,#924),(#925,#926),(#927,#928),(#929,#930),(#931,#932),(#933,#934)),.UNSPECIFIED.,.F.,.F.,.U.,(4,1,1,1,1,4),(2,2),(1.565320725,1.608611293,1.671111293,1.733611293,1.796111293,1.816748908),(0.685714286,0.971428571),.UNSPECIFIED.);
#936=CARTESIAN_POINT('',(753.839848603,317.028172249,-30.370198133));
#937=VERTEX_POINT('',#936);
#938=CARTESIAN_POINT('',(753.839848603,327.362564914,-56.98763155));
#939=VERTEX_POINT('',#938);
#940=CARTESIAN_POINT('',(753.839848603,317.028172249,-30.370198133));
#941=CARTESIAN_POINT('',(753.839848603,318.251616193,-30.903398171));
#942=CARTESIAN_POINT('',(753.839848603,319.40247883,-31.547523082));
#943=CARTESIAN_POINT('',(753.839848603,320.483385381,-32.298560782));
#944=CARTESIAN_POINT('',(753.839848603,321.023838657,-32.674079632));
#945=CARTESIAN_POINT('',(753.839848603,321.546599791,-33.076637103));
#946=CARTESIAN_POINT('',(753.839848603,322.051048721,-33.50718083));
#947=CARTESIAN_POINT('',(753.839848603,322.303273186,-33.722452693));
#948=CARTESIAN_POINT('',(753.839848603,322.551412226,-33.945158719));
#949=CARTESIAN_POINT('',(753.839848603,322.793814391,-34.173903027));
#950=CARTESIAN_POINT('',(753.839848603,323.036216556,-34.402647335));
#951=CARTESIAN_POINT('',(753.839848603,323.271949001,-34.636499148));
#952=CARTESIAN_POINT('',(753.839848603,323.501179159,-34.875330248));
#953=CARTESIAN_POINT('',(753.839848603,324.418099789,-35.830654651));
#954=CARTESIAN_POINT('',(753.839848603,325.232234582,-36.864689866));
#955=CARTESIAN_POINT('',(753.839848603,325.943868651,-37.97721756));
#956=CARTESIAN_POINT('',(753.839848603,326.121777169,-38.255349484));
#957=CARTESIAN_POINT('',(753.839848603,326.293201479,-38.53844685));
#958=CARTESIAN_POINT('',(753.839848603,326.457985419,-38.826629246));
#959=CARTESIAN_POINT('',(753.839848603,326.622769359,-39.114811641));
#960=CARTESIAN_POINT('',(753.839848603,326.781312391,-39.408942123));
#961=CARTESIAN_POINT('',(753.839848603,326.931850504,-39.705888055));
#962=CARTESIAN_POINT('',(753.839848603,327.23292673,-40.29977992));
#963=CARTESIAN_POINT('',(753.839848603,327.502023596,-40.904115104));
#964=CARTESIAN_POINT('',(753.839848603,327.740498188,-41.518450434));
#965=CARTESIAN_POINT('',(753.839848603,328.21744737,-42.747121092));
#966=CARTESIAN_POINT('',(753.839848603,328.573084682,-44.015407889));
#967=CARTESIAN_POINT('',(753.839848603,328.803569292,-45.324565103));
#968=CARTESIAN_POINT('',(753.839848603,328.861190445,-45.651854406));
#969=CARTESIAN_POINT('',(753.839848603,328.910966075,-45.982549587));
#970=CARTESIAN_POINT('',(753.839848603,328.952193171,-46.312498935));
#971=CARTESIAN_POINT('',(753.839848603,328.993420267,-46.642448283));
#972=CARTESIAN_POINT('',(753.839848603,329.026217132,-46.972210037));
#973=CARTESIAN_POINT('',(753.839848603,329.050752256,-47.301787947));
#974=CARTESIAN_POINT('',(753.839848603,329.099822503,-47.960943766));
#975=CARTESIAN_POINT('',(753.839848603,329.115992556,-48.619367475));
#976=CARTESIAN_POINT('',(753.839848603,329.100109248,-49.277077916));
#977=CARTESIAN_POINT('',(753.839848603,329.084225941,-49.934788357));
#978=CARTESIAN_POINT('',(753.839848603,329.036287917,-50.591785501));
#979=CARTESIAN_POINT('',(753.839848603,328.955883007,-51.248060176));
#980=CARTESIAN_POINT('',(753.839848603,328.915680552,-51.576197513));
#981=CARTESIAN_POINT('',(753.839848603,328.867341984,-51.904153802));
#982=CARTESIAN_POINT('',(753.839848603,328.810692572,-52.231925154));
#983=CARTESIAN_POINT('',(753.839848603,328.75404316,-52.559696506));
#984=CARTESIAN_POINT('',(753.839848603,328.688982739,-52.88753299));
#985=CARTESIAN_POINT('',(753.839848603,328.616121263,-53.212121855));
#986=CARTESIAN_POINT('',(753.839848603,328.324675358,-54.510477317));
#987=CARTESIAN_POINT('',(753.839848603,327.906709216,-55.768944599));
#988=CARTESIAN_POINT('',(753.839848603,327.362564914,-56.98763155));
#989=B_SPLINE_CURVE_WITH_KNOTS('',3,(#940,#941,#942,#943,#944,#945,#946,#947,#948,#949,#950,#951,#952,#953,#954,#955,#956,#957,#958,#959,#960,#961,#962,#963,#964,#965,
#966,#967,#968,#969,#970,#971,#972,#973,#974,#975,#976,#977,#978,#979,#980,#981,#982,#983,#984,#985,#986,#987,#988),.UNSPECIFIED.,.F.,.F.,(4,3,3,3,3,3,3,3,3,3,3,3,3,3,3,3,4),(0.,0.00394711,0.005920665,0.006907442,0.00789422,0.01184133,0.012828107,0.013814885,0.015788439,0.019735549,0.020722327,0.021709104,0.023682659,0.025656214,0.026642992,0.027629769,0.031576879),.UNSPECIFIED.);
#990=EDGE_CURVE('',#937,#939,#989,.T.);
#991=ORIENTED_EDGE('',*,*,#990,.T.);
#992=CARTESIAN_POINT('',(743.839848603,327.362564914,-56.98763155));
#993=DIRECTION('',(1.,0.,-0.));
#994=VECTOR('',#993,10.);
#995=LINE('',#992,#994);
#996=EDGE_CURVE('',#151,#939,#995,.T.);
#997=ORIENTED_EDGE('',*,*,#996,.F.);
#998=ORIENTED_EDGE('',*,*,#204,.T.);
#999=CARTESIAN_POINT('',(753.839848603,317.028172249,-30.370198133));
#1000=DIRECTION('',(-1.,-0.,0.));
#1001=VECTOR('',#1000,10.);
#1002=LINE('',#999,#1001);
#1003=EDGE_CURVE('',#937,#153,#1002,.T.);
#1004=ORIENTED_EDGE('',*,*,#1003,.F.);
#1005=EDGE_LOOP('',(#991,#997,#998,#1004));
#1006=FACE_BOUND('',#1005,.T.);
#1007=ADVANCED_FACE('',(#1006),#935,.F.);
#1008=CARTESIAN_POINT('',(763.839848603,434.242579871,-110.729421356));
#1009=DIRECTION('',(-1.,-0.,0.));
#1010=DIRECTION('',(0.,-1.,0.));
#1011=AXIS2_PLACEMENT_3D('',#1008,#1009,#1010);
#1012=PLANE('',#1011);
#1013=ORIENTED_EDGE('',*,*,#56,.F.);
#1014=ORIENTED_EDGE('',*,*,#92,.T.);
#1015=ORIENTED_EDGE('',*,*,#125,.T.);
#1016=CARTESIAN_POINT('',(763.839848603,207.346992443,-35.337421357));
#1017=VERTEX_POINT('',#1016);
#1018=CARTESIAN_POINT('',(763.839848603,207.346992443,-29.537421357));
#1019=DIRECTION('',(-0.,-0.,-1.));
#1020=VECTOR('',#1019,5.8);
#1021=LINE('',#1018,#1020);
#1022=EDGE_CURVE('',#114,#1017,#1021,.T.);
#1023=ORIENTED_EDGE('',*,*,#1022,.T.);
#1024=CARTESIAN_POINT('',(763.839848603,214.105579608,-35.337421357));
#1025=VERTEX_POINT('',#1024);
#1026=CARTESIAN_POINT('',(763.839848603,214.105579608,-35.337421357));
#1027=DIRECTION('',(0.,-1.,-0.));
#1028=VECTOR('',#1027,6.758587165);
#1029=LINE('',#1026,#1028);
#1030=EDGE_CURVE('',#1025,#1017,#1029,.T.);
#1031=ORIENTED_EDGE('',*,*,#1030,.F.);
#1032=CARTESIAN_POINT('',(763.839848603,214.105579608,-37.5));
#1033=VERTEX_POINT('',#1032);
#1034=CARTESIAN_POINT('',(763.839848603,214.105579608,-35.337421357));
#1035=DIRECTION('',(-0.,0.,-1.));
#1036=VECTOR('',#1035,2.162578643);
#1037=LINE('',#1034,#1036);
#1038=EDGE_CURVE('',#1025,#1033,#1037,.T.);
#1039=ORIENTED_EDGE('',*,*,#1038,.T.);
#1040=CARTESIAN_POINT('',(763.839848603,212.778452247,-37.5));
#1041=VERTEX_POINT('',#1040);
#1042=CARTESIAN_POINT('',(763.839848603,214.105579608,-37.5));
#1043=DIRECTION('',(0.,-1.,-0.));
#1044=VECTOR('',#1043,1.327127361);
#1045=LINE('',#1042,#1044);
#1046=EDGE_CURVE('',#1033,#1041,#1045,.T.);
#1047=ORIENTED_EDGE('',*,*,#1046,.T.);
#1048=CARTESIAN_POINT('',(763.839848603,212.378452247,-37.9));
#1049=VERTEX_POINT('',#1048);
#1050=CARTESIAN_POINT('',(763.839848603,212.778452247,-37.5));
#1051=DIRECTION('',(0.,-0.707106781,-0.707106781));
#1052=VECTOR('',#1051,0.565685425);
#1053=LINE('',#1050,#1052);
#1054=EDGE_CURVE('',#1041,#1049,#1053,.T.);
#1055=ORIENTED_EDGE('',*,*,#1054,.T.);
#1056=CARTESIAN_POINT('',(763.839848603,212.378452247,-39.6));
#1057=VERTEX_POINT('',#1056);
#1058=CARTESIAN_POINT('',(763.839848603,212.378452247,-37.9));
#1059=DIRECTION('',(-0.,0.,-1.));
#1060=VECTOR('',#1059,1.7);
#1061=LINE('',#1058,#1060);
#1062=EDGE_CURVE('',#1049,#1057,#1061,.T.);
#1063=ORIENTED_EDGE('',*,*,#1062,.T.);
#1064=CARTESIAN_POINT('',(763.839848603,214.055579608,-41.25));
#1065=VERTEX_POINT('',#1064);
#1066=CARTESIAN_POINT('',(763.839848603,214.055579608,-41.25));
#1067=DIRECTION('',(0.,-0.712848403,0.701318154));
#1068=VECTOR('',#1067,2.352712517);
#1069=LINE('',#1066,#1068);
#1070=EDGE_CURVE('',#1065,#1057,#1069,.T.);
#1071=ORIENTED_EDGE('',*,*,#1070,.F.);
#1072=CARTESIAN_POINT('',(763.839848603,219.855579608,-41.25));
#1073=VERTEX_POINT('',#1072);
#1074=CARTESIAN_POINT('',(763.839848603,214.055579608,-41.25));
#1075=DIRECTION('',(-0.,1.,0.));
#1076=VECTOR('',#1075,5.8);
#1077=LINE('',#1074,#1076);
#1078=EDGE_CURVE('',#1065,#1073,#1077,.T.);
#1079=ORIENTED_EDGE('',*,*,#1078,.T.);
#1080=CARTESIAN_POINT('',(763.839848603,221.53270697,-39.6));
#1081=VERTEX_POINT('',#1080);
#1082=CARTESIAN_POINT('',(763.839848603,221.53270697,-39.6));
#1083=DIRECTION('',(0.,-0.712848403,-0.701318154));
#1084=VECTOR('',#1083,2.352712517);
#1085=LINE('',#1082,#1084);
#1086=EDGE_CURVE('',#1081,#1073,#1085,.T.);
#1087=ORIENTED_EDGE('',*,*,#1086,.F.);
#1088=CARTESIAN_POINT('',(763.839848603,221.53270697,-37.9));
#1089=VERTEX_POINT('',#1088);
#1090=CARTESIAN_POINT('',(763.839848603,221.53270697,-39.6));
#1091=DIRECTION('',(0.,0.,1.));
#1092=VECTOR('',#1091,1.7);
#1093=LINE('',#1090,#1092);
#1094=EDGE_CURVE('',#1081,#1089,#1093,.T.);
#1095=ORIENTED_EDGE('',*,*,#1094,.T.);
#1096=CARTESIAN_POINT('',(763.839848603,221.13270697,-37.5));
#1097=VERTEX_POINT('',#1096);
#1098=CARTESIAN_POINT('',(763.839848603,221.53270697,-37.9));
#1099=DIRECTION('',(0.,-0.707106781,0.707106781));
#1100=VECTOR('',#1099,0.565685425);
#1101=LINE('',#1098,#1100);
#1102=EDGE_CURVE('',#1089,#1097,#1101,.T.);
#1103=ORIENTED_EDGE('',*,*,#1102,.T.);
#1104=CARTESIAN_POINT('',(763.839848603,219.878405278,-37.5));
#1105=VERTEX_POINT('',#1104);
#1106=CARTESIAN_POINT('',(763.839848603,221.13270697,-37.5));
#1107=DIRECTION('',(0.,-1.,-0.));
#1108=VECTOR('',#1107,1.254301692);
#1109=LINE('',#1106,#1108);
#1110=EDGE_CURVE('',#1097,#1105,#1109,.T.);
#1111=ORIENTED_EDGE('',*,*,#1110,.T.);
#1112=CARTESIAN_POINT('',(763.839848603,219.878405278,-35.337421357));
#1113=VERTEX_POINT('',#1112);
#1114=CARTESIAN_POINT('',(763.839848603,219.878405278,-37.5));
#1115=DIRECTION('',(0.,0.,1.));
#1116=VECTOR('',#1115,2.162578643);
#1117=LINE('',#1114,#1116);
#1118=EDGE_CURVE('',#1105,#1113,#1117,.T.);
#1119=ORIENTED_EDGE('',*,*,#1118,.T.);
#1120=CARTESIAN_POINT('',(763.839848603,227.346992443,-35.337421357));
#1121=VERTEX_POINT('',#1120);
#1122=CARTESIAN_POINT('',(763.839848603,227.346992443,-35.337421357));
#1123=DIRECTION('',(0.,-1.,-0.));
#1124=VECTOR('',#1123,7.468587165);
#1125=LINE('',#1122,#1124);
#1126=EDGE_CURVE('',#1121,#1113,#1125,.T.);
#1127=ORIENTED_EDGE('',*,*,#1126,.F.);
#1128=CARTESIAN_POINT('',(763.839848603,227.346992443,-34.037421357));
#1129=DIRECTION('',(-0.,-0.,-1.));
#1130=VECTOR('',#1129,1.3);
#1131=LINE('',#1128,#1130);
#1132=EDGE_CURVE('',#51,#1121,#1131,.T.);
#1133=ORIENTED_EDGE('',*,*,#1132,.F.);
#1134=EDGE_LOOP('',(#1013,#1014,#1015,#1023,#1031,#1039,#1047,#1055,#1063,#1071,#1079,#1087,#1095,#1103,#1111,#1119,#1127,#1133));
#1135=FACE_BOUND('',#1134,.T.);
#1136=ADVANCED_FACE('',(#1135),#1012,.F.);
#1137=CARTESIAN_POINT('',(753.839848603,273.952572051,-55.596));
#1138=DIRECTION('',(1.,0.,-0.));
#1139=DIRECTION('',(-0.,0.,-1.));
#1140=AXIS2_PLACEMENT_3D('',#1137,#1138,#1139);
#1141=PLANE('',#1140);
#1142=ORIENTED_EDGE('',*,*,#134,.T.);
#1143=ORIENTED_EDGE('',*,*,#78,.F.);
#1144=ORIENTED_EDGE('',*,*,#40,.F.);
#1145=CARTESIAN_POINT('',(753.839848603,227.346992443,-35.337421357));
#1146=VERTEX_POINT('',#1145);
#1147=CARTESIAN_POINT('',(753.839848603,227.346992443,-34.037421356));
#1148=DIRECTION('',(-0.,-0.,-1.));
#1149=VECTOR('',#1148,1.3);
#1150=LINE('',#1147,#1149);
#1151=EDGE_CURVE('',#33,#1146,#1150,.T.);
#1152=ORIENTED_EDGE('',*,*,#1151,.T.);
#1153=CARTESIAN_POINT('',(753.839848603,227.146992443,-35.337421357));
#1154=VERTEX_POINT('',#1153);
#1155=CARTESIAN_POINT('',(753.839848603,227.346992443,-35.337421357));
#1156=DIRECTION('',(-0.,-1.,-0.));
#1157=VECTOR('',#1156,0.2);
#1158=LINE('',#1155,#1157);
#1159=EDGE_CURVE('',#1146,#1154,#1158,.T.);
#1160=ORIENTED_EDGE('',*,*,#1159,.T.);
#1161=CARTESIAN_POINT('',(753.839848603,227.146992443,-42.651008522));
#1162=VERTEX_POINT('',#1161);
#1163=CARTESIAN_POINT('',(753.839848603,227.146992443,-42.651008522));
#1164=DIRECTION('',(0.,0.,1.));
#1165=VECTOR('',#1164,7.313587165);
#1166=LINE('',#1163,#1165);
#1167=EDGE_CURVE('',#1162,#1154,#1166,.T.);
#1168=ORIENTED_EDGE('',*,*,#1167,.F.);
#1169=CARTESIAN_POINT('',(753.839848603,224.9844138,-42.651008522));
#1170=VERTEX_POINT('',#1169);
#1171=CARTESIAN_POINT('',(753.839848603,227.146992443,-42.651008522));
#1172=DIRECTION('',(-0.,-1.,-0.));
#1173=VECTOR('',#1172,2.162578643);
#1174=LINE('',#1171,#1173);
#1175=EDGE_CURVE('',#1162,#1170,#1174,.T.);
#1176=ORIENTED_EDGE('',*,*,#1175,.T.);
#1177=CARTESIAN_POINT('',(753.839848603,224.9844138,-41.323881161));
#1178=VERTEX_POINT('',#1177);
#1179=CARTESIAN_POINT('',(753.839848603,224.9844138,-42.651008522));
#1180=DIRECTION('',(0.,-0.,1.));
#1181=VECTOR('',#1180,1.327127361);
#1182=LINE('',#1179,#1181);
#1183=EDGE_CURVE('',#1170,#1178,#1182,.T.);
#1184=ORIENTED_EDGE('',*,*,#1183,.T.);
#1185=CARTESIAN_POINT('',(753.839848603,224.5844138,-40.923881161));
#1186=VERTEX_POINT('',#1185);
#1187=CARTESIAN_POINT('',(753.839848603,224.9844138,-41.323881161));
#1188=DIRECTION('',(0.,-0.707106781,0.707106781));
#1189=VECTOR('',#1188,0.565685425);
#1190=LINE('',#1187,#1189);
#1191=EDGE_CURVE('',#1178,#1186,#1190,.T.);
#1192=ORIENTED_EDGE('',*,*,#1191,.T.);
#1193=CARTESIAN_POINT('',(753.839848603,222.8844138,-40.923881161));
#1194=VERTEX_POINT('',#1193);
#1195=CARTESIAN_POINT('',(753.839848603,224.5844138,-40.923881161));
#1196=DIRECTION('',(-0.,-1.,-0.));
#1197=VECTOR('',#1196,1.7);
#1198=LINE('',#1195,#1197);
#1199=EDGE_CURVE('',#1186,#1194,#1198,.T.);
#1200=ORIENTED_EDGE('',*,*,#1199,.T.);
#1201=CARTESIAN_POINT('',(753.839848603,221.2344138,-42.601008522));
#1202=VERTEX_POINT('',#1201);
#1203=CARTESIAN_POINT('',(753.839848603,221.2344138,-42.601008522));
#1204=DIRECTION('',(0.,0.701318154,0.712848403));
#1205=VECTOR('',#1204,2.352712517);
#1206=LINE('',#1203,#1205);
#1207=EDGE_CURVE('',#1202,#1194,#1206,.T.);
#1208=ORIENTED_EDGE('',*,*,#1207,.F.);
#1209=CARTESIAN_POINT('',(753.839848603,221.2344138,-48.401008522));
#1210=VERTEX_POINT('',#1209);
#1211=CARTESIAN_POINT('',(753.839848603,221.2344138,-42.601008522));
#1212=DIRECTION('',(-0.,0.,-1.));
#1213=VECTOR('',#1212,5.8);
#1214=LINE('',#1211,#1213);
#1215=EDGE_CURVE('',#1202,#1210,#1214,.T.);
#1216=ORIENTED_EDGE('',*,*,#1215,.T.);
#1217=CARTESIAN_POINT('',(753.839848603,222.8844138,-50.078135883));
#1218=VERTEX_POINT('',#1217);
#1219=CARTESIAN_POINT('',(753.839848603,222.8844138,-50.078135883));
#1220=DIRECTION('',(0.,-0.701318154,0.712848403));
#1221=VECTOR('',#1220,2.352712517);
#1222=LINE('',#1219,#1221);
#1223=EDGE_CURVE('',#1218,#1210,#1222,.T.);
#1224=ORIENTED_EDGE('',*,*,#1223,.F.);
#1225=CARTESIAN_POINT('',(753.839848603,224.5844138,-50.078135883));
#1226=VERTEX_POINT('',#1225);
#1227=CARTESIAN_POINT('',(753.839848603,222.8844138,-50.078135883));
#1228=DIRECTION('',(0.,1.,0.));
#1229=VECTOR('',#1228,1.7);
#1230=LINE('',#1227,#1229);
#1231=EDGE_CURVE('',#1218,#1226,#1230,.T.);
#1232=ORIENTED_EDGE('',*,*,#1231,.T.);
#1233=CARTESIAN_POINT('',(753.839848603,224.9844138,-49.678135883));
#1234=VERTEX_POINT('',#1233);
#1235=CARTESIAN_POINT('',(753.839848603,224.5844138,-50.078135883));
#1236=DIRECTION('',(0.,0.707106781,0.707106781));
#1237=VECTOR('',#1236,0.565685425);
#1238=LINE('',#1235,#1237);
#1239=EDGE_CURVE('',#1226,#1234,#1238,.T.);
#1240=ORIENTED_EDGE('',*,*,#1239,.T.);
#1241=CARTESIAN_POINT('',(753.839848603,224.9844138,-48.423834191));
#1242=VERTEX_POINT('',#1241);
#1243=CARTESIAN_POINT('',(753.839848603,224.9844138,-49.678135883));
#1244=DIRECTION('',(0.,-0.,1.));
#1245=VECTOR('',#1244,1.254301692);
#1246=LINE('',#1243,#1245);
#1247=EDGE_CURVE('',#1234,#1242,#1246,.T.);
#1248=ORIENTED_EDGE('',*,*,#1247,.T.);
#1249=CARTESIAN_POINT('',(753.839848603,227.146992443,-48.423834191));
#1250=VERTEX_POINT('',#1249);
#1251=CARTESIAN_POINT('',(753.839848603,224.9844138,-48.423834191));
#1252=DIRECTION('',(0.,1.,0.));
#1253=VECTOR('',#1252,2.162578643);
#1254=LINE('',#1251,#1253);
#1255=EDGE_CURVE('',#1242,#1250,#1254,.T.);
#1256=ORIENTED_EDGE('',*,*,#1255,.T.);
#1257=CARTESIAN_POINT('',(753.839848603,227.146992443,-62.651008522));
#1258=VERTEX_POINT('',#1257);
#1259=CARTESIAN_POINT('',(753.839848603,227.146992443,-62.651008522));
#1260=DIRECTION('',(0.,0.,1.));
#1261=VECTOR('',#1260,14.227174331);
#1262=LINE('',#1259,#1261);
#1263=EDGE_CURVE('',#1258,#1250,#1262,.T.);
#1264=ORIENTED_EDGE('',*,*,#1263,.F.);
#1265=CARTESIAN_POINT('',(753.839848603,224.9844138,-62.651008522));
#1266=VERTEX_POINT('',#1265);
#1267=CARTESIAN_POINT('',(753.839848603,227.146992443,-62.651008522));
#1268=DIRECTION('',(-0.,-1.,-0.));
#1269=VECTOR('',#1268,2.162578643);
#1270=LINE('',#1267,#1269);
#1271=EDGE_CURVE('',#1258,#1266,#1270,.T.);
#1272=ORIENTED_EDGE('',*,*,#1271,.T.);
#1273=CARTESIAN_POINT('',(753.839848603,224.9844138,-61.323881161));
#1274=VERTEX_POINT('',#1273);
#1275=CARTESIAN_POINT('',(753.839848603,224.9844138,-62.651008522));
#1276=DIRECTION('',(0.,-0.,1.));
#1277=VECTOR('',#1276,1.327127361);
#1278=LINE('',#1275,#1277);
#1279=EDGE_CURVE('',#1266,#1274,#1278,.T.);
#1280=ORIENTED_EDGE('',*,*,#1279,.T.);
#1281=CARTESIAN_POINT('',(753.839848603,224.5844138,-60.923881161));
#1282=VERTEX_POINT('',#1281);
#1283=CARTESIAN_POINT('',(753.839848603,224.9844138,-61.323881161));
#1284=DIRECTION('',(0.,-0.707106781,0.707106781));
#1285=VECTOR('',#1284,0.565685425);
#1286=LINE('',#1283,#1285);
#1287=EDGE_CURVE('',#1274,#1282,#1286,.T.);
#1288=ORIENTED_EDGE('',*,*,#1287,.T.);
#1289=CARTESIAN_POINT('',(753.839848603,222.8844138,-60.923881161));
#1290=VERTEX_POINT('',#1289);
#1291=CARTESIAN_POINT('',(753.839848603,224.5844138,-60.923881161));
#1292=DIRECTION('',(-0.,-1.,-0.));
#1293=VECTOR('',#1292,1.7);
#1294=LINE('',#1291,#1293);
#1295=EDGE_CURVE('',#1282,#1290,#1294,.T.);
#1296=ORIENTED_EDGE('',*,*,#1295,.T.);
#1297=CARTESIAN_POINT('',(753.839848603,221.2344138,-62.601008522));
#1298=VERTEX_POINT('',#1297);
#1299=CARTESIAN_POINT('',(753.839848603,221.2344138,-62.601008522));
#1300=DIRECTION('',(0.,0.701318154,0.712848403));
#1301=VECTOR('',#1300,2.352712517);
#1302=LINE('',#1299,#1301);
#1303=EDGE_CURVE('',#1298,#1290,#1302,.T.);
#1304=ORIENTED_EDGE('',*,*,#1303,.F.);
#1305=CARTESIAN_POINT('',(753.839848603,221.2344138,-68.401008522));
#1306=VERTEX_POINT('',#1305);
#1307=CARTESIAN_POINT('',(753.839848603,221.2344138,-62.601008522));
#1308=DIRECTION('',(-0.,0.,-1.));
#1309=VECTOR('',#1308,5.8);
#1310=LINE('',#1307,#1309);
#1311=EDGE_CURVE('',#1298,#1306,#1310,.T.);
#1312=ORIENTED_EDGE('',*,*,#1311,.T.);
#1313=CARTESIAN_POINT('',(753.839848603,222.8844138,-70.078135883));
#1314=VERTEX_POINT('',#1313);
#1315=CARTESIAN_POINT('',(753.839848603,222.8844138,-70.078135883));
#1316=DIRECTION('',(0.,-0.701318154,0.712848403));
#1317=VECTOR('',#1316,2.352712517);
#1318=LINE('',#1315,#1317);
#1319=EDGE_CURVE('',#1314,#1306,#1318,.T.);
#1320=ORIENTED_EDGE('',*,*,#1319,.F.);
#1321=CARTESIAN_POINT('',(753.839848603,224.5844138,-70.078135883));
#1322=VERTEX_POINT('',#1321);
#1323=CARTESIAN_POINT('',(753.839848603,222.8844138,-70.078135883));
#1324=DIRECTION('',(0.,1.,0.));
#1325=VECTOR('',#1324,1.7);
#1326=LINE('',#1323,#1325);
#1327=EDGE_CURVE('',#1314,#1322,#1326,.T.);
#1328=ORIENTED_EDGE('',*,*,#1327,.T.);
#1329=CARTESIAN_POINT('',(753.839848603,224.9844138,-69.678135883));
#1330=VERTEX_POINT('',#1329);
#1331=CARTESIAN_POINT('',(753.839848603,224.5844138,-70.078135883));
#1332=DIRECTION('',(0.,0.707106781,0.707106781));
#1333=VECTOR('',#1332,0.565685425);
#1334=LINE('',#1331,#1333);
#1335=EDGE_CURVE('',#1322,#1330,#1334,.T.);
#1336=ORIENTED_EDGE('',*,*,#1335,.T.);
#1337=CARTESIAN_POINT('',(753.839848603,224.9844138,-68.423834191));
#1338=VERTEX_POINT('',#1337);
#1339=CARTESIAN_POINT('',(753.839848603,224.9844138,-69.678135883));
#1340=DIRECTION('',(0.,-0.,1.));
#1341=VECTOR('',#1340,1.254301692);
#1342=LINE('',#1339,#1341);
#1343=EDGE_CURVE('',#1330,#1338,#1342,.T.);
#1344=ORIENTED_EDGE('',*,*,#1343,.T.);
#1345=CARTESIAN_POINT('',(753.839848603,227.146992443,-68.423834191));
#1346=VERTEX_POINT('',#1345);
#1347=CARTESIAN_POINT('',(753.839848603,224.9844138,-68.423834191));
#1348=DIRECTION('',(0.,1.,0.));
#1349=VECTOR('',#1348,2.162578643);
#1350=LINE('',#1347,#1349);
#1351=EDGE_CURVE('',#1338,#1346,#1350,.T.);
#1352=ORIENTED_EDGE('',*,*,#1351,.T.);
#1353=CARTESIAN_POINT('',(753.839848603,227.146992443,-75.737421357));
#1354=VERTEX_POINT('',#1353);
#1355=CARTESIAN_POINT('',(753.839848603,227.146992443,-75.737421357));
#1356=DIRECTION('',(0.,0.,1.));
#1357=VECTOR('',#1356,7.313587165);
#1358=LINE('',#1355,#1357);
#1359=EDGE_CURVE('',#1354,#1346,#1358,.T.);
#1360=ORIENTED_EDGE('',*,*,#1359,.F.);
#1361=CARTESIAN_POINT('',(753.839848603,227.346992443,-75.737421357));
#1362=VERTEX_POINT('',#1361);
#1363=CARTESIAN_POINT('',(753.839848603,227.346992443,-75.737421357));
#1364=DIRECTION('',(-0.,-1.,-0.));
#1365=VECTOR('',#1364,0.2);
#1366=LINE('',#1363,#1365);
#1367=EDGE_CURVE('',#1362,#1354,#1366,.T.);
#1368=ORIENTED_EDGE('',*,*,#1367,.F.);
#1369=CARTESIAN_POINT('',(753.839848603,227.346992443,-77.037421357));
#1370=VERTEX_POINT('',#1369);
#1371=CARTESIAN_POINT('',(753.839848603,227.346992443,-77.037421357));
#1372=DIRECTION('',(0.,-0.,1.));
#1373=VECTOR('',#1372,1.3);
#1374=LINE('',#1371,#1373);
#1375=EDGE_CURVE('',#1370,#1362,#1374,.T.);
#1376=ORIENTED_EDGE('',*,*,#1375,.F.);
#1377=CARTESIAN_POINT('',(753.839848603,275.952572051,-77.037421357));
#1378=VERTEX_POINT('',#1377);
#1379=CARTESIAN_POINT('',(753.839848603,227.346992443,-77.037421357));
#1380=DIRECTION('',(0.,1.,0.));
#1381=VECTOR('',#1380,48.605579608);
#1382=LINE('',#1379,#1381);
#1383=EDGE_CURVE('',#1370,#1378,#1382,.T.);
#1384=ORIENTED_EDGE('',*,*,#1383,.T.);
#1385=CARTESIAN_POINT('',(753.839848603,275.952572051,-81.537421357));
#1386=VERTEX_POINT('',#1385);
#1387=CARTESIAN_POINT('',(753.839848603,275.952572051,-81.537421357));
#1388=DIRECTION('',(0.,-0.,1.));
#1389=VECTOR('',#1388,4.5);
#1390=LINE('',#1387,#1389);
#1391=EDGE_CURVE('',#1386,#1378,#1390,.T.);
#1392=ORIENTED_EDGE('',*,*,#1391,.F.);
#1393=CARTESIAN_POINT('',(753.839848603,276.094673081,-81.537421357));
#1394=VERTEX_POINT('',#1393);
#1395=CARTESIAN_POINT('',(753.839848603,275.952572051,-81.537421357));
#1396=DIRECTION('',(0.,1.,0.));
#1397=VECTOR('',#1396,0.14210103);
#1398=LINE('',#1395,#1397);
#1399=EDGE_CURVE('',#1386,#1394,#1398,.T.);
#1400=ORIENTED_EDGE('',*,*,#1399,.T.);
#1401=CARTESIAN_POINT('',(753.839848603,322.117913623,-62.124437556));
#1402=VERTEX_POINT('',#1401);
#1403=CARTESIAN_POINT('',(753.839848603,322.117913623,-62.124437556));
#1404=DIRECTION('',(-0.,-0.921386177,-0.388648316));
#1405=VECTOR('',#1404,49.950001101);
#1406=LINE('',#1403,#1405);
#1407=EDGE_CURVE('',#1402,#1394,#1406,.T.);
#1408=ORIENTED_EDGE('',*,*,#1407,.F.);
#1409=CARTESIAN_POINT('',(753.839848603,318.231430465,-52.910575789));
#1410=DIRECTION('',(-1.,-0.,0.));
#1411=DIRECTION('',(-0.,0.,-1.));
#1412=AXIS2_PLACEMENT_3D('',#1409,#1410,#1411);
#1413=CIRCLE('',#1412,10.);
#1414=EDGE_CURVE('',#939,#1402,#1413,.T.);
#1415=ORIENTED_EDGE('',*,*,#1414,.F.);
#1416=ORIENTED_EDGE('',*,*,#990,.F.);
#1417=CARTESIAN_POINT('',(753.839848603,313.032922775,-39.537421357));
#1418=DIRECTION('',(-1.,-0.,0.));
#1419=DIRECTION('',(-0.,0.,-1.));
#1420=AXIS2_PLACEMENT_3D('',#1417,#1418,#1419);
#1421=CIRCLE('',#1420,10.);
#1422=EDGE_CURVE('',#129,#937,#1421,.T.);
#1423=ORIENTED_EDGE('',*,*,#1422,.F.);
#1424=EDGE_LOOP('',(#1142,#1143,#1144,#1152,#1160,#1168,#1176,#1184,#1192,#1200,#1208,#1216,#1224,#1232,#1240,#1248,#1256,#1264,#1272,#1280,#1288,#1296,#1304,#1312,#1320,#1328,
#1336,#1344,#1352,#1360,#1368,#1376,#1384,#1392,#1400,#1408,#1415,#1416,#1423));
#1425=FACE_BOUND('',#1424,.T.);
#1426=CARTESIAN_POINT('',(753.839848603,236.405579608,-54.7));
#1427=VERTEX_POINT('',#1426);
#1428=CARTESIAN_POINT('',(753.839848603,247.405579608,-43.7));
#1429=VERTEX_POINT('',#1428);
#1430=CARTESIAN_POINT('',(753.839848603,236.405579608,-54.7));
#1431=CARTESIAN_POINT('',(753.839848603,236.405579608,-53.979496052));
#1432=CARTESIAN_POINT('',(753.839848603,236.47377699,-53.268201061));
#1433=CARTESIAN_POINT('',(753.839848603,236.612499566,-52.566429361));
#1434=CARTESIAN_POINT('',(753.839848603,236.681860853,-52.21554351));
#1435=CARTESIAN_POINT('',(753.839848603,236.768860895,-51.86703949));
#1436=CARTESIAN_POINT('',(753.839848603,236.873838407,-51.520963036));
#1437=CARTESIAN_POINT('',(753.839848603,236.926327163,-51.34792481));
#1438=CARTESIAN_POINT('',(753.839848603,236.983511819,-51.17497183));
#1439=CARTESIAN_POINT('',(753.839848603,237.044558429,-51.00444778));
#1440=CARTESIAN_POINT('',(753.839848603,237.105605039,-50.833923731));
#1441=CARTESIAN_POINT('',(753.839848603,237.170542616,-50.665623555));
#1442=CARTESIAN_POINT('',(753.839848603,237.239196441,-50.499447392));
#1443=CARTESIAN_POINT('',(753.839848603,237.513811741,-49.834742739));
#1444=CARTESIAN_POINT('',(753.839848603,237.847895844,-49.204027346));
#1445=CARTESIAN_POINT('',(753.839848603,238.243754898,-48.608619284));
#1446=CARTESIAN_POINT('',(753.839848603,238.441684425,-48.310915253));
#1447=CARTESIAN_POINT('',(753.839848603,238.655063606,-48.022041437));
#1448=CARTESIAN_POINT('',(753.839848603,238.884219302,-47.742184652));
#1449=CARTESIAN_POINT('',(753.839848603,239.113374998,-47.462327868));
#1450=CARTESIAN_POINT('',(753.839848603,239.358319842,-47.191749348));
#1451=CARTESIAN_POINT('',(753.839848603,239.615112373,-46.934138458));
#1452=CARTESIAN_POINT('',(753.839848603,240.128697434,-46.418916678));
#1453=CARTESIAN_POINT('',(753.839848603,240.683385833,-45.96093717));
#1454=CARTESIAN_POINT('',(753.839848603,241.279265445,-45.561474725));
#1455=CARTESIAN_POINT('',(753.839848603,241.577205252,-45.361743503));
#1456=CARTESIAN_POINT('',(753.839848603,241.885484399,-45.176604658));
#1457=CARTESIAN_POINT('',(753.839848603,242.204186446,-45.006176121));
#1458=CARTESIAN_POINT('',(753.839848603,242.522888494,-44.835747585));
#1459=CARTESIAN_POINT('',(753.839848603,242.85319427,-44.679723697));
#1460=CARTESIAN_POINT('',(753.839848603,243.186717316,-44.541201367));
#1461=CARTESIAN_POINT('',(753.839848603,243.853763408,-44.264156707));
#1462=CARTESIAN_POINT('',(753.839848603,244.539742941,-44.053336326));
#1463=CARTESIAN_POINT('',(753.839848603,245.245589346,-43.912005118));
#1464=CARTESIAN_POINT('',(753.839848603,245.598512548,-43.841339514));
#1465=CARTESIAN_POINT('',(753.839848603,245.957266788,-43.787971206));
#1466=CARTESIAN_POINT('',(753.839848603,246.319227515,-43.752586442));
#1467=CARTESIAN_POINT('',(753.839848603,246.681188242,-43.717201678));
#1468=CARTESIAN_POINT('',(753.839848603,247.043308476,-43.7));
#1469=CARTESIAN_POINT('',(753.839848603,247.405579608,-43.7));
#1470=B_SPLINE_CURVE_WITH_KNOTS('',3,(#1430,#1431,#1432,#1433,#1434,#1435,#1436,#1437,#1438,#1439,#1440,#1441,#1442,#1443,#1444,#1445,#1446,#1447,#1448,#1449,#1450,#1451,#1452,#1453,#1454,#1455,
#1456,#1457,#1458,#1459,#1460,#1461,#1462,#1463,#1464,#1465,#1466,#1467,#1468,#1469),.UNSPECIFIED.,.F.,.F.,(4,3,3,3,3,3,3,3,3,3,3,3,3,4),(0.006122157,0.008283669,0.009364425,0.009904803,0.01044518,0.012606692,0.013687448,0.014768204,0.016929716,0.018010472,0.019091228,0.02125274,0.022333496,0.023414252),.UNSPECIFIED.);
#1471=EDGE_CURVE('',#1427,#1429,#1470,.T.);
#1472=ORIENTED_EDGE('',*,*,#1471,.T.);
#1473=CARTESIAN_POINT('',(753.839848603,254.205579608,-43.7));
#1474=VERTEX_POINT('',#1473);
#1475=CARTESIAN_POINT('',(753.839848603,247.405579608,-43.7));
#1476=DIRECTION('',(0.,1.,0.));
#1477=VECTOR('',#1476,6.8);
#1478=LINE('',#1475,#1477);
#1479=EDGE_CURVE('',#1429,#1474,#1478,.T.);
#1480=ORIENTED_EDGE('',*,*,#1479,.T.);
#1481=CARTESIAN_POINT('',(753.839848603,265.205579608,-54.7));
#1482=VERTEX_POINT('',#1481);
#1483=CARTESIAN_POINT('',(753.839848603,254.205579608,-43.7));
#1484=CARTESIAN_POINT('',(753.839848603,254.921898409,-43.7));
#1485=CARTESIAN_POINT('',(753.839848603,255.634839184,-43.767351655));
#1486=CARTESIAN_POINT('',(753.839848603,256.34410871,-43.907901326));
#1487=CARTESIAN_POINT('',(753.839848603,256.521426092,-43.943038744));
#1488=CARTESIAN_POINT('',(753.839848603,256.698941911,-43.982881798));
#1489=CARTESIAN_POINT('',(753.839848603,256.874386395,-44.026913314));
#1490=CARTESIAN_POINT('',(753.839848603,257.04983088,-44.070944831));
#1491=CARTESIAN_POINT('',(753.839848603,257.223531787,-44.119206373));
#1492=CARTESIAN_POINT('',(753.839848603,257.395538537,-44.171578041));
#1493=CARTESIAN_POINT('',(753.839848603,257.739552037,-44.276321377));
#1494=CARTESIAN_POINT('',(753.839848603,258.0767915,-44.397498934));
#1495=CARTESIAN_POINT('',(753.839848603,258.407619388,-44.534231363));
#1496=CARTESIAN_POINT('',(753.839848603,258.738447275,-44.670963792));
#1497=CARTESIAN_POINT('',(753.839848603,259.062860221,-44.823259255));
#1498=CARTESIAN_POINT('',(753.839848603,259.380491024,-44.992008605));
#1499=CARTESIAN_POINT('',(753.839848603,259.698121828,-45.160757955));
#1500=CARTESIAN_POINT('',(753.839848603,260.010372372,-45.346947859));
#1501=CARTESIAN_POINT('',(753.839848603,260.311541675,-45.54788682));
#1502=CARTESIAN_POINT('',(753.839848603,260.913880281,-45.949764743));
#1503=CARTESIAN_POINT('',(753.839848603,261.470660323,-46.408763158));
#1504=CARTESIAN_POINT('',(753.839848603,261.984052886,-46.922124061));
#1505=CARTESIAN_POINT('',(753.839848603,262.497445448,-47.435484965));
#1506=CARTESIAN_POINT('',(753.839848603,262.953504016,-47.989469525));
#1507=CARTESIAN_POINT('',(753.839848603,263.351437446,-48.5846383));
#1508=CARTESIAN_POINT('',(753.839848603,263.550404161,-48.882222687));
#1509=CARTESIAN_POINT('',(753.839848603,263.734836649,-49.190105213));
#1510=CARTESIAN_POINT('',(753.839848603,263.904617558,-49.508369028));
#1511=CARTESIAN_POINT('',(753.839848603,264.074398467,-49.826632842));
#1512=CARTESIAN_POINT('',(753.839848603,264.22979863,-50.156389502));
#1513=CARTESIAN_POINT('',(753.839848603,264.367768267,-50.489308866));
#1514=CARTESIAN_POINT('',(753.839848603,264.64370754,-51.155147593));
#1515=CARTESIAN_POINT('',(753.839848603,264.853679696,-51.839846239));
#1516=CARTESIAN_POINT('',(753.839848603,264.994439158,-52.544332711));
#1517=CARTESIAN_POINT('',(753.839848603,265.064818889,-52.896575947));
#1518=CARTESIAN_POINT('',(753.839848603,265.117971224,-53.254642145));
#1519=CARTESIAN_POINT('',(753.839848603,265.153209641,-53.615864618));
#1520=CARTESIAN_POINT('',(753.839848603,265.188448058,-53.977087092));
#1521=CARTESIAN_POINT('',(753.839848603,265.205579608,-54.338468404));
#1522=CARTESIAN_POINT('',(753.839848603,265.205579608,-54.7));
#1523=B_SPLINE_CURVE_WITH_KNOTS('',3,(#1483,#1484,#1485,#1486,#1487,#1488,#1489,#1490,#1491,#1492,#1493,#1494,#1495,#1496,#1497,#1498,#1499,#1500,#1501,#1502,#1503,#1504,#1505,#1506,#1507,#1508,
#1509,#1510,#1511,#1512,#1513,#1514,#1515,#1516,#1517,#1518,#1519,#1520,#1521,#1522),.UNSPECIFIED.,.F.,.F.,(4,3,3,3,3,3,3,3,3,3,3,3,3,4),(0.035260187,0.037409144,0.037946383,0.038483622,0.0395581,0.040632578,0.041707056,0.043856013,0.046004969,0.047079447,0.048153926,0.050302882,0.05137736,0.052451838),.UNSPECIFIED.);
#1524=EDGE_CURVE('',#1474,#1482,#1523,.T.);
#1525=ORIENTED_EDGE('',*,*,#1524,.T.);
#1526=CARTESIAN_POINT('',(753.839848603,265.205579608,-56.3));
#1527=VERTEX_POINT('',#1526);
#1528=CARTESIAN_POINT('',(753.839848603,265.205579608,-54.7));
#1529=DIRECTION('',(-0.,0.,-1.));
#1530=VECTOR('',#1529,1.6);
#1531=LINE('',#1528,#1530);
#1532=EDGE_CURVE('',#1482,#1527,#1531,.T.);
#1533=ORIENTED_EDGE('',*,*,#1532,.T.);
#1534=CARTESIAN_POINT('',(753.839848603,254.205579608,-67.3));
#1535=VERTEX_POINT('',#1534);
#1536=CARTESIAN_POINT('',(753.839848603,265.205579608,-56.3));
#1537=CARTESIAN_POINT('',(753.839848603,265.205579608,-57.0163188));
#1538=CARTESIAN_POINT('',(753.839848603,265.138227954,-57.729259576));
#1539=CARTESIAN_POINT('',(753.839848603,264.997678282,-58.438529102));
#1540=CARTESIAN_POINT('',(753.839848603,264.962540864,-58.615846484));
#1541=CARTESIAN_POINT('',(753.839848603,264.922697811,-58.793362303));
#1542=CARTESIAN_POINT('',(753.839848603,264.878666294,-58.968806787));
#1543=CARTESIAN_POINT('',(753.839848603,264.834634777,-59.144251271));
#1544=CARTESIAN_POINT('',(753.839848603,264.786373236,-59.317952178));
#1545=CARTESIAN_POINT('',(753.839848603,264.734001568,-59.489958928));
#1546=CARTESIAN_POINT('',(753.839848603,264.629258232,-59.833972429));
#1547=CARTESIAN_POINT('',(753.839848603,264.508080674,-60.171211892));
#1548=CARTESIAN_POINT('',(753.839848603,264.371348245,-60.502039779));
#1549=CARTESIAN_POINT('',(753.839848603,264.234615816,-60.832867666));
#1550=CARTESIAN_POINT('',(753.839848603,264.082320353,-61.157280612));
#1551=CARTESIAN_POINT('',(753.839848603,263.913571003,-61.474911416));
#1552=CARTESIAN_POINT('',(753.839848603,263.744821653,-61.79254222));
#1553=CARTESIAN_POINT('',(753.839848603,263.558631749,-62.104792764));
#1554=CARTESIAN_POINT('',(753.839848603,263.357692788,-62.405962067));
#1555=CARTESIAN_POINT('',(753.839848603,262.955814865,-63.008300673));
#1556=CARTESIAN_POINT('',(753.839848603,262.496816451,-63.565080715));
#1557=CARTESIAN_POINT('',(753.839848603,261.983455547,-64.078473277));
#1558=CARTESIAN_POINT('',(753.839848603,261.470094643,-64.59186584));
#1559=CARTESIAN_POINT('',(753.839848603,260.916110084,-65.047924408));
#1560=CARTESIAN_POINT('',(753.839848603,260.320941309,-65.445857838));
#1561=CARTESIAN_POINT('',(753.839848603,260.023356921,-65.644824552));
#1562=CARTESIAN_POINT('',(753.839848603,259.715474395,-65.829257041));
#1563=CARTESIAN_POINT('',(753.839848603,259.397210581,-65.99903795));
#1564=CARTESIAN_POINT('',(753.839848603,259.078946766,-66.168818858));
#1565=CARTESIAN_POINT('',(753.839848603,258.749190106,-66.324219022));
#1566=CARTESIAN_POINT('',(753.839848603,258.416270743,-66.462188658));
#1567=CARTESIAN_POINT('',(753.839848603,257.750432016,-66.738127931));
#1568=CARTESIAN_POINT('',(753.839848603,257.06573337,-66.948100087));
#1569=CARTESIAN_POINT('',(753.839848603,256.361246898,-67.088859549));
#1570=CARTESIAN_POINT('',(753.839848603,256.009003661,-67.15923928));
#1571=CARTESIAN_POINT('',(753.839848603,255.650937464,-67.212391616));
#1572=CARTESIAN_POINT('',(753.839848603,255.28971499,-67.247630033));
#1573=CARTESIAN_POINT('',(753.839848603,254.928492516,-67.28286845));
#1574=CARTESIAN_POINT('',(753.839848603,254.567111204,-67.3));
#1575=CARTESIAN_POINT('',(753.839848603,254.205579608,-67.3));
#1576=B_SPLINE_CURVE_WITH_KNOTS('',3,(#1536,#1537,#1538,#1539,#1540,#1541,#1542,#1543,#1544,#1545,#1546,#1547,#1548,#1549,#1550,#1551,#1552,#1553,#1554,#1555,#1556,#1557,#1558,#1559,#1560,#1561,
#1562,#1563,#1564,#1565,#1566,#1567,#1568,#1569,#1570,#1571,#1572,#1573,#1574,#1575),.UNSPECIFIED.,.F.,.F.,(4,3,3,3,3,3,3,3,3,3,3,3,3,4),(0.035260187,0.037409144,0.037946383,0.038483622,0.0395581,0.040632578,0.041707056,0.043856013,0.046004969,0.047079447,0.048153926,0.050302882,0.05137736,0.052451838),.UNSPECIFIED.);
#1577=EDGE_CURVE('',#1527,#1535,#1576,.T.);
#1578=ORIENTED_EDGE('',*,*,#1577,.T.);
#1579=CARTESIAN_POINT('',(753.839848603,247.405579608,-67.3));
#1580=VERTEX_POINT('',#1579);
#1581=CARTESIAN_POINT('',(753.839848603,254.205579608,-67.3));
#1582=DIRECTION('',(0.,-1.,0.));
#1583=VECTOR('',#1582,6.8);
#1584=LINE('',#1581,#1583);
#1585=EDGE_CURVE('',#1535,#1580,#1584,.T.);
#1586=ORIENTED_EDGE('',*,*,#1585,.T.);
#1587=CARTESIAN_POINT('',(753.839848603,236.405579608,-56.3));
#1588=VERTEX_POINT('',#1587);
#1589=CARTESIAN_POINT('',(753.839848603,247.405579608,-67.3));
#1590=CARTESIAN_POINT('',(753.839848603,246.689260808,-67.3));
#1591=CARTESIAN_POINT('',(753.839848603,245.976320032,-67.232648345));
#1592=CARTESIAN_POINT('',(753.839848603,245.267050506,-67.092098674));
#1593=CARTESIAN_POINT('',(753.839848603,245.089733125,-67.056961256));
#1594=CARTESIAN_POINT('',(753.839848603,244.912217306,-67.017118202));
#1595=CARTESIAN_POINT('',(753.839848603,244.736772821,-66.973086685));
#1596=CARTESIAN_POINT('',(753.839848603,244.561328337,-66.929055169));
#1597=CARTESIAN_POINT('',(753.839848603,244.38762743,-66.880793627));
#1598=CARTESIAN_POINT('',(753.839848603,244.21562068,-66.828421959));
#1599=CARTESIAN_POINT('',(753.839848603,243.87160718,-66.723678623));
#1600=CARTESIAN_POINT('',(753.839848603,243.534367716,-66.602501066));
#1601=CARTESIAN_POINT('',(753.839848603,243.203539829,-66.465768637));
#1602=CARTESIAN_POINT('',(753.839848603,242.872711942,-66.329036208));
#1603=CARTESIAN_POINT('',(753.839848603,242.548298996,-66.176740745));
#1604=CARTESIAN_POINT('',(753.839848603,242.230668192,-66.007991395));
#1605=CARTESIAN_POINT('',(753.839848603,241.913037389,-65.839242045));
#1606=CARTESIAN_POINT('',(753.839848603,241.600786845,-65.653052141));
#1607=CARTESIAN_POINT('',(753.839848603,241.299617542,-65.45211318));
#1608=CARTESIAN_POINT('',(753.839848603,240.697278936,-65.050235257));
#1609=CARTESIAN_POINT('',(753.839848603,240.140498894,-64.591236842));
#1610=CARTESIAN_POINT('',(753.839848603,239.627106331,-64.077875939));
#1611=CARTESIAN_POINT('',(753.839848603,239.113713769,-63.564515035));
#1612=CARTESIAN_POINT('',(753.839848603,238.657655201,-63.010530475));
#1613=CARTESIAN_POINT('',(753.839848603,238.259721771,-62.4153617));
#1614=CARTESIAN_POINT('',(753.839848603,238.060755056,-62.117777313));
#1615=CARTESIAN_POINT('',(753.839848603,237.876322567,-61.809894787));
#1616=CARTESIAN_POINT('',(753.839848603,237.706541659,-61.491630972));
#1617=CARTESIAN_POINT('',(753.839848603,237.53676075,-61.173367158));
#1618=CARTESIAN_POINT('',(753.839848603,237.381360587,-60.843610498));
#1619=CARTESIAN_POINT('',(753.839848603,237.24339095,-60.510691134));
#1620=CARTESIAN_POINT('',(753.839848603,236.967451677,-59.844852407));
#1621=CARTESIAN_POINT('',(753.839848603,236.757479521,-59.160153761));
#1622=CARTESIAN_POINT('',(753.839848603,236.616720059,-58.455667289));
#1623=CARTESIAN_POINT('',(753.839848603,236.546340328,-58.103424053));
#1624=CARTESIAN_POINT('',(753.839848603,236.493187992,-57.745357855));
#1625=CARTESIAN_POINT('',(753.839848603,236.457949575,-57.384135382));
#1626=CARTESIAN_POINT('',(753.839848603,236.422711158,-57.022912908));
#1627=CARTESIAN_POINT('',(753.839848603,236.405579608,-56.661531596));
#1628=CARTESIAN_POINT('',(753.839848603,236.405579608,-56.3));
#1629=B_SPLINE_CURVE_WITH_KNOTS('',3,(#1589,#1590,#1591,#1592,#1593,#1594,#1595,#1596,#1597,#1598,#1599,#1600,#1601,#1602,#1603,#1604,#1605,#1606,#1607,#1608,#1609,#1610,#1611,#1612,#1613,#1614,
#1615,#1616,#1617,#1618,#1619,#1620,#1621,#1622,#1623,#1624,#1625,#1626,#1627,#1628),.UNSPECIFIED.,.F.,.F.,(4,3,3,3,3,3,3,3,3,3,3,3,3,4),(0.035260187,0.037409144,0.037946383,0.038483622,0.0395581,0.040632578,0.041707056,0.043856013,0.046004969,0.047079447,0.048153926,0.050302882,0.05137736,0.052451838),.UNSPECIFIED.);
#1630=EDGE_CURVE('',#1580,#1588,#1629,.T.);
#1631=ORIENTED_EDGE('',*,*,#1630,.T.);
#1632=CARTESIAN_POINT('',(753.839848603,236.405579608,-56.3));
#1633=DIRECTION('',(0.,0.,1.));
#1634=VECTOR('',#1633,1.6);
#1635=LINE('',#1632,#1634);
#1636=EDGE_CURVE('',#1588,#1427,#1635,.T.);
#1637=ORIENTED_EDGE('',*,*,#1636,.T.);
#1638=EDGE_LOOP('',(#1472,#1480,#1525,#1533,#1578,#1586,#1631,#1637));
#1639=FACE_BOUND('',#1638,.T.);
#1640=CARTESIAN_POINT('',(753.839848603,306.779386984,-38.035780816));
#1641=VERTEX_POINT('',#1640);
#1642=CARTESIAN_POINT('',(753.839848603,309.005579608,-59.789997));
#1643=VERTEX_POINT('',#1642);
#1644=CARTESIAN_POINT('',(753.839848603,306.779386984,-38.035780816));
#1645=CARTESIAN_POINT('',(753.839848603,307.490902385,-37.888547176));
#1646=CARTESIAN_POINT('',(753.839848603,308.205067783,-37.81563914));
#1647=CARTESIAN_POINT('',(753.839848603,308.921642792,-37.810314495));
#1648=CARTESIAN_POINT('',(753.839848603,309.279930297,-37.807652173));
#1649=CARTESIAN_POINT('',(753.839848603,309.638817232,-37.82180234));
#1650=CARTESIAN_POINT('',(753.839848603,309.998343796,-37.853892455));
#1651=CARTESIAN_POINT('',(753.839848603,310.357870361,-37.885982571));
#1652=CARTESIAN_POINT('',(753.839848603,310.718991218,-37.936411706));
#1653=CARTESIAN_POINT('',(753.839848603,311.072822026,-38.00412726));
#1654=CARTESIAN_POINT('',(753.839848603,311.780483642,-38.139558369));
#1655=CARTESIAN_POINT('',(753.839848603,312.466626301,-38.344329788));
#1656=CARTESIAN_POINT('',(753.839848603,313.132535148,-38.61430041));
#1657=CARTESIAN_POINT('',(753.839848603,313.465489572,-38.74928572));
#1658=CARTESIAN_POINT('',(753.839848603,313.794658284,-38.9011357));
#1659=CARTESIAN_POINT('',(753.839848603,314.115533094,-39.069051264));
#1660=CARTESIAN_POINT('',(753.839848603,314.436407903,-39.236966828));
#1661=CARTESIAN_POINT('',(753.839848603,314.746461389,-39.41947703));
#1662=CARTESIAN_POINT('',(753.839848603,315.045862109,-39.616354536));
#1663=CARTESIAN_POINT('',(753.839848603,315.644663549,-40.010109549));
#1664=CARTESIAN_POINT('',(753.839848603,316.200865201,-40.461318574));
#1665=CARTESIAN_POINT('',(753.839848603,316.715674133,-40.968353646));
#1666=CARTESIAN_POINT('',(753.839848603,316.844376366,-41.095112415));
#1667=CARTESIAN_POINT('',(753.839848603,316.970817513,-41.225698858));
#1668=CARTESIAN_POINT('',(753.839848603,317.093423867,-41.358654255));
#1669=CARTESIAN_POINT('',(753.839848603,317.216030222,-41.491609651));
#1670=CARTESIAN_POINT('',(753.839848603,317.334958982,-41.62705844));
#1671=CARTESIAN_POINT('',(753.839848603,317.450209229,-41.765001243));
#1672=CARTESIAN_POINT('',(753.839848603,317.680709723,-42.04088685));
#1673=CARTESIAN_POINT('',(753.839848603,317.896496841,-42.326748057));
#1674=CARTESIAN_POINT('',(753.839848603,318.097555014,-42.62259542));
#1675=CARTESIAN_POINT('',(753.839848603,318.298613187,-42.918442784));
#1676=CARTESIAN_POINT('',(753.839848603,318.484942419,-43.224276301));
#1677=CARTESIAN_POINT('',(753.839848603,318.656516327,-43.540113858));
#1678=CARTESIAN_POINT('',(753.839848603,318.742303281,-43.698032637));
#1679=CARTESIAN_POINT('',(753.839848603,318.824401235,-43.858452541));
#1680=CARTESIAN_POINT('',(753.839848603,318.902805853,-44.021376509));
#1681=CARTESIAN_POINT('',(753.839848603,318.981210471,-44.184300478));
#1682=CARTESIAN_POINT('',(753.839848603,319.056013826,-44.350001103));
#1683=CARTESIAN_POINT('',(753.839848603,319.126412618,-44.516429723));
#1684=CARTESIAN_POINT('',(753.839848603,319.408007788,-45.182144203));
#1685=CARTESIAN_POINT('',(753.839848603,319.622812835,-45.865619104));
#1686=CARTESIAN_POINT('',(753.839848603,319.768486851,-46.567476906));
#1687=CARTESIAN_POINT('',(753.839848603,319.84132386,-46.918405806));
#1688=CARTESIAN_POINT('',(753.839848603,319.89686999,-47.273932591));
#1689=CARTESIAN_POINT('',(753.839848603,319.934795137,-47.63414504));
#1690=CARTESIAN_POINT('',(753.839848603,319.972720284,-47.994357489));
#1691=CARTESIAN_POINT('',(753.839848603,319.992577043,-48.356317572));
#1692=CARTESIAN_POINT('',(753.839848603,319.995261597,-48.715591314));
#1693=CARTESIAN_POINT('',(753.839848603,320.000630706,-49.434138797));
#1694=CARTESIAN_POINT('',(753.839848603,319.938362597,-50.14751402));
#1695=CARTESIAN_POINT('',(753.839848603,319.803720475,-50.855354756));
#1696=CARTESIAN_POINT('',(753.839848603,319.736399414,-51.209275124));
#1697=CARTESIAN_POINT('',(753.839848603,319.650317296,-51.56361979));
#1698=CARTESIAN_POINT('',(753.839848603,319.547716503,-51.909691605));
#1699=CARTESIAN_POINT('',(753.839848603,319.445115711,-52.255763421));
#1700=CARTESIAN_POINT('',(753.839848603,319.326013809,-52.594588114));
#1701=CARTESIAN_POINT('',(753.839848603,319.191419761,-52.926608812));
#1702=CARTESIAN_POINT('',(753.839848603,318.922231666,-53.590650208));
#1703=CARTESIAN_POINT('',(753.839848603,318.591529789,-54.227675368));
#1704=CARTESIAN_POINT('',(753.839848603,318.192809693,-54.834827607));
#1705=CARTESIAN_POINT('',(753.839848603,317.794089597,-55.441979846));
#1706=CARTESIAN_POINT('',(753.839848603,317.340549216,-55.99897079));
#1707=CARTESIAN_POINT('',(753.839848603,316.837878615,-56.509431811));
#1708=CARTESIAN_POINT('',(753.839848603,316.586543314,-56.764662322));
#1709=CARTESIAN_POINT('',(753.839848603,316.322934724,-57.008409464));
#1710=CARTESIAN_POINT('',(753.839848603,316.04623755,-57.239910414));
#1711=CARTESIAN_POINT('',(753.839848603,315.769540377,-57.471411364));
#1712=CARTESIAN_POINT('',(753.839848603,315.478546311,-57.691258773));
#1713=CARTESIAN_POINT('',(753.839848603,315.180417222,-57.893742288));
#1714=CARTESIAN_POINT('',(753.839848603,314.584159043,-58.298709317));
#1715=CARTESIAN_POINT('',(753.839848603,313.954317151,-58.639184481));
#1716=CARTESIAN_POINT('',(753.839848603,313.292994457,-58.919206064));
#1717=CARTESIAN_POINT('',(753.839848603,312.962333109,-59.059216856));
#1718=CARTESIAN_POINT('',(753.839848603,312.622944097,-59.184500007));
#1719=CARTESIAN_POINT('',(753.839848603,312.277046175,-59.292903219));
#1720=CARTESIAN_POINT('',(753.839848603,311.931148253,-59.401306432));
#1721=CARTESIAN_POINT('',(753.839848603,311.58267304,-59.491676792));
#1722=CARTESIAN_POINT('',(753.839848603,311.231663474,-59.564314718));
#1723=CARTESIAN_POINT('',(753.839848603,310.529644341,-59.709590571));
#1724=CARTESIAN_POINT('',(753.839848603,309.817489487,-59.783948549));
#1725=CARTESIAN_POINT('',(753.839848603,309.095521453,-59.789645423));
#1726=CARTESIAN_POINT('',(753.839848603,308.734537436,-59.792493859));
#1727=CARTESIAN_POINT('',(753.839848603,308.370845817,-59.778041886));
#1728=CARTESIAN_POINT('',(753.839848603,308.012568761,-59.746053671));
#1729=CARTESIAN_POINT('',(753.839848603,307.654291705,-59.714065455));
#1730=CARTESIAN_POINT('',(753.839848603,307.299464665,-59.664617652));
#1731=CARTESIAN_POINT('',(753.839848603,306.948087084,-59.59771307));
#1732=CARTESIAN_POINT('',(753.839848603,306.596709503,-59.530808488));
#1733=CARTESIAN_POINT('',(753.839848603,306.248781383,-59.446447125));
#1734=CARTESIAN_POINT('',(753.839848603,305.904303765,-59.344623705));
#1735=CARTESIAN_POINT('',(753.839848603,305.732064956,-59.293711995));
#1736=CARTESIAN_POINT('',(753.839848603,305.560688798,-59.238434645));
#1737=CARTESIAN_POINT('',(753.839848603,305.390175574,-59.178790216));
#1738=CARTESIAN_POINT('',(753.839848603,305.219662351,-59.119145788));
#1739=CARTESIAN_POINT('',(753.839848603,305.049598092,-59.054952487));
#1740=CARTESIAN_POINT('',(753.839848603,304.881984433,-58.987061312));
#1741=CARTESIAN_POINT('',(753.839848603,304.211529797,-58.715496613));
#1742=CARTESIAN_POINT('',(753.839848603,303.576151263,-58.38420599));
#1743=CARTESIAN_POINT('',(753.839848603,302.976957262,-57.991302057));
#1744=CARTESIAN_POINT('',(753.839848603,302.677360261,-57.79485009));
#1745=CARTESIAN_POINT('',(753.839848603,302.386813689,-57.582987483));
#1746=CARTESIAN_POINT('',(753.839848603,302.105474798,-57.355446472));
#1747=CARTESIAN_POINT('',(753.839848603,301.964805352,-57.241675967));
#1748=CARTESIAN_POINT('',(753.839848603,301.826300707,-57.123828102));
#1749=CARTESIAN_POINT('',(753.839848603,301.691573783,-57.003395147));
#1750=CARTESIAN_POINT('',(753.839848603,301.556846858,-56.882962192));
#1751=CARTESIAN_POINT('',(753.839848603,301.425513398,-56.759649873));
#1752=CARTESIAN_POINT('',(753.839848603,301.297440054,-56.633571338));
#1753=CARTESIAN_POINT('',(753.839848603,300.785146677,-56.1292572));
#1754=CARTESIAN_POINT('',(753.839848603,300.324641789,-55.581000403));
#1755=CARTESIAN_POINT('',(753.839848603,299.919369216,-54.985878852));
#1756=CARTESIAN_POINT('',(753.839848603,299.716732929,-54.688318077));
#1757=CARTESIAN_POINT('',(753.839848603,299.527009154,-54.377190056));
#1758=CARTESIAN_POINT('',(753.839848603,299.354589456,-54.059787779));
#1759=CARTESIAN_POINT('',(753.839848603,299.182169759,-53.742385502));
#1760=CARTESIAN_POINT('',(753.839848603,299.026614719,-53.418515021));
#1761=CARTESIAN_POINT('',(753.839848603,298.886867772,-53.088581566));
#1762=CARTESIAN_POINT('',(753.839848603,298.607373877,-52.428714657));
#1763=CARTESIAN_POINT('',(753.839848603,298.390631231,-51.744780381));
#1764=CARTESIAN_POINT('',(753.839848603,298.243045855,-51.034321799));
#1765=CARTESIAN_POINT('',(753.839848603,298.169253167,-50.679092509));
#1766=CARTESIAN_POINT('',(753.839848603,298.11377108,-50.321596931));
#1767=CARTESIAN_POINT('',(753.839848603,298.076213607,-49.964424868));
#1768=CARTESIAN_POINT('',(753.839848603,298.038656134,-49.607252804));
#1769=CARTESIAN_POINT('',(753.839848603,298.018849964,-49.249584478));
#1770=CARTESIAN_POINT('',(753.839848603,298.01595236,-48.891443449));
#1771=CARTESIAN_POINT('',(753.839848603,298.013054756,-48.53330242));
#1772=CARTESIAN_POINT('',(753.839848603,298.026954038,-48.17469181));
#1773=CARTESIAN_POINT('',(753.839848603,298.058730378,-47.815581421));
#1774=CARTESIAN_POINT('',(753.839848603,298.090506717,-47.456471033));
#1775=CARTESIAN_POINT('',(753.839848603,298.140628363,-47.095210296));
#1776=CARTESIAN_POINT('',(753.839848603,298.208143162,-46.740945482));
#1777=CARTESIAN_POINT('',(753.839848603,298.34317276,-46.032415854));
#1778=CARTESIAN_POINT('',(753.839848603,298.547557838,-45.346147455));
#1779=CARTESIAN_POINT('',(753.839848603,298.816783198,-44.680691031));
#1780=CARTESIAN_POINT('',(753.839848603,299.086008559,-44.015234606));
#1781=CARTESIAN_POINT('',(753.839848603,299.423911524,-43.365991741));
#1782=CARTESIAN_POINT('',(753.839848603,299.817500038,-42.766466152));
#1783=CARTESIAN_POINT('',(753.839848603,300.211088552,-42.166940564));
#1784=CARTESIAN_POINT('',(753.839848603,300.661788627,-41.610719649));
#1785=CARTESIAN_POINT('',(753.839848603,301.167630546,-41.096309875));
#1786=CARTESIAN_POINT('',(753.839848603,301.420551506,-40.839104988));
#1787=CARTESIAN_POINT('',(753.839848603,301.687971341,-40.591860456));
#1788=CARTESIAN_POINT('',(753.839848603,301.963993036,-40.360878837));
#1789=CARTESIAN_POINT('',(753.839848603,302.240014731,-40.129897217));
#1790=CARTESIAN_POINT('',(753.839848603,302.525882391,-39.91378668));
#1791=CARTESIAN_POINT('',(753.839848603,302.821574118,-39.712514152));
#1792=CARTESIAN_POINT('',(753.839848603,303.117265846,-39.511241624));
#1793=CARTESIAN_POINT('',(753.839848603,303.422781646,-39.324807114));
#1794=CARTESIAN_POINT('',(753.839848603,303.738106857,-39.153188476));
#1795=CARTESIAN_POINT('',(753.839848603,304.053432069,-38.981569838));
#1796=CARTESIAN_POINT('',(753.839848603,304.37961768,-38.824333218));
#1797=CARTESIAN_POINT('',(753.839848603,304.713190689,-38.682901626));
#1798=CARTESIAN_POINT('',(753.839848603,305.380336708,-38.400038442));
#1799=CARTESIAN_POINT('',(753.839848603,306.068597203,-38.182864304));
#1800=CARTESIAN_POINT('',(753.839848603,306.779386984,-38.035780816));
#1801=B_SPLINE_CURVE_WITH_KNOTS('',3,(#1644,#1645,#1646,#1647,#1648,#1649,#1650,#1651,#1652,#1653,#1654,#1655,#1656,#1657,#1658,#1659,#1660,#1661,#1662,#1663,#1664,#1665,#1666,#1667,#1668,#1669,
#1670,#1671,#1672,#1673,#1674,#1675,#1676,#1677,#1678,#1679,#1680,#1681,#1682,#1683,#1684,#1685,#1686,#1687,#1688,#1689,#1690,#1691,#1692,#1693,#1694,
#1695,#1696,#1697,#1698,#1699,#1700,#1701,#1702,#1703,#1704,#1705,#1706,#1707,#1708,#1709,#1710,#1711,#1712,#1713,#1714,#1715,#1716,#1717,#1718,#1719,
#1720,#1721,#1722,#1723,#1724,#1725,#1726,#1727,#1728,#1729,#1730,#1731,#1732,#1733,#1734,#1735,#1736,#1737,#1738,#1739,#1740,#1741,#1742,#1743,#1744,
#1745,#1746,#1747,#1748,#1749,#1750,#1751,#1752,#1753,#1754,#1755,#1756,#1757,#1758,#1759,#1760,#1761,#1762,#1763,#1764,#1765,#1766,#1767,#1768,#1769,
#1770,#1771,#1772,#1773,#1774,#1775,#1776,#1777,#1778,#1779,#1780,#1781,#1782,#1783,#1784,#1785,#1786,#1787,#1788,#1789,#1790,#1791,#1792,#1793,#1794,
#1795,#1796,#1797,#1798,#1799,#1800),.UNSPECIFIED.,.T.,.F.,(4,3,3,3,3,3,3,3,3,3,3,3,3,3,3,3,3,3,3,3,3,3,3,3,3,3,
3,3,3,3,3,3,3,3,3,3,3,3,3,3,3,3,3,3,3,3,3,3,3,3,3,
3,4),(0.,0.002148929,0.003223394,0.004297858,0.006446787,0.007521252,0.008595717,0.010744646,0.011281878,0.01181911,0.012893575,0.013968039,0.014505272,0.015042504,0.017191433,0.018265898,0.019340362,0.021489291,0.022563756,0.02363822,0.02578715,0.027936079,0.029010543,0.030085008,0.032233937,0.033308402,
0.034382866,0.036531795,0.03760626,0.038680724,0.039755189,0.040292421,0.040829654,0.042978583,0.044053047,0.04459028,0.045127512,0.047276441,0.048350906,0.04942537,0.051574299,0.052648764,0.053723228,0.054797693,0.055872157,0.058021087,0.060170016,0.062318945,0.063393409,0.064467874,0.065542339,
0.066616803,0.068765732),.UNSPECIFIED.);
#1802=EDGE_CURVE('',#1641,#1643,#1801,.T.);
#1803=ORIENTED_EDGE('',*,*,#1802,.T.);
#1804=CARTESIAN_POINT('',(753.839848603,306.779386984,-38.035780816));
#1805=CARTESIAN_POINT('',(753.839848603,307.490902385,-37.888547176));
#1806=CARTESIAN_POINT('',(753.839848603,308.205067783,-37.81563914));
#1807=CARTESIAN_POINT('',(753.839848603,308.921642792,-37.810314495));
#1808=CARTESIAN_POINT('',(753.839848603,309.279930297,-37.807652173));
#1809=CARTESIAN_POINT('',(753.839848603,309.638817232,-37.82180234));
#1810=CARTESIAN_POINT('',(753.839848603,309.998343796,-37.853892455));
#1811=CARTESIAN_POINT('',(753.839848603,310.357870361,-37.885982571));
#1812=CARTESIAN_POINT('',(753.839848603,310.718991218,-37.936411706));
#1813=CARTESIAN_POINT('',(753.839848603,311.072822026,-38.00412726));
#1814=CARTESIAN_POINT('',(753.839848603,311.780483642,-38.139558369));
#1815=CARTESIAN_POINT('',(753.839848603,312.466626301,-38.344329788));
#1816=CARTESIAN_POINT('',(753.839848603,313.132535148,-38.61430041));
#1817=CARTESIAN_POINT('',(753.839848603,313.465489572,-38.74928572));
#1818=CARTESIAN_POINT('',(753.839848603,313.794658284,-38.9011357));
#1819=CARTESIAN_POINT('',(753.839848603,314.115533094,-39.069051264));
#1820=CARTESIAN_POINT('',(753.839848603,314.436407903,-39.236966828));
#1821=CARTESIAN_POINT('',(753.839848603,314.746461389,-39.41947703));
#1822=CARTESIAN_POINT('',(753.839848603,315.045862109,-39.616354536));
#1823=CARTESIAN_POINT('',(753.839848603,315.644663549,-40.010109549));
#1824=CARTESIAN_POINT('',(753.839848603,316.200865201,-40.461318574));
#1825=CARTESIAN_POINT('',(753.839848603,316.715674133,-40.968353646));
#1826=CARTESIAN_POINT('',(753.839848603,316.844376366,-41.095112415));
#1827=CARTESIAN_POINT('',(753.839848603,316.970817513,-41.225698858));
#1828=CARTESIAN_POINT('',(753.839848603,317.093423867,-41.358654255));
#1829=CARTESIAN_POINT('',(753.839848603,317.216030222,-41.491609651));
#1830=CARTESIAN_POINT('',(753.839848603,317.334958982,-41.62705844));
#1831=CARTESIAN_POINT('',(753.839848603,317.450209229,-41.765001243));
#1832=CARTESIAN_POINT('',(753.839848603,317.680709723,-42.04088685));
#1833=CARTESIAN_POINT('',(753.839848603,317.896496841,-42.326748057));
#1834=CARTESIAN_POINT('',(753.839848603,318.097555014,-42.62259542));
#1835=CARTESIAN_POINT('',(753.839848603,318.298613187,-42.918442784));
#1836=CARTESIAN_POINT('',(753.839848603,318.484942419,-43.224276301));
#1837=CARTESIAN_POINT('',(753.839848603,318.656516327,-43.540113858));
#1838=CARTESIAN_POINT('',(753.839848603,318.742303281,-43.698032637));
#1839=CARTESIAN_POINT('',(753.839848603,318.824401235,-43.858452541));
#1840=CARTESIAN_POINT('',(753.839848603,318.902805853,-44.021376509));
#1841=CARTESIAN_POINT('',(753.839848603,318.981210471,-44.184300478));
#1842=CARTESIAN_POINT('',(753.839848603,319.056013826,-44.350001103));
#1843=CARTESIAN_POINT('',(753.839848603,319.126412618,-44.516429723));
#1844=CARTESIAN_POINT('',(753.839848603,319.408007788,-45.182144203));
#1845=CARTESIAN_POINT('',(753.839848603,319.622812835,-45.865619104));
#1846=CARTESIAN_POINT('',(753.839848603,319.768486851,-46.567476906));
#1847=CARTESIAN_POINT('',(753.839848603,319.84132386,-46.918405806));
#1848=CARTESIAN_POINT('',(753.839848603,319.89686999,-47.273932591));
#1849=CARTESIAN_POINT('',(753.839848603,319.934795137,-47.63414504));
#1850=CARTESIAN_POINT('',(753.839848603,319.972720284,-47.994357489));
#1851=CARTESIAN_POINT('',(753.839848603,319.992577043,-48.356317572));
#1852=CARTESIAN_POINT('',(753.839848603,319.995261597,-48.715591314));
#1853=CARTESIAN_POINT('',(753.839848603,320.000630706,-49.434138797));
#1854=CARTESIAN_POINT('',(753.839848603,319.938362597,-50.14751402));
#1855=CARTESIAN_POINT('',(753.839848603,319.803720475,-50.855354756));
#1856=CARTESIAN_POINT('',(753.839848603,319.736399414,-51.209275124));
#1857=CARTESIAN_POINT('',(753.839848603,319.650317296,-51.56361979));
#1858=CARTESIAN_POINT('',(753.839848603,319.547716503,-51.909691605));
#1859=CARTESIAN_POINT('',(753.839848603,319.445115711,-52.255763421));
#1860=CARTESIAN_POINT('',(753.839848603,319.326013809,-52.594588114));
#1861=CARTESIAN_POINT('',(753.839848603,319.191419761,-52.926608812));
#1862=CARTESIAN_POINT('',(753.839848603,318.922231666,-53.590650208));
#1863=CARTESIAN_POINT('',(753.839848603,318.591529789,-54.227675368));
#1864=CARTESIAN_POINT('',(753.839848603,318.192809693,-54.834827607));
#1865=CARTESIAN_POINT('',(753.839848603,317.794089597,-55.441979846));
#1866=CARTESIAN_POINT('',(753.839848603,317.340549216,-55.99897079));
#1867=CARTESIAN_POINT('',(753.839848603,316.837878615,-56.509431811));
#1868=CARTESIAN_POINT('',(753.839848603,316.586543314,-56.764662322));
#1869=CARTESIAN_POINT('',(753.839848603,316.322934724,-57.008409464));
#1870=CARTESIAN_POINT('',(753.839848603,316.04623755,-57.239910414));
#1871=CARTESIAN_POINT('',(753.839848603,315.769540377,-57.471411364));
#1872=CARTESIAN_POINT('',(753.839848603,315.478546311,-57.691258773));
#1873=CARTESIAN_POINT('',(753.839848603,315.180417222,-57.893742288));
#1874=CARTESIAN_POINT('',(753.839848603,314.584159043,-58.298709317));
#1875=CARTESIAN_POINT('',(753.839848603,313.954317151,-58.639184481));
#1876=CARTESIAN_POINT('',(753.839848603,313.292994457,-58.919206064));
#1877=CARTESIAN_POINT('',(753.839848603,312.962333109,-59.059216856));
#1878=CARTESIAN_POINT('',(753.839848603,312.622944097,-59.184500007));
#1879=CARTESIAN_POINT('',(753.839848603,312.277046175,-59.292903219));
#1880=CARTESIAN_POINT('',(753.839848603,311.931148253,-59.401306432));
#1881=CARTESIAN_POINT('',(753.839848603,311.58267304,-59.491676792));
#1882=CARTESIAN_POINT('',(753.839848603,311.231663474,-59.564314718));
#1883=CARTESIAN_POINT('',(753.839848603,310.529644341,-59.709590571));
#1884=CARTESIAN_POINT('',(753.839848603,309.817489487,-59.783948549));
#1885=CARTESIAN_POINT('',(753.839848603,309.095521453,-59.789645423));
#1886=CARTESIAN_POINT('',(753.839848603,308.734537436,-59.792493859));
#1887=CARTESIAN_POINT('',(753.839848603,308.370845817,-59.778041886));
#1888=CARTESIAN_POINT('',(753.839848603,308.012568761,-59.746053671));
#1889=CARTESIAN_POINT('',(753.839848603,307.654291705,-59.714065455));
#1890=CARTESIAN_POINT('',(753.839848603,307.299464665,-59.664617652));
#1891=CARTESIAN_POINT('',(753.839848603,306.948087084,-59.59771307));
#1892=CARTESIAN_POINT('',(753.839848603,306.596709503,-59.530808488));
#1893=CARTESIAN_POINT('',(753.839848603,306.248781383,-59.446447125));
#1894=CARTESIAN_POINT('',(753.839848603,305.904303765,-59.344623705));
#1895=CARTESIAN_POINT('',(753.839848603,305.732064956,-59.293711995));
#1896=CARTESIAN_POINT('',(753.839848603,305.560688798,-59.238434645));
#1897=CARTESIAN_POINT('',(753.839848603,305.390175574,-59.178790216));
#1898=CARTESIAN_POINT('',(753.839848603,305.219662351,-59.119145788));
#1899=CARTESIAN_POINT('',(753.839848603,305.049598092,-59.054952487));
#1900=CARTESIAN_POINT('',(753.839848603,304.881984433,-58.987061312));
#1901=CARTESIAN_POINT('',(753.839848603,304.211529797,-58.715496613));
#1902=CARTESIAN_POINT('',(753.839848603,303.576151263,-58.38420599));
#1903=CARTESIAN_POINT('',(753.839848603,302.976957262,-57.991302057));
#1904=CARTESIAN_POINT('',(753.839848603,302.677360261,-57.79485009));
#1905=CARTESIAN_POINT('',(753.839848603,302.386813689,-57.582987483));
#1906=CARTESIAN_POINT('',(753.839848603,302.105474798,-57.355446472));
#1907=CARTESIAN_POINT('',(753.839848603,301.964805352,-57.241675967));
#1908=CARTESIAN_POINT('',(753.839848603,301.826300707,-57.123828102));
#1909=CARTESIAN_POINT('',(753.839848603,301.691573783,-57.003395147));
#1910=CARTESIAN_POINT('',(753.839848603,301.556846858,-56.882962192));
#1911=CARTESIAN_POINT('',(753.839848603,301.425513398,-56.759649873));
#1912=CARTESIAN_POINT('',(753.839848603,301.297440054,-56.633571338));
#1913=CARTESIAN_POINT('',(753.839848603,300.785146677,-56.1292572));
#1914=CARTESIAN_POINT('',(753.839848603,300.324641789,-55.581000403));
#1915=CARTESIAN_POINT('',(753.839848603,299.919369216,-54.985878852));
#1916=CARTESIAN_POINT('',(753.839848603,299.716732929,-54.688318077));
#1917=CARTESIAN_POINT('',(753.839848603,299.527009154,-54.377190056));
#1918=CARTESIAN_POINT('',(753.839848603,299.354589456,-54.059787779));
#1919=CARTESIAN_POINT('',(753.839848603,299.182169759,-53.742385502));
#1920=CARTESIAN_POINT('',(753.839848603,299.026614719,-53.418515021));
#1921=CARTESIAN_POINT('',(753.839848603,298.886867772,-53.088581566));
#1922=CARTESIAN_POINT('',(753.839848603,298.607373877,-52.428714657));
#1923=CARTESIAN_POINT('',(753.839848603,298.390631231,-51.744780381));
#1924=CARTESIAN_POINT('',(753.839848603,298.243045855,-51.034321799));
#1925=CARTESIAN_POINT('',(753.839848603,298.169253167,-50.679092509));
#1926=CARTESIAN_POINT('',(753.839848603,298.11377108,-50.321596931));
#1927=CARTESIAN_POINT('',(753.839848603,298.076213607,-49.964424868));
#1928=CARTESIAN_POINT('',(753.839848603,298.038656134,-49.607252804));
#1929=CARTESIAN_POINT('',(753.839848603,298.018849964,-49.249584478));
#1930=CARTESIAN_POINT('',(753.839848603,298.01595236,-48.891443449));
#1931=CARTESIAN_POINT('',(753.839848603,298.013054756,-48.53330242));
#1932=CARTESIAN_POINT('',(753.839848603,298.026954038,-48.17469181));
#1933=CARTESIAN_POINT('',(753.839848603,298.058730378,-47.815581421));
#1934=CARTESIAN_POINT('',(753.839848603,298.090506717,-47.456471033));
#1935=CARTESIAN_POINT('',(753.839848603,298.140628363,-47.095210296));
#1936=CARTESIAN_POINT('',(753.839848603,298.208143162,-46.740945482));
#1937=CARTESIAN_POINT('',(753.839848603,298.34317276,-46.032415854));
#1938=CARTESIAN_POINT('',(753.839848603,298.547557838,-45.346147455));
#1939=CARTESIAN_POINT('',(753.839848603,298.816783198,-44.680691031));
#1940=CARTESIAN_POINT('',(753.839848603,299.086008559,-44.015234606));
#1941=CARTESIAN_POINT('',(753.839848603,299.423911524,-43.365991741));
#1942=CARTESIAN_POINT('',(753.839848603,299.817500038,-42.766466152));
#1943=CARTESIAN_POINT('',(753.839848603,300.211088552,-42.166940564));
#1944=CARTESIAN_POINT('',(753.839848603,300.661788627,-41.610719649));
#1945=CARTESIAN_POINT('',(753.839848603,301.167630546,-41.096309875));
#1946=CARTESIAN_POINT('',(753.839848603,301.420551506,-40.839104988));
#1947=CARTESIAN_POINT('',(753.839848603,301.687971341,-40.591860456));
#1948=CARTESIAN_POINT('',(753.839848603,301.963993036,-40.360878837));
#1949=CARTESIAN_POINT('',(753.839848603,302.240014731,-40.129897217));
#1950=CARTESIAN_POINT('',(753.839848603,302.525882391,-39.91378668));
#1951=CARTESIAN_POINT('',(753.839848603,302.821574118,-39.712514152));
#1952=CARTESIAN_POINT('',(753.839848603,303.117265846,-39.511241624));
#1953=CARTESIAN_POINT('',(753.839848603,303.422781646,-39.324807114));
#1954=CARTESIAN_POINT('',(753.839848603,303.738106857,-39.153188476));
#1955=CARTESIAN_POINT('',(753.839848603,304.053432069,-38.981569838));
#1956=CARTESIAN_POINT('',(753.839848603,304.37961768,-38.824333218));
#1957=CARTESIAN_POINT('',(753.839848603,304.713190689,-38.682901626));
#1958=CARTESIAN_POINT('',(753.839848603,305.380336708,-38.400038442));
#1959=CARTESIAN_POINT('',(753.839848603,306.068597203,-38.182864304));
#1960=CARTESIAN_POINT('',(753.839848603,306.779386984,-38.035780816));
#1961=B_SPLINE_CURVE_WITH_KNOTS('',3,(#1804,#1805,#1806,#1807,#1808,#1809,#1810,#1811,#1812,#1813,#1814,#1815,#1816,#1817,#1818,#1819,#1820,#1821,#1822,#1823,#1824,#1825,#1826,#1827,#1828,#1829,
#1830,#1831,#1832,#1833,#1834,#1835,#1836,#1837,#1838,#1839,#1840,#1841,#1842,#1843,#1844,#1845,#1846,#1847,#1848,#1849,#1850,#1851,#1852,#1853,#1854,
#1855,#1856,#1857,#1858,#1859,#1860,#1861,#1862,#1863,#1864,#1865,#1866,#1867,#1868,#1869,#1870,#1871,#1872,#1873,#1874,#1875,#1876,#1877,#1878,#1879,
#1880,#1881,#1882,#1883,#1884,#1885,#1886,#1887,#1888,#1889,#1890,#1891,#1892,#1893,#1894,#1895,#1896,#1897,#1898,#1899,#1900,#1901,#1902,#1903,#1904,
#1905,#1906,#1907,#1908,#1909,#1910,#1911,#1912,#1913,#1914,#1915,#1916,#1917,#1918,#1919,#1920,#1921,#1922,#1923,#1924,#1925,#1926,#1927,#1928,#1929,
#1930,#1931,#1932,#1933,#1934,#1935,#1936,#1937,#1938,#1939,#1940,#1941,#1942,#1943,#1944,#1945,#1946,#1947,#1948,#1949,#1950,#1951,#1952,#1953,#1954,
#1955,#1956,#1957,#1958,#1959,#1960),.UNSPECIFIED.,.T.,.F.,(4,3,3,3,3,3,3,3,3,3,3,3,3,3,3,3,3,3,3,3,3,3,3,3,3,3,
3,3,3,3,3,3,3,3,3,3,3,3,3,3,3,3,3,3,3,3,3,3,3,3,3,
3,4),(0.,0.002148929,0.003223394,0.004297858,0.006446787,0.007521252,0.008595717,0.010744646,0.011281878,0.01181911,0.012893575,0.013968039,0.014505272,0.015042504,0.017191433,0.018265898,0.019340362,0.021489291,0.022563756,0.02363822,0.02578715,0.027936079,0.029010543,0.030085008,0.032233937,0.033308402,
0.034382866,0.036531795,0.03760626,0.038680724,0.039755189,0.040292421,0.040829654,0.042978583,0.044053047,0.04459028,0.045127512,0.047276441,0.048350906,0.04942537,0.051574299,0.052648764,0.053723228,0.054797693,0.055872157,0.058021087,0.060170016,0.062318945,0.063393409,0.064467874,0.065542339,
0.066616803,0.068765732),.UNSPECIFIED.);
#1962=EDGE_CURVE('',#1643,#1641,#1961,.T.);
#1963=ORIENTED_EDGE('',*,*,#1962,.T.);
#1964=EDGE_LOOP('',(#1803,#1963));
#1965=FACE_BOUND('',#1964,.T.);
#1966=ADVANCED_FACE('',(#1425,#1639,#1965),#1141,.T.);
#1967=CARTESIAN_POINT('',(754.839848603,247.405579608,-43.7));
#1968=DIRECTION('',(0.,0.,1.));
#1969=DIRECTION('',(0.,1.,0.));
#1970=AXIS2_PLACEMENT_3D('',#1967,#1968,#1969);
#1971=PLANE('',#1970);
#1972=ORIENTED_EDGE('',*,*,#1479,.F.);
#1973=CARTESIAN_POINT('',(743.839848603,247.405579608,-43.7));
#1974=DIRECTION('',(1.,-0.,-0.));
#1975=VECTOR('',#1974,10.);
#1976=LINE('',#1973,#1975);
#1977=EDGE_CURVE('',#832,#1429,#1976,.T.);
#1978=ORIENTED_EDGE('',*,*,#1977,.F.);
#1979=ORIENTED_EDGE('',*,*,#837,.T.);
#1980=CARTESIAN_POINT('',(743.839848603,254.205579608,-43.7));
#1981=DIRECTION('',(1.,-0.,-0.));
#1982=VECTOR('',#1981,10.);
#1983=LINE('',#1980,#1982);
#1984=EDGE_CURVE('',#781,#1474,#1983,.T.);
#1985=ORIENTED_EDGE('',*,*,#1984,.T.);
#1986=EDGE_LOOP('',(#1972,#1978,#1979,#1985));
#1987=FACE_BOUND('',#1986,.T.);
#1988=ADVANCED_FACE('',(#1987),#1971,.F.);
#1989=CARTESIAN_POINT('',(753.839848603,254.205579608,-43.7));
#1990=CARTESIAN_POINT('',(753.839848603,255.663496774,-43.7));
#1991=CARTESIAN_POINT('',(753.839848603,257.067866787,-43.979391579));
#1992=CARTESIAN_POINT('',(753.839848603,259.762327942,-45.095258706));
#1993=CARTESIAN_POINT('',(753.839848603,260.952587376,-45.890799186));
#1994=CARTESIAN_POINT('',(753.839848603,263.014921027,-47.952851628));
#1995=CARTESIAN_POINT('',(753.839848603,263.810037704,-49.143087616));
#1996=CARTESIAN_POINT('',(753.839848603,264.926471228,-51.837876872));
#1997=CARTESIAN_POINT('',(753.839848603,265.205579608,-53.241049457));
#1998=CARTESIAN_POINT('',(753.839848603,265.205579608,-54.7));
#1999=CARTESIAN_POINT('',(743.839848603,254.205579608,-43.7));
#2000=CARTESIAN_POINT('',(743.839848603,255.663496774,-43.7));
#2001=CARTESIAN_POINT('',(743.839848603,257.067866787,-43.979391579));
#2002=CARTESIAN_POINT('',(743.839848603,259.762327942,-45.095258706));
#2003=CARTESIAN_POINT('',(743.839848603,260.952587376,-45.890799186));
#2004=CARTESIAN_POINT('',(743.839848603,263.014921027,-47.952851628));
#2005=CARTESIAN_POINT('',(743.839848603,263.810037704,-49.143087616));
#2006=CARTESIAN_POINT('',(743.839848603,264.926471228,-51.837876872));
#2007=CARTESIAN_POINT('',(743.839848603,265.205579608,-53.241049457));
#2008=CARTESIAN_POINT('',(743.839848603,265.205579608,-54.7));
#2009=B_SPLINE_SURFACE_WITH_KNOTS('',1,3,((#1989,#1990,#1991,#1992,#1993,#1994,#1995,#1996,#1997,#1998),(#1999,#2000,#2001,#2002,#2003,#2004,#2005,#2006,#2007,#2008)),.UNSPECIFIED.,.F.,.F.,.U.,(2,2),(4,2,2,2,4),(0.083333333,0.916666667),(0.,0.25,0.5,0.75,1.),.UNSPECIFIED.);
#2010=ORIENTED_EDGE('',*,*,#1524,.F.);
#2011=ORIENTED_EDGE('',*,*,#1984,.F.);
#2012=ORIENTED_EDGE('',*,*,#829,.T.);
#2013=CARTESIAN_POINT('',(743.839848603,265.205579608,-54.7));
#2014=DIRECTION('',(1.,-0.,-0.));
#2015=VECTOR('',#2014,10.);
#2016=LINE('',#2013,#2015);
#2017=EDGE_CURVE('',#773,#1482,#2016,.T.);
#2018=ORIENTED_EDGE('',*,*,#2017,.T.);
#2019=EDGE_LOOP('',(#2010,#2011,#2012,#2018));
#2020=FACE_BOUND('',#2019,.T.);
#2021=ADVANCED_FACE('',(#2020),#2009,.T.);
#2022=CARTESIAN_POINT('',(754.839848603,265.205579608,-54.7));
#2023=DIRECTION('',(0.,1.,0.));
#2024=DIRECTION('',(-0.,0.,-1.));
#2025=AXIS2_PLACEMENT_3D('',#2022,#2023,#2024);
#2026=PLANE('',#2025);
#2027=ORIENTED_EDGE('',*,*,#1532,.F.);
#2028=ORIENTED_EDGE('',*,*,#2017,.F.);
#2029=ORIENTED_EDGE('',*,*,#778,.T.);
#2030=CARTESIAN_POINT('',(743.839848603,265.205579608,-56.3));
#2031=DIRECTION('',(1.,-0.,-0.));
#2032=VECTOR('',#2031,10.);
#2033=LINE('',#2030,#2032);
#2034=EDGE_CURVE('',#722,#1527,#2033,.T.);
#2035=ORIENTED_EDGE('',*,*,#2034,.T.);
#2036=EDGE_LOOP('',(#2027,#2028,#2029,#2035));
#2037=FACE_BOUND('',#2036,.T.);
#2038=ADVANCED_FACE('',(#2037),#2026,.F.);
#2039=CARTESIAN_POINT('',(753.839848603,265.205579608,-56.3));
#2040=CARTESIAN_POINT('',(753.839848603,265.205579608,-57.757917165));
#2041=CARTESIAN_POINT('',(753.839848603,264.926188029,-59.162287178));
#2042=CARTESIAN_POINT('',(753.839848603,263.810320903,-61.856748334));
#2043=CARTESIAN_POINT('',(753.839848603,263.014780423,-63.047007768));
#2044=CARTESIAN_POINT('',(753.839848603,260.95272798,-65.109341418));
#2045=CARTESIAN_POINT('',(753.839848603,259.762491992,-65.904458096));
#2046=CARTESIAN_POINT('',(753.839848603,257.067702737,-67.020891619));
#2047=CARTESIAN_POINT('',(753.839848603,255.664530151,-67.3));
#2048=CARTESIAN_POINT('',(753.839848603,254.205579608,-67.3));
#2049=CARTESIAN_POINT('',(743.839848603,265.205579608,-56.3));
#2050=CARTESIAN_POINT('',(743.839848603,265.205579608,-57.757917165));
#2051=CARTESIAN_POINT('',(743.839848603,264.926188029,-59.162287178));
#2052=CARTESIAN_POINT('',(743.839848603,263.810320903,-61.856748334));
#2053=CARTESIAN_POINT('',(743.839848603,263.014780423,-63.047007768));
#2054=CARTESIAN_POINT('',(743.839848603,260.95272798,-65.109341418));
#2055=CARTESIAN_POINT('',(743.839848603,259.762491992,-65.904458096));
#2056=CARTESIAN_POINT('',(743.839848603,257.067702737,-67.020891619));
#2057=CARTESIAN_POINT('',(743.839848603,255.664530151,-67.3));
#2058=CARTESIAN_POINT('',(743.839848603,254.205579608,-67.3));
#2059=B_SPLINE_SURFACE_WITH_KNOTS('',1,3,((#2039,#2040,#2041,#2042,#2043,#2044,#2045,#2046,#2047,#2048),(#2049,#2050,#2051,#2052,#2053,#2054,#2055,#2056,#2057,#2058)),.UNSPECIFIED.,.F.,.F.,.U.,(2,2),(4,2,2,2,4),(0.083333333,0.916666667),(0.,0.25,0.5,0.75,1.),.UNSPECIFIED.);
#2060=ORIENTED_EDGE('',*,*,#1577,.F.);
#2061=ORIENTED_EDGE('',*,*,#2034,.F.);
#2062=ORIENTED_EDGE('',*,*,#770,.T.);
#2063=CARTESIAN_POINT('',(743.839848603,254.205579608,-67.3));
#2064=DIRECTION('',(1.,-0.,-0.));
#2065=VECTOR('',#2064,10.);
#2066=LINE('',#2063,#2065);
#2067=EDGE_CURVE('',#714,#1535,#2066,.T.);
#2068=ORIENTED_EDGE('',*,*,#2067,.T.);
#2069=EDGE_LOOP('',(#2060,#2061,#2062,#2068));
#2070=FACE_BOUND('',#2069,.T.);
#2071=ADVANCED_FACE('',(#2070),#2059,.T.);
#2072=CARTESIAN_POINT('',(754.839848603,254.205579608,-67.3));
#2073=DIRECTION('',(-0.,0.,-1.));
#2074=DIRECTION('',(0.,-1.,0.));
#2075=AXIS2_PLACEMENT_3D('',#2072,#2073,#2074);
#2076=PLANE('',#2075);
#2077=ORIENTED_EDGE('',*,*,#1585,.F.);
#2078=ORIENTED_EDGE('',*,*,#2067,.F.);
#2079=ORIENTED_EDGE('',*,*,#719,.T.);
#2080=CARTESIAN_POINT('',(743.839848603,247.405579608,-67.3));
#2081=DIRECTION('',(1.,-0.,-0.));
#2082=VECTOR('',#2081,10.);
#2083=LINE('',#2080,#2082);
#2084=EDGE_CURVE('',#664,#1580,#2083,.T.);
#2085=ORIENTED_EDGE('',*,*,#2084,.T.);
#2086=EDGE_LOOP('',(#2077,#2078,#2079,#2085));
#2087=FACE_BOUND('',#2086,.T.);
#2088=ADVANCED_FACE('',(#2087),#2076,.F.);
#2089=CARTESIAN_POINT('',(753.839848603,247.405579608,-67.3));
#2090=CARTESIAN_POINT('',(753.839848603,245.947662443,-67.3));
#2091=CARTESIAN_POINT('',(753.839848603,244.54329243,-67.020608421));
#2092=CARTESIAN_POINT('',(753.839848603,241.848831275,-65.904741294));
#2093=CARTESIAN_POINT('',(753.839848603,240.658571841,-65.109200814));
#2094=CARTESIAN_POINT('',(753.839848603,238.59623819,-63.047148372));
#2095=CARTESIAN_POINT('',(753.839848603,237.801121512,-61.856912384));
#2096=CARTESIAN_POINT('',(753.839848603,236.684687989,-59.162123128));
#2097=CARTESIAN_POINT('',(753.839848603,236.405579608,-57.758950543));
#2098=CARTESIAN_POINT('',(753.839848603,236.405579608,-56.3));
#2099=CARTESIAN_POINT('',(743.839848603,247.405579608,-67.3));
#2100=CARTESIAN_POINT('',(743.839848603,245.947662443,-67.3));
#2101=CARTESIAN_POINT('',(743.839848603,244.54329243,-67.020608421));
#2102=CARTESIAN_POINT('',(743.839848603,241.848831275,-65.904741294));
#2103=CARTESIAN_POINT('',(743.839848603,240.658571841,-65.109200814));
#2104=CARTESIAN_POINT('',(743.839848603,238.59623819,-63.047148372));
#2105=CARTESIAN_POINT('',(743.839848603,237.801121512,-61.856912384));
#2106=CARTESIAN_POINT('',(743.839848603,236.684687989,-59.162123128));
#2107=CARTESIAN_POINT('',(743.839848603,236.405579608,-57.758950543));
#2108=CARTESIAN_POINT('',(743.839848603,236.405579608,-56.3));
#2109=B_SPLINE_SURFACE_WITH_KNOTS('',1,3,((#2089,#2090,#2091,#2092,#2093,#2094,#2095,#2096,#2097,#2098),(#2099,#2100,#2101,#2102,#2103,#2104,#2105,#2106,#2107,#2108)),.UNSPECIFIED.,.F.,.F.,.U.,(2,2),(4,2,2,2,4),(0.083333333,0.916666667),(0.,0.25,0.5,0.75,1.),.UNSPECIFIED.);
#2110=ORIENTED_EDGE('',*,*,#1630,.F.);
#2111=ORIENTED_EDGE('',*,*,#2084,.F.);
#2112=ORIENTED_EDGE('',*,*,#711,.T.);
#2113=CARTESIAN_POINT('',(743.839848603,236.405579608,-56.3));
#2114=DIRECTION('',(1.,-0.,-0.));
#2115=VECTOR('',#2114,10.);
#2116=LINE('',#2113,#2115);
#2117=EDGE_CURVE('',#666,#1588,#2116,.T.);
#2118=ORIENTED_EDGE('',*,*,#2117,.T.);
#2119=EDGE_LOOP('',(#2110,#2111,#2112,#2118));
#2120=FACE_BOUND('',#2119,.T.);
#2121=ADVANCED_FACE('',(#2120),#2109,.T.);
#2122=CARTESIAN_POINT('',(754.839848603,236.405579608,-56.3));
#2123=DIRECTION('',(0.,-1.,0.));
#2124=DIRECTION('',(0.,0.,1.));
#2125=AXIS2_PLACEMENT_3D('',#2122,#2123,#2124);
#2126=PLANE('',#2125);
#2127=ORIENTED_EDGE('',*,*,#1636,.F.);
#2128=ORIENTED_EDGE('',*,*,#2117,.F.);
#2129=ORIENTED_EDGE('',*,*,#894,.T.);
#2130=CARTESIAN_POINT('',(743.839848603,236.405579608,-54.7));
#2131=DIRECTION('',(1.,-0.,-0.));
#2132=VECTOR('',#2131,10.);
#2133=LINE('',#2130,#2132);
#2134=EDGE_CURVE('',#840,#1427,#2133,.T.);
#2135=ORIENTED_EDGE('',*,*,#2134,.T.);
#2136=EDGE_LOOP('',(#2127,#2128,#2129,#2135));
#2137=FACE_BOUND('',#2136,.T.);
#2138=ADVANCED_FACE('',(#2137),#2126,.F.);
#2139=CARTESIAN_POINT('',(753.839848603,236.405579608,-54.7));
#2140=CARTESIAN_POINT('',(753.839848603,236.405579608,-53.242082835));
#2141=CARTESIAN_POINT('',(753.839848603,236.684971188,-51.837712822));
#2142=CARTESIAN_POINT('',(753.839848603,237.800838314,-49.143251666));
#2143=CARTESIAN_POINT('',(753.839848603,238.596378794,-47.952992232));
#2144=CARTESIAN_POINT('',(753.839848603,240.658431237,-45.890658582));
#2145=CARTESIAN_POINT('',(753.839848603,241.848667225,-45.095541904));
#2146=CARTESIAN_POINT('',(753.839848603,244.54345648,-43.979108381));
#2147=CARTESIAN_POINT('',(753.839848603,245.946629066,-43.7));
#2148=CARTESIAN_POINT('',(753.839848603,247.405579608,-43.7));
#2149=CARTESIAN_POINT('',(743.839848603,236.405579608,-54.7));
#2150=CARTESIAN_POINT('',(743.839848603,236.405579608,-53.242082835));
#2151=CARTESIAN_POINT('',(743.839848603,236.684971188,-51.837712822));
#2152=CARTESIAN_POINT('',(743.839848603,237.800838314,-49.143251666));
#2153=CARTESIAN_POINT('',(743.839848603,238.596378794,-47.952992232));
#2154=CARTESIAN_POINT('',(743.839848603,240.658431237,-45.890658582));
#2155=CARTESIAN_POINT('',(743.839848603,241.848667225,-45.095541904));
#2156=CARTESIAN_POINT('',(743.839848603,244.54345648,-43.979108381));
#2157=CARTESIAN_POINT('',(743.839848603,245.946629066,-43.7));
#2158=CARTESIAN_POINT('',(743.839848603,247.405579608,-43.7));
#2159=B_SPLINE_SURFACE_WITH_KNOTS('',1,3,((#2139,#2140,#2141,#2142,#2143,#2144,#2145,#2146,#2147,#2148),(#2149,#2150,#2151,#2152,#2153,#2154,#2155,#2156,#2157,#2158)),.UNSPECIFIED.,.F.,.F.,.U.,(2,2),(4,2,2,2,4),(0.083333333,0.916666667),(0.,0.25,0.5,0.75,1.),.UNSPECIFIED.);
#2160=ORIENTED_EDGE('',*,*,#1471,.F.);
#2161=ORIENTED_EDGE('',*,*,#2134,.F.);
#2162=ORIENTED_EDGE('',*,*,#888,.T.);
#2163=ORIENTED_EDGE('',*,*,#1977,.T.);
#2164=EDGE_LOOP('',(#2160,#2161,#2162,#2163));
#2165=FACE_BOUND('',#2164,.T.);
#2166=ADVANCED_FACE('',(#2165),#2159,.T.);
#2167=CARTESIAN_POINT('',(763.839848603,434.242579871,-110.729421356));
#2168=DIRECTION('',(-1.,-0.,0.));
#2169=DIRECTION('',(0.,-1.,0.));
#2170=AXIS2_PLACEMENT_3D('',#2167,#2168,#2169);
#2171=PLANE('',#2170);
#2172=CARTESIAN_POINT('',(763.839848603,275.952572051,-81.537421357));
#2173=VERTEX_POINT('',#2172);
#2174=CARTESIAN_POINT('',(763.839848603,207.346992443,-81.537421357));
#2175=VERTEX_POINT('',#2174);
#2176=CARTESIAN_POINT('',(763.839848603,275.952572051,-81.537421357));
#2177=DIRECTION('',(0.,-1.,-0.));
#2178=VECTOR('',#2177,68.605579608);
#2179=LINE('',#2176,#2178);
#2180=EDGE_CURVE('',#2173,#2175,#2179,.T.);
#2181=ORIENTED_EDGE('',*,*,#2180,.F.);
#2182=CARTESIAN_POINT('',(763.839848603,275.952572051,-77.037421357));
#2183=VERTEX_POINT('',#2182);
#2184=CARTESIAN_POINT('',(763.839848603,275.952572051,-81.537421357));
#2185=DIRECTION('',(0.,-0.,1.));
#2186=VECTOR('',#2185,4.5);
#2187=LINE('',#2184,#2186);
#2188=EDGE_CURVE('',#2173,#2183,#2187,.T.);
#2189=ORIENTED_EDGE('',*,*,#2188,.T.);
#2190=CARTESIAN_POINT('',(763.839848603,227.346992443,-77.037421357));
#2191=VERTEX_POINT('',#2190);
#2192=CARTESIAN_POINT('',(763.839848603,275.952572051,-77.037421357));
#2193=DIRECTION('',(0.,-1.,-0.));
#2194=VECTOR('',#2193,48.605579608);
#2195=LINE('',#2192,#2194);
#2196=EDGE_CURVE('',#2183,#2191,#2195,.T.);
#2197=ORIENTED_EDGE('',*,*,#2196,.T.);
#2198=CARTESIAN_POINT('',(763.839848603,227.346992443,-75.737421357));
#2199=VERTEX_POINT('',#2198);
#2200=CARTESIAN_POINT('',(763.839848603,227.346992443,-75.737421357));
#2201=DIRECTION('',(-0.,-0.,-1.));
#2202=VECTOR('',#2201,1.3);
#2203=LINE('',#2200,#2202);
#2204=EDGE_CURVE('',#2199,#2191,#2203,.T.);
#2205=ORIENTED_EDGE('',*,*,#2204,.F.);
#2206=CARTESIAN_POINT('',(763.839848603,219.878405278,-75.737421357));
#2207=VERTEX_POINT('',#2206);
#2208=CARTESIAN_POINT('',(763.839848603,219.878405278,-75.737421357));
#2209=DIRECTION('',(-0.,1.,0.));
#2210=VECTOR('',#2209,7.468587165);
#2211=LINE('',#2208,#2210);
#2212=EDGE_CURVE('',#2207,#2199,#2211,.T.);
#2213=ORIENTED_EDGE('',*,*,#2212,.F.);
#2214=CARTESIAN_POINT('',(763.839848603,219.878405278,-73.574842713));
#2215=VERTEX_POINT('',#2214);
#2216=CARTESIAN_POINT('',(763.839848603,219.878405278,-75.737421357));
#2217=DIRECTION('',(0.,0.,1.));
#2218=VECTOR('',#2217,2.162578644);
#2219=LINE('',#2216,#2218);
#2220=EDGE_CURVE('',#2207,#2215,#2219,.T.);
#2221=ORIENTED_EDGE('',*,*,#2220,.T.);
#2222=CARTESIAN_POINT('',(763.839848603,221.205532639,-73.574842713));
#2223=VERTEX_POINT('',#2222);
#2224=CARTESIAN_POINT('',(763.839848603,219.878405278,-73.574842713));
#2225=DIRECTION('',(-0.,1.,0.));
#2226=VECTOR('',#2225,1.327127361);
#2227=LINE('',#2224,#2226);
#2228=EDGE_CURVE('',#2215,#2223,#2227,.T.);
#2229=ORIENTED_EDGE('',*,*,#2228,.T.);
#2230=CARTESIAN_POINT('',(763.839848603,221.605532639,-73.174842713));
#2231=VERTEX_POINT('',#2230);
#2232=CARTESIAN_POINT('',(763.839848603,221.205532639,-73.574842713));
#2233=DIRECTION('',(-0.,0.707106781,0.707106781));
#2234=VECTOR('',#2233,0.565685425);
#2235=LINE('',#2232,#2234);
#2236=EDGE_CURVE('',#2223,#2231,#2235,.T.);
#2237=ORIENTED_EDGE('',*,*,#2236,.T.);
#2238=CARTESIAN_POINT('',(763.839848603,221.605532639,-71.474842713));
#2239=VERTEX_POINT('',#2238);
#2240=CARTESIAN_POINT('',(763.839848603,221.605532639,-73.174842713));
#2241=DIRECTION('',(0.,0.,1.));
#2242=VECTOR('',#2241,1.7);
#2243=LINE('',#2240,#2242);
#2244=EDGE_CURVE('',#2231,#2239,#2243,.T.);
#2245=ORIENTED_EDGE('',*,*,#2244,.T.);
#2246=CARTESIAN_POINT('',(763.839848603,219.928405278,-69.824842713));
#2247=VERTEX_POINT('',#2246);
#2248=CARTESIAN_POINT('',(763.839848603,219.928405278,-69.824842713));
#2249=DIRECTION('',(-0.,0.712848403,-0.701318154));
#2250=VECTOR('',#2249,2.352712517);
#2251=LINE('',#2248,#2250);
#2252=EDGE_CURVE('',#2247,#2239,#2251,.T.);
#2253=ORIENTED_EDGE('',*,*,#2252,.F.);
#2254=CARTESIAN_POINT('',(763.839848603,214.128405278,-69.824842713));
#2255=VERTEX_POINT('',#2254);
#2256=CARTESIAN_POINT('',(763.839848603,219.928405278,-69.824842713));
#2257=DIRECTION('',(0.,-1.,-0.));
#2258=VECTOR('',#2257,5.8);
#2259=LINE('',#2256,#2258);
#2260=EDGE_CURVE('',#2247,#2255,#2259,.T.);
#2261=ORIENTED_EDGE('',*,*,#2260,.T.);
#2262=CARTESIAN_POINT('',(763.839848603,212.451277916,-71.474842713));
#2263=VERTEX_POINT('',#2262);
#2264=CARTESIAN_POINT('',(763.839848603,212.451277916,-71.474842713));
#2265=DIRECTION('',(-0.,0.712848403,0.701318154));
#2266=VECTOR('',#2265,2.352712517);
#2267=LINE('',#2264,#2266);
#2268=EDGE_CURVE('',#2263,#2255,#2267,.T.);
#2269=ORIENTED_EDGE('',*,*,#2268,.F.);
#2270=CARTESIAN_POINT('',(763.839848603,212.451277916,-73.174842713));
#2271=VERTEX_POINT('',#2270);
#2272=CARTESIAN_POINT('',(763.839848603,212.451277916,-71.474842713));
#2273=DIRECTION('',(-0.,0.,-1.));
#2274=VECTOR('',#2273,1.7);
#2275=LINE('',#2272,#2274);
#2276=EDGE_CURVE('',#2263,#2271,#2275,.T.);
#2277=ORIENTED_EDGE('',*,*,#2276,.T.);
#2278=CARTESIAN_POINT('',(763.839848603,212.851277916,-73.574842713));
#2279=VERTEX_POINT('',#2278);
#2280=CARTESIAN_POINT('',(763.839848603,212.451277916,-73.174842713));
#2281=DIRECTION('',(-0.,0.707106781,-0.707106781));
#2282=VECTOR('',#2281,0.565685425);
#2283=LINE('',#2280,#2282);
#2284=EDGE_CURVE('',#2271,#2279,#2283,.T.);
#2285=ORIENTED_EDGE('',*,*,#2284,.T.);
#2286=CARTESIAN_POINT('',(763.839848603,214.105579608,-73.574842713));
#2287=VERTEX_POINT('',#2286);
#2288=CARTESIAN_POINT('',(763.839848603,212.851277916,-73.574842713));
#2289=DIRECTION('',(-0.,1.,0.));
#2290=VECTOR('',#2289,1.254301692);
#2291=LINE('',#2288,#2290);
#2292=EDGE_CURVE('',#2279,#2287,#2291,.T.);
#2293=ORIENTED_EDGE('',*,*,#2292,.T.);
#2294=CARTESIAN_POINT('',(763.839848603,214.105579608,-75.737421357));
#2295=VERTEX_POINT('',#2294);
#2296=CARTESIAN_POINT('',(763.839848603,214.105579608,-73.574842713));
#2297=DIRECTION('',(-0.,0.,-1.));
#2298=VECTOR('',#2297,2.162578644);
#2299=LINE('',#2296,#2298);
#2300=EDGE_CURVE('',#2287,#2295,#2299,.T.);
#2301=ORIENTED_EDGE('',*,*,#2300,.T.);
#2302=CARTESIAN_POINT('',(763.839848603,207.346992443,-75.737421357));
#2303=VERTEX_POINT('',#2302);
#2304=CARTESIAN_POINT('',(763.839848603,207.346992443,-75.737421357));
#2305=DIRECTION('',(-0.,1.,0.));
#2306=VECTOR('',#2305,6.758587165);
#2307=LINE('',#2304,#2306);
#2308=EDGE_CURVE('',#2303,#2295,#2307,.T.);
#2309=ORIENTED_EDGE('',*,*,#2308,.F.);
#2310=CARTESIAN_POINT('',(763.839848603,207.346992443,-75.737421357));
#2311=DIRECTION('',(-0.,-0.,-1.));
#2312=VECTOR('',#2311,5.8);
#2313=LINE('',#2310,#2312);
#2314=EDGE_CURVE('',#2303,#2175,#2313,.T.);
#2315=ORIENTED_EDGE('',*,*,#2314,.T.);
#2316=EDGE_LOOP('',(#2181,#2189,#2197,#2205,#2213,#2221,#2229,#2237,#2245,#2253,#2261,#2269,#2277,#2285,#2293,#2301,#2309,#2315));
#2317=FACE_BOUND('',#2316,.T.);
#2318=ADVANCED_FACE('',(#2317),#2171,.F.);
#2319=CARTESIAN_POINT('',(719.034548513,174.460595248,-81.537421357));
#2320=DIRECTION('',(0.,0.,-1.));
#2321=DIRECTION('',(-1.,-0.,-0.));
#2322=AXIS2_PLACEMENT_3D('',#2319,#2320,#2321);
#2323=PLANE('',#2322);
#2324=ORIENTED_EDGE('',*,*,#229,.T.);
#2325=CARTESIAN_POINT('',(753.839848603,276.094673081,-81.537421357));
#2326=DIRECTION('',(-1.,0.,0.));
#2327=VECTOR('',#2326,10.);
#2328=LINE('',#2325,#2327);
#2329=EDGE_CURVE('',#1394,#216,#2328,.T.);
#2330=ORIENTED_EDGE('',*,*,#2329,.F.);
#2331=ORIENTED_EDGE('',*,*,#1399,.F.);
#2332=CARTESIAN_POINT('',(763.839848603,275.952572051,-81.537421357));
#2333=DIRECTION('',(-1.,0.,-0.));
#2334=VECTOR('',#2333,10.);
#2335=LINE('',#2332,#2334);
#2336=EDGE_CURVE('',#2173,#1386,#2335,.T.);
#2337=ORIENTED_EDGE('',*,*,#2336,.F.);
#2338=ORIENTED_EDGE('',*,*,#2180,.T.);
#2339=CARTESIAN_POINT('',(743.839848603,207.346992443,-81.537421357));
#2340=DIRECTION('',(1.,0.,0.));
#2341=VECTOR('',#2340,20.);
#2342=LINE('',#2339,#2341);
#2343=EDGE_CURVE('',#224,#2175,#2342,.T.);
#2344=ORIENTED_EDGE('',*,*,#2343,.F.);
#2345=EDGE_LOOP('',(#2324,#2330,#2331,#2337,#2338,#2344));
#2346=FACE_BOUND('',#2345,.T.);
#2347=ADVANCED_FACE('',(#2346),#2323,.T.);
#2348=CARTESIAN_POINT('',(762.539848603,275.952572051,-81.537421357));
#2349=DIRECTION('',(0.,-1.,0.));
#2350=DIRECTION('',(0.,0.,1.));
#2351=AXIS2_PLACEMENT_3D('',#2348,#2349,#2350);
#2352=PLANE('',#2351);
#2353=ORIENTED_EDGE('',*,*,#2188,.F.);
#2354=ORIENTED_EDGE('',*,*,#2336,.T.);
#2355=ORIENTED_EDGE('',*,*,#1391,.T.);
#2356=CARTESIAN_POINT('',(763.839848603,275.952572051,-77.037421357));
#2357=DIRECTION('',(-1.,-0.,0.));
#2358=VECTOR('',#2357,10.);
#2359=LINE('',#2356,#2358);
#2360=EDGE_CURVE('',#2183,#1378,#2359,.T.);
#2361=ORIENTED_EDGE('',*,*,#2360,.F.);
#2362=EDGE_LOOP('',(#2353,#2354,#2355,#2361));
#2363=FACE_BOUND('',#2362,.T.);
#2364=ADVANCED_FACE('',(#2363),#2352,.F.);
#2365=CARTESIAN_POINT('',(754.839848603,239.027038145,-77.037421357));
#2366=DIRECTION('',(-0.,0.,-1.));
#2367=DIRECTION('',(0.,-1.,0.));
#2368=AXIS2_PLACEMENT_3D('',#2365,#2366,#2367);
#2369=PLANE('',#2368);
#2370=CARTESIAN_POINT('',(753.839848603,227.346992443,-77.037421357));
#2371=DIRECTION('',(1.,-0.,-0.));
#2372=VECTOR('',#2371,10.);
#2373=LINE('',#2370,#2372);
#2374=EDGE_CURVE('',#1370,#2191,#2373,.T.);
#2375=ORIENTED_EDGE('',*,*,#2374,.T.);
#2376=ORIENTED_EDGE('',*,*,#2196,.F.);
#2377=ORIENTED_EDGE('',*,*,#2360,.T.);
#2378=ORIENTED_EDGE('',*,*,#1383,.F.);
#2379=EDGE_LOOP('',(#2375,#2376,#2377,#2378));
#2380=FACE_BOUND('',#2379,.T.);
#2381=ADVANCED_FACE('',(#2380),#2369,.F.);
#2382=CARTESIAN_POINT('',(746.839848603,244.952572051,-55.596));
#2383=DIRECTION('',(1.,0.,-0.));
#2384=DIRECTION('',(-0.,0.,-1.));
#2385=AXIS2_PLACEMENT_3D('',#2382,#2383,#2384);
#2386=PLANE('',#2385);
#2387=CARTESIAN_POINT('',(746.839848603,309.005579608,-54.2));
#2388=VERTEX_POINT('',#2387);
#2389=CARTESIAN_POINT('',(746.839848603,309.005579608,-48.7));
#2390=DIRECTION('',(1.,0.,-0.));
#2391=DIRECTION('',(-0.,0.,-1.));
#2392=AXIS2_PLACEMENT_3D('',#2389,#2390,#2391);
#2393=CIRCLE('',#2392,5.5);
#2394=EDGE_CURVE('',#2388,#2388,#2393,.T.);
#2395=ORIENTED_EDGE('',*,*,#2394,.F.);
#2396=EDGE_LOOP('',(#2395));
#2397=FACE_BOUND('',#2396,.T.);
#2398=CARTESIAN_POINT('',(746.839848603,309.005579634,-59.790091291));
#2399=VERTEX_POINT('',#2398);
#2400=CARTESIAN_POINT('',(746.839848603,313.557123445,-58.803378799));
#2401=VERTEX_POINT('',#2400);
#2402=CARTESIAN_POINT('',(746.839848603,313.557123445,-58.803378799));
#2403=CARTESIAN_POINT('',(746.839848603,312.896308916,-59.103298142));
#2404=CARTESIAN_POINT('',(746.839848603,312.217771998,-59.335996002));
#2405=CARTESIAN_POINT('',(746.839848603,311.521187051,-59.500237222));
#2406=CARTESIAN_POINT('',(746.839848603,311.172894577,-59.582357832));
#2407=CARTESIAN_POINT('',(746.839848603,310.82006587,-59.64727239));
#2408=CARTESIAN_POINT('',(746.839848603,310.462617599,-59.694664822));
#2409=CARTESIAN_POINT('',(746.839848603,310.105169328,-59.742057254));
#2410=CARTESIAN_POINT('',(746.839848603,309.741891556,-59.771789726));
#2411=CARTESIAN_POINT('',(746.839848603,309.381809894,-59.783764596));
#2412=CARTESIAN_POINT('',(746.839848603,308.661646571,-59.807714338));
#2413=CARTESIAN_POINT('',(746.839848603,307.946994681,-59.763871358));
#2414=CARTESIAN_POINT('',(746.839848603,307.238129709,-59.648847063));
#2415=CARTESIAN_POINT('',(746.839848603,306.883697223,-59.591334916));
#2416=CARTESIAN_POINT('',(746.839848603,306.529747153,-59.515661081));
#2417=CARTESIAN_POINT('',(746.839848603,306.179408522,-59.422033008));
#2418=CARTESIAN_POINT('',(746.839848603,305.829069892,-59.328404934));
#2419=CARTESIAN_POINT('',(746.839848603,305.486224458,-59.217978496));
#2420=CARTESIAN_POINT('',(746.839848603,305.150394813,-59.091823958));
#2421=CARTESIAN_POINT('',(746.839848603,304.478735521,-58.839514882));
#2422=CARTESIAN_POINT('',(746.839848603,303.834414762,-58.525917865));
#2423=CARTESIAN_POINT('',(746.839848603,303.219723093,-58.145897903));
#2424=CARTESIAN_POINT('',(746.839848603,303.066050176,-58.050892912));
#2425=CARTESIAN_POINT('',(746.839848603,302.913817208,-57.951410147));
#2426=CARTESIAN_POINT('',(746.839848603,302.7647055,-57.848495871));
#2427=CARTESIAN_POINT('',(746.839848603,302.615593792,-57.745581595));
#2428=CARTESIAN_POINT('',(746.839848603,302.469656394,-57.639313325));
#2429=CARTESIAN_POINT('',(746.839848603,302.326813058,-57.52977585));
#2430=CARTESIAN_POINT('',(746.839848603,302.041126388,-57.310700901));
#2431=CARTESIAN_POINT('',(746.839848603,301.767812376,-57.078552929));
#2432=CARTESIAN_POINT('',(746.839848603,301.506274682,-56.833962032));
#2433=CARTESIAN_POINT('',(746.839848603,301.244736989,-56.589371135));
#2434=CARTESIAN_POINT('',(746.839848603,300.994786003,-56.332537656));
#2435=CARTESIAN_POINT('',(746.839848603,300.756827166,-56.063033205));
#2436=CARTESIAN_POINT('',(746.839848603,300.637847747,-55.928280979));
#2437=CARTESIAN_POINT('',(746.839848603,300.521891117,-55.790334857));
#2438=CARTESIAN_POINT('',(746.839848603,300.4090573,-55.649089153));
#2439=CARTESIAN_POINT('',(746.839848603,300.296223484,-55.507843449));
#2440=CARTESIAN_POINT('',(746.839848603,300.186236612,-55.36289169));
#2441=CARTESIAN_POINT('',(746.839848603,300.080501636,-55.215995498));
#2442=CARTESIAN_POINT('',(746.839848603,299.657561731,-54.628410729));
#2443=CARTESIAN_POINT('',(746.839848603,299.300044518,-54.007231483));
#2444=CARTESIAN_POINT('',(746.839848603,299.003626016,-53.354678118));
#2445=CARTESIAN_POINT('',(746.839848603,298.855416765,-53.028401435));
#2446=CARTESIAN_POINT('',(746.839848603,298.722240146,-52.694405513));
#2447=CARTESIAN_POINT('',(746.839848603,298.604867496,-52.35229427));
#2448=CARTESIAN_POINT('',(746.839848603,298.546181171,-52.181238649));
#2449=CARTESIAN_POINT('',(746.839848603,298.491400386,-52.007789322));
#2450=CARTESIAN_POINT('',(746.839848603,298.441274775,-51.834105518));
#2451=CARTESIAN_POINT('',(746.839848603,298.391149164,-51.660421714));
#2452=CARTESIAN_POINT('',(746.839848603,298.345528884,-51.486120416));
#2453=CARTESIAN_POINT('',(746.839848603,298.304371054,-51.311207501));
#2454=CARTESIAN_POINT('',(746.839848603,298.139739734,-50.611555844));
#2455=CARTESIAN_POINT('',(746.839848603,298.046479473,-49.902122179));
#2456=CARTESIAN_POINT('',(746.839848603,298.022076236,-49.183251076));
#2457=CARTESIAN_POINT('',(746.839848603,298.015975427,-49.0035333));
#2458=CARTESIAN_POINT('',(746.839848603,298.014162735,-48.823227801));
#2459=CARTESIAN_POINT('',(746.839848603,298.016661909,-48.642331325));
#2460=CARTESIAN_POINT('',(746.839848603,298.019161082,-48.461434849));
#2461=CARTESIAN_POINT('',(746.839848603,298.02604267,-48.279840426));
#2462=CARTESIAN_POINT('',(746.839848603,298.03730032,-48.09962886));
#2463=CARTESIAN_POINT('',(746.839848603,298.059815621,-47.73920573));
#2464=CARTESIAN_POINT('',(746.839848603,298.099822542,-47.382346755));
#2465=CARTESIAN_POINT('',(746.839848603,298.157276428,-47.029042836));
#2466=CARTESIAN_POINT('',(746.839848603,298.272184201,-46.322434998));
#2467=CARTESIAN_POINT('',(746.839848603,298.456867007,-45.630044771));
#2468=CARTESIAN_POINT('',(746.839848603,298.711122654,-44.951830954));
#2469=CARTESIAN_POINT('',(746.839848603,298.838250477,-44.612724045));
#2470=CARTESIAN_POINT('',(746.839848603,298.981438414,-44.280243635));
#2471=CARTESIAN_POINT('',(746.839848603,299.139164157,-43.957744037));
#2472=CARTESIAN_POINT('',(746.839848603,299.2968899,-43.635244439));
#2473=CARTESIAN_POINT('',(746.839848603,299.46967781,-43.321712807));
#2474=CARTESIAN_POINT('',(746.839848603,299.65774452,-43.017278125));
#2475=CARTESIAN_POINT('',(746.839848603,299.845811231,-42.712843443));
#2476=CARTESIAN_POINT('',(746.839848603,300.049156705,-42.417505689));
#2477=CARTESIAN_POINT('',(746.839848603,300.268014292,-42.131403797));
#2478=CARTESIAN_POINT('',(746.839848603,300.486871879,-41.845301906));
#2479=CARTESIAN_POINT('',(746.839848603,300.72250363,-41.56726951));
#2480=CARTESIAN_POINT('',(746.839848603,300.968727095,-41.303786995));
#2481=CARTESIAN_POINT('',(746.839848603,301.461174023,-40.776821965));
#2482=CARTESIAN_POINT('',(746.839848603,301.997461002,-40.302147389));
#2483=CARTESIAN_POINT('',(746.839848603,302.579576028,-39.882134463));
#2484=CARTESIAN_POINT('',(746.839848603,302.870633541,-39.672128));
#2485=CARTESIAN_POINT('',(746.839848603,303.173552135,-39.475665453));
#2486=CARTESIAN_POINT('',(746.839848603,303.487670656,-39.293800399));
#2487=CARTESIAN_POINT('',(746.839848603,303.801789177,-39.111935344));
#2488=CARTESIAN_POINT('',(746.839848603,304.122413074,-38.947329312));
#2489=CARTESIAN_POINT('',(746.839848603,304.449118076,-38.798856701));
#2490=CARTESIAN_POINT('',(746.839848603,305.102528082,-38.501911478));
#2491=CARTESIAN_POINT('',(746.839848603,305.779633132,-38.267830162));
#2492=CARTESIAN_POINT('',(746.839848603,306.482325612,-38.101633327));
#2493=CARTESIAN_POINT('',(746.839848603,306.833671852,-38.01853491));
#2494=CARTESIAN_POINT('',(746.839848603,307.192301464,-37.952618829));
#2495=CARTESIAN_POINT('',(746.839848603,307.549412673,-37.905293356));
#2496=CARTESIAN_POINT('',(746.839848603,307.906523882,-37.857967883));
#2497=CARTESIAN_POINT('',(746.839848603,308.264036093,-37.828672205));
#2498=CARTESIAN_POINT('',(746.839848603,308.621929374,-37.816510185));
#2499=CARTESIAN_POINT('',(746.839848603,308.979822655,-37.804348165));
#2500=CARTESIAN_POINT('',(746.839848603,309.33809089,-37.809044778));
#2501=CARTESIAN_POINT('',(746.839848603,309.696746301,-37.831149569));
#2502=CARTESIAN_POINT('',(746.839848603,310.055401712,-37.85325436));
#2503=CARTESIAN_POINT('',(746.839848603,310.415867848,-37.893150117));
#2504=CARTESIAN_POINT('',(746.839848603,310.773503535,-37.951204001));
#2505=CARTESIAN_POINT('',(746.839848603,311.488774909,-38.06731177));
#2506=CARTESIAN_POINT('',(746.839848603,312.181110364,-38.253498259));
#2507=CARTESIAN_POINT('',(746.839848603,312.852094149,-38.504922936));
#2508=CARTESIAN_POINT('',(746.839848603,313.187586042,-38.630635275));
#2509=CARTESIAN_POINT('',(746.839848603,313.517824029,-38.772400468));
#2510=CARTESIAN_POINT('',(746.839848603,313.842551662,-38.931002072));
#2511=CARTESIAN_POINT('',(746.839848603,314.004915479,-39.010302875));
#2512=CARTESIAN_POINT('',(746.839848603,314.166317507,-39.094098843));
#2513=CARTESIAN_POINT('',(746.839848603,314.324766349,-39.181455017));
#2514=CARTESIAN_POINT('',(746.839848603,314.48321519,-39.268811191));
#2515=CARTESIAN_POINT('',(746.839848603,314.638888563,-39.359784118));
#2516=CARTESIAN_POINT('',(746.839848603,314.791815145,-39.45433643));
#2517=CARTESIAN_POINT('',(746.839848603,315.403521474,-39.832545676));
#2518=CARTESIAN_POINT('',(746.839848603,315.971297806,-40.268000752));
#2519=CARTESIAN_POINT('',(746.839848603,316.49682644,-40.758509431));
#2520=CARTESIAN_POINT('',(746.839848603,316.628208598,-40.881136601));
#2521=CARTESIAN_POINT('',(746.839848603,316.756959098,-41.007193125));
#2522=CARTESIAN_POINT('',(746.839848603,316.883067618,-41.13669245));
#2523=CARTESIAN_POINT('',(746.839848603,317.009176138,-41.266191776));
#2524=CARTESIAN_POINT('',(746.839848603,317.13284711,-41.399446072));
#2525=CARTESIAN_POINT('',(746.839848603,317.252489812,-41.534880864));
#2526=CARTESIAN_POINT('',(746.839848603,317.491775217,-41.805750448));
#2527=CARTESIAN_POINT('',(746.839848603,317.716083951,-42.086409121));
#2528=CARTESIAN_POINT('',(746.839848603,317.925478768,-42.376815865));
#2529=CARTESIAN_POINT('',(746.839848603,318.344268401,-42.957629355));
#2530=CARTESIAN_POINT('',(746.839848603,318.703413463,-43.577427877));
#2531=CARTESIAN_POINT('',(746.839848603,319.003280761,-44.235971678));
#2532=CARTESIAN_POINT('',(746.839848603,319.078247586,-44.400607628));
#2533=CARTESIAN_POINT('',(746.839848603,319.149524084,-44.567737538));
#2534=CARTESIAN_POINT('',(746.839848603,319.216389575,-44.735461874));
#2535=CARTESIAN_POINT('',(746.839848603,319.283255066,-44.90318621));
#2536=CARTESIAN_POINT('',(746.839848603,319.345886825,-45.071959293));
#2537=CARTESIAN_POINT('',(746.839848603,319.404259381,-45.241787433));
#2538=CARTESIAN_POINT('',(746.839848603,319.521004495,-45.581443713));
#2539=CARTESIAN_POINT('',(746.839848603,319.620713864,-45.925319955));
#2540=CARTESIAN_POINT('',(746.839848603,319.703170877,-46.273469817));
#2541=CARTESIAN_POINT('',(746.839848603,319.78562789,-46.621619679));
#2542=CARTESIAN_POINT('',(746.839848603,319.850832583,-46.974043153));
#2543=CARTESIAN_POINT('',(746.839848603,319.898550801,-47.33079824));
#2544=CARTESIAN_POINT('',(746.839848603,319.94626902,-47.687553327));
#2545=CARTESIAN_POINT('',(746.839848603,319.976473459,-48.050573273));
#2546=CARTESIAN_POINT('',(746.839848603,319.988894266,-48.411229832));
#2547=CARTESIAN_POINT('',(746.839848603,320.01373588,-49.132542948));
#2548=CARTESIAN_POINT('',(746.839848603,319.970488639,-49.847494329));
#2549=CARTESIAN_POINT('',(746.839848603,319.85633326,-50.55582056));
#2550=CARTESIAN_POINT('',(746.839848603,319.742177881,-51.264146792));
#2551=CARTESIAN_POINT('',(746.839848603,319.553380807,-51.971562617));
#2552=CARTESIAN_POINT('',(746.839848603,319.301616808,-52.643951249));
#2553=CARTESIAN_POINT('',(746.839848603,319.049852809,-53.31633988));
#2554=CARTESIAN_POINT('',(746.839848603,318.736957296,-53.960670466));
#2555=CARTESIAN_POINT('',(746.839848603,318.358294383,-54.574815236));
#2556=CARTESIAN_POINT('',(746.839848603,318.168962927,-54.881887621));
#2557=CARTESIAN_POINT('',(746.839848603,317.962131714,-55.182327955));
#2558=CARTESIAN_POINT('',(746.839848603,317.743117034,-55.468632662));
#2559=CARTESIAN_POINT('',(746.839848603,317.524102354,-55.75493737));
#2560=CARTESIAN_POINT('',(746.839848603,317.292094307,-56.028681935));
#2561=CARTESIAN_POINT('',(746.839848603,317.047758268,-56.290509547));
#2562=CARTESIAN_POINT('',(746.839848603,316.803422229,-56.55233716));
#2563=CARTESIAN_POINT('',(746.839848603,316.546955995,-56.802439022));
#2564=CARTESIAN_POINT('',(746.839848603,316.277996814,-57.040464477));
#2565=CARTESIAN_POINT('',(746.839848603,316.009037633,-57.278489932));
#2566=CARTESIAN_POINT('',(746.839848603,315.726855573,-57.504785304));
#2567=CARTESIAN_POINT('',(746.839848603,315.432604483,-57.717150457));
#2568=CARTESIAN_POINT('',(746.839848603,314.844102302,-58.141880761));
#2569=CARTESIAN_POINT('',(746.839848603,314.218501325,-58.503203773));
#2570=CARTESIAN_POINT('',(746.839848603,313.557123445,-58.803378799));
#2571=B_SPLINE_CURVE_WITH_KNOTS('',3,(#2402,#2403,#2404,#2405,#2406,#2407,#2408,#2409,#2410,#2411,#2412,#2413,#2414,#2415,#2416,#2417,#2418,#2419,#2420,#2421,#2422,#2423,#2424,#2425,#2426,#2427,
#2428,#2429,#2430,#2431,#2432,#2433,#2434,#2435,#2436,#2437,#2438,#2439,#2440,#2441,#2442,#2443,#2444,#2445,#2446,#2447,#2448,#2449,#2450,#2451,#2452,
#2453,#2454,#2455,#2456,#2457,#2458,#2459,#2460,#2461,#2462,#2463,#2464,#2465,#2466,#2467,#2468,#2469,#2470,#2471,#2472,#2473,#2474,#2475,#2476,#2477,
#2478,#2479,#2480,#2481,#2482,#2483,#2484,#2485,#2486,#2487,#2488,#2489,#2490,#2491,#2492,#2493,#2494,#2495,#2496,#2497,#2498,#2499,#2500,#2501,#2502,
#2503,#2504,#2505,#2506,#2507,#2508,#2509,#2510,#2511,#2512,#2513,#2514,#2515,#2516,#2517,#2518,#2519,#2520,#2521,#2522,#2523,#2524,#2525,#2526,#2527,
#2528,#2529,#2530,#2531,#2532,#2533,#2534,#2535,#2536,#2537,#2538,#2539,#2540,#2541,#2542,#2543,#2544,#2545,#2546,#2547,#2548,#2549,#2550,#2551,#2552,
#2553,#2554,#2555,#2556,#2557,#2558,#2559,#2560,#2561,#2562,#2563,#2564,#2565,#2566,#2567,#2568,#2569,#2570),.UNSPECIFIED.,.T.,.F.,(4,3,3,3,3,3,3,3,3,3,3,3,3,3,3,3,3,3,3,3,3,3,3,3,3,3,
3,3,3,3,3,3,3,3,3,3,3,3,3,3,3,3,3,3,3,3,3,3,3,3,3,
3,3,3,3,3,4),(0.,0.002146318,0.003219477,0.004292637,0.006438955,0.007512114,0.008585273,0.010731592,0.011268171,0.011804751,0.01287791,0.013951069,0.014487649,0.015024228,0.017170546,0.018243706,0.018780285,0.019316865,0.021463183,0.021999763,0.022536342,0.023609501,0.02575582,0.026828979,0.027902138,0.028975297,
0.030048456,0.032194775,0.033267934,0.034341093,0.036487411,0.03756057,0.03863373,0.039706889,0.040780048,0.042926366,0.043999525,0.044536105,0.045072685,0.047219003,0.047755582,0.048292162,0.049365321,0.051511639,0.052048219,0.052584799,0.053657958,0.054731117,0.055804276,0.057950594,0.060096913,
0.062243231,0.06331639,0.064389549,0.065462709,0.066535868,0.068682186),.UNSPECIFIED.);
#2572=EDGE_CURVE('',#2399,#2401,#2571,.T.);
#2573=ORIENTED_EDGE('',*,*,#2572,.F.);
#2574=CARTESIAN_POINT('',(746.839848603,313.557123445,-58.803378799));
#2575=CARTESIAN_POINT('',(746.839848603,312.896308916,-59.103298142));
#2576=CARTESIAN_POINT('',(746.839848603,312.217771998,-59.335996002));
#2577=CARTESIAN_POINT('',(746.839848603,311.521187051,-59.500237222));
#2578=CARTESIAN_POINT('',(746.839848603,311.172894577,-59.582357832));
#2579=CARTESIAN_POINT('',(746.839848603,310.82006587,-59.64727239));
#2580=CARTESIAN_POINT('',(746.839848603,310.462617599,-59.694664822));
#2581=CARTESIAN_POINT('',(746.839848603,310.105169328,-59.742057254));
#2582=CARTESIAN_POINT('',(746.839848603,309.741891556,-59.771789726));
#2583=CARTESIAN_POINT('',(746.839848603,309.381809894,-59.783764596));
#2584=CARTESIAN_POINT('',(746.839848603,308.661646571,-59.807714338));
#2585=CARTESIAN_POINT('',(746.839848603,307.946994681,-59.763871358));
#2586=CARTESIAN_POINT('',(746.839848603,307.238129709,-59.648847063));
#2587=CARTESIAN_POINT('',(746.839848603,306.883697223,-59.591334916));
#2588=CARTESIAN_POINT('',(746.839848603,306.529747153,-59.515661081));
#2589=CARTESIAN_POINT('',(746.839848603,306.179408522,-59.422033008));
#2590=CARTESIAN_POINT('',(746.839848603,305.829069892,-59.328404934));
#2591=CARTESIAN_POINT('',(746.839848603,305.486224458,-59.217978496));
#2592=CARTESIAN_POINT('',(746.839848603,305.150394813,-59.091823958));
#2593=CARTESIAN_POINT('',(746.839848603,304.478735521,-58.839514882));
#2594=CARTESIAN_POINT('',(746.839848603,303.834414762,-58.525917865));
#2595=CARTESIAN_POINT('',(746.839848603,303.219723093,-58.145897903));
#2596=CARTESIAN_POINT('',(746.839848603,303.066050176,-58.050892912));
#2597=CARTESIAN_POINT('',(746.839848603,302.913817208,-57.951410147));
#2598=CARTESIAN_POINT('',(746.839848603,302.7647055,-57.848495871));
#2599=CARTESIAN_POINT('',(746.839848603,302.615593792,-57.745581595));
#2600=CARTESIAN_POINT('',(746.839848603,302.469656394,-57.639313325));
#2601=CARTESIAN_POINT('',(746.839848603,302.326813058,-57.52977585));
#2602=CARTESIAN_POINT('',(746.839848603,302.041126388,-57.310700901));
#2603=CARTESIAN_POINT('',(746.839848603,301.767812376,-57.078552929));
#2604=CARTESIAN_POINT('',(746.839848603,301.506274682,-56.833962032));
#2605=CARTESIAN_POINT('',(746.839848603,301.244736989,-56.589371135));
#2606=CARTESIAN_POINT('',(746.839848603,300.994786003,-56.332537656));
#2607=CARTESIAN_POINT('',(746.839848603,300.756827166,-56.063033205));
#2608=CARTESIAN_POINT('',(746.839848603,300.637847747,-55.928280979));
#2609=CARTESIAN_POINT('',(746.839848603,300.521891117,-55.790334857));
#2610=CARTESIAN_POINT('',(746.839848603,300.4090573,-55.649089153));
#2611=CARTESIAN_POINT('',(746.839848603,300.296223484,-55.507843449));
#2612=CARTESIAN_POINT('',(746.839848603,300.186236612,-55.36289169));
#2613=CARTESIAN_POINT('',(746.839848603,300.080501636,-55.215995498));
#2614=CARTESIAN_POINT('',(746.839848603,299.657561731,-54.628410729));
#2615=CARTESIAN_POINT('',(746.839848603,299.300044518,-54.007231483));
#2616=CARTESIAN_POINT('',(746.839848603,299.003626016,-53.354678118));
#2617=CARTESIAN_POINT('',(746.839848603,298.855416765,-53.028401435));
#2618=CARTESIAN_POINT('',(746.839848603,298.722240146,-52.694405513));
#2619=CARTESIAN_POINT('',(746.839848603,298.604867496,-52.35229427));
#2620=CARTESIAN_POINT('',(746.839848603,298.546181171,-52.181238649));
#2621=CARTESIAN_POINT('',(746.839848603,298.491400386,-52.007789322));
#2622=CARTESIAN_POINT('',(746.839848603,298.441274775,-51.834105518));
#2623=CARTESIAN_POINT('',(746.839848603,298.391149164,-51.660421714));
#2624=CARTESIAN_POINT('',(746.839848603,298.345528884,-51.486120416));
#2625=CARTESIAN_POINT('',(746.839848603,298.304371054,-51.311207501));
#2626=CARTESIAN_POINT('',(746.839848603,298.139739734,-50.611555844));
#2627=CARTESIAN_POINT('',(746.839848603,298.046479473,-49.902122179));
#2628=CARTESIAN_POINT('',(746.839848603,298.022076236,-49.183251076));
#2629=CARTESIAN_POINT('',(746.839848603,298.015975427,-49.0035333));
#2630=CARTESIAN_POINT('',(746.839848603,298.014162735,-48.823227801));
#2631=CARTESIAN_POINT('',(746.839848603,298.016661909,-48.642331325));
#2632=CARTESIAN_POINT('',(746.839848603,298.019161082,-48.461434849));
#2633=CARTESIAN_POINT('',(746.839848603,298.02604267,-48.279840426));
#2634=CARTESIAN_POINT('',(746.839848603,298.03730032,-48.09962886));
#2635=CARTESIAN_POINT('',(746.839848603,298.059815621,-47.73920573));
#2636=CARTESIAN_POINT('',(746.839848603,298.099822542,-47.382346755));
#2637=CARTESIAN_POINT('',(746.839848603,298.157276428,-47.029042836));
#2638=CARTESIAN_POINT('',(746.839848603,298.272184201,-46.322434998));
#2639=CARTESIAN_POINT('',(746.839848603,298.456867007,-45.630044771));
#2640=CARTESIAN_POINT('',(746.839848603,298.711122654,-44.951830954));
#2641=CARTESIAN_POINT('',(746.839848603,298.838250477,-44.612724045));
#2642=CARTESIAN_POINT('',(746.839848603,298.981438414,-44.280243635));
#2643=CARTESIAN_POINT('',(746.839848603,299.139164157,-43.957744037));
#2644=CARTESIAN_POINT('',(746.839848603,299.2968899,-43.635244439));
#2645=CARTESIAN_POINT('',(746.839848603,299.46967781,-43.321712807));
#2646=CARTESIAN_POINT('',(746.839848603,299.65774452,-43.017278125));
#2647=CARTESIAN_POINT('',(746.839848603,299.845811231,-42.712843443));
#2648=CARTESIAN_POINT('',(746.839848603,300.049156705,-42.417505689));
#2649=CARTESIAN_POINT('',(746.839848603,300.268014292,-42.131403797));
#2650=CARTESIAN_POINT('',(746.839848603,300.486871879,-41.845301906));
#2651=CARTESIAN_POINT('',(746.839848603,300.72250363,-41.56726951));
#2652=CARTESIAN_POINT('',(746.839848603,300.968727095,-41.303786995));
#2653=CARTESIAN_POINT('',(746.839848603,301.461174023,-40.776821965));
#2654=CARTESIAN_POINT('',(746.839848603,301.997461002,-40.302147389));
#2655=CARTESIAN_POINT('',(746.839848603,302.579576028,-39.882134463));
#2656=CARTESIAN_POINT('',(746.839848603,302.870633541,-39.672128));
#2657=CARTESIAN_POINT('',(746.839848603,303.173552135,-39.475665453));
#2658=CARTESIAN_POINT('',(746.839848603,303.487670656,-39.293800399));
#2659=CARTESIAN_POINT('',(746.839848603,303.801789177,-39.111935344));
#2660=CARTESIAN_POINT('',(746.839848603,304.122413074,-38.947329312));
#2661=CARTESIAN_POINT('',(746.839848603,304.449118076,-38.798856701));
#2662=CARTESIAN_POINT('',(746.839848603,305.102528082,-38.501911478));
#2663=CARTESIAN_POINT('',(746.839848603,305.779633132,-38.267830162));
#2664=CARTESIAN_POINT('',(746.839848603,306.482325612,-38.101633327));
#2665=CARTESIAN_POINT('',(746.839848603,306.833671852,-38.01853491));
#2666=CARTESIAN_POINT('',(746.839848603,307.192301464,-37.952618829));
#2667=CARTESIAN_POINT('',(746.839848603,307.549412673,-37.905293356));
#2668=CARTESIAN_POINT('',(746.839848603,307.906523882,-37.857967883));
#2669=CARTESIAN_POINT('',(746.839848603,308.264036093,-37.828672205));
#2670=CARTESIAN_POINT('',(746.839848603,308.621929374,-37.816510185));
#2671=CARTESIAN_POINT('',(746.839848603,308.979822655,-37.804348165));
#2672=CARTESIAN_POINT('',(746.839848603,309.33809089,-37.809044778));
#2673=CARTESIAN_POINT('',(746.839848603,309.696746301,-37.831149569));
#2674=CARTESIAN_POINT('',(746.839848603,310.055401712,-37.85325436));
#2675=CARTESIAN_POINT('',(746.839848603,310.415867848,-37.893150117));
#2676=CARTESIAN_POINT('',(746.839848603,310.773503535,-37.951204001));
#2677=CARTESIAN_POINT('',(746.839848603,311.488774909,-38.06731177));
#2678=CARTESIAN_POINT('',(746.839848603,312.181110364,-38.253498259));
#2679=CARTESIAN_POINT('',(746.839848603,312.852094149,-38.504922936));
#2680=CARTESIAN_POINT('',(746.839848603,313.187586042,-38.630635275));
#2681=CARTESIAN_POINT('',(746.839848603,313.517824029,-38.772400468));
#2682=CARTESIAN_POINT('',(746.839848603,313.842551662,-38.931002072));
#2683=CARTESIAN_POINT('',(746.839848603,314.004915479,-39.010302875));
#2684=CARTESIAN_POINT('',(746.839848603,314.166317507,-39.094098843));
#2685=CARTESIAN_POINT('',(746.839848603,314.324766349,-39.181455017));
#2686=CARTESIAN_POINT('',(746.839848603,314.48321519,-39.268811191));
#2687=CARTESIAN_POINT('',(746.839848603,314.638888563,-39.359784118));
#2688=CARTESIAN_POINT('',(746.839848603,314.791815145,-39.45433643));
#2689=CARTESIAN_POINT('',(746.839848603,315.403521474,-39.832545676));
#2690=CARTESIAN_POINT('',(746.839848603,315.971297806,-40.268000752));
#2691=CARTESIAN_POINT('',(746.839848603,316.49682644,-40.758509431));
#2692=CARTESIAN_POINT('',(746.839848603,316.628208598,-40.881136601));
#2693=CARTESIAN_POINT('',(746.839848603,316.756959098,-41.007193125));
#2694=CARTESIAN_POINT('',(746.839848603,316.883067618,-41.13669245));
#2695=CARTESIAN_POINT('',(746.839848603,317.009176138,-41.266191776));
#2696=CARTESIAN_POINT('',(746.839848603,317.13284711,-41.399446072));
#2697=CARTESIAN_POINT('',(746.839848603,317.252489812,-41.534880864));
#2698=CARTESIAN_POINT('',(746.839848603,317.491775217,-41.805750448));
#2699=CARTESIAN_POINT('',(746.839848603,317.716083951,-42.086409121));
#2700=CARTESIAN_POINT('',(746.839848603,317.925478768,-42.376815865));
#2701=CARTESIAN_POINT('',(746.839848603,318.344268401,-42.957629355));
#2702=CARTESIAN_POINT('',(746.839848603,318.703413463,-43.577427877));
#2703=CARTESIAN_POINT('',(746.839848603,319.003280761,-44.235971678));
#2704=CARTESIAN_POINT('',(746.839848603,319.078247586,-44.400607628));
#2705=CARTESIAN_POINT('',(746.839848603,319.149524084,-44.567737538));
#2706=CARTESIAN_POINT('',(746.839848603,319.216389575,-44.735461874));
#2707=CARTESIAN_POINT('',(746.839848603,319.283255066,-44.90318621));
#2708=CARTESIAN_POINT('',(746.839848603,319.345886825,-45.071959293));
#2709=CARTESIAN_POINT('',(746.839848603,319.404259381,-45.241787433));
#2710=CARTESIAN_POINT('',(746.839848603,319.521004495,-45.581443713));
#2711=CARTESIAN_POINT('',(746.839848603,319.620713864,-45.925319955));
#2712=CARTESIAN_POINT('',(746.839848603,319.703170877,-46.273469817));
#2713=CARTESIAN_POINT('',(746.839848603,319.78562789,-46.621619679));
#2714=CARTESIAN_POINT('',(746.839848603,319.850832583,-46.974043153));
#2715=CARTESIAN_POINT('',(746.839848603,319.898550801,-47.33079824));
#2716=CARTESIAN_POINT('',(746.839848603,319.94626902,-47.687553327));
#2717=CARTESIAN_POINT('',(746.839848603,319.976473459,-48.050573273));
#2718=CARTESIAN_POINT('',(746.839848603,319.988894266,-48.411229832));
#2719=CARTESIAN_POINT('',(746.839848603,320.01373588,-49.132542948));
#2720=CARTESIAN_POINT('',(746.839848603,319.970488639,-49.847494329));
#2721=CARTESIAN_POINT('',(746.839848603,319.85633326,-50.55582056));
#2722=CARTESIAN_POINT('',(746.839848603,319.742177881,-51.264146792));
#2723=CARTESIAN_POINT('',(746.839848603,319.553380807,-51.971562617));
#2724=CARTESIAN_POINT('',(746.839848603,319.301616808,-52.643951249));
#2725=CARTESIAN_POINT('',(746.839848603,319.049852809,-53.31633988));
#2726=CARTESIAN_POINT('',(746.839848603,318.736957296,-53.960670466));
#2727=CARTESIAN_POINT('',(746.839848603,318.358294383,-54.574815236));
#2728=CARTESIAN_POINT('',(746.839848603,318.168962927,-54.881887621));
#2729=CARTESIAN_POINT('',(746.839848603,317.962131714,-55.182327955));
#2730=CARTESIAN_POINT('',(746.839848603,317.743117034,-55.468632662));
#2731=CARTESIAN_POINT('',(746.839848603,317.524102354,-55.75493737));
#2732=CARTESIAN_POINT('',(746.839848603,317.292094307,-56.028681935));
#2733=CARTESIAN_POINT('',(746.839848603,317.047758268,-56.290509547));
#2734=CARTESIAN_POINT('',(746.839848603,316.803422229,-56.55233716));
#2735=CARTESIAN_POINT('',(746.839848603,316.546955995,-56.802439022));
#2736=CARTESIAN_POINT('',(746.839848603,316.277996814,-57.040464477));
#2737=CARTESIAN_POINT('',(746.839848603,316.009037633,-57.278489932));
#2738=CARTESIAN_POINT('',(746.839848603,315.726855573,-57.504785304));
#2739=CARTESIAN_POINT('',(746.839848603,315.432604483,-57.717150457));
#2740=CARTESIAN_POINT('',(746.839848603,314.844102302,-58.141880761));
#2741=CARTESIAN_POINT('',(746.839848603,314.218501325,-58.503203773));
#2742=CARTESIAN_POINT('',(746.839848603,313.557123445,-58.803378799));
#2743=B_SPLINE_CURVE_WITH_KNOTS('',3,(#2574,#2575,#2576,#2577,#2578,#2579,#2580,#2581,#2582,#2583,#2584,#2585,#2586,#2587,#2588,#2589,#2590,#2591,#2592,#2593,#2594,#2595,#2596,#2597,#2598,#2599,
#2600,#2601,#2602,#2603,#2604,#2605,#2606,#2607,#2608,#2609,#2610,#2611,#2612,#2613,#2614,#2615,#2616,#2617,#2618,#2619,#2620,#2621,#2622,#2623,#2624,
#2625,#2626,#2627,#2628,#2629,#2630,#2631,#2632,#2633,#2634,#2635,#2636,#2637,#2638,#2639,#2640,#2641,#2642,#2643,#2644,#2645,#2646,#2647,#2648,#2649,
#2650,#2651,#2652,#2653,#2654,#2655,#2656,#2657,#2658,#2659,#2660,#2661,#2662,#2663,#2664,#2665,#2666,#2667,#2668,#2669,#2670,#2671,#2672,#2673,#2674,
#2675,#2676,#2677,#2678,#2679,#2680,#2681,#2682,#2683,#2684,#2685,#2686,#2687,#2688,#2689,#2690,#2691,#2692,#2693,#2694,#2695,#2696,#2697,#2698,#2699,
#2700,#2701,#2702,#2703,#2704,#2705,#2706,#2707,#2708,#2709,#2710,#2711,#2712,#2713,#2714,#2715,#2716,#2717,#2718,#2719,#2720,#2721,#2722,#2723,#2724,
#2725,#2726,#2727,#2728,#2729,#2730,#2731,#2732,#2733,#2734,#2735,#2736,#2737,#2738,#2739,#2740,#2741,#2742),.UNSPECIFIED.,.T.,.F.,(4,3,3,3,3,3,3,3,3,3,3,3,3,3,3,3,3,3,3,3,3,3,3,3,3,3,
3,3,3,3,3,3,3,3,3,3,3,3,3,3,3,3,3,3,3,3,3,3,3,3,3,
3,3,3,3,3,4),(0.,0.002146318,0.003219477,0.004292637,0.006438955,0.007512114,0.008585273,0.010731592,0.011268171,0.011804751,0.01287791,0.013951069,0.014487649,0.015024228,0.017170546,0.018243706,0.018780285,0.019316865,0.021463183,0.021999763,0.022536342,0.023609501,0.02575582,0.026828979,0.027902138,0.028975297,
0.030048456,0.032194775,0.033267934,0.034341093,0.036487411,0.03756057,0.03863373,0.039706889,0.040780048,0.042926366,0.043999525,0.044536105,0.045072685,0.047219003,0.047755582,0.048292162,0.049365321,0.051511639,0.052048219,0.052584799,0.053657958,0.054731117,0.055804276,0.057950594,0.060096913,
0.062243231,0.06331639,0.064389549,0.065462709,0.066535868,0.068682186),.UNSPECIFIED.);
#2744=EDGE_CURVE('',#2401,#2399,#2743,.T.);
#2745=ORIENTED_EDGE('',*,*,#2744,.F.);
#2746=EDGE_LOOP('',(#2573,#2745));
#2747=FACE_BOUND('',#2746,.T.);
#2748=ADVANCED_FACE('',(#2397,#2747),#2386,.T.);
#2749=CARTESIAN_POINT('',(753.839848603,309.005579608,-59.79));
#2750=CARTESIAN_POINT('',(753.839848603,308.276830387,-59.790229154));
#2751=CARTESIAN_POINT('',(753.839848603,307.561938739,-59.720448733));
#2752=CARTESIAN_POINT('',(753.839848603,306.86107059,-59.580773659));
#2753=CARTESIAN_POINT('',(753.839848603,306.160107036,-59.441570547));
#2754=CARTESIAN_POINT('',(753.839848603,305.472985256,-59.232436043));
#2755=CARTESIAN_POINT('',(753.839848603,304.79988182,-58.953433218));
#2756=CARTESIAN_POINT('',(753.839848603,304.126614014,-58.674858219));
#2757=CARTESIAN_POINT('',(753.839848603,303.492846429,-58.33681349));
#2758=CARTESIAN_POINT('',(753.839848603,302.89875786,-57.939537489));
#2759=CARTESIAN_POINT('',(753.839848603,302.304399611,-57.542660463));
#2760=CARTESIAN_POINT('',(753.839848603,301.749567794,-57.086449011));
#2761=CARTESIAN_POINT('',(753.839848603,301.234470827,-56.57109827));
#2762=CARTESIAN_POINT('',(753.839848603,300.719058519,-56.056080095));
#2763=CARTESIAN_POINT('',(753.839848603,300.262897735,-55.501235134));
#2764=CARTESIAN_POINT('',(753.839848603,299.86606241,-54.906852116));
#2765=CARTESIAN_POINT('',(753.839848603,299.468825251,-54.3127345));
#2766=CARTESIAN_POINT('',(753.839848603,299.130812056,-53.678925132));
#2767=CARTESIAN_POINT('',(753.839848603,298.852140702,-53.005684055));
#2768=CARTESIAN_POINT('',(753.839848603,298.573050742,-52.332629553));
#2769=CARTESIAN_POINT('',(753.839848603,298.363943104,-51.645454476));
#2770=CARTESIAN_POINT('',(753.839848603,298.224775603,-50.944453866));
#2771=CARTESIAN_POINT('',(753.839848603,298.085135291,-50.243544681));
#2772=CARTESIAN_POINT('',(753.839848603,298.015400162,-49.52862913));
#2773=CARTESIAN_POINT('',(753.839848603,298.015579608,-48.799992568));
#2774=CARTESIAN_POINT('',(753.839848603,298.015300913,-48.071368185));
#2775=CARTESIAN_POINT('',(753.839848603,298.085081164,-47.356479167));
#2776=CARTESIAN_POINT('',(753.839848603,298.224768478,-46.655581955));
#2777=CARTESIAN_POINT('',(753.839848603,298.363983984,-45.954588271));
#2778=CARTESIAN_POINT('',(753.839848603,298.573143463,-45.267405947));
#2779=CARTESIAN_POINT('',(753.839848603,298.85214639,-44.594302212));
#2780=CARTESIAN_POINT('',(753.839848603,299.130721389,-43.921034406));
#2781=CARTESIAN_POINT('',(753.839848603,299.468766118,-43.28726682));
#2782=CARTESIAN_POINT('',(753.839848603,299.866042119,-42.693178252));
#2783=CARTESIAN_POINT('',(753.839848603,300.262919145,-42.098820003));
#2784=CARTESIAN_POINT('',(753.839848603,300.719130597,-41.543988186));
#2785=CARTESIAN_POINT('',(753.839848603,301.234481339,-41.028891219));
#2786=CARTESIAN_POINT('',(753.839848603,301.749499513,-40.51347891));
#2787=CARTESIAN_POINT('',(753.839848603,302.304344474,-40.057318127));
#2788=CARTESIAN_POINT('',(753.839848603,302.898727493,-39.660482802));
#2789=CARTESIAN_POINT('',(753.839848603,303.492845109,-39.263245643));
#2790=CARTESIAN_POINT('',(753.839848603,304.126654476,-38.925232447));
#2791=CARTESIAN_POINT('',(753.839848603,304.799895553,-38.646561093));
#2792=CARTESIAN_POINT('',(753.839848603,305.472950055,-38.367471133));
#2793=CARTESIAN_POINT('',(753.839848603,306.160125133,-38.158363496));
#2794=CARTESIAN_POINT('',(753.839848603,306.861125742,-38.019195995));
#2795=CARTESIAN_POINT('',(753.839848603,307.562034927,-37.879555683));
#2796=CARTESIAN_POINT('',(753.839848603,308.276950479,-37.809820554));
#2797=CARTESIAN_POINT('',(753.839848603,309.005587041,-37.81));
#2798=CARTESIAN_POINT('',(753.839848603,309.734211423,-37.809721305));
#2799=CARTESIAN_POINT('',(753.839848603,310.449100441,-37.879501556));
#2800=CARTESIAN_POINT('',(753.839848603,311.149997653,-38.01918887));
#2801=CARTESIAN_POINT('',(753.839848603,311.850991337,-38.158404376));
#2802=CARTESIAN_POINT('',(753.839848603,312.538173661,-38.367563855));
#2803=CARTESIAN_POINT('',(753.839848603,313.211277397,-38.646566782));
#2804=CARTESIAN_POINT('',(753.839848603,313.884545203,-38.925141781));
#2805=CARTESIAN_POINT('',(753.839848603,314.518312788,-39.26318651));
#2806=CARTESIAN_POINT('',(753.839848603,315.112401356,-39.660462511));
#2807=CARTESIAN_POINT('',(753.839848603,315.706759606,-40.057339537));
#2808=CARTESIAN_POINT('',(753.839848603,316.261591423,-40.513550989));
#2809=CARTESIAN_POINT('',(753.839848603,316.776688389,-41.02890173));
#2810=CARTESIAN_POINT('',(753.839848603,317.292100698,-41.543919905));
#2811=CARTESIAN_POINT('',(753.839848603,317.748261482,-42.098764866));
#2812=CARTESIAN_POINT('',(753.839848603,318.145096807,-42.693147884));
#2813=CARTESIAN_POINT('',(753.839848603,318.542333966,-43.2872655));
#2814=CARTESIAN_POINT('',(753.839848603,318.880347161,-43.921074868));
#2815=CARTESIAN_POINT('',(753.839848603,319.159018515,-44.594315945));
#2816=CARTESIAN_POINT('',(753.839848603,319.438108475,-45.267370447));
#2817=CARTESIAN_POINT('',(753.839848603,319.647216113,-45.954545524));
#2818=CARTESIAN_POINT('',(753.839848603,319.786383614,-46.655546134));
#2819=CARTESIAN_POINT('',(753.839848603,319.926023926,-47.356455319));
#2820=CARTESIAN_POINT('',(753.839848603,319.995759055,-48.07137087));
#2821=CARTESIAN_POINT('',(753.839848603,319.995579609,-48.800007432));
#2822=CARTESIAN_POINT('',(753.839848603,319.995858303,-49.528631815));
#2823=CARTESIAN_POINT('',(753.839848603,319.926078053,-50.243520833));
#2824=CARTESIAN_POINT('',(753.839848603,319.786390739,-50.944418045));
#2825=CARTESIAN_POINT('',(753.839848603,319.647175232,-51.645411729));
#2826=CARTESIAN_POINT('',(753.839848603,319.438015754,-52.332594053));
#2827=CARTESIAN_POINT('',(753.839848603,319.159012827,-53.005697788));
#2828=CARTESIAN_POINT('',(753.839848603,318.880437827,-53.678965594));
#2829=CARTESIAN_POINT('',(753.839848603,318.542393099,-54.31273318));
#2830=CARTESIAN_POINT('',(753.839848603,318.145117098,-54.906821748));
#2831=CARTESIAN_POINT('',(753.839848603,317.748240072,-55.501179997));
#2832=CARTESIAN_POINT('',(753.839848603,317.29202862,-56.056011814));
#2833=CARTESIAN_POINT('',(753.839848603,316.776677878,-56.571108781));
#2834=CARTESIAN_POINT('',(753.839848603,316.261658515,-57.086522134));
#2835=CARTESIAN_POINT('',(753.839848603,315.706873423,-57.542658042));
#2836=CARTESIAN_POINT('',(753.839848603,315.112520976,-57.939480426));
#2837=CARTESIAN_POINT('',(753.839848603,314.51843418,-58.336704612));
#2838=CARTESIAN_POINT('',(753.839848603,313.884625286,-58.674717575));
#2839=CARTESIAN_POINT('',(753.839848603,313.211263664,-58.953438907));
#2840=CARTESIAN_POINT('',(753.839848603,312.538085524,-59.232579826));
#2841=CARTESIAN_POINT('',(753.839848603,311.850970156,-59.441712146));
#2842=CARTESIAN_POINT('',(753.839848603,311.150031699,-59.580878945));
#2843=CARTESIAN_POINT('',(753.839848603,310.449185986,-59.720518679));
#2844=CARTESIAN_POINT('',(753.839848603,309.734333956,-59.790228822));
#2845=CARTESIAN_POINT('',(753.839848603,309.005579608,-59.79));
#2846=CARTESIAN_POINT('',(752.096548513,309.005579608,-59.79));
#2847=CARTESIAN_POINT('',(752.096548513,308.276830387,-59.790229154));
#2848=CARTESIAN_POINT('',(752.096548513,307.561938739,-59.720448733));
#2849=CARTESIAN_POINT('',(752.096548513,306.86107059,-59.580773659));
#2850=CARTESIAN_POINT('',(752.096548513,306.160107036,-59.441570547));
#2851=CARTESIAN_POINT('',(752.096548513,305.472985256,-59.232436043));
#2852=CARTESIAN_POINT('',(752.096548513,304.79988182,-58.953433218));
#2853=CARTESIAN_POINT('',(752.096548513,304.126614014,-58.674858219));
#2854=CARTESIAN_POINT('',(752.096548513,303.492846429,-58.33681349));
#2855=CARTESIAN_POINT('',(752.096548513,302.89875786,-57.939537489));
#2856=CARTESIAN_POINT('',(752.096548513,302.304399611,-57.542660463));
#2857=CARTESIAN_POINT('',(752.096548513,301.749567794,-57.086449011));
#2858=CARTESIAN_POINT('',(752.096548513,301.234470827,-56.57109827));
#2859=CARTESIAN_POINT('',(752.096548513,300.719058519,-56.056080095));
#2860=CARTESIAN_POINT('',(752.096548513,300.262897735,-55.501235134));
#2861=CARTESIAN_POINT('',(752.096548513,299.86606241,-54.906852116));
#2862=CARTESIAN_POINT('',(752.096548513,299.468825251,-54.3127345));
#2863=CARTESIAN_POINT('',(752.096548513,299.130812056,-53.678925132));
#2864=CARTESIAN_POINT('',(752.096548513,298.852140702,-53.005684055));
#2865=CARTESIAN_POINT('',(752.096548513,298.573050742,-52.332629553));
#2866=CARTESIAN_POINT('',(752.096548513,298.363943104,-51.645454476));
#2867=CARTESIAN_POINT('',(752.096548513,298.224775603,-50.944453866));
#2868=CARTESIAN_POINT('',(752.096548513,298.085135291,-50.243544681));
#2869=CARTESIAN_POINT('',(752.096548513,298.015400162,-49.52862913));
#2870=CARTESIAN_POINT('',(752.096548513,298.015579608,-48.799992568));
#2871=CARTESIAN_POINT('',(752.096548513,298.015300913,-48.071368185));
#2872=CARTESIAN_POINT('',(752.096548513,298.085081164,-47.356479167));
#2873=CARTESIAN_POINT('',(752.096548513,298.224768478,-46.655581955));
#2874=CARTESIAN_POINT('',(752.096548513,298.363983984,-45.954588271));
#2875=CARTESIAN_POINT('',(752.096548513,298.573143463,-45.267405947));
#2876=CARTESIAN_POINT('',(752.096548513,298.85214639,-44.594302212));
#2877=CARTESIAN_POINT('',(752.096548513,299.130721389,-43.921034406));
#2878=CARTESIAN_POINT('',(752.096548513,299.468766118,-43.28726682));
#2879=CARTESIAN_POINT('',(752.096548513,299.866042119,-42.693178252));
#2880=CARTESIAN_POINT('',(752.096548513,300.262919145,-42.098820003));
#2881=CARTESIAN_POINT('',(752.096548513,300.719130597,-41.543988186));
#2882=CARTESIAN_POINT('',(752.096548513,301.234481339,-41.028891219));
#2883=CARTESIAN_POINT('',(752.096548513,301.749499513,-40.51347891));
#2884=CARTESIAN_POINT('',(752.096548513,302.304344474,-40.057318127));
#2885=CARTESIAN_POINT('',(752.096548513,302.898727493,-39.660482802));
#2886=CARTESIAN_POINT('',(752.096548513,303.492845109,-39.263245643));
#2887=CARTESIAN_POINT('',(752.096548513,304.126654476,-38.925232447));
#2888=CARTESIAN_POINT('',(752.096548513,304.799895553,-38.646561093));
#2889=CARTESIAN_POINT('',(752.096548513,305.472950055,-38.367471133));
#2890=CARTESIAN_POINT('',(752.096548513,306.160125133,-38.158363496));
#2891=CARTESIAN_POINT('',(752.096548513,306.861125742,-38.019195995));
#2892=CARTESIAN_POINT('',(752.096548513,307.562034927,-37.879555683));
#2893=CARTESIAN_POINT('',(752.096548513,308.276950479,-37.809820554));
#2894=CARTESIAN_POINT('',(752.096548513,309.005587041,-37.81));
#2895=CARTESIAN_POINT('',(752.096548513,309.734211423,-37.809721305));
#2896=CARTESIAN_POINT('',(752.096548513,310.449100441,-37.879501556));
#2897=CARTESIAN_POINT('',(752.096548513,311.149997653,-38.01918887));
#2898=CARTESIAN_POINT('',(752.096548513,311.850991337,-38.158404376));
#2899=CARTESIAN_POINT('',(752.096548513,312.538173661,-38.367563855));
#2900=CARTESIAN_POINT('',(752.096548513,313.211277397,-38.646566782));
#2901=CARTESIAN_POINT('',(752.096548513,313.884545203,-38.925141781));
#2902=CARTESIAN_POINT('',(752.096548513,314.518312788,-39.26318651));
#2903=CARTESIAN_POINT('',(752.096548513,315.112401356,-39.660462511));
#2904=CARTESIAN_POINT('',(752.096548513,315.706759606,-40.057339537));
#2905=CARTESIAN_POINT('',(752.096548513,316.261591423,-40.513550989));
#2906=CARTESIAN_POINT('',(752.096548513,316.776688389,-41.02890173));
#2907=CARTESIAN_POINT('',(752.096548513,317.292100698,-41.543919905));
#2908=CARTESIAN_POINT('',(752.096548513,317.748261482,-42.098764866));
#2909=CARTESIAN_POINT('',(752.096548513,318.145096807,-42.693147884));
#2910=CARTESIAN_POINT('',(752.096548513,318.542333966,-43.2872655));
#2911=CARTESIAN_POINT('',(752.096548513,318.880347161,-43.921074868));
#2912=CARTESIAN_POINT('',(752.096548513,319.159018515,-44.594315945));
#2913=CARTESIAN_POINT('',(752.096548513,319.438108475,-45.267370447));
#2914=CARTESIAN_POINT('',(752.096548513,319.647216113,-45.954545524));
#2915=CARTESIAN_POINT('',(752.096548513,319.786383614,-46.655546134));
#2916=CARTESIAN_POINT('',(752.096548513,319.926023926,-47.356455319));
#2917=CARTESIAN_POINT('',(752.096548513,319.995759055,-48.07137087));
#2918=CARTESIAN_POINT('',(752.096548513,319.995579609,-48.800007432));
#2919=CARTESIAN_POINT('',(752.096548513,319.995858303,-49.528631815));
#2920=CARTESIAN_POINT('',(752.096548513,319.926078053,-50.243520833));
#2921=CARTESIAN_POINT('',(752.096548513,319.786390739,-50.944418045));
#2922=CARTESIAN_POINT('',(752.096548513,319.647175232,-51.645411729));
#2923=CARTESIAN_POINT('',(752.096548513,319.438015754,-52.332594053));
#2924=CARTESIAN_POINT('',(752.096548513,319.159012827,-53.005697788));
#2925=CARTESIAN_POINT('',(752.096548513,318.880437827,-53.678965594));
#2926=CARTESIAN_POINT('',(752.096548513,318.542393099,-54.31273318));
#2927=CARTESIAN_POINT('',(752.096548513,318.145117098,-54.906821748));
#2928=CARTESIAN_POINT('',(752.096548513,317.748240072,-55.501179997));
#2929=CARTESIAN_POINT('',(752.096548513,317.29202862,-56.056011814));
#2930=CARTESIAN_POINT('',(752.096548513,316.776677878,-56.571108781));
#2931=CARTESIAN_POINT('',(752.096548513,316.261658515,-57.086522134));
#2932=CARTESIAN_POINT('',(752.096548513,315.706873423,-57.542658042));
#2933=CARTESIAN_POINT('',(752.096548513,315.112520976,-57.939480426));
#2934=CARTESIAN_POINT('',(752.096548513,314.51843418,-58.336704612));
#2935=CARTESIAN_POINT('',(752.096548513,313.884625286,-58.674717575));
#2936=CARTESIAN_POINT('',(752.096548513,313.211263664,-58.953438907));
#2937=CARTESIAN_POINT('',(752.096548513,312.538085524,-59.232579826));
#2938=CARTESIAN_POINT('',(752.096548513,311.850970156,-59.441712146));
#2939=CARTESIAN_POINT('',(752.096548513,311.150031699,-59.580878945));
#2940=CARTESIAN_POINT('',(752.096548513,310.449185986,-59.720518679));
#2941=CARTESIAN_POINT('',(752.096548513,309.734333956,-59.790228822));
#2942=CARTESIAN_POINT('',(752.096548513,309.005579608,-59.79));
#2943=CARTESIAN_POINT('',(748.339848603,309.005579608,-59.79));
#2944=CARTESIAN_POINT('',(748.339848603,308.276830387,-59.790229154));
#2945=CARTESIAN_POINT('',(748.339848603,307.561938739,-59.720448733));
#2946=CARTESIAN_POINT('',(748.339848603,306.86107059,-59.580773659));
#2947=CARTESIAN_POINT('',(748.339848603,306.160107036,-59.441570547));
#2948=CARTESIAN_POINT('',(748.339848603,305.472985256,-59.232436043));
#2949=CARTESIAN_POINT('',(748.339848603,304.79988182,-58.953433218));
#2950=CARTESIAN_POINT('',(748.339848603,304.126614014,-58.674858219));
#2951=CARTESIAN_POINT('',(748.339848603,303.492846429,-58.33681349));
#2952=CARTESIAN_POINT('',(748.339848603,302.89875786,-57.939537489));
#2953=CARTESIAN_POINT('',(748.339848603,302.304399611,-57.542660463));
#2954=CARTESIAN_POINT('',(748.339848603,301.749567794,-57.086449011));
#2955=CARTESIAN_POINT('',(748.339848603,301.234470827,-56.57109827));
#2956=CARTESIAN_POINT('',(748.339848603,300.719058519,-56.056080095));
#2957=CARTESIAN_POINT('',(748.339848603,300.262897735,-55.501235134));
#2958=CARTESIAN_POINT('',(748.339848603,299.86606241,-54.906852116));
#2959=CARTESIAN_POINT('',(748.339848603,299.468825251,-54.3127345));
#2960=CARTESIAN_POINT('',(748.339848603,299.130812056,-53.678925132));
#2961=CARTESIAN_POINT('',(748.339848603,298.852140702,-53.005684055));
#2962=CARTESIAN_POINT('',(748.339848603,298.573050742,-52.332629553));
#2963=CARTESIAN_POINT('',(748.339848603,298.363943104,-51.645454476));
#2964=CARTESIAN_POINT('',(748.339848603,298.224775603,-50.944453866));
#2965=CARTESIAN_POINT('',(748.339848603,298.085135291,-50.243544681));
#2966=CARTESIAN_POINT('',(748.339848603,298.015400162,-49.52862913));
#2967=CARTESIAN_POINT('',(748.339848603,298.015579608,-48.799992568));
#2968=CARTESIAN_POINT('',(748.339848603,298.015300913,-48.071368185));
#2969=CARTESIAN_POINT('',(748.339848603,298.085081164,-47.356479167));
#2970=CARTESIAN_POINT('',(748.339848603,298.224768478,-46.655581955));
#2971=CARTESIAN_POINT('',(748.339848603,298.363983984,-45.954588271));
#2972=CARTESIAN_POINT('',(748.339848603,298.573143463,-45.267405947));
#2973=CARTESIAN_POINT('',(748.339848603,298.85214639,-44.594302212));
#2974=CARTESIAN_POINT('',(748.339848603,299.130721389,-43.921034406));
#2975=CARTESIAN_POINT('',(748.339848603,299.468766118,-43.28726682));
#2976=CARTESIAN_POINT('',(748.339848603,299.866042119,-42.693178252));
#2977=CARTESIAN_POINT('',(748.339848603,300.262919145,-42.098820003));
#2978=CARTESIAN_POINT('',(748.339848603,300.719130597,-41.543988186));
#2979=CARTESIAN_POINT('',(748.339848603,301.234481339,-41.028891219));
#2980=CARTESIAN_POINT('',(748.339848603,301.749499513,-40.51347891));
#2981=CARTESIAN_POINT('',(748.339848603,302.304344474,-40.057318127));
#2982=CARTESIAN_POINT('',(748.339848603,302.898727493,-39.660482802));
#2983=CARTESIAN_POINT('',(748.339848603,303.492845109,-39.263245643));
#2984=CARTESIAN_POINT('',(748.339848603,304.126654476,-38.925232447));
#2985=CARTESIAN_POINT('',(748.339848603,304.799895553,-38.646561093));
#2986=CARTESIAN_POINT('',(748.339848603,305.472950055,-38.367471133));
#2987=CARTESIAN_POINT('',(748.339848603,306.160125133,-38.158363496));
#2988=CARTESIAN_POINT('',(748.339848603,306.861125742,-38.019195995));
#2989=CARTESIAN_POINT('',(748.339848603,307.562034927,-37.879555683));
#2990=CARTESIAN_POINT('',(748.339848603,308.276950479,-37.809820554));
#2991=CARTESIAN_POINT('',(748.339848603,309.005587041,-37.81));
#2992=CARTESIAN_POINT('',(748.339848603,309.734211423,-37.809721305));
#2993=CARTESIAN_POINT('',(748.339848603,310.449100441,-37.879501556));
#2994=CARTESIAN_POINT('',(748.339848603,311.149997653,-38.01918887));
#2995=CARTESIAN_POINT('',(748.339848603,311.850991337,-38.158404376));
#2996=CARTESIAN_POINT('',(748.339848603,312.538173661,-38.367563855));
#2997=CARTESIAN_POINT('',(748.339848603,313.211277397,-38.646566782));
#2998=CARTESIAN_POINT('',(748.339848603,313.884545203,-38.925141781));
#2999=CARTESIAN_POINT('',(748.339848603,314.518312788,-39.26318651));
#3000=CARTESIAN_POINT('',(748.339848603,315.112401356,-39.660462511));
#3001=CARTESIAN_POINT('',(748.339848603,315.706759606,-40.057339537));
#3002=CARTESIAN_POINT('',(748.339848603,316.261591423,-40.513550989));
#3003=CARTESIAN_POINT('',(748.339848603,316.776688389,-41.02890173));
#3004=CARTESIAN_POINT('',(748.339848603,317.292100698,-41.543919905));
#3005=CARTESIAN_POINT('',(748.339848603,317.748261482,-42.098764866));
#3006=CARTESIAN_POINT('',(748.339848603,318.145096807,-42.693147884));
#3007=CARTESIAN_POINT('',(748.339848603,318.542333966,-43.2872655));
#3008=CARTESIAN_POINT('',(748.339848603,318.880347161,-43.921074868));
#3009=CARTESIAN_POINT('',(748.339848603,319.159018515,-44.594315945));
#3010=CARTESIAN_POINT('',(748.339848603,319.438108475,-45.267370447));
#3011=CARTESIAN_POINT('',(748.339848603,319.647216113,-45.954545524));
#3012=CARTESIAN_POINT('',(748.339848603,319.786383614,-46.655546134));
#3013=CARTESIAN_POINT('',(748.339848603,319.926023926,-47.356455319));
#3014=CARTESIAN_POINT('',(748.339848603,319.995759055,-48.07137087));
#3015=CARTESIAN_POINT('',(748.339848603,319.995579609,-48.800007432));
#3016=CARTESIAN_POINT('',(748.339848603,319.995858303,-49.528631815));
#3017=CARTESIAN_POINT('',(748.339848603,319.926078053,-50.243520833));
#3018=CARTESIAN_POINT('',(748.339848603,319.786390739,-50.944418045));
#3019=CARTESIAN_POINT('',(748.339848603,319.647175232,-51.645411729));
#3020=CARTESIAN_POINT('',(748.339848603,319.438015754,-52.332594053));
#3021=CARTESIAN_POINT('',(748.339848603,319.159012827,-53.005697788));
#3022=CARTESIAN_POINT('',(748.339848603,318.880437827,-53.678965594));
#3023=CARTESIAN_POINT('',(748.339848603,318.542393099,-54.31273318));
#3024=CARTESIAN_POINT('',(748.339848603,318.145117098,-54.906821748));
#3025=CARTESIAN_POINT('',(748.339848603,317.748240072,-55.501179997));
#3026=CARTESIAN_POINT('',(748.339848603,317.29202862,-56.056011814));
#3027=CARTESIAN_POINT('',(748.339848603,316.776677878,-56.571108781));
#3028=CARTESIAN_POINT('',(748.339848603,316.261658515,-57.086522134));
#3029=CARTESIAN_POINT('',(748.339848603,315.706873423,-57.542658042));
#3030=CARTESIAN_POINT('',(748.339848603,315.112520976,-57.939480426));
#3031=CARTESIAN_POINT('',(748.339848603,314.51843418,-58.336704612));
#3032=CARTESIAN_POINT('',(748.339848603,313.884625286,-58.674717575));
#3033=CARTESIAN_POINT('',(748.339848603,313.211263664,-58.953438907));
#3034=CARTESIAN_POINT('',(748.339848603,312.538085524,-59.232579826));
#3035=CARTESIAN_POINT('',(748.339848603,311.850970156,-59.441712146));
#3036=CARTESIAN_POINT('',(748.339848603,311.150031699,-59.580878945));
#3037=CARTESIAN_POINT('',(748.339848603,310.449185986,-59.720518679));
#3038=CARTESIAN_POINT('',(748.339848603,309.734333956,-59.790228822));
#3039=CARTESIAN_POINT('',(748.339848603,309.005579608,-59.79));
#3040=CARTESIAN_POINT('',(747.839848603,309.005579608,-59.79));
#3041=CARTESIAN_POINT('',(747.839848603,308.276830387,-59.790229154));
#3042=CARTESIAN_POINT('',(747.839848603,307.561938739,-59.720448733));
#3043=CARTESIAN_POINT('',(747.839848603,306.86107059,-59.580773659));
#3044=CARTESIAN_POINT('',(747.839848603,306.160107036,-59.441570547));
#3045=CARTESIAN_POINT('',(747.839848603,305.472985256,-59.232436043));
#3046=CARTESIAN_POINT('',(747.839848603,304.79988182,-58.953433218));
#3047=CARTESIAN_POINT('',(747.839848603,304.126614014,-58.674858219));
#3048=CARTESIAN_POINT('',(747.839848603,303.492846429,-58.33681349));
#3049=CARTESIAN_POINT('',(747.839848603,302.89875786,-57.939537489));
#3050=CARTESIAN_POINT('',(747.839848603,302.304399611,-57.542660463));
#3051=CARTESIAN_POINT('',(747.839848603,301.749567794,-57.086449011));
#3052=CARTESIAN_POINT('',(747.839848603,301.234470827,-56.57109827));
#3053=CARTESIAN_POINT('',(747.839848603,300.719058519,-56.056080095));
#3054=CARTESIAN_POINT('',(747.839848603,300.262897735,-55.501235134));
#3055=CARTESIAN_POINT('',(747.839848603,299.86606241,-54.906852116));
#3056=CARTESIAN_POINT('',(747.839848603,299.468825251,-54.3127345));
#3057=CARTESIAN_POINT('',(747.839848603,299.130812056,-53.678925132));
#3058=CARTESIAN_POINT('',(747.839848603,298.852140702,-53.005684055));
#3059=CARTESIAN_POINT('',(747.839848603,298.573050742,-52.332629553));
#3060=CARTESIAN_POINT('',(747.839848603,298.363943104,-51.645454476));
#3061=CARTESIAN_POINT('',(747.839848603,298.224775603,-50.944453866));
#3062=CARTESIAN_POINT('',(747.839848603,298.085135291,-50.243544681));
#3063=CARTESIAN_POINT('',(747.839848603,298.015400162,-49.52862913));
#3064=CARTESIAN_POINT('',(747.839848603,298.015579608,-48.799992568));
#3065=CARTESIAN_POINT('',(747.839848603,298.015300913,-48.071368185));
#3066=CARTESIAN_POINT('',(747.839848603,298.085081164,-47.356479167));
#3067=CARTESIAN_POINT('',(747.839848603,298.224768478,-46.655581955));
#3068=CARTESIAN_POINT('',(747.839848603,298.363983984,-45.954588271));
#3069=CARTESIAN_POINT('',(747.839848603,298.573143463,-45.267405947));
#3070=CARTESIAN_POINT('',(747.839848603,298.85214639,-44.594302212));
#3071=CARTESIAN_POINT('',(747.839848603,299.130721389,-43.921034406));
#3072=CARTESIAN_POINT('',(747.839848603,299.468766118,-43.28726682));
#3073=CARTESIAN_POINT('',(747.839848603,299.866042119,-42.693178252));
#3074=CARTESIAN_POINT('',(747.839848603,300.262919145,-42.098820003));
#3075=CARTESIAN_POINT('',(747.839848603,300.719130597,-41.543988186));
#3076=CARTESIAN_POINT('',(747.839848603,301.234481339,-41.028891219));
#3077=CARTESIAN_POINT('',(747.839848603,301.749499513,-40.51347891));
#3078=CARTESIAN_POINT('',(747.839848603,302.304344474,-40.057318127));
#3079=CARTESIAN_POINT('',(747.839848603,302.898727493,-39.660482802));
#3080=CARTESIAN_POINT('',(747.839848603,303.492845109,-39.263245643));
#3081=CARTESIAN_POINT('',(747.839848603,304.126654476,-38.925232447));
#3082=CARTESIAN_POINT('',(747.839848603,304.799895553,-38.646561093));
#3083=CARTESIAN_POINT('',(747.839848603,305.472950055,-38.367471133));
#3084=CARTESIAN_POINT('',(747.839848603,306.160125133,-38.158363496));
#3085=CARTESIAN_POINT('',(747.839848603,306.861125742,-38.019195995));
#3086=CARTESIAN_POINT('',(747.839848603,307.562034927,-37.879555683));
#3087=CARTESIAN_POINT('',(747.839848603,308.276950479,-37.809820554));
#3088=CARTESIAN_POINT('',(747.839848603,309.005587041,-37.81));
#3089=CARTESIAN_POINT('',(747.839848603,309.734211423,-37.809721305));
#3090=CARTESIAN_POINT('',(747.839848603,310.449100441,-37.879501556));
#3091=CARTESIAN_POINT('',(747.839848603,311.149997653,-38.01918887));
#3092=CARTESIAN_POINT('',(747.839848603,311.850991337,-38.158404376));
#3093=CARTESIAN_POINT('',(747.839848603,312.538173661,-38.367563855));
#3094=CARTESIAN_POINT('',(747.839848603,313.211277397,-38.646566782));
#3095=CARTESIAN_POINT('',(747.839848603,313.884545203,-38.925141781));
#3096=CARTESIAN_POINT('',(747.839848603,314.518312788,-39.26318651));
#3097=CARTESIAN_POINT('',(747.839848603,315.112401356,-39.660462511));
#3098=CARTESIAN_POINT('',(747.839848603,315.706759606,-40.057339537));
#3099=CARTESIAN_POINT('',(747.839848603,316.261591423,-40.513550989));
#3100=CARTESIAN_POINT('',(747.839848603,316.776688389,-41.02890173));
#3101=CARTESIAN_POINT('',(747.839848603,317.292100698,-41.543919905));
#3102=CARTESIAN_POINT('',(747.839848603,317.748261482,-42.098764866));
#3103=CARTESIAN_POINT('',(747.839848603,318.145096807,-42.693147884));
#3104=CARTESIAN_POINT('',(747.839848603,318.542333966,-43.2872655));
#3105=CARTESIAN_POINT('',(747.839848603,318.880347161,-43.921074868));
#3106=CARTESIAN_POINT('',(747.839848603,319.159018515,-44.594315945));
#3107=CARTESIAN_POINT('',(747.839848603,319.438108475,-45.267370447));
#3108=CARTESIAN_POINT('',(747.839848603,319.647216113,-45.954545524));
#3109=CARTESIAN_POINT('',(747.839848603,319.786383614,-46.655546134));
#3110=CARTESIAN_POINT('',(747.839848603,319.926023926,-47.356455319));
#3111=CARTESIAN_POINT('',(747.839848603,319.995759055,-48.07137087));
#3112=CARTESIAN_POINT('',(747.839848603,319.995579609,-48.800007432));
#3113=CARTESIAN_POINT('',(747.839848603,319.995858303,-49.528631815));
#3114=CARTESIAN_POINT('',(747.839848603,319.926078053,-50.243520833));
#3115=CARTESIAN_POINT('',(747.839848603,319.786390739,-50.944418045));
#3116=CARTESIAN_POINT('',(747.839848603,319.647175232,-51.645411729));
#3117=CARTESIAN_POINT('',(747.839848603,319.438015754,-52.332594053));
#3118=CARTESIAN_POINT('',(747.839848603,319.159012827,-53.005697788));
#3119=CARTESIAN_POINT('',(747.839848603,318.880437827,-53.678965594));
#3120=CARTESIAN_POINT('',(747.839848603,318.542393099,-54.31273318));
#3121=CARTESIAN_POINT('',(747.839848603,318.145117098,-54.906821748));
#3122=CARTESIAN_POINT('',(747.839848603,317.748240072,-55.501179997));
#3123=CARTESIAN_POINT('',(747.839848603,317.29202862,-56.056011814));
#3124=CARTESIAN_POINT('',(747.839848603,316.776677878,-56.571108781));
#3125=CARTESIAN_POINT('',(747.839848603,316.261658515,-57.086522134));
#3126=CARTESIAN_POINT('',(747.839848603,315.706873423,-57.542658042));
#3127=CARTESIAN_POINT('',(747.839848603,315.112520976,-57.939480426));
#3128=CARTESIAN_POINT('',(747.839848603,314.51843418,-58.336704612));
#3129=CARTESIAN_POINT('',(747.839848603,313.884625286,-58.674717575));
#3130=CARTESIAN_POINT('',(747.839848603,313.211263664,-58.953438907));
#3131=CARTESIAN_POINT('',(747.839848603,312.538085524,-59.232579826));
#3132=CARTESIAN_POINT('',(747.839848603,311.850970156,-59.441712146));
#3133=CARTESIAN_POINT('',(747.839848603,311.150031699,-59.580878945));
#3134=CARTESIAN_POINT('',(747.839848603,310.449185986,-59.720518679));
#3135=CARTESIAN_POINT('',(747.839848603,309.734333956,-59.790228822));
#3136=CARTESIAN_POINT('',(747.839848603,309.005579608,-59.79));
#3137=CARTESIAN_POINT('',(746.839848603,309.005579608,-59.79));
#3138=CARTESIAN_POINT('',(746.839848603,308.276830387,-59.790229154));
#3139=CARTESIAN_POINT('',(746.839848603,307.561938739,-59.720448733));
#3140=CARTESIAN_POINT('',(746.839848603,306.86107059,-59.580773659));
#3141=CARTESIAN_POINT('',(746.839848603,306.160107036,-59.441570547));
#3142=CARTESIAN_POINT('',(746.839848603,305.472985256,-59.232436043));
#3143=CARTESIAN_POINT('',(746.839848603,304.79988182,-58.953433218));
#3144=CARTESIAN_POINT('',(746.839848603,304.126614014,-58.674858219));
#3145=CARTESIAN_POINT('',(746.839848603,303.492846429,-58.33681349));
#3146=CARTESIAN_POINT('',(746.839848603,302.89875786,-57.939537489));
#3147=CARTESIAN_POINT('',(746.839848603,302.304399611,-57.542660463));
#3148=CARTESIAN_POINT('',(746.839848603,301.749567794,-57.086449011));
#3149=CARTESIAN_POINT('',(746.839848603,301.234470827,-56.57109827));
#3150=CARTESIAN_POINT('',(746.839848603,300.719058519,-56.056080095));
#3151=CARTESIAN_POINT('',(746.839848603,300.262897735,-55.501235134));
#3152=CARTESIAN_POINT('',(746.839848603,299.86606241,-54.906852116));
#3153=CARTESIAN_POINT('',(746.839848603,299.468825251,-54.3127345));
#3154=CARTESIAN_POINT('',(746.839848603,299.130812056,-53.678925132));
#3155=CARTESIAN_POINT('',(746.839848603,298.852140702,-53.005684055));
#3156=CARTESIAN_POINT('',(746.839848603,298.573050742,-52.332629553));
#3157=CARTESIAN_POINT('',(746.839848603,298.363943104,-51.645454476));
#3158=CARTESIAN_POINT('',(746.839848603,298.224775603,-50.944453866));
#3159=CARTESIAN_POINT('',(746.839848603,298.085135291,-50.243544681));
#3160=CARTESIAN_POINT('',(746.839848603,298.015400162,-49.52862913));
#3161=CARTESIAN_POINT('',(746.839848603,298.015579608,-48.799992568));
#3162=CARTESIAN_POINT('',(746.839848603,298.015300913,-48.071368185));
#3163=CARTESIAN_POINT('',(746.839848603,298.085081164,-47.356479167));
#3164=CARTESIAN_POINT('',(746.839848603,298.224768478,-46.655581955));
#3165=CARTESIAN_POINT('',(746.839848603,298.363983984,-45.954588271));
#3166=CARTESIAN_POINT('',(746.839848603,298.573143463,-45.267405947));
#3167=CARTESIAN_POINT('',(746.839848603,298.85214639,-44.594302212));
#3168=CARTESIAN_POINT('',(746.839848603,299.130721389,-43.921034406));
#3169=CARTESIAN_POINT('',(746.839848603,299.468766118,-43.28726682));
#3170=CARTESIAN_POINT('',(746.839848603,299.866042119,-42.693178252));
#3171=CARTESIAN_POINT('',(746.839848603,300.262919145,-42.098820003));
#3172=CARTESIAN_POINT('',(746.839848603,300.719130597,-41.543988186));
#3173=CARTESIAN_POINT('',(746.839848603,301.234481339,-41.028891219));
#3174=CARTESIAN_POINT('',(746.839848603,301.749499513,-40.51347891));
#3175=CARTESIAN_POINT('',(746.839848603,302.304344474,-40.057318127));
#3176=CARTESIAN_POINT('',(746.839848603,302.898727493,-39.660482802));
#3177=CARTESIAN_POINT('',(746.839848603,303.492845109,-39.263245643));
#3178=CARTESIAN_POINT('',(746.839848603,304.126654476,-38.925232447));
#3179=CARTESIAN_POINT('',(746.839848603,304.799895553,-38.646561093));
#3180=CARTESIAN_POINT('',(746.839848603,305.472950055,-38.367471133));
#3181=CARTESIAN_POINT('',(746.839848603,306.160125133,-38.158363496));
#3182=CARTESIAN_POINT('',(746.839848603,306.861125742,-38.019195995));
#3183=CARTESIAN_POINT('',(746.839848603,307.562034927,-37.879555683));
#3184=CARTESIAN_POINT('',(746.839848603,308.276950479,-37.809820554));
#3185=CARTESIAN_POINT('',(746.839848603,309.005587041,-37.81));
#3186=CARTESIAN_POINT('',(746.839848603,309.734211423,-37.809721305));
#3187=CARTESIAN_POINT('',(746.839848603,310.449100441,-37.879501556));
#3188=CARTESIAN_POINT('',(746.839848603,311.149997653,-38.01918887));
#3189=CARTESIAN_POINT('',(746.839848603,311.850991337,-38.158404376));
#3190=CARTESIAN_POINT('',(746.839848603,312.538173661,-38.367563855));
#3191=CARTESIAN_POINT('',(746.839848603,313.211277397,-38.646566782));
#3192=CARTESIAN_POINT('',(746.839848603,313.884545203,-38.925141781));
#3193=CARTESIAN_POINT('',(746.839848603,314.518312788,-39.26318651));
#3194=CARTESIAN_POINT('',(746.839848603,315.112401356,-39.660462511));
#3195=CARTESIAN_POINT('',(746.839848603,315.706759606,-40.057339537));
#3196=CARTESIAN_POINT('',(746.839848603,316.261591423,-40.513550989));
#3197=CARTESIAN_POINT('',(746.839848603,316.776688389,-41.02890173));
#3198=CARTESIAN_POINT('',(746.839848603,317.292100698,-41.543919905));
#3199=CARTESIAN_POINT('',(746.839848603,317.748261482,-42.098764866));
#3200=CARTESIAN_POINT('',(746.839848603,318.145096807,-42.693147884));
#3201=CARTESIAN_POINT('',(746.839848603,318.542333966,-43.2872655));
#3202=CARTESIAN_POINT('',(746.839848603,318.880347161,-43.921074868));
#3203=CARTESIAN_POINT('',(746.839848603,319.159018515,-44.594315945));
#3204=CARTESIAN_POINT('',(746.839848603,319.438108475,-45.267370447));
#3205=CARTESIAN_POINT('',(746.839848603,319.647216113,-45.954545524));
#3206=CARTESIAN_POINT('',(746.839848603,319.786383614,-46.655546134));
#3207=CARTESIAN_POINT('',(746.839848603,319.926023926,-47.356455319));
#3208=CARTESIAN_POINT('',(746.839848603,319.995759055,-48.07137087));
#3209=CARTESIAN_POINT('',(746.839848603,319.995579609,-48.800007432));
#3210=CARTESIAN_POINT('',(746.839848603,319.995858303,-49.528631815));
#3211=CARTESIAN_POINT('',(746.839848603,319.926078053,-50.243520833));
#3212=CARTESIAN_POINT('',(746.839848603,319.786390739,-50.944418045));
#3213=CARTESIAN_POINT('',(746.839848603,319.647175232,-51.645411729));
#3214=CARTESIAN_POINT('',(746.839848603,319.438015754,-52.332594053));
#3215=CARTESIAN_POINT('',(746.839848603,319.159012827,-53.005697788));
#3216=CARTESIAN_POINT('',(746.839848603,318.880437827,-53.678965594));
#3217=CARTESIAN_POINT('',(746.839848603,318.542393099,-54.31273318));
#3218=CARTESIAN_POINT('',(746.839848603,318.145117098,-54.906821748));
#3219=CARTESIAN_POINT('',(746.839848603,317.748240072,-55.501179997));
#3220=CARTESIAN_POINT('',(746.839848603,317.29202862,-56.056011814));
#3221=CARTESIAN_POINT('',(746.839848603,316.776677878,-56.571108781));
#3222=CARTESIAN_POINT('',(746.839848603,316.261658515,-57.086522134));
#3223=CARTESIAN_POINT('',(746.839848603,315.706873423,-57.542658042));
#3224=CARTESIAN_POINT('',(746.839848603,315.112520976,-57.939480426));
#3225=CARTESIAN_POINT('',(746.839848603,314.51843418,-58.336704612));
#3226=CARTESIAN_POINT('',(746.839848603,313.884625286,-58.674717575));
#3227=CARTESIAN_POINT('',(746.839848603,313.211263664,-58.953438907));
#3228=CARTESIAN_POINT('',(746.839848603,312.538085524,-59.232579826));
#3229=CARTESIAN_POINT('',(746.839848603,311.850970156,-59.441712146));
#3230=CARTESIAN_POINT('',(746.839848603,311.150031699,-59.580878945));
#3231=CARTESIAN_POINT('',(746.839848603,310.449185986,-59.720518679));
#3232=CARTESIAN_POINT('',(746.839848603,309.734333956,-59.790228822));
#3233=CARTESIAN_POINT('',(746.839848603,309.005579608,-59.79));
#3234=B_SPLINE_SURFACE_WITH_KNOTS('',1,3,((#2749,#2750,#2751,#2752,#2753,#2754,#2755,#2756,#2757,#2758,#2759,#2760,#2761,#2762,#2763,#2764,#2765,#2766,#2767,#2768,#2769,#2770,#2771,#2772,#2773,#2774,
#2775,#2776,#2777,#2778,#2779,#2780,#2781,#2782,#2783,#2784,#2785,#2786,#2787,#2788,#2789,#2790,#2791,#2792,#2793,#2794,#2795,#2796,#2797,#2798,#2799,
#2800,#2801,#2802,#2803,#2804,#2805,#2806,#2807,#2808,#2809,#2810,#2811,#2812,#2813,#2814,#2815,#2816,#2817,#2818,#2819,#2820,#2821,#2822,#2823,#2824,
#2825,#2826,#2827,#2828,#2829,#2830,#2831,#2832,#2833,#2834,#2835,#2836,#2837,#2838,#2839,#2840,#2841,#2842,#2843,#2844,#2845),(#2846,#2847,#2848,#2849,#2850,#2851,#2852,#2853,#2854,#2855,#2856,#2857,#2858,#2859,#2860,#2861,#2862,#2863,#2864,#2865,#2866,#2867,#2868,#2869,#2870,#2871,
#2872,#2873,#2874,#2875,#2876,#2877,#2878,#2879,#2880,#2881,#2882,#2883,#2884,#2885,#2886,#2887,#2888,#2889,#2890,#2891,#2892,#2893,#2894,#2895,#2896,
#2897,#2898,#2899,#2900,#2901,#2902,#2903,#2904,#2905,#2906,#2907,#2908,#2909,#2910,#2911,#2912,#2913,#2914,#2915,#2916,#2917,#2918,#2919,#2920,#2921,
#2922,#2923,#2924,#2925,#2926,#2927,#2928,#2929,#2930,#2931,#2932,#2933,#2934,#2935,#2936,#2937,#2938,#2939,#2940,#2941,#2942),(#2943,#2944,#2945,#2946,#2947,#2948,#2949,#2950,#2951,#2952,#2953,#2954,#2955,#2956,#2957,#2958,#2959,#2960,#2961,#2962,#2963,#2964,#2965,#2966,#2967,#2968,
#2969,#2970,#2971,#2972,#2973,#2974,#2975,#2976,#2977,#2978,#2979,#2980,#2981,#2982,#2983,#2984,#2985,#2986,#2987,#2988,#2989,#2990,#2991,#2992,#2993,
#2994,#2995,#2996,#2997,#2998,#2999,#3000,#3001,#3002,#3003,#3004,#3005,#3006,#3007,#3008,#3009,#3010,#3011,#3012,#3013,#3014,#3015,#3016,#3017,#3018,
#3019,#3020,#3021,#3022,#3023,#3024,#3025,#3026,#3027,#3028,#3029,#3030,#3031,#3032,#3033,#3034,#3035,#3036,#3037,#3038,#3039),(#3040,#3041,#3042,#3043,#3044,#3045,#3046,#3047,#3048,#3049,#3050,#3051,#3052,#3053,#3054,#3055,#3056,#3057,#3058,#3059,#3060,#3061,#3062,#3063,#3064,#3065,
#3066,#3067,#3068,#3069,#3070,#3071,#3072,#3073,#3074,#3075,#3076,#3077,#3078,#3079,#3080,#3081,#3082,#3083,#3084,#3085,#3086,#3087,#3088,#3089,#3090,
#3091,#3092,#3093,#3094,#3095,#3096,#3097,#3098,#3099,#3100,#3101,#3102,#3103,#3104,#3105,#3106,#3107,#3108,#3109,#3110,#3111,#3112,#3113,#3114,#3115,
#3116,#3117,#3118,#3119,#3120,#3121,#3122,#3123,#3124,#3125,#3126,#3127,#3128,#3129,#3130,#3131,#3132,#3133,#3134,#3135,#3136),(#3137,#3138,#3139,#3140,#3141,#3142,#3143,#3144,#3145,#3146,#3147,#3148,#3149,#3150,#3151,#3152,#3153,#3154,#3155,#3156,#3157,#3158,#3159,#3160,#3161,#3162,
#3163,#3164,#3165,#3166,#3167,#3168,#3169,#3170,#3171,#3172,#3173,#3174,#3175,#3176,#3177,#3178,#3179,#3180,#3181,#3182,#3183,#3184,#3185,#3186,#3187,
#3188,#3189,#3190,#3191,#3192,#3193,#3194,#3195,#3196,#3197,#3198,#3199,#3200,#3201,#3202,#3203,#3204,#3205,#3206,#3207,#3208,#3209,#3210,#3211,#3212,
#3213,#3214,#3215,#3216,#3217,#3218,#3219,#3220,#3221,#3222,#3223,#3224,#3225,#3226,#3227,#3228,#3229,#3230,#3231,#3232,#3233)),.UNSPECIFIED.,.F.,.T.,.U.,(2,1,1,1,2),(4,3,3,3,3,3,3,3,3,3,3,3,3,3,3,3,3,3,3,3,3,3,3,3,3,3,
3,3,3,3,3,3,4),(0.704525409,1.,1.636728798,1.721474561,1.890966086),(0.,0.03125,0.0625,0.09375,0.125,0.15625,0.1875,0.21875,0.25,0.28125,0.3125,0.34375,0.375,0.40625,0.4375,0.46875,0.5,0.53125,0.5625,0.59375,0.625,0.65625,0.6875,0.71875,0.75,0.78125,
0.8125,0.84375,0.875,0.90625,0.9375,0.96875,1.),.UNSPECIFIED.);
#3235=CARTESIAN_POINT('',(746.839848603,309.005579608,-59.79));
#3236=CARTESIAN_POINT('',(747.839848603,309.005579608,-59.79));
#3237=CARTESIAN_POINT('',(748.339848603,309.005579608,-59.79));
#3238=CARTESIAN_POINT('',(752.096548513,309.005579608,-59.79));
#3239=CARTESIAN_POINT('',(753.839848603,309.005579608,-59.79));
#3240=B_SPLINE_CURVE_WITH_KNOTS('',1,(#3235,#3236,#3237,#3238,#3239),.UNSPECIFIED.,.F.,.F.,(2,1,1,1,2),(0.,0.169491525,0.254237288,0.890966086,1.186440678),.UNSPECIFIED.);
#3241=EDGE_CURVE('',#2399,#1643,#3240,.T.);
#3242=ORIENTED_EDGE('',*,*,#3241,.T.);
#3243=ORIENTED_EDGE('',*,*,#1802,.F.);
#3244=ORIENTED_EDGE('',*,*,#1962,.F.);
#3245=ORIENTED_EDGE('',*,*,#3241,.F.);
#3246=ORIENTED_EDGE('',*,*,#2572,.T.);
#3247=ORIENTED_EDGE('',*,*,#2744,.T.);
#3248=EDGE_LOOP('',(#3242,#3243,#3244,#3245,#3246,#3247));
#3249=FACE_BOUND('',#3248,.T.);
#3250=ADVANCED_FACE('',(#3249),#3234,.T.);
#3251=CARTESIAN_POINT('',(1077.24330009,70.73651819,-168.159190865));
#3252=DIRECTION('',(-0.,0.388648316,-0.921386177));
#3253=DIRECTION('',(0.,0.921386177,0.388648316));
#3254=AXIS2_PLACEMENT_3D('',#3251,#3252,#3253);
#3255=PLANE('',#3254);
#3256=ORIENTED_EDGE('',*,*,#1407,.T.);
#3257=ORIENTED_EDGE('',*,*,#2329,.T.);
#3258=ORIENTED_EDGE('',*,*,#221,.F.);
#3259=CARTESIAN_POINT('',(753.839848603,322.117913623,-62.124437556));
#3260=DIRECTION('',(-1.,0.,0.));
#3261=VECTOR('',#3260,10.);
#3262=LINE('',#3259,#3261);
#3263=EDGE_CURVE('',#1402,#207,#3262,.T.);
#3264=ORIENTED_EDGE('',*,*,#3263,.F.);
#3265=EDGE_LOOP('',(#3256,#3257,#3258,#3264));
#3266=FACE_BOUND('',#3265,.T.);
#3267=ADVANCED_FACE('',(#3266),#3255,.T.);
#3268=CARTESIAN_POINT('',(715.839848603,309.005579608,-48.7));
#3269=DIRECTION('',(1.,0.,-0.));
#3270=DIRECTION('',(-0.,0.,-1.));
#3271=AXIS2_PLACEMENT_3D('',#3268,#3269,#3270);
#3272=CYLINDRICAL_SURFACE('',#3271,5.5);
#3273=CARTESIAN_POINT('',(746.839848603,309.005579608,-54.2));
#3274=DIRECTION('',(-1.,-0.,0.));
#3275=VECTOR('',#3274,3.);
#3276=LINE('',#3273,#3275);
#3277=EDGE_CURVE('',#2388,#899,#3276,.T.);
#3278=ORIENTED_EDGE('',*,*,#3277,.F.);
#3279=ORIENTED_EDGE('',*,*,#2394,.T.);
#3280=ORIENTED_EDGE('',*,*,#3277,.T.);
#3281=ORIENTED_EDGE('',*,*,#907,.T.);
#3282=ORIENTED_EDGE('',*,*,#914,.T.);
#3283=EDGE_LOOP('',(#3278,#3279,#3280,#3281,#3282));
#3284=FACE_BOUND('',#3283,.T.);
#3285=ADVANCED_FACE('',(#3284),#3272,.F.);
#3286=CARTESIAN_POINT('',(745.054148693,207.346992443,-35.037421357));
#3287=DIRECTION('',(-0.,-1.,0.));
#3288=DIRECTION('',(1.,-0.,-0.));
#3289=AXIS2_PLACEMENT_3D('',#3286,#3287,#3288);
#3290=PLANE('',#3289);
#3291=ORIENTED_EDGE('',*,*,#651,.F.);
#3292=CARTESIAN_POINT('',(763.839848603,207.346992443,-35.337421357));
#3293=DIRECTION('',(-1.,0.,0.));
#3294=VECTOR('',#3293,20.);
#3295=LINE('',#3292,#3294);
#3296=EDGE_CURVE('',#1017,#640,#3295,.T.);
#3297=ORIENTED_EDGE('',*,*,#3296,.F.);
#3298=ORIENTED_EDGE('',*,*,#1022,.F.);
#3299=ORIENTED_EDGE('',*,*,#119,.F.);
#3300=EDGE_LOOP('',(#3291,#3297,#3298,#3299));
#3301=FACE_BOUND('',#3300,.T.);
#3302=ADVANCED_FACE('',(#3301),#3290,.T.);
#3303=CARTESIAN_POINT('',(744.839848603,214.105579608,-35.337421357));
#3304=DIRECTION('',(-0.,0.,-1.));
#3305=DIRECTION('',(0.,-1.,0.));
#3306=AXIS2_PLACEMENT_3D('',#3303,#3304,#3305);
#3307=PLANE('',#3306);
#3308=ORIENTED_EDGE('',*,*,#3296,.T.);
#3309=ORIENTED_EDGE('',*,*,#645,.T.);
#3310=CARTESIAN_POINT('',(763.839848603,214.105579608,-35.337421357));
#3311=DIRECTION('',(-1.,-0.,0.));
#3312=VECTOR('',#3311,20.);
#3313=LINE('',#3310,#3312);
#3314=EDGE_CURVE('',#1025,#632,#3313,.T.);
#3315=ORIENTED_EDGE('',*,*,#3314,.F.);
#3316=ORIENTED_EDGE('',*,*,#1030,.T.);
#3317=EDGE_LOOP('',(#3308,#3309,#3315,#3316));
#3318=FACE_BOUND('',#3317,.T.);
#3319=ADVANCED_FACE('',(#3318),#3307,.T.);
#3320=CARTESIAN_POINT('',(744.839848603,214.105579608,-35.437421356));
#3321=DIRECTION('',(0.,1.,0.));
#3322=DIRECTION('',(-0.,0.,-1.));
#3323=AXIS2_PLACEMENT_3D('',#3320,#3321,#3322);
#3324=PLANE('',#3323);
#3325=ORIENTED_EDGE('',*,*,#3314,.T.);
#3326=ORIENTED_EDGE('',*,*,#637,.T.);
#3327=CARTESIAN_POINT('',(763.839848603,214.105579608,-37.5));
#3328=DIRECTION('',(-1.,0.,0.));
#3329=VECTOR('',#3328,20.);
#3330=LINE('',#3327,#3329);
#3331=EDGE_CURVE('',#1033,#624,#3330,.T.);
#3332=ORIENTED_EDGE('',*,*,#3331,.F.);
#3333=ORIENTED_EDGE('',*,*,#1038,.F.);
#3334=EDGE_LOOP('',(#3325,#3326,#3332,#3333));
#3335=FACE_BOUND('',#3334,.T.);
#3336=ADVANCED_FACE('',(#3335),#3324,.F.);
#3337=CARTESIAN_POINT('',(744.839848603,214.105579608,-37.5));
#3338=DIRECTION('',(-0.,0.,-1.));
#3339=DIRECTION('',(0.,-1.,0.));
#3340=AXIS2_PLACEMENT_3D('',#3337,#3338,#3339);
#3341=PLANE('',#3340);
#3342=ORIENTED_EDGE('',*,*,#3331,.T.);
#3343=ORIENTED_EDGE('',*,*,#629,.T.);
#3344=CARTESIAN_POINT('',(763.839848603,212.778452247,-37.5));
#3345=DIRECTION('',(-1.,-0.,0.));
#3346=VECTOR('',#3345,20.);
#3347=LINE('',#3344,#3346);
#3348=EDGE_CURVE('',#1041,#616,#3347,.T.);
#3349=ORIENTED_EDGE('',*,*,#3348,.F.);
#3350=ORIENTED_EDGE('',*,*,#1046,.F.);
#3351=EDGE_LOOP('',(#3342,#3343,#3349,#3350));
#3352=FACE_BOUND('',#3351,.T.);
#3353=ADVANCED_FACE('',(#3352),#3341,.F.);
#3354=CARTESIAN_POINT('',(744.839848603,212.778452247,-37.5));
#3355=DIRECTION('',(-0.,0.707106781,-0.707106781));
#3356=DIRECTION('',(-0.,-0.707106781,-0.707106781));
#3357=AXIS2_PLACEMENT_3D('',#3354,#3355,#3356);
#3358=PLANE('',#3357);
#3359=ORIENTED_EDGE('',*,*,#3348,.T.);
#3360=ORIENTED_EDGE('',*,*,#621,.T.);
#3361=CARTESIAN_POINT('',(763.839848603,212.378452247,-37.9));
#3362=DIRECTION('',(-1.,-0.,0.));
#3363=VECTOR('',#3362,20.);
#3364=LINE('',#3361,#3363);
#3365=EDGE_CURVE('',#1049,#608,#3364,.T.);
#3366=ORIENTED_EDGE('',*,*,#3365,.F.);
#3367=ORIENTED_EDGE('',*,*,#1054,.F.);
#3368=EDGE_LOOP('',(#3359,#3360,#3366,#3367));
#3369=FACE_BOUND('',#3368,.T.);
#3370=ADVANCED_FACE('',(#3369),#3358,.F.);
#3371=CARTESIAN_POINT('',(744.839848603,212.378452247,-37.9));
#3372=DIRECTION('',(0.,1.,0.));
#3373=DIRECTION('',(-0.,0.,-1.));
#3374=AXIS2_PLACEMENT_3D('',#3371,#3372,#3373);
#3375=PLANE('',#3374);
#3376=ORIENTED_EDGE('',*,*,#3365,.T.);
#3377=ORIENTED_EDGE('',*,*,#613,.T.);
#3378=CARTESIAN_POINT('',(763.839848603,212.378452247,-39.6));
#3379=DIRECTION('',(-1.,0.,0.));
#3380=VECTOR('',#3379,20.);
#3381=LINE('',#3378,#3380);
#3382=EDGE_CURVE('',#1057,#600,#3381,.T.);
#3383=ORIENTED_EDGE('',*,*,#3382,.F.);
#3384=ORIENTED_EDGE('',*,*,#1062,.F.);
#3385=EDGE_LOOP('',(#3376,#3377,#3383,#3384));
#3386=FACE_BOUND('',#3385,.T.);
#3387=ADVANCED_FACE('',(#3386),#3375,.F.);
#3388=CARTESIAN_POINT('',(744.839848603,214.055579608,-41.25));
#3389=DIRECTION('',(-0.,-0.701318154,-0.712848403));
#3390=DIRECTION('',(0.,-0.712848403,0.701318154));
#3391=AXIS2_PLACEMENT_3D('',#3388,#3389,#3390);
#3392=PLANE('',#3391);
#3393=ORIENTED_EDGE('',*,*,#3382,.T.);
#3394=ORIENTED_EDGE('',*,*,#605,.T.);
#3395=CARTESIAN_POINT('',(763.839848603,214.055579608,-41.25));
#3396=DIRECTION('',(-1.,0.,0.));
#3397=VECTOR('',#3396,20.);
#3398=LINE('',#3395,#3397);
#3399=EDGE_CURVE('',#1065,#592,#3398,.T.);
#3400=ORIENTED_EDGE('',*,*,#3399,.F.);
#3401=ORIENTED_EDGE('',*,*,#1070,.T.);
#3402=EDGE_LOOP('',(#3393,#3394,#3400,#3401));
#3403=FACE_BOUND('',#3402,.T.);
#3404=ADVANCED_FACE('',(#3403),#3392,.T.);
#3405=CARTESIAN_POINT('',(744.839848603,214.055579608,-41.25));
#3406=DIRECTION('',(0.,0.,1.));
#3407=DIRECTION('',(0.,1.,0.));
#3408=AXIS2_PLACEMENT_3D('',#3405,#3406,#3407);
#3409=PLANE('',#3408);
#3410=ORIENTED_EDGE('',*,*,#3399,.T.);
#3411=ORIENTED_EDGE('',*,*,#597,.T.);
#3412=CARTESIAN_POINT('',(763.839848603,219.855579608,-41.25));
#3413=DIRECTION('',(-1.,0.,0.));
#3414=VECTOR('',#3413,20.);
#3415=LINE('',#3412,#3414);
#3416=EDGE_CURVE('',#1073,#584,#3415,.T.);
#3417=ORIENTED_EDGE('',*,*,#3416,.F.);
#3418=ORIENTED_EDGE('',*,*,#1078,.F.);
#3419=EDGE_LOOP('',(#3410,#3411,#3417,#3418));
#3420=FACE_BOUND('',#3419,.T.);
#3421=ADVANCED_FACE('',(#3420),#3409,.F.);
#3422=CARTESIAN_POINT('',(744.839848603,221.53270697,-39.6));
#3423=DIRECTION('',(-0.,0.701318154,-0.712848403));
#3424=DIRECTION('',(-0.,-0.712848403,-0.701318154));
#3425=AXIS2_PLACEMENT_3D('',#3422,#3423,#3424);
#3426=PLANE('',#3425);
#3427=ORIENTED_EDGE('',*,*,#3416,.T.);
#3428=ORIENTED_EDGE('',*,*,#589,.T.);
#3429=CARTESIAN_POINT('',(763.839848603,221.53270697,-39.6));
#3430=DIRECTION('',(-1.,0.,0.));
#3431=VECTOR('',#3430,20.);
#3432=LINE('',#3429,#3431);
#3433=EDGE_CURVE('',#1081,#576,#3432,.T.);
#3434=ORIENTED_EDGE('',*,*,#3433,.F.);
#3435=ORIENTED_EDGE('',*,*,#1086,.T.);
#3436=EDGE_LOOP('',(#3427,#3428,#3434,#3435));
#3437=FACE_BOUND('',#3436,.T.);
#3438=ADVANCED_FACE('',(#3437),#3426,.T.);
#3439=CARTESIAN_POINT('',(744.839848603,221.53270697,-39.6));
#3440=DIRECTION('',(0.,-1.,0.));
#3441=DIRECTION('',(0.,0.,1.));
#3442=AXIS2_PLACEMENT_3D('',#3439,#3440,#3441);
#3443=PLANE('',#3442);
#3444=ORIENTED_EDGE('',*,*,#3433,.T.);
#3445=ORIENTED_EDGE('',*,*,#581,.T.);
#3446=CARTESIAN_POINT('',(763.839848603,221.53270697,-37.9));
#3447=DIRECTION('',(-1.,-0.,0.));
#3448=VECTOR('',#3447,20.);
#3449=LINE('',#3446,#3448);
#3450=EDGE_CURVE('',#1089,#568,#3449,.T.);
#3451=ORIENTED_EDGE('',*,*,#3450,.F.);
#3452=ORIENTED_EDGE('',*,*,#1094,.F.);
#3453=EDGE_LOOP('',(#3444,#3445,#3451,#3452));
#3454=FACE_BOUND('',#3453,.T.);
#3455=ADVANCED_FACE('',(#3454),#3443,.F.);
#3456=CARTESIAN_POINT('',(744.839848603,221.53270697,-37.9));
#3457=DIRECTION('',(-0.,-0.707106781,-0.707106781));
#3458=DIRECTION('',(0.,-0.707106781,0.707106781));
#3459=AXIS2_PLACEMENT_3D('',#3456,#3457,#3458);
#3460=PLANE('',#3459);
#3461=ORIENTED_EDGE('',*,*,#3450,.T.);
#3462=ORIENTED_EDGE('',*,*,#573,.T.);
#3463=CARTESIAN_POINT('',(763.839848603,221.13270697,-37.5));
#3464=DIRECTION('',(-1.,-0.,0.));
#3465=VECTOR('',#3464,20.);
#3466=LINE('',#3463,#3465);
#3467=EDGE_CURVE('',#1097,#560,#3466,.T.);
#3468=ORIENTED_EDGE('',*,*,#3467,.F.);
#3469=ORIENTED_EDGE('',*,*,#1102,.F.);
#3470=EDGE_LOOP('',(#3461,#3462,#3468,#3469));
#3471=FACE_BOUND('',#3470,.T.);
#3472=ADVANCED_FACE('',(#3471),#3460,.F.);
#3473=CARTESIAN_POINT('',(744.839848603,221.13270697,-37.5));
#3474=DIRECTION('',(-0.,0.,-1.));
#3475=DIRECTION('',(0.,-1.,0.));
#3476=AXIS2_PLACEMENT_3D('',#3473,#3474,#3475);
#3477=PLANE('',#3476);
#3478=ORIENTED_EDGE('',*,*,#3467,.T.);
#3479=ORIENTED_EDGE('',*,*,#565,.T.);
#3480=CARTESIAN_POINT('',(763.839848603,219.878405278,-37.5));
#3481=DIRECTION('',(-1.,0.,0.));
#3482=VECTOR('',#3481,20.);
#3483=LINE('',#3480,#3482);
#3484=EDGE_CURVE('',#1105,#552,#3483,.T.);
#3485=ORIENTED_EDGE('',*,*,#3484,.F.);
#3486=ORIENTED_EDGE('',*,*,#1110,.F.);
#3487=EDGE_LOOP('',(#3478,#3479,#3485,#3486));
#3488=FACE_BOUND('',#3487,.T.);
#3489=ADVANCED_FACE('',(#3488),#3477,.F.);
#3490=CARTESIAN_POINT('',(744.839848603,219.878405278,-37.5));
#3491=DIRECTION('',(0.,-1.,0.));
#3492=DIRECTION('',(0.,0.,1.));
#3493=AXIS2_PLACEMENT_3D('',#3490,#3491,#3492);
#3494=PLANE('',#3493);
#3495=ORIENTED_EDGE('',*,*,#3484,.T.);
#3496=ORIENTED_EDGE('',*,*,#557,.T.);
#3497=CARTESIAN_POINT('',(763.839848603,219.878405278,-35.337421357));
#3498=DIRECTION('',(-1.,-0.,0.));
#3499=VECTOR('',#3498,20.);
#3500=LINE('',#3497,#3499);
#3501=EDGE_CURVE('',#1113,#544,#3500,.T.);
#3502=ORIENTED_EDGE('',*,*,#3501,.F.);
#3503=ORIENTED_EDGE('',*,*,#1118,.F.);
#3504=EDGE_LOOP('',(#3495,#3496,#3502,#3503));
#3505=FACE_BOUND('',#3504,.T.);
#3506=ADVANCED_FACE('',(#3505),#3494,.F.);
#3507=CARTESIAN_POINT('',(754.839848603,227.146992443,-76.137421357));
#3508=DIRECTION('',(0.,1.,0.));
#3509=DIRECTION('',(-0.,0.,-1.));
#3510=AXIS2_PLACEMENT_3D('',#3507,#3508,#3509);
#3511=PLANE('',#3510);
#3512=CARTESIAN_POINT('',(743.839848603,227.146992443,-42.651008522));
#3513=DIRECTION('',(1.,0.,-0.));
#3514=VECTOR('',#3513,10.);
#3515=LINE('',#3512,#3514);
#3516=EDGE_CURVE('',#528,#1162,#3515,.T.);
#3517=ORIENTED_EDGE('',*,*,#3516,.T.);
#3518=ORIENTED_EDGE('',*,*,#1167,.T.);
#3519=CARTESIAN_POINT('',(753.839848603,227.146992443,-35.337421357));
#3520=DIRECTION('',(-1.,-0.,0.));
#3521=VECTOR('',#3520,10.);
#3522=LINE('',#3519,#3521);
#3523=EDGE_CURVE('',#1154,#536,#3522,.T.);
#3524=ORIENTED_EDGE('',*,*,#3523,.T.);
#3525=ORIENTED_EDGE('',*,*,#541,.F.);
#3526=EDGE_LOOP('',(#3517,#3518,#3524,#3525));
#3527=FACE_BOUND('',#3526,.T.);
#3528=ADVANCED_FACE('',(#3527),#3511,.F.);
#3529=CARTESIAN_POINT('',(744.839848603,227.046992443,-42.651008522));
#3530=DIRECTION('',(0.,0.,-1.));
#3531=DIRECTION('',(-0.,-1.,-0.));
#3532=AXIS2_PLACEMENT_3D('',#3529,#3530,#3531);
#3533=PLANE('',#3532);
#3534=ORIENTED_EDGE('',*,*,#533,.T.);
#3535=CARTESIAN_POINT('',(753.839848603,224.9844138,-42.651008522));
#3536=DIRECTION('',(-1.,0.,0.));
#3537=VECTOR('',#3536,10.);
#3538=LINE('',#3535,#3537);
#3539=EDGE_CURVE('',#1170,#520,#3538,.T.);
#3540=ORIENTED_EDGE('',*,*,#3539,.F.);
#3541=ORIENTED_EDGE('',*,*,#1175,.F.);
#3542=ORIENTED_EDGE('',*,*,#3516,.F.);
#3543=EDGE_LOOP('',(#3534,#3540,#3541,#3542));
#3544=FACE_BOUND('',#3543,.T.);
#3545=ADVANCED_FACE('',(#3544),#3533,.F.);
#3546=CARTESIAN_POINT('',(744.839848603,224.9844138,-42.651008522));
#3547=DIRECTION('',(-0.,-1.,-0.));
#3548=DIRECTION('',(0.,-0.,1.));
#3549=AXIS2_PLACEMENT_3D('',#3546,#3547,#3548);
#3550=PLANE('',#3549);
#3551=ORIENTED_EDGE('',*,*,#3539,.T.);
#3552=ORIENTED_EDGE('',*,*,#525,.T.);
#3553=CARTESIAN_POINT('',(753.839848603,224.9844138,-41.323881161));
#3554=DIRECTION('',(-1.,0.,0.));
#3555=VECTOR('',#3554,10.);
#3556=LINE('',#3553,#3555);
#3557=EDGE_CURVE('',#1178,#512,#3556,.T.);
#3558=ORIENTED_EDGE('',*,*,#3557,.F.);
#3559=ORIENTED_EDGE('',*,*,#1183,.F.);
#3560=EDGE_LOOP('',(#3551,#3552,#3558,#3559));
#3561=FACE_BOUND('',#3560,.T.);
#3562=ADVANCED_FACE('',(#3561),#3550,.F.);
#3563=CARTESIAN_POINT('',(744.839848603,224.9844138,-41.323881161));
#3564=DIRECTION('',(-0.,-0.707106781,-0.707106781));
#3565=DIRECTION('',(-0.,-0.707106781,0.707106781));
#3566=AXIS2_PLACEMENT_3D('',#3563,#3564,#3565);
#3567=PLANE('',#3566);
#3568=ORIENTED_EDGE('',*,*,#3557,.T.);
#3569=ORIENTED_EDGE('',*,*,#517,.T.);
#3570=CARTESIAN_POINT('',(753.839848603,224.5844138,-40.923881161));
#3571=DIRECTION('',(-1.,0.,0.));
#3572=VECTOR('',#3571,10.);
#3573=LINE('',#3570,#3572);
#3574=EDGE_CURVE('',#1186,#504,#3573,.T.);
#3575=ORIENTED_EDGE('',*,*,#3574,.F.);
#3576=ORIENTED_EDGE('',*,*,#1191,.F.);
#3577=EDGE_LOOP('',(#3568,#3569,#3575,#3576));
#3578=FACE_BOUND('',#3577,.T.);
#3579=ADVANCED_FACE('',(#3578),#3567,.F.);
#3580=CARTESIAN_POINT('',(744.839848603,224.5844138,-40.923881161));
#3581=DIRECTION('',(0.,0.,-1.));
#3582=DIRECTION('',(-0.,-1.,-0.));
#3583=AXIS2_PLACEMENT_3D('',#3580,#3581,#3582);
#3584=PLANE('',#3583);
#3585=ORIENTED_EDGE('',*,*,#3574,.T.);
#3586=ORIENTED_EDGE('',*,*,#509,.T.);
#3587=CARTESIAN_POINT('',(753.839848603,222.8844138,-40.923881161));
#3588=DIRECTION('',(-1.,0.,0.));
#3589=VECTOR('',#3588,10.);
#3590=LINE('',#3587,#3589);
#3591=EDGE_CURVE('',#1194,#496,#3590,.T.);
#3592=ORIENTED_EDGE('',*,*,#3591,.F.);
#3593=ORIENTED_EDGE('',*,*,#1199,.F.);
#3594=EDGE_LOOP('',(#3585,#3586,#3592,#3593));
#3595=FACE_BOUND('',#3594,.T.);
#3596=ADVANCED_FACE('',(#3595),#3584,.F.);
#3597=CARTESIAN_POINT('',(744.839848603,221.2344138,-42.601008522));
#3598=DIRECTION('',(-0.,-0.712848403,0.701318154));
#3599=DIRECTION('',(0.,0.701318154,0.712848403));
#3600=AXIS2_PLACEMENT_3D('',#3597,#3598,#3599);
#3601=PLANE('',#3600);
#3602=ORIENTED_EDGE('',*,*,#3591,.T.);
#3603=ORIENTED_EDGE('',*,*,#501,.T.);
#3604=CARTESIAN_POINT('',(753.839848603,221.2344138,-42.601008522));
#3605=DIRECTION('',(-1.,0.,0.));
#3606=VECTOR('',#3605,10.);
#3607=LINE('',#3604,#3606);
#3608=EDGE_CURVE('',#1202,#488,#3607,.T.);
#3609=ORIENTED_EDGE('',*,*,#3608,.F.);
#3610=ORIENTED_EDGE('',*,*,#1207,.T.);
#3611=EDGE_LOOP('',(#3602,#3603,#3609,#3610));
#3612=FACE_BOUND('',#3611,.T.);
#3613=ADVANCED_FACE('',(#3612),#3601,.T.);
#3614=CARTESIAN_POINT('',(744.839848603,221.2344138,-42.601008522));
#3615=DIRECTION('',(0.,1.,0.));
#3616=DIRECTION('',(0.,0.,-1.));
#3617=AXIS2_PLACEMENT_3D('',#3614,#3615,#3616);
#3618=PLANE('',#3617);
#3619=ORIENTED_EDGE('',*,*,#3608,.T.);
#3620=ORIENTED_EDGE('',*,*,#493,.T.);
#3621=CARTESIAN_POINT('',(753.839848603,221.2344138,-48.401008522));
#3622=DIRECTION('',(-1.,0.,0.));
#3623=VECTOR('',#3622,10.);
#3624=LINE('',#3621,#3623);
#3625=EDGE_CURVE('',#1210,#480,#3624,.T.);
#3626=ORIENTED_EDGE('',*,*,#3625,.F.);
#3627=ORIENTED_EDGE('',*,*,#1215,.F.);
#3628=EDGE_LOOP('',(#3619,#3620,#3626,#3627));
#3629=FACE_BOUND('',#3628,.T.);
#3630=ADVANCED_FACE('',(#3629),#3618,.F.);
#3631=CARTESIAN_POINT('',(744.839848603,222.8844138,-50.078135883));
#3632=DIRECTION('',(-0.,-0.712848403,-0.701318154));
#3633=DIRECTION('',(-0.,-0.701318154,0.712848403));
#3634=AXIS2_PLACEMENT_3D('',#3631,#3632,#3633);
#3635=PLANE('',#3634);
#3636=ORIENTED_EDGE('',*,*,#3625,.T.);
#3637=ORIENTED_EDGE('',*,*,#485,.T.);
#3638=CARTESIAN_POINT('',(753.839848603,222.8844138,-50.078135883));
#3639=DIRECTION('',(-1.,0.,0.));
#3640=VECTOR('',#3639,10.);
#3641=LINE('',#3638,#3640);
#3642=EDGE_CURVE('',#1218,#472,#3641,.T.);
#3643=ORIENTED_EDGE('',*,*,#3642,.F.);
#3644=ORIENTED_EDGE('',*,*,#1223,.T.);
#3645=EDGE_LOOP('',(#3636,#3637,#3643,#3644));
#3646=FACE_BOUND('',#3645,.T.);
#3647=ADVANCED_FACE('',(#3646),#3635,.T.);
#3648=CARTESIAN_POINT('',(744.839848603,222.8844138,-50.078135883));
#3649=DIRECTION('',(0.,-0.,1.));
#3650=DIRECTION('',(0.,1.,0.));
#3651=AXIS2_PLACEMENT_3D('',#3648,#3649,#3650);
#3652=PLANE('',#3651);
#3653=ORIENTED_EDGE('',*,*,#3642,.T.);
#3654=ORIENTED_EDGE('',*,*,#477,.T.);
#3655=CARTESIAN_POINT('',(753.839848603,224.5844138,-50.078135883));
#3656=DIRECTION('',(-1.,0.,0.));
#3657=VECTOR('',#3656,10.);
#3658=LINE('',#3655,#3657);
#3659=EDGE_CURVE('',#1226,#464,#3658,.T.);
#3660=ORIENTED_EDGE('',*,*,#3659,.F.);
#3661=ORIENTED_EDGE('',*,*,#1231,.F.);
#3662=EDGE_LOOP('',(#3653,#3654,#3660,#3661));
#3663=FACE_BOUND('',#3662,.T.);
#3664=ADVANCED_FACE('',(#3663),#3652,.F.);
#3665=CARTESIAN_POINT('',(744.839848603,224.5844138,-50.078135883));
#3666=DIRECTION('',(-0.,-0.707106781,0.707106781));
#3667=DIRECTION('',(0.,0.707106781,0.707106781));
#3668=AXIS2_PLACEMENT_3D('',#3665,#3666,#3667);
#3669=PLANE('',#3668);
#3670=ORIENTED_EDGE('',*,*,#3659,.T.);
#3671=ORIENTED_EDGE('',*,*,#469,.T.);
#3672=CARTESIAN_POINT('',(753.839848603,224.9844138,-49.678135883));
#3673=DIRECTION('',(-1.,0.,0.));
#3674=VECTOR('',#3673,10.);
#3675=LINE('',#3672,#3674);
#3676=EDGE_CURVE('',#1234,#456,#3675,.T.);
#3677=ORIENTED_EDGE('',*,*,#3676,.F.);
#3678=ORIENTED_EDGE('',*,*,#1239,.F.);
#3679=EDGE_LOOP('',(#3670,#3671,#3677,#3678));
#3680=FACE_BOUND('',#3679,.T.);
#3681=ADVANCED_FACE('',(#3680),#3669,.F.);
#3682=CARTESIAN_POINT('',(744.839848603,224.9844138,-49.678135883));
#3683=DIRECTION('',(-0.,-1.,-0.));
#3684=DIRECTION('',(0.,-0.,1.));
#3685=AXIS2_PLACEMENT_3D('',#3682,#3683,#3684);
#3686=PLANE('',#3685);
#3687=ORIENTED_EDGE('',*,*,#3676,.T.);
#3688=ORIENTED_EDGE('',*,*,#461,.T.);
#3689=CARTESIAN_POINT('',(753.839848603,224.9844138,-48.423834191));
#3690=DIRECTION('',(-1.,0.,0.));
#3691=VECTOR('',#3690,10.);
#3692=LINE('',#3689,#3691);
#3693=EDGE_CURVE('',#1242,#448,#3692,.T.);
#3694=ORIENTED_EDGE('',*,*,#3693,.F.);
#3695=ORIENTED_EDGE('',*,*,#1247,.F.);
#3696=EDGE_LOOP('',(#3687,#3688,#3694,#3695));
#3697=FACE_BOUND('',#3696,.T.);
#3698=ADVANCED_FACE('',(#3697),#3686,.F.);
#3699=CARTESIAN_POINT('',(744.839848603,224.9844138,-48.423834191));
#3700=DIRECTION('',(0.,-0.,1.));
#3701=DIRECTION('',(0.,1.,0.));
#3702=AXIS2_PLACEMENT_3D('',#3699,#3700,#3701);
#3703=PLANE('',#3702);
#3704=ORIENTED_EDGE('',*,*,#1255,.F.);
#3705=ORIENTED_EDGE('',*,*,#3693,.T.);
#3706=ORIENTED_EDGE('',*,*,#453,.T.);
#3707=CARTESIAN_POINT('',(753.839848603,227.146992443,-48.423834191));
#3708=DIRECTION('',(-1.,0.,0.));
#3709=VECTOR('',#3708,10.);
#3710=LINE('',#3707,#3709);
#3711=EDGE_CURVE('',#1250,#440,#3710,.T.);
#3712=ORIENTED_EDGE('',*,*,#3711,.F.);
#3713=EDGE_LOOP('',(#3704,#3705,#3706,#3712));
#3714=FACE_BOUND('',#3713,.T.);
#3715=ADVANCED_FACE('',(#3714),#3703,.F.);
#3716=CARTESIAN_POINT('',(754.839848603,227.146992443,-76.137421357));
#3717=DIRECTION('',(0.,1.,0.));
#3718=DIRECTION('',(-0.,0.,-1.));
#3719=AXIS2_PLACEMENT_3D('',#3716,#3717,#3718);
#3720=PLANE('',#3719);
#3721=ORIENTED_EDGE('',*,*,#3711,.T.);
#3722=ORIENTED_EDGE('',*,*,#445,.F.);
#3723=CARTESIAN_POINT('',(743.839848603,227.146992443,-62.651008522));
#3724=DIRECTION('',(1.,0.,-0.));
#3725=VECTOR('',#3724,10.);
#3726=LINE('',#3723,#3725);
#3727=EDGE_CURVE('',#432,#1258,#3726,.T.);
#3728=ORIENTED_EDGE('',*,*,#3727,.T.);
#3729=ORIENTED_EDGE('',*,*,#1263,.T.);
#3730=EDGE_LOOP('',(#3721,#3722,#3728,#3729));
#3731=FACE_BOUND('',#3730,.T.);
#3732=ADVANCED_FACE('',(#3731),#3720,.F.);
#3733=CARTESIAN_POINT('',(744.839848603,227.046992443,-62.651008522));
#3734=DIRECTION('',(0.,0.,-1.));
#3735=DIRECTION('',(-0.,-1.,-0.));
#3736=AXIS2_PLACEMENT_3D('',#3733,#3734,#3735);
#3737=PLANE('',#3736);
#3738=ORIENTED_EDGE('',*,*,#437,.T.);
#3739=CARTESIAN_POINT('',(753.839848603,224.9844138,-62.651008522));
#3740=DIRECTION('',(-1.,0.,0.));
#3741=VECTOR('',#3740,10.);
#3742=LINE('',#3739,#3741);
#3743=EDGE_CURVE('',#1266,#424,#3742,.T.);
#3744=ORIENTED_EDGE('',*,*,#3743,.F.);
#3745=ORIENTED_EDGE('',*,*,#1271,.F.);
#3746=ORIENTED_EDGE('',*,*,#3727,.F.);
#3747=EDGE_LOOP('',(#3738,#3744,#3745,#3746));
#3748=FACE_BOUND('',#3747,.T.);
#3749=ADVANCED_FACE('',(#3748),#3737,.F.);
#3750=CARTESIAN_POINT('',(744.839848603,224.9844138,-62.651008522));
#3751=DIRECTION('',(-0.,-1.,-0.));
#3752=DIRECTION('',(0.,-0.,1.));
#3753=AXIS2_PLACEMENT_3D('',#3750,#3751,#3752);
#3754=PLANE('',#3753);
#3755=ORIENTED_EDGE('',*,*,#3743,.T.);
#3756=ORIENTED_EDGE('',*,*,#429,.T.);
#3757=CARTESIAN_POINT('',(753.839848603,224.9844138,-61.323881161));
#3758=DIRECTION('',(-1.,0.,0.));
#3759=VECTOR('',#3758,10.);
#3760=LINE('',#3757,#3759);
#3761=EDGE_CURVE('',#1274,#416,#3760,.T.);
#3762=ORIENTED_EDGE('',*,*,#3761,.F.);
#3763=ORIENTED_EDGE('',*,*,#1279,.F.);
#3764=EDGE_LOOP('',(#3755,#3756,#3762,#3763));
#3765=FACE_BOUND('',#3764,.T.);
#3766=ADVANCED_FACE('',(#3765),#3754,.F.);
#3767=CARTESIAN_POINT('',(744.839848603,224.9844138,-61.323881161));
#3768=DIRECTION('',(-0.,-0.707106781,-0.707106781));
#3769=DIRECTION('',(-0.,-0.707106781,0.707106781));
#3770=AXIS2_PLACEMENT_3D('',#3767,#3768,#3769);
#3771=PLANE('',#3770);
#3772=ORIENTED_EDGE('',*,*,#3761,.T.);
#3773=ORIENTED_EDGE('',*,*,#421,.T.);
#3774=CARTESIAN_POINT('',(753.839848603,224.5844138,-60.923881161));
#3775=DIRECTION('',(-1.,0.,0.));
#3776=VECTOR('',#3775,10.);
#3777=LINE('',#3774,#3776);
#3778=EDGE_CURVE('',#1282,#408,#3777,.T.);
#3779=ORIENTED_EDGE('',*,*,#3778,.F.);
#3780=ORIENTED_EDGE('',*,*,#1287,.F.);
#3781=EDGE_LOOP('',(#3772,#3773,#3779,#3780));
#3782=FACE_BOUND('',#3781,.T.);
#3783=ADVANCED_FACE('',(#3782),#3771,.F.);
#3784=CARTESIAN_POINT('',(744.839848603,224.5844138,-60.923881161));
#3785=DIRECTION('',(0.,0.,-1.));
#3786=DIRECTION('',(-0.,-1.,-0.));
#3787=AXIS2_PLACEMENT_3D('',#3784,#3785,#3786);
#3788=PLANE('',#3787);
#3789=ORIENTED_EDGE('',*,*,#3778,.T.);
#3790=ORIENTED_EDGE('',*,*,#413,.T.);
#3791=CARTESIAN_POINT('',(753.839848603,222.8844138,-60.923881161));
#3792=DIRECTION('',(-1.,0.,0.));
#3793=VECTOR('',#3792,10.);
#3794=LINE('',#3791,#3793);
#3795=EDGE_CURVE('',#1290,#400,#3794,.T.);
#3796=ORIENTED_EDGE('',*,*,#3795,.F.);
#3797=ORIENTED_EDGE('',*,*,#1295,.F.);
#3798=EDGE_LOOP('',(#3789,#3790,#3796,#3797));
#3799=FACE_BOUND('',#3798,.T.);
#3800=ADVANCED_FACE('',(#3799),#3788,.F.);
#3801=CARTESIAN_POINT('',(744.839848603,221.2344138,-62.601008522));
#3802=DIRECTION('',(-0.,-0.712848403,0.701318154));
#3803=DIRECTION('',(0.,0.701318154,0.712848403));
#3804=AXIS2_PLACEMENT_3D('',#3801,#3802,#3803);
#3805=PLANE('',#3804);
#3806=ORIENTED_EDGE('',*,*,#3795,.T.);
#3807=ORIENTED_EDGE('',*,*,#405,.T.);
#3808=CARTESIAN_POINT('',(753.839848603,221.2344138,-62.601008522));
#3809=DIRECTION('',(-1.,0.,0.));
#3810=VECTOR('',#3809,10.);
#3811=LINE('',#3808,#3810);
#3812=EDGE_CURVE('',#1298,#392,#3811,.T.);
#3813=ORIENTED_EDGE('',*,*,#3812,.F.);
#3814=ORIENTED_EDGE('',*,*,#1303,.T.);
#3815=EDGE_LOOP('',(#3806,#3807,#3813,#3814));
#3816=FACE_BOUND('',#3815,.T.);
#3817=ADVANCED_FACE('',(#3816),#3805,.T.);
#3818=CARTESIAN_POINT('',(744.839848603,221.2344138,-62.601008522));
#3819=DIRECTION('',(0.,1.,0.));
#3820=DIRECTION('',(0.,0.,-1.));
#3821=AXIS2_PLACEMENT_3D('',#3818,#3819,#3820);
#3822=PLANE('',#3821);
#3823=ORIENTED_EDGE('',*,*,#3812,.T.);
#3824=ORIENTED_EDGE('',*,*,#397,.T.);
#3825=CARTESIAN_POINT('',(753.839848603,221.2344138,-68.401008522));
#3826=DIRECTION('',(-1.,0.,0.));
#3827=VECTOR('',#3826,10.);
#3828=LINE('',#3825,#3827);
#3829=EDGE_CURVE('',#1306,#384,#3828,.T.);
#3830=ORIENTED_EDGE('',*,*,#3829,.F.);
#3831=ORIENTED_EDGE('',*,*,#1311,.F.);
#3832=EDGE_LOOP('',(#3823,#3824,#3830,#3831));
#3833=FACE_BOUND('',#3832,.T.);
#3834=ADVANCED_FACE('',(#3833),#3822,.F.);
#3835=CARTESIAN_POINT('',(744.839848603,222.8844138,-70.078135883));
#3836=DIRECTION('',(-0.,-0.712848403,-0.701318154));
#3837=DIRECTION('',(-0.,-0.701318154,0.712848403));
#3838=AXIS2_PLACEMENT_3D('',#3835,#3836,#3837);
#3839=PLANE('',#3838);
#3840=ORIENTED_EDGE('',*,*,#3829,.T.);
#3841=ORIENTED_EDGE('',*,*,#389,.T.);
#3842=CARTESIAN_POINT('',(753.839848603,222.8844138,-70.078135883));
#3843=DIRECTION('',(-1.,0.,0.));
#3844=VECTOR('',#3843,10.);
#3845=LINE('',#3842,#3844);
#3846=EDGE_CURVE('',#1314,#376,#3845,.T.);
#3847=ORIENTED_EDGE('',*,*,#3846,.F.);
#3848=ORIENTED_EDGE('',*,*,#1319,.T.);
#3849=EDGE_LOOP('',(#3840,#3841,#3847,#3848));
#3850=FACE_BOUND('',#3849,.T.);
#3851=ADVANCED_FACE('',(#3850),#3839,.T.);
#3852=CARTESIAN_POINT('',(744.839848603,222.8844138,-70.078135883));
#3853=DIRECTION('',(0.,-0.,1.));
#3854=DIRECTION('',(0.,1.,0.));
#3855=AXIS2_PLACEMENT_3D('',#3852,#3853,#3854);
#3856=PLANE('',#3855);
#3857=ORIENTED_EDGE('',*,*,#3846,.T.);
#3858=ORIENTED_EDGE('',*,*,#381,.T.);
#3859=CARTESIAN_POINT('',(753.839848603,224.5844138,-70.078135883));
#3860=DIRECTION('',(-1.,0.,0.));
#3861=VECTOR('',#3860,10.);
#3862=LINE('',#3859,#3861);
#3863=EDGE_CURVE('',#1322,#368,#3862,.T.);
#3864=ORIENTED_EDGE('',*,*,#3863,.F.);
#3865=ORIENTED_EDGE('',*,*,#1327,.F.);
#3866=EDGE_LOOP('',(#3857,#3858,#3864,#3865));
#3867=FACE_BOUND('',#3866,.T.);
#3868=ADVANCED_FACE('',(#3867),#3856,.F.);
#3869=CARTESIAN_POINT('',(744.839848603,224.5844138,-70.078135883));
#3870=DIRECTION('',(-0.,-0.707106781,0.707106781));
#3871=DIRECTION('',(0.,0.707106781,0.707106781));
#3872=AXIS2_PLACEMENT_3D('',#3869,#3870,#3871);
#3873=PLANE('',#3872);
#3874=ORIENTED_EDGE('',*,*,#3863,.T.);
#3875=ORIENTED_EDGE('',*,*,#373,.T.);
#3876=CARTESIAN_POINT('',(753.839848603,224.9844138,-69.678135883));
#3877=DIRECTION('',(-1.,0.,0.));
#3878=VECTOR('',#3877,10.);
#3879=LINE('',#3876,#3878);
#3880=EDGE_CURVE('',#1330,#360,#3879,.T.);
#3881=ORIENTED_EDGE('',*,*,#3880,.F.);
#3882=ORIENTED_EDGE('',*,*,#1335,.F.);
#3883=EDGE_LOOP('',(#3874,#3875,#3881,#3882));
#3884=FACE_BOUND('',#3883,.T.);
#3885=ADVANCED_FACE('',(#3884),#3873,.F.);
#3886=CARTESIAN_POINT('',(744.839848603,224.9844138,-69.678135883));
#3887=DIRECTION('',(-0.,-1.,-0.));
#3888=DIRECTION('',(0.,-0.,1.));
#3889=AXIS2_PLACEMENT_3D('',#3886,#3887,#3888);
#3890=PLANE('',#3889);
#3891=ORIENTED_EDGE('',*,*,#3880,.T.);
#3892=ORIENTED_EDGE('',*,*,#365,.T.);
#3893=CARTESIAN_POINT('',(753.839848603,224.9844138,-68.423834191));
#3894=DIRECTION('',(-1.,0.,0.));
#3895=VECTOR('',#3894,10.);
#3896=LINE('',#3893,#3895);
#3897=EDGE_CURVE('',#1338,#352,#3896,.T.);
#3898=ORIENTED_EDGE('',*,*,#3897,.F.);
#3899=ORIENTED_EDGE('',*,*,#1343,.F.);
#3900=EDGE_LOOP('',(#3891,#3892,#3898,#3899));
#3901=FACE_BOUND('',#3900,.T.);
#3902=ADVANCED_FACE('',(#3901),#3890,.F.);
#3903=CARTESIAN_POINT('',(744.839848603,224.9844138,-68.423834191));
#3904=DIRECTION('',(0.,-0.,1.));
#3905=DIRECTION('',(0.,1.,0.));
#3906=AXIS2_PLACEMENT_3D('',#3903,#3904,#3905);
#3907=PLANE('',#3906);
#3908=ORIENTED_EDGE('',*,*,#1351,.F.);
#3909=ORIENTED_EDGE('',*,*,#3897,.T.);
#3910=ORIENTED_EDGE('',*,*,#357,.T.);
#3911=CARTESIAN_POINT('',(753.839848603,227.146992443,-68.423834191));
#3912=DIRECTION('',(-1.,0.,0.));
#3913=VECTOR('',#3912,10.);
#3914=LINE('',#3911,#3913);
#3915=EDGE_CURVE('',#1346,#344,#3914,.T.);
#3916=ORIENTED_EDGE('',*,*,#3915,.F.);
#3917=EDGE_LOOP('',(#3908,#3909,#3910,#3916));
#3918=FACE_BOUND('',#3917,.T.);
#3919=ADVANCED_FACE('',(#3918),#3907,.F.);
#3920=CARTESIAN_POINT('',(754.839848603,227.146992443,-76.137421357));
#3921=DIRECTION('',(0.,1.,0.));
#3922=DIRECTION('',(-0.,0.,-1.));
#3923=AXIS2_PLACEMENT_3D('',#3920,#3921,#3922);
#3924=PLANE('',#3923);
#3925=ORIENTED_EDGE('',*,*,#3915,.T.);
#3926=ORIENTED_EDGE('',*,*,#349,.F.);
#3927=CARTESIAN_POINT('',(743.839848603,227.146992443,-75.737421357));
#3928=DIRECTION('',(1.,-0.,-0.));
#3929=VECTOR('',#3928,10.);
#3930=LINE('',#3927,#3929);
#3931=EDGE_CURVE('',#336,#1354,#3930,.T.);
#3932=ORIENTED_EDGE('',*,*,#3931,.T.);
#3933=ORIENTED_EDGE('',*,*,#1359,.T.);
#3934=EDGE_LOOP('',(#3925,#3926,#3932,#3933));
#3935=FACE_BOUND('',#3934,.T.);
#3936=ADVANCED_FACE('',(#3935),#3924,.F.);
#3937=CARTESIAN_POINT('',(744.839848603,227.346992443,-35.337421357));
#3938=DIRECTION('',(-0.,0.,-1.));
#3939=DIRECTION('',(0.,-1.,0.));
#3940=AXIS2_PLACEMENT_3D('',#3937,#3938,#3939);
#3941=PLANE('',#3940);
#3942=ORIENTED_EDGE('',*,*,#3501,.T.);
#3943=ORIENTED_EDGE('',*,*,#549,.T.);
#3944=ORIENTED_EDGE('',*,*,#3523,.F.);
#3945=ORIENTED_EDGE('',*,*,#1159,.F.);
#3946=CARTESIAN_POINT('',(763.839848603,227.346992443,-35.337421357));
#3947=DIRECTION('',(-1.,0.,0.));
#3948=VECTOR('',#3947,10.);
#3949=LINE('',#3946,#3948);
#3950=EDGE_CURVE('',#1121,#1146,#3949,.T.);
#3951=ORIENTED_EDGE('',*,*,#3950,.F.);
#3952=ORIENTED_EDGE('',*,*,#1126,.T.);
#3953=EDGE_LOOP('',(#3942,#3943,#3944,#3945,#3951,#3952));
#3954=FACE_BOUND('',#3953,.T.);
#3955=ADVANCED_FACE('',(#3954),#3941,.T.);
#3956=CARTESIAN_POINT('',(754.839848603,219.878405278,-75.637421357));
#3957=DIRECTION('',(0.,-1.,0.));
#3958=DIRECTION('',(0.,0.,1.));
#3959=AXIS2_PLACEMENT_3D('',#3956,#3957,#3958);
#3960=PLANE('',#3959);
#3961=CARTESIAN_POINT('',(743.839848603,219.878405278,-73.574842713));
#3962=DIRECTION('',(1.,0.,-0.));
#3963=VECTOR('',#3962,20.);
#3964=LINE('',#3961,#3963);
#3965=EDGE_CURVE('',#320,#2215,#3964,.T.);
#3966=ORIENTED_EDGE('',*,*,#3965,.T.);
#3967=ORIENTED_EDGE('',*,*,#2220,.F.);
#3968=CARTESIAN_POINT('',(743.839848603,219.878405278,-75.737421357));
#3969=DIRECTION('',(1.,-0.,-0.));
#3970=VECTOR('',#3969,20.);
#3971=LINE('',#3968,#3970);
#3972=EDGE_CURVE('',#328,#2207,#3971,.T.);
#3973=ORIENTED_EDGE('',*,*,#3972,.F.);
#3974=ORIENTED_EDGE('',*,*,#333,.T.);
#3975=EDGE_LOOP('',(#3966,#3967,#3973,#3974));
#3976=FACE_BOUND('',#3975,.T.);
#3977=ADVANCED_FACE('',(#3976),#3960,.F.);
#3978=CARTESIAN_POINT('',(754.839848603,219.878405278,-73.574842713));
#3979=DIRECTION('',(0.,0.,1.));
#3980=DIRECTION('',(0.,1.,0.));
#3981=AXIS2_PLACEMENT_3D('',#3978,#3979,#3980);
#3982=PLANE('',#3981);
#3983=CARTESIAN_POINT('',(743.839848603,221.205532639,-73.574842713));
#3984=DIRECTION('',(1.,-0.,-0.));
#3985=VECTOR('',#3984,20.);
#3986=LINE('',#3983,#3985);
#3987=EDGE_CURVE('',#312,#2223,#3986,.T.);
#3988=ORIENTED_EDGE('',*,*,#3987,.T.);
#3989=ORIENTED_EDGE('',*,*,#2228,.F.);
#3990=ORIENTED_EDGE('',*,*,#3965,.F.);
#3991=ORIENTED_EDGE('',*,*,#325,.T.);
#3992=EDGE_LOOP('',(#3988,#3989,#3990,#3991));
#3993=FACE_BOUND('',#3992,.T.);
#3994=ADVANCED_FACE('',(#3993),#3982,.F.);
#3995=CARTESIAN_POINT('',(754.839848603,221.205532639,-73.574842713));
#3996=DIRECTION('',(0.,-0.707106781,0.707106781));
#3997=DIRECTION('',(0.,0.707106781,0.707106781));
#3998=AXIS2_PLACEMENT_3D('',#3995,#3996,#3997);
#3999=PLANE('',#3998);
#4000=CARTESIAN_POINT('',(743.839848603,221.605532639,-73.174842713));
#4001=DIRECTION('',(1.,-0.,-0.));
#4002=VECTOR('',#4001,20.);
#4003=LINE('',#4000,#4002);
#4004=EDGE_CURVE('',#304,#2231,#4003,.T.);
#4005=ORIENTED_EDGE('',*,*,#4004,.T.);
#4006=ORIENTED_EDGE('',*,*,#2236,.F.);
#4007=ORIENTED_EDGE('',*,*,#3987,.F.);
#4008=ORIENTED_EDGE('',*,*,#317,.T.);
#4009=EDGE_LOOP('',(#4005,#4006,#4007,#4008));
#4010=FACE_BOUND('',#4009,.T.);
#4011=ADVANCED_FACE('',(#4010),#3999,.F.);
#4012=CARTESIAN_POINT('',(754.839848603,221.605532639,-73.174842713));
#4013=DIRECTION('',(0.,-1.,0.));
#4014=DIRECTION('',(0.,0.,1.));
#4015=AXIS2_PLACEMENT_3D('',#4012,#4013,#4014);
#4016=PLANE('',#4015);
#4017=CARTESIAN_POINT('',(743.839848603,221.605532639,-71.474842713));
#4018=DIRECTION('',(1.,0.,-0.));
#4019=VECTOR('',#4018,20.);
#4020=LINE('',#4017,#4019);
#4021=EDGE_CURVE('',#296,#2239,#4020,.T.);
#4022=ORIENTED_EDGE('',*,*,#4021,.T.);
#4023=ORIENTED_EDGE('',*,*,#2244,.F.);
#4024=ORIENTED_EDGE('',*,*,#4004,.F.);
#4025=ORIENTED_EDGE('',*,*,#309,.T.);
#4026=EDGE_LOOP('',(#4022,#4023,#4024,#4025));
#4027=FACE_BOUND('',#4026,.T.);
#4028=ADVANCED_FACE('',(#4027),#4016,.F.);
#4029=CARTESIAN_POINT('',(754.839848603,219.928405278,-69.824842713));
#4030=DIRECTION('',(0.,0.701318154,0.712848403));
#4031=DIRECTION('',(-0.,0.712848403,-0.701318154));
#4032=AXIS2_PLACEMENT_3D('',#4029,#4030,#4031);
#4033=PLANE('',#4032);
#4034=CARTESIAN_POINT('',(743.839848603,219.928405278,-69.824842713));
#4035=DIRECTION('',(1.,0.,-0.));
#4036=VECTOR('',#4035,20.);
#4037=LINE('',#4034,#4036);
#4038=EDGE_CURVE('',#288,#2247,#4037,.T.);
#4039=ORIENTED_EDGE('',*,*,#4038,.T.);
#4040=ORIENTED_EDGE('',*,*,#2252,.T.);
#4041=ORIENTED_EDGE('',*,*,#4021,.F.);
#4042=ORIENTED_EDGE('',*,*,#301,.T.);
#4043=EDGE_LOOP('',(#4039,#4040,#4041,#4042));
#4044=FACE_BOUND('',#4043,.T.);
#4045=ADVANCED_FACE('',(#4044),#4033,.T.);
#4046=CARTESIAN_POINT('',(754.839848603,219.928405278,-69.824842713));
#4047=DIRECTION('',(-0.,0.,-1.));
#4048=DIRECTION('',(0.,-1.,0.));
#4049=AXIS2_PLACEMENT_3D('',#4046,#4047,#4048);
#4050=PLANE('',#4049);
#4051=CARTESIAN_POINT('',(743.839848603,214.128405278,-69.824842713));
#4052=DIRECTION('',(1.,0.,-0.));
#4053=VECTOR('',#4052,20.);
#4054=LINE('',#4051,#4053);
#4055=EDGE_CURVE('',#280,#2255,#4054,.T.);
#4056=ORIENTED_EDGE('',*,*,#4055,.T.);
#4057=ORIENTED_EDGE('',*,*,#2260,.F.);
#4058=ORIENTED_EDGE('',*,*,#4038,.F.);
#4059=ORIENTED_EDGE('',*,*,#293,.T.);
#4060=EDGE_LOOP('',(#4056,#4057,#4058,#4059));
#4061=FACE_BOUND('',#4060,.T.);
#4062=ADVANCED_FACE('',(#4061),#4050,.F.);
#4063=CARTESIAN_POINT('',(754.839848603,212.451277916,-71.474842713));
#4064=DIRECTION('',(0.,-0.701318154,0.712848403));
#4065=DIRECTION('',(0.,0.712848403,0.701318154));
#4066=AXIS2_PLACEMENT_3D('',#4063,#4064,#4065);
#4067=PLANE('',#4066);
#4068=CARTESIAN_POINT('',(743.839848603,212.451277916,-71.474842713));
#4069=DIRECTION('',(1.,0.,-0.));
#4070=VECTOR('',#4069,20.);
#4071=LINE('',#4068,#4070);
#4072=EDGE_CURVE('',#272,#2263,#4071,.T.);
#4073=ORIENTED_EDGE('',*,*,#4072,.T.);
#4074=ORIENTED_EDGE('',*,*,#2268,.T.);
#4075=ORIENTED_EDGE('',*,*,#4055,.F.);
#4076=ORIENTED_EDGE('',*,*,#285,.T.);
#4077=EDGE_LOOP('',(#4073,#4074,#4075,#4076));
#4078=FACE_BOUND('',#4077,.T.);
#4079=ADVANCED_FACE('',(#4078),#4067,.T.);
#4080=CARTESIAN_POINT('',(754.839848603,212.451277916,-71.474842713));
#4081=DIRECTION('',(0.,1.,0.));
#4082=DIRECTION('',(-0.,0.,-1.));
#4083=AXIS2_PLACEMENT_3D('',#4080,#4081,#4082);
#4084=PLANE('',#4083);
#4085=CARTESIAN_POINT('',(743.839848603,212.451277916,-73.174842713));
#4086=DIRECTION('',(1.,-0.,-0.));
#4087=VECTOR('',#4086,20.);
#4088=LINE('',#4085,#4087);
#4089=EDGE_CURVE('',#264,#2271,#4088,.T.);
#4090=ORIENTED_EDGE('',*,*,#4089,.T.);
#4091=ORIENTED_EDGE('',*,*,#2276,.F.);
#4092=ORIENTED_EDGE('',*,*,#4072,.F.);
#4093=ORIENTED_EDGE('',*,*,#277,.T.);
#4094=EDGE_LOOP('',(#4090,#4091,#4092,#4093));
#4095=FACE_BOUND('',#4094,.T.);
#4096=ADVANCED_FACE('',(#4095),#4084,.F.);
#4097=CARTESIAN_POINT('',(754.839848603,212.451277916,-73.174842713));
#4098=DIRECTION('',(0.,0.707106781,0.707106781));
#4099=DIRECTION('',(-0.,0.707106781,-0.707106781));
#4100=AXIS2_PLACEMENT_3D('',#4097,#4098,#4099);
#4101=PLANE('',#4100);
#4102=CARTESIAN_POINT('',(743.839848603,212.851277916,-73.574842713));
#4103=DIRECTION('',(1.,-0.,-0.));
#4104=VECTOR('',#4103,20.);
#4105=LINE('',#4102,#4104);
#4106=EDGE_CURVE('',#256,#2279,#4105,.T.);
#4107=ORIENTED_EDGE('',*,*,#4106,.T.);
#4108=ORIENTED_EDGE('',*,*,#2284,.F.);
#4109=ORIENTED_EDGE('',*,*,#4089,.F.);
#4110=ORIENTED_EDGE('',*,*,#269,.T.);
#4111=EDGE_LOOP('',(#4107,#4108,#4109,#4110));
#4112=FACE_BOUND('',#4111,.T.);
#4113=ADVANCED_FACE('',(#4112),#4101,.F.);
#4114=CARTESIAN_POINT('',(754.839848603,212.851277916,-73.574842713));
#4115=DIRECTION('',(0.,0.,1.));
#4116=DIRECTION('',(0.,1.,0.));
#4117=AXIS2_PLACEMENT_3D('',#4114,#4115,#4116);
#4118=PLANE('',#4117);
#4119=CARTESIAN_POINT('',(743.839848603,214.105579608,-73.574842713));
#4120=DIRECTION('',(1.,0.,-0.));
#4121=VECTOR('',#4120,20.);
#4122=LINE('',#4119,#4121);
#4123=EDGE_CURVE('',#248,#2287,#4122,.T.);
#4124=ORIENTED_EDGE('',*,*,#4123,.T.);
#4125=ORIENTED_EDGE('',*,*,#2292,.F.);
#4126=ORIENTED_EDGE('',*,*,#4106,.F.);
#4127=ORIENTED_EDGE('',*,*,#261,.T.);
#4128=EDGE_LOOP('',(#4124,#4125,#4126,#4127));
#4129=FACE_BOUND('',#4128,.T.);
#4130=ADVANCED_FACE('',(#4129),#4118,.F.);
#4131=CARTESIAN_POINT('',(754.839848603,214.105579608,-73.574842713));
#4132=DIRECTION('',(0.,1.,0.));
#4133=DIRECTION('',(-0.,0.,-1.));
#4134=AXIS2_PLACEMENT_3D('',#4131,#4132,#4133);
#4135=PLANE('',#4134);
#4136=CARTESIAN_POINT('',(743.839848603,214.105579608,-75.737421357));
#4137=DIRECTION('',(1.,-0.,-0.));
#4138=VECTOR('',#4137,20.);
#4139=LINE('',#4136,#4138);
#4140=EDGE_CURVE('',#240,#2295,#4139,.T.);
#4141=ORIENTED_EDGE('',*,*,#4140,.T.);
#4142=ORIENTED_EDGE('',*,*,#2300,.F.);
#4143=ORIENTED_EDGE('',*,*,#4123,.F.);
#4144=ORIENTED_EDGE('',*,*,#253,.T.);
#4145=EDGE_LOOP('',(#4141,#4142,#4143,#4144));
#4146=FACE_BOUND('',#4145,.T.);
#4147=ADVANCED_FACE('',(#4146),#4135,.F.);
#4148=CARTESIAN_POINT('',(754.839848603,207.346992443,-75.737421357));
#4149=DIRECTION('',(0.,0.,1.));
#4150=DIRECTION('',(0.,1.,0.));
#4151=AXIS2_PLACEMENT_3D('',#4148,#4149,#4150);
#4152=PLANE('',#4151);
#4153=CARTESIAN_POINT('',(743.839848603,207.346992443,-75.737421357));
#4154=DIRECTION('',(1.,0.,-0.));
#4155=VECTOR('',#4154,20.);
#4156=LINE('',#4153,#4155);
#4157=EDGE_CURVE('',#232,#2303,#4156,.T.);
#4158=ORIENTED_EDGE('',*,*,#4157,.T.);
#4159=ORIENTED_EDGE('',*,*,#2308,.T.);
#4160=ORIENTED_EDGE('',*,*,#4140,.F.);
#4161=ORIENTED_EDGE('',*,*,#245,.T.);
#4162=EDGE_LOOP('',(#4158,#4159,#4160,#4161));
#4163=FACE_BOUND('',#4162,.T.);
#4164=ADVANCED_FACE('',(#4163),#4152,.T.);
#4165=CARTESIAN_POINT('',(754.625548513,207.346992443,-35.037421357));
#4166=DIRECTION('',(0.,-1.,0.));
#4167=DIRECTION('',(-1.,-0.,0.));
#4168=AXIS2_PLACEMENT_3D('',#4165,#4166,#4167);
#4169=PLANE('',#4168);
#4170=ORIENTED_EDGE('',*,*,#2343,.T.);
#4171=ORIENTED_EDGE('',*,*,#2314,.F.);
#4172=ORIENTED_EDGE('',*,*,#4157,.F.);
#4173=ORIENTED_EDGE('',*,*,#237,.F.);
#4174=EDGE_LOOP('',(#4170,#4171,#4172,#4173));
#4175=FACE_BOUND('',#4174,.T.);
#4176=ADVANCED_FACE('',(#4175),#4169,.T.);
#4177=CARTESIAN_POINT('',(754.839848603,219.878405278,-75.737421357));
#4178=DIRECTION('',(0.,0.,1.));
#4179=DIRECTION('',(0.,1.,0.));
#4180=AXIS2_PLACEMENT_3D('',#4177,#4178,#4179);
#4181=PLANE('',#4180);
#4182=ORIENTED_EDGE('',*,*,#3972,.T.);
#4183=ORIENTED_EDGE('',*,*,#2212,.T.);
#4184=CARTESIAN_POINT('',(753.839848603,227.346992443,-75.737421357));
#4185=DIRECTION('',(1.,0.,-0.));
#4186=VECTOR('',#4185,10.);
#4187=LINE('',#4184,#4186);
#4188=EDGE_CURVE('',#1362,#2199,#4187,.T.);
#4189=ORIENTED_EDGE('',*,*,#4188,.F.);
#4190=ORIENTED_EDGE('',*,*,#1367,.T.);
#4191=ORIENTED_EDGE('',*,*,#3931,.F.);
#4192=ORIENTED_EDGE('',*,*,#341,.T.);
#4193=EDGE_LOOP('',(#4182,#4183,#4189,#4190,#4191,#4192));
#4194=FACE_BOUND('',#4193,.T.);
#4195=ADVANCED_FACE('',(#4194),#4181,.T.);
#4196=CARTESIAN_POINT('',(744.839848603,227.346992443,-34.037421356));
#4197=DIRECTION('',(0.,1.,0.));
#4198=DIRECTION('',(-0.,0.,-1.));
#4199=AXIS2_PLACEMENT_3D('',#4196,#4197,#4198);
#4200=PLANE('',#4199);
#4201=ORIENTED_EDGE('',*,*,#1151,.F.);
#4202=ORIENTED_EDGE('',*,*,#62,.F.);
#4203=ORIENTED_EDGE('',*,*,#1132,.T.);
#4204=ORIENTED_EDGE('',*,*,#3950,.T.);
#4205=EDGE_LOOP('',(#4201,#4202,#4203,#4204));
#4206=FACE_BOUND('',#4205,.T.);
#4207=ADVANCED_FACE('',(#4206),#4200,.T.);
#4208=CARTESIAN_POINT('',(754.839848603,227.346992443,-76.137421357));
#4209=DIRECTION('',(0.,1.,0.));
#4210=DIRECTION('',(-0.,0.,-1.));
#4211=AXIS2_PLACEMENT_3D('',#4208,#4209,#4210);
#4212=PLANE('',#4211);
#4213=ORIENTED_EDGE('',*,*,#1375,.T.);
#4214=ORIENTED_EDGE('',*,*,#4188,.T.);
#4215=ORIENTED_EDGE('',*,*,#2204,.T.);
#4216=ORIENTED_EDGE('',*,*,#2374,.F.);
#4217=EDGE_LOOP('',(#4213,#4214,#4215,#4216));
#4218=FACE_BOUND('',#4217,.T.);
#4219=ADVANCED_FACE('',(#4218),#4212,.T.);
#4220=CARTESIAN_POINT('',(748.839848603,318.231430465,-52.910575789));
#4221=DIRECTION('',(1.,0.,-0.));
#4222=DIRECTION('',(0.,0.,1.));
#4223=AXIS2_PLACEMENT_3D('',#4220,#4221,#4222);
#4224=CYLINDRICAL_SURFACE('',#4223,10.);
#4225=ORIENTED_EDGE('',*,*,#213,.T.);
#4226=ORIENTED_EDGE('',*,*,#996,.T.);
#4227=ORIENTED_EDGE('',*,*,#1414,.T.);
#4228=ORIENTED_EDGE('',*,*,#3263,.T.);
#4229=EDGE_LOOP('',(#4225,#4226,#4227,#4228));
#4230=FACE_BOUND('',#4229,.T.);
#4231=ADVANCED_FACE('',(#4230),#4224,.T.);
#4232=CARTESIAN_POINT('',(748.839848603,313.032922775,-39.537421357));
#4233=DIRECTION('',(1.,0.,-0.));
#4234=DIRECTION('',(0.,0.,1.));
#4235=AXIS2_PLACEMENT_3D('',#4232,#4233,#4234);
#4236=CYLINDRICAL_SURFACE('',#4235,10.);
#4237=ORIENTED_EDGE('',*,*,#659,.T.);
#4238=ORIENTED_EDGE('',*,*,#140,.T.);
#4239=ORIENTED_EDGE('',*,*,#1422,.T.);
#4240=ORIENTED_EDGE('',*,*,#1003,.T.);
#4241=EDGE_LOOP('',(#4237,#4238,#4239,#4240));
#4242=FACE_BOUND('',#4241,.T.);
#4243=ADVANCED_FACE('',(#4242),#4236,.T.);
#4244=CLOSED_SHELL('',(#66,#97,#144,#918,#1007,#1136,#1966,#1988,#2021,#2038,#2071,#2088,#2121,#2138,#2166,#2318,#2347,#2364,#2381,#2748,#3250,#3267,#3285,#3302,#3319,#3336,
#3353,#3370,#3387,#3404,#3421,#3438,#3455,#3472,#3489,#3506,#3528,#3545,#3562,#3579,#3596,#3613,#3630,#3647,#3664,#3681,#3698,#3715,#3732,#3749,#3766,
#3783,#3800,#3817,#3834,#3851,#3868,#3885,#3902,#3919,#3936,#3955,#3977,#3994,#4011,#4028,#4045,#4062,#4079,#4096,#4113,#4130,#4147,#4164,#4176,#4195,
#4207,#4219,#4231,#4243));
#4245=MANIFOLD_SOLID_BREP('rear bearing holder tool-less right',#4244);
#4246=COLOUR_RGB('',0.400000006,0.745098054,0.450980395);
#4247=FILL_AREA_STYLE_COLOUR('',#4246);
#4248=FILL_AREA_STYLE('',(#4247));
#4249=SURFACE_STYLE_FILL_AREA(#4248);
#4250=SURFACE_SIDE_STYLE('',(#4249));
#4251=SURFACE_STYLE_USAGE(.BOTH.,#4250);
#4252=PRESENTATION_STYLE_ASSIGNMENT((#4251));
#26=STYLED_ITEM('',(#4252),#4245);
#16=SHAPE_REPRESENTATION('rear bearing holder tool-less right',(#15),#10);
#17=ADVANCED_BREP_SHAPE_REPRESENTATION('rear bearing holder tool-less right',(#4245),#10);
#4260=SHAPE_REPRESENTATION_RELATIONSHIP('','',#16,#17);
#4261=CARTESIAN_POINT('',(0.,0.,0.));
#4262=DIRECTION('',(0.,0.,1.));
#4263=DIRECTION('',(1.,0.,0.));
#4264=AXIS2_PLACEMENT_3D('',#4261,#4262,#4263);
#4266=MAPPED_ITEM('',#4265,#4264);
#4265=REPRESENTATION_MAP(#4264,#16);
#4267=APPLICATION_CONTEXT('Managed model based 3d engineering');
#4268=APPLICATION_PROTOCOL_DEFINITION('international standard','ap242_managed_model_based_3d_engineering',2014,#4267);
#4269=PRODUCT_CONTEXT('',#4267,'mechanical');
#4270=PRODUCT_DEFINITION_CONTEXT('part definition',#4267,'design');
#24=PRODUCT('rear bearing holder tool-less right','rear bearing holder tool-less right','',(#4269));
#4271=PRODUCT_RELATED_PRODUCT_CATEGORY('part','',(#24));
#4272=PRODUCT_DEFINITION_FORMATION_WITH_SPECIFIED_SOURCE('','',#24,.NOT_KNOWN.);
#25=PRODUCT_DEFINITION('design','',#4272,#4270);
#23=PRODUCT_DEFINITION_SHAPE('','',#25);
#4273=SHAPE_DEFINITION_REPRESENTATION(#23,#16);
#11=DRAUGHTING_MODEL('',(#4266),#10);
#4274=DESCRIPTIVE_REPRESENTATION_ITEM('KEY','C:\\Users\\cdeit\\AppData\\Local\\Packages\\Shapr3D.Shapr3D_j403pzjkqtqbj\\TempState\\50aae244-9181-4a31-8a58-9e22747c3cf4.tmp');
#4275=PROPERTY_DEFINITION('KEY','',#25);
#4276=REPRESENTATION('',(#4274),#10);
#4277=PROPERTY_DEFINITION_REPRESENTATION(#4275,#4276);
#4278=GENERAL_PROPERTY('','KEY','');
#4279=GENERAL_PROPERTY_ASSOCIATION('','',#4278,#4275);
#1=MECHANICAL_DESIGN_GEOMETRIC_PRESENTATION_REPRESENTATION('',(#26),#10);
ENDSEC;
END-ISO-10303-21;
