ISO-10303-21;
HEADER;

/* File generated by Shapr3D Version 26.142.11496.0 */

FILE_DESCRIPTION(('HOOPS Exchange Step'),'2;1');

FILE_NAME('C:\\Users\\cdeit\\AppData\\Local\\Packages\\Shapr3D.Shapr3D_j403pzjkqtqbj\\TempState\\export\\temp_export',
'2026-08-14T11:25:31-04:00',
('cdeit'),
('Shapr3D Limited'),
'HOOPS Exchange 2026.3',
'Shapr3D',
'Authorized');

FILE_SCHEMA( ('AP242_MANAGED_MODEL_BASED_3D_ENGINEERING_MIM_LF {1 0 10303 442 1 1 4}') );

ENDSEC;

DATA;
#3=(NAMED_UNIT(*)PLANE_ANGLE_UNIT()SI_UNIT($,.RADIAN.));
#4=PLANE_ANGLE_MEASURE_WITH_UNIT(PLANE_ANGLE_MEASURE(0.0174532925),#3);
#5=(CONVERSION_BASED_UNIT('DEGREE',#4)NAMED_UNIT(#6)PLANE_ANGLE_UNIT());
#6=DIMENSIONAL_EXPONENTS(0.,0.,0.,0.,0.,0.,0.);
#7=(NAMED_UNIT(*)SI_UNIT($,.STERADIAN.)SOLID_ANGLE_UNIT());
#8=(LENGTH_UNIT()NAMED_UNIT(*)SI_UNIT(.MILLI.,.METRE.));
#9=UNCERTAINTY_MEASURE_WITH_UNIT(LENGTH_MEASURE(1.000000E-05),#8,'DISTANCE_ACCURACY_VALUE','Maximum Tolerance applied to model');
#10=(GEOMETRIC_REPRESENTATION_CONTEXT(3)GLOBAL_UNCERTAINTY_ASSIGNED_CONTEXT((#9))GLOBAL_UNIT_ASSIGNED_CONTEXT((#8,#5,#7))REPRESENTATION_CONTEXT('','rear bearing holder tool-less left'));
#12=CARTESIAN_POINT('',(0.,0.,0.));
#13=DIRECTION('',(0.,0.,1.));
#14=DIRECTION('',(1.,0.,0.));
#15=AXIS2_PLACEMENT_3D('',#12,#13,#14);
#27=CARTESIAN_POINT('',(508.839848603,239.027038145,-34.037421356));
#28=DIRECTION('',(0.,0.,-1.));
#29=DIRECTION('',(0.,-1.,0.));
#30=AXIS2_PLACEMENT_3D('',#27,#28,#29);
#31=PLANE('',#30);
#32=CARTESIAN_POINT('',(499.839848603,227.346992443,-34.037421356));
#33=VERTEX_POINT('',#32);
#34=CARTESIAN_POINT('',(499.839848603,275.952572051,-34.037421356));
#35=VERTEX_POINT('',#34);
#36=CARTESIAN_POINT('',(499.839848603,227.346992443,-34.037421356));
#37=DIRECTION('',(-0.,1.,-0.));
#38=VECTOR('',#37,48.605579608);
#39=LINE('',#36,#38);
#40=EDGE_CURVE('',#33,#35,#39,.T.);
#41=ORIENTED_EDGE('',*,*,#40,.F.);
#42=CARTESIAN_POINT('',(489.839848603,227.346992443,-34.037421357));
#43=VERTEX_POINT('',#42);
#44=CARTESIAN_POINT('',(489.839848603,227.346992443,-34.037421357));
#45=DIRECTION('',(1.,0.,0.));
#46=VECTOR('',#45,10.);
#47=LINE('',#44,#46);
#48=EDGE_CURVE('',#43,#33,#47,.T.);
#49=ORIENTED_EDGE('',*,*,#48,.F.);
#50=CARTESIAN_POINT('',(489.839848603,275.952572051,-34.037421356));
#51=VERTEX_POINT('',#50);
#52=CARTESIAN_POINT('',(489.839848603,275.952572051,-34.037421357));
#53=DIRECTION('',(-0.,-1.,-0.));
#54=VECTOR('',#53,48.605579608);
#55=LINE('',#52,#54);
#56=EDGE_CURVE('',#51,#43,#55,.T.);
#57=ORIENTED_EDGE('',*,*,#56,.F.);
#58=CARTESIAN_POINT('',(489.839848603,275.952572051,-34.037421356));
#59=DIRECTION('',(1.,0.,0.));
#60=VECTOR('',#59,10.);
#61=LINE('',#58,#60);
#62=EDGE_CURVE('',#51,#35,#61,.T.);
#63=ORIENTED_EDGE('',*,*,#62,.T.);
#64=EDGE_LOOP('',(#41,#49,#57,#63));
#65=FACE_BOUND('',#64,.T.);
#66=ADVANCED_FACE('',(#65),#31,.T.);
#67=CARTESIAN_POINT('',(491.139848603,275.952572051,-81.537421356));
#68=DIRECTION('',(0.,-1.,0.));
#69=DIRECTION('',(-0.,0.,1.));
#70=AXIS2_PLACEMENT_3D('',#67,#68,#69);
#71=PLANE('',#70);
#72=CARTESIAN_POINT('',(499.839848603,275.952572051,-29.537421357));
#73=VERTEX_POINT('',#72);
#74=CARTESIAN_POINT('',(499.839848603,275.952572051,-34.037421356));
#75=DIRECTION('',(-0.,-0.,1.));
#76=VECTOR('',#75,4.5);
#77=LINE('',#74,#76);
#78=EDGE_CURVE('',#35,#73,#77,.T.);
#79=ORIENTED_EDGE('',*,*,#78,.F.);
#80=ORIENTED_EDGE('',*,*,#62,.F.);
#81=CARTESIAN_POINT('',(489.839848603,275.952572051,-29.537421357));
#82=VERTEX_POINT('',#81);
#83=CARTESIAN_POINT('',(489.839848603,275.952572051,-34.037421356));
#84=DIRECTION('',(-0.,-0.,1.));
#85=VECTOR('',#84,4.5);
#86=LINE('',#83,#85);
#87=EDGE_CURVE('',#51,#82,#86,.T.);
#88=ORIENTED_EDGE('',*,*,#87,.T.);
#89=CARTESIAN_POINT('',(489.839848603,275.952572051,-29.537421357));
#90=DIRECTION('',(1.,-0.,0.));
#91=VECTOR('',#90,10.);
#92=LINE('',#89,#91);
#93=EDGE_CURVE('',#82,#73,#92,.T.);
#94=ORIENTED_EDGE('',*,*,#93,.T.);
#95=EDGE_LOOP('',(#79,#80,#88,#94));
#96=FACE_BOUND('',#95,.T.);
#97=ADVANCED_FACE('',(#96),#71,.F.);
#98=CARTESIAN_POINT('',(473.034548513,151.460595248,-29.537421357));
#99=DIRECTION('',(-0.,0.,1.));
#100=DIRECTION('',(-1.,-0.,-0.));
#101=AXIS2_PLACEMENT_3D('',#98,#99,#100);
#102=PLANE('',#101);
#103=CARTESIAN_POINT('',(509.839848603,313.032922775,-29.537421356));
#104=VERTEX_POINT('',#103);
#105=CARTESIAN_POINT('',(509.839848603,207.346992443,-29.537421356));
#106=VERTEX_POINT('',#105);
#107=CARTESIAN_POINT('',(509.839848603,313.032922775,-29.537421356));
#108=DIRECTION('',(-0.,-1.,0.));
#109=VECTOR('',#108,105.685930332);
#110=LINE('',#107,#109);
#111=EDGE_CURVE('',#104,#106,#110,.T.);
#112=ORIENTED_EDGE('',*,*,#111,.F.);
#113=CARTESIAN_POINT('',(499.839848603,313.032922775,-29.537421357));
#114=VERTEX_POINT('',#113);
#115=CARTESIAN_POINT('',(509.839848603,313.032922775,-29.537421356));
#116=DIRECTION('',(-1.,-0.,-0.));
#117=VECTOR('',#116,10.);
#118=LINE('',#115,#117);
#119=EDGE_CURVE('',#104,#114,#118,.T.);
#120=ORIENTED_EDGE('',*,*,#119,.T.);
#121=CARTESIAN_POINT('',(499.839848603,313.032922775,-29.537421357));
#122=DIRECTION('',(-0.,-1.,0.));
#123=VECTOR('',#122,37.080350723);
#124=LINE('',#121,#123);
#125=EDGE_CURVE('',#114,#73,#124,.T.);
#126=ORIENTED_EDGE('',*,*,#125,.T.);
#127=ORIENTED_EDGE('',*,*,#93,.F.);
#128=CARTESIAN_POINT('',(489.839848603,207.346992443,-29.537421357));
#129=VERTEX_POINT('',#128);
#130=CARTESIAN_POINT('',(489.839848603,275.952572051,-29.537421357));
#131=DIRECTION('',(-0.,-1.,0.));
#132=VECTOR('',#131,68.605579608);
#133=LINE('',#130,#132);
#134=EDGE_CURVE('',#82,#129,#133,.T.);
#135=ORIENTED_EDGE('',*,*,#134,.T.);
#136=CARTESIAN_POINT('',(509.839848603,207.346992443,-29.537421356));
#137=DIRECTION('',(-1.,-0.,-0.));
#138=VECTOR('',#137,20.);
#139=LINE('',#136,#138);
#140=EDGE_CURVE('',#106,#129,#139,.T.);
#141=ORIENTED_EDGE('',*,*,#140,.F.);
#142=EDGE_LOOP('',(#112,#120,#126,#127,#135,#141));
#143=FACE_BOUND('',#142,.T.);
#144=ADVANCED_FACE('',(#143),#102,.T.);
#145=CARTESIAN_POINT('',(509.839848603,37.805579608,-0.));
#146=DIRECTION('',(1.,0.,0.));
#147=DIRECTION('',(0.,-1.,0.));
#148=AXIS2_PLACEMENT_3D('',#145,#146,#147);
#149=PLANE('',#148);
#150=CARTESIAN_POINT('',(509.839848603,327.362564914,-56.98763155));
#151=VERTEX_POINT('',#150);
#152=CARTESIAN_POINT('',(509.839848603,317.028172249,-30.370198133));
#153=VERTEX_POINT('',#152);
#154=CARTESIAN_POINT('',(509.839848603,327.362564914,-56.98763155));
#155=CARTESIAN_POINT('',(509.839848603,327.90672711,-55.768904479));
#156=CARTESIAN_POINT('',(509.839848603,328.321738005,-54.517068968));
#157=CARTESIAN_POINT('',(509.839848603,328.611400447,-53.233099892));
#158=CARTESIAN_POINT('',(509.839848603,328.756231668,-52.591115354));
#159=CARTESIAN_POINT('',(509.839848603,328.869779649,-51.941111236));
#160=CARTESIAN_POINT('',(509.839848603,328.951575472,-51.282967327));
#161=CARTESIAN_POINT('',(509.839848603,328.992473384,-50.953895373));
#162=CARTESIAN_POINT('',(509.839848603,329.025462479,-50.622085882));
#163=CARTESIAN_POINT('',(509.839848603,329.050201119,-50.289816587));
#164=CARTESIAN_POINT('',(509.839848603,329.074939759,-49.957547292));
#165=CARTESIAN_POINT('',(509.839848603,329.091378624,-49.625994306));
#166=CARTESIAN_POINT('',(509.839848603,329.099664848,-49.295144931));
#167=CARTESIAN_POINT('',(509.839848603,329.132809744,-47.971747433));
#168=CARTESIAN_POINT('',(509.839848603,329.036262546,-46.65954297));
#169=CARTESIAN_POINT('',(509.839848603,328.809526665,-45.3585744));
#170=CARTESIAN_POINT('',(509.839848603,328.752842695,-45.033332257));
#171=CARTESIAN_POINT('',(509.839848603,328.688017126,-44.708792773));
#172=CARTESIAN_POINT('',(509.839848603,328.614957866,-44.384963895));
#173=CARTESIAN_POINT('',(509.839848603,328.541898607,-44.061135017));
#174=CARTESIAN_POINT('',(509.839848603,328.460340267,-43.737118108));
#175=CARTESIAN_POINT('',(509.839848603,328.371152155,-43.416517754));
#176=CARTESIAN_POINT('',(509.839848603,328.192775929,-42.775317046));
#177=CARTESIAN_POINT('',(509.839848603,327.98420182,-42.147713426));
#178=CARTESIAN_POINT('',(509.839848603,327.746267334,-41.533329792));
#179=CARTESIAN_POINT('',(509.839848603,327.270398363,-40.304562523));
#180=CARTESIAN_POINT('',(509.839848603,326.677464185,-39.128505763));
#181=CARTESIAN_POINT('',(509.839848603,325.962992583,-38.007173199));
#182=CARTESIAN_POINT('',(509.839848603,325.784374683,-37.726840059));
#183=CARTESIAN_POINT('',(509.839848603,325.597718374,-37.449375217));
#184=CARTESIAN_POINT('',(509.839848603,325.40540436,-37.178242398));
#185=CARTESIAN_POINT('',(509.839848603,325.213090346,-36.907109579));
#186=CARTESIAN_POINT('',(509.839848603,325.014765893,-36.641690811));
#187=CARTESIAN_POINT('',(509.839848603,324.810551431,-36.381871604));
#188=CARTESIAN_POINT('',(509.839848603,324.402122509,-35.862233191));
#189=CARTESIAN_POINT('',(509.839848603,323.970189693,-35.364939646));
#190=CARTESIAN_POINT('',(509.839848603,323.515005973,-34.889750459));
#191=CARTESIAN_POINT('',(509.839848603,323.059822253,-34.414561272));
#192=CARTESIAN_POINT('',(509.839848603,322.581389167,-33.961474978));
#193=CARTESIAN_POINT('',(509.839848603,322.079045244,-33.531120431));
#194=CARTESIAN_POINT('',(509.839848603,321.827873283,-33.315943158));
#195=CARTESIAN_POINT('',(509.839848603,321.570695006,-33.106476016));
#196=CARTESIAN_POINT('',(509.839848603,321.307391319,-32.902832229));
#197=CARTESIAN_POINT('',(509.839848603,321.044087632,-32.699188442));
#198=CARTESIAN_POINT('',(509.839848603,320.774642724,-32.501396954));
#199=CARTESIAN_POINT('',(509.839848603,320.501659544,-32.3112731));
#200=CARTESIAN_POINT('',(509.839848603,319.409726825,-31.550777682));
#201=CARTESIAN_POINT('',(509.839848603,318.252005161,-30.903567697));
#202=CARTESIAN_POINT('',(509.839848603,317.028172249,-30.370198133));
#203=B_SPLINE_CURVE_WITH_KNOTS('',3,(#154,#155,#156,#157,#158,#159,#160,#161,#162,#163,#164,#165,#166,#167,#168,#169,#170,#171,#172,#173,#174,#175,#176,#177,#178,#179,
#180,#181,#182,#183,#184,#185,#186,#187,#188,#189,#190,#191,#192,#193,#194,#195,#196,#197,#198,#199,#200,#201,#202),.UNSPECIFIED.,.F.,.F.,(4,3,3,3,3,3,3,3,3,3,3,3,3,3,3,3,4),(0.,0.003947044,0.005920567,0.006907328,0.007894089,0.011841133,0.012827894,0.013814656,0.015788178,0.019735222,0.020721983,0.021708744,0.023682267,0.025655789,0.02664255,0.027629311,0.031576356),.UNSPECIFIED.);
#204=EDGE_CURVE('',#151,#153,#203,.T.);
#205=ORIENTED_EDGE('',*,*,#204,.T.);
#206=CARTESIAN_POINT('',(509.839848603,313.032922775,-39.537421357));
#207=DIRECTION('',(1.,-0.,0.));
#208=DIRECTION('',(-0.,0.,1.));
#209=AXIS2_PLACEMENT_3D('',#206,#207,#208);
#210=CIRCLE('',#209,10.);
#211=EDGE_CURVE('',#153,#104,#210,.T.);
#212=ORIENTED_EDGE('',*,*,#211,.T.);
#213=ORIENTED_EDGE('',*,*,#111,.T.);
#214=CARTESIAN_POINT('',(509.839848603,207.346992443,-35.337421357));
#215=VERTEX_POINT('',#214);
#216=CARTESIAN_POINT('',(509.839848603,207.346992443,-35.337421357));
#217=DIRECTION('',(-0.,0.,1.));
#218=VECTOR('',#217,5.8);
#219=LINE('',#216,#218);
#220=EDGE_CURVE('',#215,#106,#219,.T.);
#221=ORIENTED_EDGE('',*,*,#220,.F.);
#222=CARTESIAN_POINT('',(509.839848603,214.105579608,-35.337421357));
#223=VERTEX_POINT('',#222);
#224=CARTESIAN_POINT('',(509.839848603,207.346992443,-35.337421357));
#225=DIRECTION('',(0.,1.,0.));
#226=VECTOR('',#225,6.758587165);
#227=LINE('',#224,#226);
#228=EDGE_CURVE('',#215,#223,#227,.T.);
#229=ORIENTED_EDGE('',*,*,#228,.T.);
#230=CARTESIAN_POINT('',(509.839848603,214.105579608,-37.5));
#231=VERTEX_POINT('',#230);
#232=CARTESIAN_POINT('',(509.839848603,214.105579608,-35.337421357));
#233=DIRECTION('',(0.,-0.,-1.));
#234=VECTOR('',#233,2.162578643);
#235=LINE('',#232,#234);
#236=EDGE_CURVE('',#223,#231,#235,.T.);
#237=ORIENTED_EDGE('',*,*,#236,.T.);
#238=CARTESIAN_POINT('',(509.839848603,212.778452247,-37.5));
#239=VERTEX_POINT('',#238);
#240=CARTESIAN_POINT('',(509.839848603,214.105579608,-37.5));
#241=DIRECTION('',(-0.,-1.,-0.));
#242=VECTOR('',#241,1.327127361);
#243=LINE('',#240,#242);
#244=EDGE_CURVE('',#231,#239,#243,.T.);
#245=ORIENTED_EDGE('',*,*,#244,.T.);
#246=CARTESIAN_POINT('',(509.839848603,212.378452247,-37.9));
#247=VERTEX_POINT('',#246);
#248=CARTESIAN_POINT('',(509.839848603,212.778452247,-37.5));
#249=DIRECTION('',(0.,-0.707106781,-0.707106781));
#250=VECTOR('',#249,0.565685425);
#251=LINE('',#248,#250);
#252=EDGE_CURVE('',#239,#247,#251,.T.);
#253=ORIENTED_EDGE('',*,*,#252,.T.);
#254=CARTESIAN_POINT('',(509.839848603,212.378452247,-39.6));
#255=VERTEX_POINT('',#254);
#256=CARTESIAN_POINT('',(509.839848603,212.378452247,-37.9));
#257=DIRECTION('',(0.,-0.,-1.));
#258=VECTOR('',#257,1.7);
#259=LINE('',#256,#258);
#260=EDGE_CURVE('',#247,#255,#259,.T.);
#261=ORIENTED_EDGE('',*,*,#260,.T.);
#262=CARTESIAN_POINT('',(509.839848603,214.055579608,-41.25));
#263=VERTEX_POINT('',#262);
#264=CARTESIAN_POINT('',(509.839848603,212.378452247,-39.6));
#265=DIRECTION('',(0.,0.712848403,-0.701318154));
#266=VECTOR('',#265,2.352712517);
#267=LINE('',#264,#266);
#268=EDGE_CURVE('',#255,#263,#267,.T.);
#269=ORIENTED_EDGE('',*,*,#268,.T.);
#270=CARTESIAN_POINT('',(509.839848603,219.855579608,-41.25));
#271=VERTEX_POINT('',#270);
#272=CARTESIAN_POINT('',(509.839848603,214.055579608,-41.25));
#273=DIRECTION('',(-0.,1.,-0.));
#274=VECTOR('',#273,5.8);
#275=LINE('',#272,#274);
#276=EDGE_CURVE('',#263,#271,#275,.T.);
#277=ORIENTED_EDGE('',*,*,#276,.T.);
#278=CARTESIAN_POINT('',(509.839848603,221.53270697,-39.6));
#279=VERTEX_POINT('',#278);
#280=CARTESIAN_POINT('',(509.839848603,219.855579608,-41.25));
#281=DIRECTION('',(-0.,0.712848403,0.701318154));
#282=VECTOR('',#281,2.352712517);
#283=LINE('',#280,#282);
#284=EDGE_CURVE('',#271,#279,#283,.T.);
#285=ORIENTED_EDGE('',*,*,#284,.T.);
#286=CARTESIAN_POINT('',(509.839848603,221.53270697,-37.9));
#287=VERTEX_POINT('',#286);
#288=CARTESIAN_POINT('',(509.839848603,221.53270697,-39.6));
#289=DIRECTION('',(-0.,-0.,1.));
#290=VECTOR('',#289,1.7);
#291=LINE('',#288,#290);
#292=EDGE_CURVE('',#279,#287,#291,.T.);
#293=ORIENTED_EDGE('',*,*,#292,.T.);
#294=CARTESIAN_POINT('',(509.839848603,221.13270697,-37.5));
#295=VERTEX_POINT('',#294);
#296=CARTESIAN_POINT('',(509.839848603,221.53270697,-37.9));
#297=DIRECTION('',(-0.,-0.707106781,0.707106781));
#298=VECTOR('',#297,0.565685425);
#299=LINE('',#296,#298);
#300=EDGE_CURVE('',#287,#295,#299,.T.);
#301=ORIENTED_EDGE('',*,*,#300,.T.);
#302=CARTESIAN_POINT('',(509.839848603,219.878405278,-37.5));
#303=VERTEX_POINT('',#302);
#304=CARTESIAN_POINT('',(509.839848603,221.13270697,-37.5));
#305=DIRECTION('',(-0.,-1.,-0.));
#306=VECTOR('',#305,1.254301692);
#307=LINE('',#304,#306);
#308=EDGE_CURVE('',#295,#303,#307,.T.);
#309=ORIENTED_EDGE('',*,*,#308,.T.);
#310=CARTESIAN_POINT('',(509.839848603,219.878405278,-35.337421357));
#311=VERTEX_POINT('',#310);
#312=CARTESIAN_POINT('',(509.839848603,219.878405278,-37.5));
#313=DIRECTION('',(-0.,-0.,1.));
#314=VECTOR('',#313,2.162578643);
#315=LINE('',#312,#314);
#316=EDGE_CURVE('',#303,#311,#315,.T.);
#317=ORIENTED_EDGE('',*,*,#316,.T.);
#318=CARTESIAN_POINT('',(509.839848603,227.146992443,-35.337421357));
#319=VERTEX_POINT('',#318);
#320=CARTESIAN_POINT('',(509.839848603,219.878405278,-35.337421357));
#321=DIRECTION('',(0.,1.,0.));
#322=VECTOR('',#321,7.268587165);
#323=LINE('',#320,#322);
#324=EDGE_CURVE('',#311,#319,#323,.T.);
#325=ORIENTED_EDGE('',*,*,#324,.T.);
#326=CARTESIAN_POINT('',(509.839848603,227.146992443,-42.651008522));
#327=VERTEX_POINT('',#326);
#328=CARTESIAN_POINT('',(509.839848603,227.146992443,-42.651008522));
#329=DIRECTION('',(-0.,-0.,1.));
#330=VECTOR('',#329,7.313587165);
#331=LINE('',#328,#330);
#332=EDGE_CURVE('',#327,#319,#331,.T.);
#333=ORIENTED_EDGE('',*,*,#332,.F.);
#334=CARTESIAN_POINT('',(509.839848603,224.9844138,-42.651008522));
#335=VERTEX_POINT('',#334);
#336=CARTESIAN_POINT('',(509.839848603,227.146992443,-42.651008522));
#337=DIRECTION('',(0.,-1.,-0.));
#338=VECTOR('',#337,2.162578643);
#339=LINE('',#336,#338);
#340=EDGE_CURVE('',#327,#335,#339,.T.);
#341=ORIENTED_EDGE('',*,*,#340,.T.);
#342=CARTESIAN_POINT('',(509.839848603,224.9844138,-41.323881161));
#343=VERTEX_POINT('',#342);
#344=CARTESIAN_POINT('',(509.839848603,224.9844138,-42.651008522));
#345=DIRECTION('',(-0.,-0.,1.));
#346=VECTOR('',#345,1.327127361);
#347=LINE('',#344,#346);
#348=EDGE_CURVE('',#335,#343,#347,.T.);
#349=ORIENTED_EDGE('',*,*,#348,.T.);
#350=CARTESIAN_POINT('',(509.839848603,224.5844138,-40.923881161));
#351=VERTEX_POINT('',#350);
#352=CARTESIAN_POINT('',(509.839848603,224.9844138,-41.323881161));
#353=DIRECTION('',(-0.,-0.707106781,0.707106781));
#354=VECTOR('',#353,0.565685425);
#355=LINE('',#352,#354);
#356=EDGE_CURVE('',#343,#351,#355,.T.);
#357=ORIENTED_EDGE('',*,*,#356,.T.);
#358=CARTESIAN_POINT('',(509.839848603,222.8844138,-40.923881161));
#359=VERTEX_POINT('',#358);
#360=CARTESIAN_POINT('',(509.839848603,224.5844138,-40.923881161));
#361=DIRECTION('',(0.,-1.,-0.));
#362=VECTOR('',#361,1.7);
#363=LINE('',#360,#362);
#364=EDGE_CURVE('',#351,#359,#363,.T.);
#365=ORIENTED_EDGE('',*,*,#364,.T.);
#366=CARTESIAN_POINT('',(509.839848603,221.2344138,-42.601008522));
#367=VERTEX_POINT('',#366);
#368=CARTESIAN_POINT('',(509.839848603,222.8844138,-40.923881161));
#369=DIRECTION('',(0.,-0.701318154,-0.712848403));
#370=VECTOR('',#369,2.352712517);
#371=LINE('',#368,#370);
#372=EDGE_CURVE('',#359,#367,#371,.T.);
#373=ORIENTED_EDGE('',*,*,#372,.T.);
#374=CARTESIAN_POINT('',(509.839848603,221.2344138,-48.401008522));
#375=VERTEX_POINT('',#374);
#376=CARTESIAN_POINT('',(509.839848603,221.2344138,-42.601008522));
#377=DIRECTION('',(0.,0.,-1.));
#378=VECTOR('',#377,5.8);
#379=LINE('',#376,#378);
#380=EDGE_CURVE('',#367,#375,#379,.T.);
#381=ORIENTED_EDGE('',*,*,#380,.T.);
#382=CARTESIAN_POINT('',(509.839848603,222.8844138,-50.078135883));
#383=VERTEX_POINT('',#382);
#384=CARTESIAN_POINT('',(509.839848603,221.2344138,-48.401008522));
#385=DIRECTION('',(0.,0.701318154,-0.712848403));
#386=VECTOR('',#385,2.352712517);
#387=LINE('',#384,#386);
#388=EDGE_CURVE('',#375,#383,#387,.T.);
#389=ORIENTED_EDGE('',*,*,#388,.T.);
#390=CARTESIAN_POINT('',(509.839848603,224.5844138,-50.078135883));
#391=VERTEX_POINT('',#390);
#392=CARTESIAN_POINT('',(509.839848603,222.8844138,-50.078135883));
#393=DIRECTION('',(-0.,1.,0.));
#394=VECTOR('',#393,1.7);
#395=LINE('',#392,#394);
#396=EDGE_CURVE('',#383,#391,#395,.T.);
#397=ORIENTED_EDGE('',*,*,#396,.T.);
#398=CARTESIAN_POINT('',(509.839848603,224.9844138,-49.678135883));
#399=VERTEX_POINT('',#398);
#400=CARTESIAN_POINT('',(509.839848603,224.5844138,-50.078135883));
#401=DIRECTION('',(-0.,0.707106781,0.707106781));
#402=VECTOR('',#401,0.565685425);
#403=LINE('',#400,#402);
#404=EDGE_CURVE('',#391,#399,#403,.T.);
#405=ORIENTED_EDGE('',*,*,#404,.T.);
#406=CARTESIAN_POINT('',(509.839848603,224.9844138,-48.423834191));
#407=VERTEX_POINT('',#406);
#408=CARTESIAN_POINT('',(509.839848603,224.9844138,-49.678135883));
#409=DIRECTION('',(-0.,-0.,1.));
#410=VECTOR('',#409,1.254301692);
#411=LINE('',#408,#410);
#412=EDGE_CURVE('',#399,#407,#411,.T.);
#413=ORIENTED_EDGE('',*,*,#412,.T.);
#414=CARTESIAN_POINT('',(509.839848603,227.146992443,-48.423834191));
#415=VERTEX_POINT('',#414);
#416=CARTESIAN_POINT('',(509.839848603,224.9844138,-48.423834191));
#417=DIRECTION('',(-0.,1.,0.));
#418=VECTOR('',#417,2.162578643);
#419=LINE('',#416,#418);
#420=EDGE_CURVE('',#407,#415,#419,.T.);
#421=ORIENTED_EDGE('',*,*,#420,.T.);
#422=CARTESIAN_POINT('',(509.839848603,227.146992443,-62.651008522));
#423=VERTEX_POINT('',#422);
#424=CARTESIAN_POINT('',(509.839848603,227.146992443,-62.651008522));
#425=DIRECTION('',(-0.,-0.,1.));
#426=VECTOR('',#425,14.227174331);
#427=LINE('',#424,#426);
#428=EDGE_CURVE('',#423,#415,#427,.T.);
#429=ORIENTED_EDGE('',*,*,#428,.F.);
#430=CARTESIAN_POINT('',(509.839848603,224.9844138,-62.651008522));
#431=VERTEX_POINT('',#430);
#432=CARTESIAN_POINT('',(509.839848603,227.146992443,-62.651008522));
#433=DIRECTION('',(0.,-1.,-0.));
#434=VECTOR('',#433,2.162578643);
#435=LINE('',#432,#434);
#436=EDGE_CURVE('',#423,#431,#435,.T.);
#437=ORIENTED_EDGE('',*,*,#436,.T.);
#438=CARTESIAN_POINT('',(509.839848603,224.9844138,-61.323881161));
#439=VERTEX_POINT('',#438);
#440=CARTESIAN_POINT('',(509.839848603,224.9844138,-62.651008522));
#441=DIRECTION('',(-0.,-0.,1.));
#442=VECTOR('',#441,1.327127361);
#443=LINE('',#440,#442);
#444=EDGE_CURVE('',#431,#439,#443,.T.);
#445=ORIENTED_EDGE('',*,*,#444,.T.);
#446=CARTESIAN_POINT('',(509.839848603,224.5844138,-60.923881161));
#447=VERTEX_POINT('',#446);
#448=CARTESIAN_POINT('',(509.839848603,224.9844138,-61.323881161));
#449=DIRECTION('',(-0.,-0.707106781,0.707106781));
#450=VECTOR('',#449,0.565685425);
#451=LINE('',#448,#450);
#452=EDGE_CURVE('',#439,#447,#451,.T.);
#453=ORIENTED_EDGE('',*,*,#452,.T.);
#454=CARTESIAN_POINT('',(509.839848603,222.8844138,-60.923881161));
#455=VERTEX_POINT('',#454);
#456=CARTESIAN_POINT('',(509.839848603,224.5844138,-60.923881161));
#457=DIRECTION('',(0.,-1.,-0.));
#458=VECTOR('',#457,1.7);
#459=LINE('',#456,#458);
#460=EDGE_CURVE('',#447,#455,#459,.T.);
#461=ORIENTED_EDGE('',*,*,#460,.T.);
#462=CARTESIAN_POINT('',(509.839848603,221.2344138,-62.601008522));
#463=VERTEX_POINT('',#462);
#464=CARTESIAN_POINT('',(509.839848603,222.8844138,-60.923881161));
#465=DIRECTION('',(0.,-0.701318154,-0.712848403));
#466=VECTOR('',#465,2.352712517);
#467=LINE('',#464,#466);
#468=EDGE_CURVE('',#455,#463,#467,.T.);
#469=ORIENTED_EDGE('',*,*,#468,.T.);
#470=CARTESIAN_POINT('',(509.839848603,221.2344138,-68.401008522));
#471=VERTEX_POINT('',#470);
#472=CARTESIAN_POINT('',(509.839848603,221.2344138,-62.601008522));
#473=DIRECTION('',(0.,0.,-1.));
#474=VECTOR('',#473,5.8);
#475=LINE('',#472,#474);
#476=EDGE_CURVE('',#463,#471,#475,.T.);
#477=ORIENTED_EDGE('',*,*,#476,.T.);
#478=CARTESIAN_POINT('',(509.839848603,222.8844138,-70.078135883));
#479=VERTEX_POINT('',#478);
#480=CARTESIAN_POINT('',(509.839848603,221.2344138,-68.401008522));
#481=DIRECTION('',(0.,0.701318154,-0.712848403));
#482=VECTOR('',#481,2.352712517);
#483=LINE('',#480,#482);
#484=EDGE_CURVE('',#471,#479,#483,.T.);
#485=ORIENTED_EDGE('',*,*,#484,.T.);
#486=CARTESIAN_POINT('',(509.839848603,224.5844138,-70.078135883));
#487=VERTEX_POINT('',#486);
#488=CARTESIAN_POINT('',(509.839848603,222.8844138,-70.078135883));
#489=DIRECTION('',(-0.,1.,0.));
#490=VECTOR('',#489,1.7);
#491=LINE('',#488,#490);
#492=EDGE_CURVE('',#479,#487,#491,.T.);
#493=ORIENTED_EDGE('',*,*,#492,.T.);
#494=CARTESIAN_POINT('',(509.839848603,224.9844138,-69.678135883));
#495=VERTEX_POINT('',#494);
#496=CARTESIAN_POINT('',(509.839848603,224.5844138,-70.078135883));
#497=DIRECTION('',(-0.,0.707106781,0.707106781));
#498=VECTOR('',#497,0.565685425);
#499=LINE('',#496,#498);
#500=EDGE_CURVE('',#487,#495,#499,.T.);
#501=ORIENTED_EDGE('',*,*,#500,.T.);
#502=CARTESIAN_POINT('',(509.839848603,224.9844138,-68.423834191));
#503=VERTEX_POINT('',#502);
#504=CARTESIAN_POINT('',(509.839848603,224.9844138,-69.678135883));
#505=DIRECTION('',(-0.,-0.,1.));
#506=VECTOR('',#505,1.254301692);
#507=LINE('',#504,#506);
#508=EDGE_CURVE('',#495,#503,#507,.T.);
#509=ORIENTED_EDGE('',*,*,#508,.T.);
#510=CARTESIAN_POINT('',(509.839848603,227.146992443,-68.423834191));
#511=VERTEX_POINT('',#510);
#512=CARTESIAN_POINT('',(509.839848603,224.9844138,-68.423834191));
#513=DIRECTION('',(-0.,1.,0.));
#514=VECTOR('',#513,2.162578643);
#515=LINE('',#512,#514);
#516=EDGE_CURVE('',#503,#511,#515,.T.);
#517=ORIENTED_EDGE('',*,*,#516,.T.);
#518=CARTESIAN_POINT('',(509.839848603,227.146992443,-75.737421357));
#519=VERTEX_POINT('',#518);
#520=CARTESIAN_POINT('',(509.839848603,227.146992443,-75.737421357));
#521=DIRECTION('',(-0.,-0.,1.));
#522=VECTOR('',#521,7.313587165);
#523=LINE('',#520,#522);
#524=EDGE_CURVE('',#519,#511,#523,.T.);
#525=ORIENTED_EDGE('',*,*,#524,.F.);
#526=CARTESIAN_POINT('',(509.839848603,219.878405278,-75.737421357));
#527=VERTEX_POINT('',#526);
#528=CARTESIAN_POINT('',(509.839848603,227.146992443,-75.737421357));
#529=DIRECTION('',(0.,-1.,0.));
#530=VECTOR('',#529,7.268587165);
#531=LINE('',#528,#530);
#532=EDGE_CURVE('',#519,#527,#531,.T.);
#533=ORIENTED_EDGE('',*,*,#532,.T.);
#534=CARTESIAN_POINT('',(509.839848603,219.878405278,-73.574842713));
#535=VERTEX_POINT('',#534);
#536=CARTESIAN_POINT('',(509.839848603,219.878405278,-75.737421357));
#537=DIRECTION('',(-0.,-0.,1.));
#538=VECTOR('',#537,2.162578644);
#539=LINE('',#536,#538);
#540=EDGE_CURVE('',#527,#535,#539,.T.);
#541=ORIENTED_EDGE('',*,*,#540,.T.);
#542=CARTESIAN_POINT('',(509.839848603,221.205532639,-73.574842713));
#543=VERTEX_POINT('',#542);
#544=CARTESIAN_POINT('',(509.839848603,219.878405278,-73.574842713));
#545=DIRECTION('',(-0.,1.,-0.));
#546=VECTOR('',#545,1.327127361);
#547=LINE('',#544,#546);
#548=EDGE_CURVE('',#535,#543,#547,.T.);
#549=ORIENTED_EDGE('',*,*,#548,.T.);
#550=CARTESIAN_POINT('',(509.839848603,221.605532639,-73.174842713));
#551=VERTEX_POINT('',#550);
#552=CARTESIAN_POINT('',(509.839848603,221.205532639,-73.574842713));
#553=DIRECTION('',(-0.,0.707106781,0.707106781));
#554=VECTOR('',#553,0.565685425);
#555=LINE('',#552,#554);
#556=EDGE_CURVE('',#543,#551,#555,.T.);
#557=ORIENTED_EDGE('',*,*,#556,.T.);
#558=CARTESIAN_POINT('',(509.839848603,221.605532639,-71.474842713));
#559=VERTEX_POINT('',#558);
#560=CARTESIAN_POINT('',(509.839848603,221.605532639,-73.174842713));
#561=DIRECTION('',(-0.,-0.,1.));
#562=VECTOR('',#561,1.7);
#563=LINE('',#560,#562);
#564=EDGE_CURVE('',#551,#559,#563,.T.);
#565=ORIENTED_EDGE('',*,*,#564,.T.);
#566=CARTESIAN_POINT('',(509.839848603,219.928405278,-69.824842713));
#567=VERTEX_POINT('',#566);
#568=CARTESIAN_POINT('',(509.839848603,221.605532639,-71.474842713));
#569=DIRECTION('',(-0.,-0.712848403,0.701318154));
#570=VECTOR('',#569,2.352712517);
#571=LINE('',#568,#570);
#572=EDGE_CURVE('',#559,#567,#571,.T.);
#573=ORIENTED_EDGE('',*,*,#572,.T.);
#574=CARTESIAN_POINT('',(509.839848603,214.128405278,-69.824842713));
#575=VERTEX_POINT('',#574);
#576=CARTESIAN_POINT('',(509.839848603,219.928405278,-69.824842713));
#577=DIRECTION('',(-0.,-1.,-0.));
#578=VECTOR('',#577,5.8);
#579=LINE('',#576,#578);
#580=EDGE_CURVE('',#567,#575,#579,.T.);
#581=ORIENTED_EDGE('',*,*,#580,.T.);
#582=CARTESIAN_POINT('',(509.839848603,212.451277916,-71.474842713));
#583=VERTEX_POINT('',#582);
#584=CARTESIAN_POINT('',(509.839848603,214.128405278,-69.824842713));
#585=DIRECTION('',(0.,-0.712848403,-0.701318154));
#586=VECTOR('',#585,2.352712517);
#587=LINE('',#584,#586);
#588=EDGE_CURVE('',#575,#583,#587,.T.);
#589=ORIENTED_EDGE('',*,*,#588,.T.);
#590=CARTESIAN_POINT('',(509.839848603,212.451277916,-73.174842713));
#591=VERTEX_POINT('',#590);
#592=CARTESIAN_POINT('',(509.839848603,212.451277916,-71.474842713));
#593=DIRECTION('',(0.,-0.,-1.));
#594=VECTOR('',#593,1.7);
#595=LINE('',#592,#594);
#596=EDGE_CURVE('',#583,#591,#595,.T.);
#597=ORIENTED_EDGE('',*,*,#596,.T.);
#598=CARTESIAN_POINT('',(509.839848603,212.851277916,-73.574842713));
#599=VERTEX_POINT('',#598);
#600=CARTESIAN_POINT('',(509.839848603,212.451277916,-73.174842713));
#601=DIRECTION('',(0.,0.707106781,-0.707106781));
#602=VECTOR('',#601,0.565685425);
#603=LINE('',#600,#602);
#604=EDGE_CURVE('',#591,#599,#603,.T.);
#605=ORIENTED_EDGE('',*,*,#604,.T.);
#606=CARTESIAN_POINT('',(509.839848603,214.105579608,-73.574842713));
#607=VERTEX_POINT('',#606);
#608=CARTESIAN_POINT('',(509.839848603,212.851277916,-73.574842713));
#609=DIRECTION('',(-0.,1.,-0.));
#610=VECTOR('',#609,1.254301692);
#611=LINE('',#608,#610);
#612=EDGE_CURVE('',#599,#607,#611,.T.);
#613=ORIENTED_EDGE('',*,*,#612,.T.);
#614=CARTESIAN_POINT('',(509.839848603,214.105579608,-75.737421357));
#615=VERTEX_POINT('',#614);
#616=CARTESIAN_POINT('',(509.839848603,214.105579608,-73.574842713));
#617=DIRECTION('',(0.,-0.,-1.));
#618=VECTOR('',#617,2.162578644);
#619=LINE('',#616,#618);
#620=EDGE_CURVE('',#607,#615,#619,.T.);
#621=ORIENTED_EDGE('',*,*,#620,.T.);
#622=CARTESIAN_POINT('',(509.839848603,207.346992443,-75.737421357));
#623=VERTEX_POINT('',#622);
#624=CARTESIAN_POINT('',(509.839848603,214.105579608,-75.737421357));
#625=DIRECTION('',(0.,-1.,0.));
#626=VECTOR('',#625,6.758587165);
#627=LINE('',#624,#626);
#628=EDGE_CURVE('',#615,#623,#627,.T.);
#629=ORIENTED_EDGE('',*,*,#628,.T.);
#630=CARTESIAN_POINT('',(509.839848603,207.346992443,-81.537421357));
#631=VERTEX_POINT('',#630);
#632=CARTESIAN_POINT('',(509.839848603,207.346992443,-81.537421357));
#633=DIRECTION('',(-0.,0.,1.));
#634=VECTOR('',#633,5.8);
#635=LINE('',#632,#634);
#636=EDGE_CURVE('',#631,#623,#635,.T.);
#637=ORIENTED_EDGE('',*,*,#636,.F.);
#638=CARTESIAN_POINT('',(509.839848603,276.094673081,-81.537421357));
#639=VERTEX_POINT('',#638);
#640=CARTESIAN_POINT('',(509.839848603,207.346992443,-81.537421357));
#641=DIRECTION('',(-0.,1.,0.));
#642=VECTOR('',#641,68.747680638);
#643=LINE('',#640,#642);
#644=EDGE_CURVE('',#631,#639,#643,.T.);
#645=ORIENTED_EDGE('',*,*,#644,.T.);
#646=CARTESIAN_POINT('',(509.839848603,322.117913623,-62.124437556));
#647=VERTEX_POINT('',#646);
#648=CARTESIAN_POINT('',(509.839848603,322.117913623,-62.124437556));
#649=DIRECTION('',(0.,-0.921386177,-0.388648316));
#650=VECTOR('',#649,49.950001101);
#651=LINE('',#648,#650);
#652=EDGE_CURVE('',#647,#639,#651,.T.);
#653=ORIENTED_EDGE('',*,*,#652,.F.);
#654=CARTESIAN_POINT('',(509.839848603,318.231430465,-52.910575789));
#655=DIRECTION('',(1.,-0.,0.));
#656=DIRECTION('',(-0.,0.,1.));
#657=AXIS2_PLACEMENT_3D('',#654,#655,#656);
#658=CIRCLE('',#657,10.);
#659=EDGE_CURVE('',#647,#151,#658,.T.);
#660=ORIENTED_EDGE('',*,*,#659,.T.);
#661=EDGE_LOOP('',(#205,#212,#213,#221,#229,#237,#245,#253,#261,#269,#277,#285,#293,#301,#309,#317,#325,#333,#341,#349,#357,#365,#373,#381,#389,#397,
#405,#413,#421,#429,#437,#445,#453,#461,#469,#477,#485,#493,#501,#509,#517,#525,#533,#541,#549,#557,#565,#573,#581,#589,#597,
#605,#613,#621,#629,#637,#645,#653,#660));
#662=FACE_BOUND('',#661,.T.);
#663=CARTESIAN_POINT('',(509.839848603,247.405579608,-67.3));
#664=VERTEX_POINT('',#663);
#665=CARTESIAN_POINT('',(509.839848603,236.405579608,-56.3));
#666=VERTEX_POINT('',#665);
#667=CARTESIAN_POINT('',(509.839848603,247.405579608,-67.3));
#668=CARTESIAN_POINT('',(509.839848603,246.687767174,-67.3));
#669=CARTESIAN_POINT('',(509.839848603,245.972582855,-67.232379099));
#670=CARTESIAN_POINT('',(509.839848603,245.26027475,-67.09075373));
#671=CARTESIAN_POINT('',(509.839848603,245.082197723,-67.055347387));
#672=CARTESIAN_POINT('',(509.839848603,244.904039758,-67.015216328));
#673=CARTESIAN_POINT('',(509.839848603,244.72810352,-66.97090714));
#674=CARTESIAN_POINT('',(509.839848603,244.552167282,-66.926597953));
#675=CARTESIAN_POINT('',(509.839848603,244.377966581,-66.878029672));
#676=CARTESIAN_POINT('',(509.839848603,244.205453124,-66.825320809));
#677=CARTESIAN_POINT('',(509.839848603,243.860426211,-66.719903082));
#678=CARTESIAN_POINT('',(509.839848603,243.522145637,-66.5979295));
#679=CARTESIAN_POINT('',(509.839848603,243.190257274,-66.460269113));
#680=CARTESIAN_POINT('',(509.839848603,242.858368912,-66.322608726));
#681=CARTESIAN_POINT('',(509.839848603,242.532885006,-66.169231482));
#682=CARTESIAN_POINT('',(509.839848603,242.214181638,-65.999214457));
#683=CARTESIAN_POINT('',(509.839848603,242.054829955,-65.914205945));
#684=CARTESIAN_POINT('',(509.839848603,241.897174065,-65.825035868));
#685=CARTESIAN_POINT('',(509.839848603,241.741265185,-65.731578546));
#686=CARTESIAN_POINT('',(509.839848603,241.585356304,-65.638121223));
#687=CARTESIAN_POINT('',(509.839848603,241.431280256,-65.540388253));
#688=CARTESIAN_POINT('',(509.839848603,241.280712141,-65.439470774));
#689=CARTESIAN_POINT('',(509.839848603,240.678439684,-65.035800858));
#690=CARTESIAN_POINT('',(509.839848603,240.125013245,-64.577053486));
#691=CARTESIAN_POINT('',(509.839848603,239.616691023,-64.067447817));
#692=CARTESIAN_POINT('',(509.839848603,239.362529913,-63.812644983));
#693=CARTESIAN_POINT('',(509.839848603,239.119685288,-63.545081983));
#694=CARTESIAN_POINT('',(509.839848603,238.88902241,-63.263783175));
#695=CARTESIAN_POINT('',(509.839848603,238.658359532,-62.982484367));
#696=CARTESIAN_POINT('',(509.839848603,238.442568642,-62.690546718));
#697=CARTESIAN_POINT('',(509.839848603,238.243237216,-62.390632982));
#698=CARTESIAN_POINT('',(509.839848603,237.844574365,-61.790805508));
#699=CARTESIAN_POINT('',(509.839848603,237.509173303,-61.156017906));
#700=CARTESIAN_POINT('',(509.839848603,237.233995013,-60.487949616));
#701=CARTESIAN_POINT('',(509.839848603,237.096405868,-60.153915471));
#702=CARTESIAN_POINT('',(509.839848603,236.973392344,-59.809377077));
#703=CARTESIAN_POINT('',(509.839848603,236.8690763,-59.463775751));
#704=CARTESIAN_POINT('',(509.839848603,236.764760256,-59.118174426));
#705=CARTESIAN_POINT('',(509.839848603,236.678501004,-58.770545996));
#706=CARTESIAN_POINT('',(509.839848603,236.609840999,-58.420941827));
#707=CARTESIAN_POINT('',(509.839848603,236.472520988,-57.721733489));
#708=CARTESIAN_POINT('',(509.839848603,236.405579608,-57.014624255));
#709=CARTESIAN_POINT('',(509.839848603,236.405579608,-56.3));
#710=B_SPLINE_CURVE_WITH_KNOTS('',3,(#667,#668,#669,#670,#671,#672,#673,#674,#675,#676,#677,#678,#679,#680,#681,#682,#683,#684,#685,#686,#687,#688,#689,#690,#691,#692,
#693,#694,#695,#696,#697,#698,#699,#700,#701,#702,#703,#704,#705,#706,#707,#708,#709),.UNSPECIFIED.,.F.,.F.,(4,3,3,3,3,3,3,3,3,3,3,3,3,3,4),(0.007206366,0.009350238,0.009886207,0.010422175,0.011494111,0.012566048,0.013102016,0.013637984,0.015781857,0.016853793,0.01792573,0.020069602,0.021141539,0.022213475,0.024357348),.UNSPECIFIED.);
#711=EDGE_CURVE('',#664,#666,#710,.T.);
#712=ORIENTED_EDGE('',*,*,#711,.T.);
#713=CARTESIAN_POINT('',(509.839848603,236.405579608,-54.7));
#714=VERTEX_POINT('',#713);
#715=CARTESIAN_POINT('',(509.839848603,236.405579608,-56.3));
#716=DIRECTION('',(-0.,-0.,1.));
#717=VECTOR('',#716,1.6);
#718=LINE('',#715,#717);
#719=EDGE_CURVE('',#666,#714,#718,.T.);
#720=ORIENTED_EDGE('',*,*,#719,.T.);
#721=CARTESIAN_POINT('',(509.839848603,247.405579608,-43.7));
#722=VERTEX_POINT('',#721);
#723=CARTESIAN_POINT('',(509.839848603,236.405579608,-54.7));
#724=CARTESIAN_POINT('',(509.839848603,236.405579608,-54.339358213));
#725=CARTESIAN_POINT('',(509.839848603,236.422668046,-53.979044179));
#726=CARTESIAN_POINT('',(509.839848603,236.457716722,-53.619074622));
#727=CARTESIAN_POINT('',(509.839848603,236.492765398,-53.259105064));
#728=CARTESIAN_POINT('',(509.839848603,236.54608925,-52.898875423));
#729=CARTESIAN_POINT('',(509.839848603,236.616599555,-52.545793952));
#730=CARTESIAN_POINT('',(509.839848603,236.757620167,-51.83963101));
#731=CARTESIAN_POINT('',(509.839848603,236.967656589,-51.15528855));
#732=CARTESIAN_POINT('',(509.839848603,237.242508725,-50.491438642));
#733=CARTESIAN_POINT('',(509.839848603,237.379934793,-50.159513688));
#734=CARTESIAN_POINT('',(509.839848603,237.534185429,-49.831621256));
#735=CARTESIAN_POINT('',(509.839848603,237.704622436,-49.511870147));
#736=CARTESIAN_POINT('',(509.839848603,237.875059443,-49.192119038));
#737=CARTESIAN_POINT('',(509.839848603,238.060649289,-48.882186468));
#738=CARTESIAN_POINT('',(509.839848603,238.261440327,-48.582103767));
#739=CARTESIAN_POINT('',(509.839848603,238.462231364,-48.282021066));
#740=CARTESIAN_POINT('',(509.839848603,238.678854587,-47.991034794));
#741=CARTESIAN_POINT('',(509.839848603,238.909340483,-47.71161815));
#742=CARTESIAN_POINT('',(509.839848603,239.139826378,-47.432201506));
#743=CARTESIAN_POINT('',(509.839848603,239.382359456,-47.166368525));
#744=CARTESIAN_POINT('',(509.839848603,239.6360841,-46.913154467));
#745=CARTESIAN_POINT('',(509.839848603,240.143533389,-46.406726352));
#746=CARTESIAN_POINT('',(509.839848603,240.695864446,-45.950904163));
#747=CARTESIAN_POINT('',(509.839848603,241.29672168,-45.549797111));
#748=CARTESIAN_POINT('',(509.839848603,241.446935988,-45.449520348));
#749=CARTESIAN_POINT('',(509.839848603,241.600637688,-45.352407752));
#750=CARTESIAN_POINT('',(509.839848603,241.756068621,-45.259586615));
#751=CARTESIAN_POINT('',(509.839848603,241.911499555,-45.166765479));
#752=CARTESIAN_POINT('',(509.839848603,242.068661652,-45.078193245));
#753=CARTESIAN_POINT('',(509.839848603,242.227503348,-44.993743355));
#754=CARTESIAN_POINT('',(509.839848603,242.54518674,-44.824843576));
#755=CARTESIAN_POINT('',(509.839848603,242.869585882,-44.672426681));
#756=CARTESIAN_POINT('',(509.839848603,243.200321365,-44.535561461));
#757=CARTESIAN_POINT('',(509.839848603,243.531056848,-44.398696241));
#758=CARTESIAN_POINT('',(509.839848603,243.868136636,-44.277402244));
#759=CARTESIAN_POINT('',(509.839848603,244.211920769,-44.172563139));
#760=CARTESIAN_POINT('',(509.839848603,244.383812836,-44.120143586));
#761=CARTESIAN_POINT('',(509.839848603,244.55738151,-44.071839036));
#762=CARTESIAN_POINT('',(509.839848603,244.732675037,-44.027767897));
#763=CARTESIAN_POINT('',(509.839848603,244.907968563,-43.983696759));
#764=CARTESIAN_POINT('',(509.839848603,245.085437995,-43.943784394));
#765=CARTESIAN_POINT('',(509.839848603,245.262929488,-43.908547892));
#766=CARTESIAN_POINT('',(509.839848603,245.972895459,-43.767601881));
#767=CARTESIAN_POINT('',(509.839848603,246.687226071,-43.7));
#768=CARTESIAN_POINT('',(509.839848603,247.405579608,-43.7));
#769=B_SPLINE_CURVE_WITH_KNOTS('',3,(#723,#724,#725,#726,#727,#728,#729,#730,#731,#732,#733,#734,#735,#736,#737,#738,#739,#740,#741,#742,#743,#744,#745,#746,#747,#748,
#749,#750,#751,#752,#753,#754,#755,#756,#757,#758,#759,#760,#761,#762,#763,#764,#765,#766,#767,#768),.UNSPECIFIED.,.F.,.F.,(4,3,3,3,3,3,3,3,3,3,3,3,3,3,3,4),(0.036222355,0.037304281,0.038386206,0.040550057,0.041631982,0.042713907,0.043795833,0.044877758,0.047041609,0.047582572,0.048123534,0.04920546,0.050287385,0.050828348,0.05136931,0.053533161),.UNSPECIFIED.);
#770=EDGE_CURVE('',#714,#722,#769,.T.);
#771=ORIENTED_EDGE('',*,*,#770,.T.);
#772=CARTESIAN_POINT('',(509.839848603,254.205579608,-43.7));
#773=VERTEX_POINT('',#772);
#774=CARTESIAN_POINT('',(509.839848603,247.405579608,-43.7));
#775=DIRECTION('',(-0.,1.,-0.));
#776=VECTOR('',#775,6.8);
#777=LINE('',#774,#776);
#778=EDGE_CURVE('',#722,#773,#777,.T.);
#779=ORIENTED_EDGE('',*,*,#778,.T.);
#780=CARTESIAN_POINT('',(509.839848603,265.205579608,-54.7));
#781=VERTEX_POINT('',#780);
#782=CARTESIAN_POINT('',(509.839848603,254.205579608,-43.7));
#783=CARTESIAN_POINT('',(509.839848603,254.920873834,-43.7));
#784=CARTESIAN_POINT('',(509.839848603,255.633558322,-43.767148071));
#785=CARTESIAN_POINT('',(509.839848603,256.343387665,-43.907758469));
#786=CARTESIAN_POINT('',(509.839848603,256.520845001,-43.942911068));
#787=CARTESIAN_POINT('',(509.839848603,256.698416159,-43.982760337));
#788=CARTESIAN_POINT('',(509.839848603,256.873795878,-44.026765129));
#789=CARTESIAN_POINT('',(509.839848603,257.049175598,-44.070769922));
#790=CARTESIAN_POINT('',(509.839848603,257.222831068,-44.119006108));
#791=CARTESIAN_POINT('',(509.839848603,257.394810129,-44.171356287));
#792=CARTESIAN_POINT('',(509.839848603,257.73876825,-44.276056644));
#793=CARTESIAN_POINT('',(509.839848603,258.076023219,-44.397206872));
#794=CARTESIAN_POINT('',(509.839848603,258.406926306,-44.533944937));
#795=CARTESIAN_POINT('',(509.839848603,258.737829393,-44.670683002));
#796=CARTESIAN_POINT('',(509.839848603,259.062377987,-44.823015311));
#797=CARTESIAN_POINT('',(509.839848603,259.380200331,-44.991854173));
#798=CARTESIAN_POINT('',(509.839848603,259.539111503,-45.076273603));
#799=CARTESIAN_POINT('',(509.839848603,259.696340487,-45.164821209));
#800=CARTESIAN_POINT('',(509.839848603,259.851836715,-45.257621083));
#801=CARTESIAN_POINT('',(509.839848603,260.007332943,-45.350420957));
#802=CARTESIAN_POINT('',(509.839848603,260.161118481,-45.447528127));
#803=CARTESIAN_POINT('',(509.839848603,260.311414947,-45.547802269));
#804=CARTESIAN_POINT('',(509.839848603,260.91260081,-45.948898837));
#805=CARTESIAN_POINT('',(509.839848603,261.465238,-46.40473758));
#806=CARTESIAN_POINT('',(509.839848603,261.973042082,-46.911128926));
#807=CARTESIAN_POINT('',(509.839848603,262.226944123,-47.164324599));
#808=CARTESIAN_POINT('',(509.839848603,262.469631932,-47.430165138));
#809=CARTESIAN_POINT('',(509.839848603,262.700251846,-47.709613109));
#810=CARTESIAN_POINT('',(509.839848603,262.930871761,-47.98906108));
#811=CARTESIAN_POINT('',(509.839848603,263.147623966,-48.280122628));
#812=CARTESIAN_POINT('',(509.839848603,263.348523672,-48.580282606));
#813=CARTESIAN_POINT('',(509.839848603,263.549423379,-48.880442583));
#814=CARTESIAN_POINT('',(509.839848603,263.735109809,-49.190463668));
#815=CARTESIAN_POINT('',(509.839848603,263.905649026,-49.510303038));
#816=CARTESIAN_POINT('',(509.839848603,264.076188243,-49.830142407));
#817=CARTESIAN_POINT('',(509.839848603,264.230535296,-50.158097426));
#818=CARTESIAN_POINT('',(509.839848603,264.368093444,-50.490093598));
#819=CARTESIAN_POINT('',(509.839848603,264.64320974,-51.154085941));
#820=CARTESIAN_POINT('',(509.839848603,264.853481895,-51.838610827));
#821=CARTESIAN_POINT('',(509.839848603,264.994580294,-52.545039205));
#822=CARTESIAN_POINT('',(509.839848603,265.065129493,-52.898253394));
#823=CARTESIAN_POINT('',(509.839848603,265.118455125,-53.258630838));
#824=CARTESIAN_POINT('',(509.839848603,265.153487578,-53.618717561));
#825=CARTESIAN_POINT('',(509.839848603,265.188520031,-53.978804284));
#826=CARTESIAN_POINT('',(509.839848603,265.205579608,-54.339237635));
#827=CARTESIAN_POINT('',(509.839848603,265.205579608,-54.7));
#828=B_SPLINE_CURVE_WITH_KNOTS('',3,(#782,#783,#784,#785,#786,#787,#788,#789,#790,#791,#792,#793,#794,#795,#796,#797,#798,#799,#800,#801,#802,#803,#804,#805,#806,#807,
#808,#809,#810,#811,#812,#813,#814,#815,#816,#817,#818,#819,#820,#821,#822,#823,#824,#825,#826,#827),.UNSPECIFIED.,.F.,.F.,(4,3,3,3,3,3,3,3,3,3,3,3,3,3,3,4),(0.036205784,0.038370358,0.038911501,0.039452645,0.040534932,0.041617219,0.042158363,0.042699506,0.04486408,0.045946367,0.047028655,0.048110942,0.049193229,0.051357803,0.05244009,0.053522377),.UNSPECIFIED.);
#829=EDGE_CURVE('',#773,#781,#828,.T.);
#830=ORIENTED_EDGE('',*,*,#829,.T.);
#831=CARTESIAN_POINT('',(509.839848603,265.205579608,-56.3));
#832=VERTEX_POINT('',#831);
#833=CARTESIAN_POINT('',(509.839848603,265.205579608,-54.7));
#834=DIRECTION('',(0.,-0.,-1.));
#835=VECTOR('',#834,1.6);
#836=LINE('',#833,#835);
#837=EDGE_CURVE('',#781,#832,#836,.T.);
#838=ORIENTED_EDGE('',*,*,#837,.T.);
#839=CARTESIAN_POINT('',(509.839848603,254.205579608,-67.3));
#840=VERTEX_POINT('',#839);
#841=CARTESIAN_POINT('',(509.839848603,265.205579608,-56.3));
#842=CARTESIAN_POINT('',(509.839848603,265.205579608,-57.015294225));
#843=CARTESIAN_POINT('',(509.839848603,265.138431537,-57.727978713));
#844=CARTESIAN_POINT('',(509.839848603,264.99782114,-58.437808057));
#845=CARTESIAN_POINT('',(509.839848603,264.962668541,-58.615265393));
#846=CARTESIAN_POINT('',(509.839848603,264.922819271,-58.79283655));
#847=CARTESIAN_POINT('',(509.839848603,264.878814479,-58.96821627));
#848=CARTESIAN_POINT('',(509.839848603,264.834809687,-59.143595989));
#849=CARTESIAN_POINT('',(509.839848603,264.7865735,-59.317251459));
#850=CARTESIAN_POINT('',(509.839848603,264.734223322,-59.48923052));
#851=CARTESIAN_POINT('',(509.839848603,264.629522965,-59.833188642));
#852=CARTESIAN_POINT('',(509.839848603,264.508372736,-60.170443611));
#853=CARTESIAN_POINT('',(509.839848603,264.371634671,-60.501346698));
#854=CARTESIAN_POINT('',(509.839848603,264.234896607,-60.832249785));
#855=CARTESIAN_POINT('',(509.839848603,264.082564297,-61.156798378));
#856=CARTESIAN_POINT('',(509.839848603,263.913725436,-61.474620723));
#857=CARTESIAN_POINT('',(509.839848603,263.829306005,-61.633531895));
#858=CARTESIAN_POINT('',(509.839848603,263.7407584,-61.790760878));
#859=CARTESIAN_POINT('',(509.839848603,263.647958526,-61.946257107));
#860=CARTESIAN_POINT('',(509.839848603,263.555158652,-62.101753335));
#861=CARTESIAN_POINT('',(509.839848603,263.458051481,-62.255538873));
#862=CARTESIAN_POINT('',(509.839848603,263.357777339,-62.405835339));
#863=CARTESIAN_POINT('',(509.839848603,262.956680771,-63.007021202));
#864=CARTESIAN_POINT('',(509.839848603,262.500842028,-63.559658391));
#865=CARTESIAN_POINT('',(509.839848603,261.994450682,-64.067462474));
#866=CARTESIAN_POINT('',(509.839848603,261.741255009,-64.321364515));
#867=CARTESIAN_POINT('',(509.839848603,261.475414471,-64.564052324));
#868=CARTESIAN_POINT('',(509.839848603,261.195966499,-64.794672238));
#869=CARTESIAN_POINT('',(509.839848603,260.916518528,-65.025292152));
#870=CARTESIAN_POINT('',(509.839848603,260.625456981,-65.242044357));
#871=CARTESIAN_POINT('',(509.839848603,260.325297003,-65.442944064));
#872=CARTESIAN_POINT('',(509.839848603,260.025137025,-65.643843771));
#873=CARTESIAN_POINT('',(509.839848603,259.71511594,-65.829530201));
#874=CARTESIAN_POINT('',(509.839848603,259.395276571,-66.000069417));
#875=CARTESIAN_POINT('',(509.839848603,259.075437201,-66.170608634));
#876=CARTESIAN_POINT('',(509.839848603,258.747482182,-66.324955687));
#877=CARTESIAN_POINT('',(509.839848603,258.415486011,-66.462513836));
#878=CARTESIAN_POINT('',(509.839848603,257.751493667,-66.737630132));
#879=CARTESIAN_POINT('',(509.839848603,257.066968781,-66.947902287));
#880=CARTESIAN_POINT('',(509.839848603,256.360540403,-67.089000685));
#881=CARTESIAN_POINT('',(509.839848603,256.007326214,-67.159549885));
#882=CARTESIAN_POINT('',(509.839848603,255.64694877,-67.212875517));
#883=CARTESIAN_POINT('',(509.839848603,255.286862047,-67.24790797));
#884=CARTESIAN_POINT('',(509.839848603,254.926775325,-67.282940423));
#885=CARTESIAN_POINT('',(509.839848603,254.566341974,-67.3));
#886=CARTESIAN_POINT('',(509.839848603,254.205579608,-67.3));
#887=B_SPLINE_CURVE_WITH_KNOTS('',3,(#841,#842,#843,#844,#845,#846,#847,#848,#849,#850,#851,#852,#853,#854,#855,#856,#857,#858,#859,#860,#861,#862,#863,#864,#865,#866,
#867,#868,#869,#870,#871,#872,#873,#874,#875,#876,#877,#878,#879,#880,#881,#882,#883,#884,#885,#886),.UNSPECIFIED.,.F.,.F.,(4,3,3,3,3,3,3,3,3,3,3,3,3,3,3,4),(0.036205784,0.038370358,0.038911501,0.039452645,0.040534932,0.041617219,0.042158363,0.042699506,0.04486408,0.045946367,0.047028655,0.048110942,0.049193229,0.051357803,0.05244009,0.053522377),.UNSPECIFIED.);
#888=EDGE_CURVE('',#832,#840,#887,.T.);
#889=ORIENTED_EDGE('',*,*,#888,.T.);
#890=CARTESIAN_POINT('',(509.839848603,254.205579608,-67.3));
#891=DIRECTION('',(-0.,-1.,-0.));
#892=VECTOR('',#891,6.8);
#893=LINE('',#890,#892);
#894=EDGE_CURVE('',#840,#664,#893,.T.);
#895=ORIENTED_EDGE('',*,*,#894,.T.);
#896=EDGE_LOOP('',(#712,#720,#771,#779,#830,#838,#889,#895));
#897=FACE_BOUND('',#896,.T.);
#898=CARTESIAN_POINT('',(509.839848603,309.005579608,-43.2));
#899=VERTEX_POINT('',#898);
#900=CARTESIAN_POINT('',(509.839848603,309.005579608,-54.2));
#901=VERTEX_POINT('',#900);
#902=CARTESIAN_POINT('',(509.839848603,309.005579608,-48.7));
#903=DIRECTION('',(-1.,0.,-0.));
#904=DIRECTION('',(-0.,0.,1.));
#905=AXIS2_PLACEMENT_3D('',#902,#903,#904);
#906=CIRCLE('',#905,5.5);
#907=EDGE_CURVE('',#899,#901,#906,.T.);
#908=ORIENTED_EDGE('',*,*,#907,.T.);
#909=CARTESIAN_POINT('',(509.839848603,309.005579608,-48.7));
#910=DIRECTION('',(-1.,0.,-0.));
#911=DIRECTION('',(-0.,0.,1.));
#912=AXIS2_PLACEMENT_3D('',#909,#910,#911);
#913=CIRCLE('',#912,5.5);
#914=EDGE_CURVE('',#901,#899,#913,.T.);
#915=ORIENTED_EDGE('',*,*,#914,.T.);
#916=EDGE_LOOP('',(#908,#915));
#917=FACE_BOUND('',#916,.T.);
#918=ADVANCED_FACE('',(#662,#897,#917),#149,.T.);
#919=CARTESIAN_POINT('',(509.839848603,317.028172249,-30.370198133));
#920=CARTESIAN_POINT('',(499.839848603,317.028172249,-30.370198133));
#921=CARTESIAN_POINT('',(509.839848603,318.698924125,-31.098343438));
#922=CARTESIAN_POINT('',(499.839848603,318.698924125,-31.098343438));
#923=CARTESIAN_POINT('',(509.839848603,322.541373526,-33.431296961));
#924=CARTESIAN_POINT('',(499.839848603,322.541373526,-33.431296961));
#925=CARTESIAN_POINT('',(509.839848603,327.14938457,-38.99326839));
#926=CARTESIAN_POINT('',(499.839848603,327.14938457,-38.99326839));
#927=CARTESIAN_POINT('',(509.839848603,329.521137588,-46.683096691));
#928=CARTESIAN_POINT('',(499.839848603,329.521137588,-46.683096691));
#929=CARTESIAN_POINT('',(509.839848603,328.937399909,-52.906364648));
#930=CARTESIAN_POINT('',(499.839848603,328.937399909,-52.906364648));
#931=CARTESIAN_POINT('',(509.839848603,327.716801385,-56.194269616));
#932=CARTESIAN_POINT('',(499.839848603,327.716801385,-56.194269616));
#933=CARTESIAN_POINT('',(509.839848603,327.362564914,-56.98763155));
#934=CARTESIAN_POINT('',(499.839848603,327.362564914,-56.98763155));
#935=B_SPLINE_SURFACE_WITH_KNOTS('',3,1,((#919,#920),(#921,#922),(#923,#924),(#925,#926),(#927,#928),(#929,#930),(#931,#932),(#933,#934)),.UNSPECIFIED.,.F.,.F.,.U.,(4,1,1,1,1,4),(2,2),(1.565320725,1.608611293,1.671111293,1.733611293,1.796111293,1.816748908),(0.685714286,0.971428571),.UNSPECIFIED.);
#936=CARTESIAN_POINT('',(499.839848603,317.028172249,-30.370198133));
#937=VERTEX_POINT('',#936);
#938=CARTESIAN_POINT('',(499.839848603,327.362564914,-56.98763155));
#939=VERTEX_POINT('',#938);
#940=CARTESIAN_POINT('',(499.839848603,317.028172249,-30.370198133));
#941=CARTESIAN_POINT('',(499.839848603,318.251616193,-30.903398171));
#942=CARTESIAN_POINT('',(499.839848603,319.40247883,-31.547523082));
#943=CARTESIAN_POINT('',(499.839848603,320.483385381,-32.298560782));
#944=CARTESIAN_POINT('',(499.839848603,321.023838657,-32.674079632));
#945=CARTESIAN_POINT('',(499.839848603,321.546599791,-33.076637103));
#946=CARTESIAN_POINT('',(499.839848603,322.051048721,-33.50718083));
#947=CARTESIAN_POINT('',(499.839848603,322.303273186,-33.722452693));
#948=CARTESIAN_POINT('',(499.839848603,322.551412226,-33.945158719));
#949=CARTESIAN_POINT('',(499.839848603,322.793814391,-34.173903027));
#950=CARTESIAN_POINT('',(499.839848603,323.036216556,-34.402647335));
#951=CARTESIAN_POINT('',(499.839848603,323.271949001,-34.636499148));
#952=CARTESIAN_POINT('',(499.839848603,323.501179159,-34.875330248));
#953=CARTESIAN_POINT('',(499.839848603,324.418099789,-35.830654651));
#954=CARTESIAN_POINT('',(499.839848603,325.232234582,-36.864689866));
#955=CARTESIAN_POINT('',(499.839848603,325.943868651,-37.97721756));
#956=CARTESIAN_POINT('',(499.839848603,326.121777169,-38.255349484));
#957=CARTESIAN_POINT('',(499.839848603,326.293201479,-38.53844685));
#958=CARTESIAN_POINT('',(499.839848603,326.457985419,-38.826629246));
#959=CARTESIAN_POINT('',(499.839848603,326.622769359,-39.114811641));
#960=CARTESIAN_POINT('',(499.839848603,326.781312391,-39.408942123));
#961=CARTESIAN_POINT('',(499.839848603,326.931850504,-39.705888055));
#962=CARTESIAN_POINT('',(499.839848603,327.23292673,-40.29977992));
#963=CARTESIAN_POINT('',(499.839848603,327.502023596,-40.904115104));
#964=CARTESIAN_POINT('',(499.839848603,327.740498188,-41.518450434));
#965=CARTESIAN_POINT('',(499.839848603,328.21744737,-42.747121092));
#966=CARTESIAN_POINT('',(499.839848603,328.573084682,-44.015407889));
#967=CARTESIAN_POINT('',(499.839848603,328.803569292,-45.324565103));
#968=CARTESIAN_POINT('',(499.839848603,328.861190445,-45.651854406));
#969=CARTESIAN_POINT('',(499.839848603,328.910966075,-45.982549587));
#970=CARTESIAN_POINT('',(499.839848603,328.952193171,-46.312498935));
#971=CARTESIAN_POINT('',(499.839848603,328.993420267,-46.642448283));
#972=CARTESIAN_POINT('',(499.839848603,329.026217132,-46.972210037));
#973=CARTESIAN_POINT('',(499.839848603,329.050752256,-47.301787947));
#974=CARTESIAN_POINT('',(499.839848603,329.099822503,-47.960943766));
#975=CARTESIAN_POINT('',(499.839848603,329.115992556,-48.619367475));
#976=CARTESIAN_POINT('',(499.839848603,329.100109248,-49.277077916));
#977=CARTESIAN_POINT('',(499.839848603,329.084225941,-49.934788357));
#978=CARTESIAN_POINT('',(499.839848603,329.036287917,-50.591785501));
#979=CARTESIAN_POINT('',(499.839848603,328.955883007,-51.248060176));
#980=CARTESIAN_POINT('',(499.839848603,328.915680552,-51.576197513));
#981=CARTESIAN_POINT('',(499.839848603,328.867341984,-51.904153802));
#982=CARTESIAN_POINT('',(499.839848603,328.810692572,-52.231925154));
#983=CARTESIAN_POINT('',(499.839848603,328.75404316,-52.559696506));
#984=CARTESIAN_POINT('',(499.839848603,328.688982739,-52.88753299));
#985=CARTESIAN_POINT('',(499.839848603,328.616121263,-53.212121855));
#986=CARTESIAN_POINT('',(499.839848603,328.324675358,-54.510477317));
#987=CARTESIAN_POINT('',(499.839848603,327.906709216,-55.768944599));
#988=CARTESIAN_POINT('',(499.839848603,327.362564914,-56.98763155));
#989=B_SPLINE_CURVE_WITH_KNOTS('',3,(#940,#941,#942,#943,#944,#945,#946,#947,#948,#949,#950,#951,#952,#953,#954,#955,#956,#957,#958,#959,#960,#961,#962,#963,#964,#965,
#966,#967,#968,#969,#970,#971,#972,#973,#974,#975,#976,#977,#978,#979,#980,#981,#982,#983,#984,#985,#986,#987,#988),.UNSPECIFIED.,.F.,.F.,(4,3,3,3,3,3,3,3,3,3,3,3,3,3,3,3,4),(0.,0.00394711,0.005920665,0.006907442,0.00789422,0.01184133,0.012828107,0.013814885,0.015788439,0.019735549,0.020722327,0.021709104,0.023682659,0.025656214,0.026642992,0.027629769,0.031576879),.UNSPECIFIED.);
#990=EDGE_CURVE('',#937,#939,#989,.T.);
#991=ORIENTED_EDGE('',*,*,#990,.F.);
#992=CARTESIAN_POINT('',(499.839848603,317.028172249,-30.370198133));
#993=DIRECTION('',(1.,-0.,0.));
#994=VECTOR('',#993,10.);
#995=LINE('',#992,#994);
#996=EDGE_CURVE('',#937,#153,#995,.T.);
#997=ORIENTED_EDGE('',*,*,#996,.T.);
#998=ORIENTED_EDGE('',*,*,#204,.F.);
#999=CARTESIAN_POINT('',(509.839848603,327.362564914,-56.98763155));
#1000=DIRECTION('',(-1.,0.,-0.));
#1001=VECTOR('',#1000,10.);
#1002=LINE('',#999,#1001);
#1003=EDGE_CURVE('',#151,#939,#1002,.T.);
#1004=ORIENTED_EDGE('',*,*,#1003,.T.);
#1005=EDGE_LOOP('',(#991,#997,#998,#1004));
#1006=FACE_BOUND('',#1005,.T.);
#1007=ADVANCED_FACE('',(#1006),#935,.T.);
#1008=CARTESIAN_POINT('',(489.839848603,434.242579871,-110.729421356));
#1009=DIRECTION('',(1.,-0.,0.));
#1010=DIRECTION('',(-0.,-1.,0.));
#1011=AXIS2_PLACEMENT_3D('',#1008,#1009,#1010);
#1012=PLANE('',#1011);
#1013=ORIENTED_EDGE('',*,*,#56,.T.);
#1014=CARTESIAN_POINT('',(489.839848603,227.346992443,-35.337421357));
#1015=VERTEX_POINT('',#1014);
#1016=CARTESIAN_POINT('',(489.839848603,227.346992443,-34.037421357));
#1017=DIRECTION('',(0.,-0.,-1.));
#1018=VECTOR('',#1017,1.3);
#1019=LINE('',#1016,#1018);
#1020=EDGE_CURVE('',#43,#1015,#1019,.T.);
#1021=ORIENTED_EDGE('',*,*,#1020,.T.);
#1022=CARTESIAN_POINT('',(489.839848603,219.878405278,-35.337421357));
#1023=VERTEX_POINT('',#1022);
#1024=CARTESIAN_POINT('',(489.839848603,227.346992443,-35.337421357));
#1025=DIRECTION('',(-0.,-1.,-0.));
#1026=VECTOR('',#1025,7.468587165);
#1027=LINE('',#1024,#1026);
#1028=EDGE_CURVE('',#1015,#1023,#1027,.T.);
#1029=ORIENTED_EDGE('',*,*,#1028,.T.);
#1030=CARTESIAN_POINT('',(489.839848603,219.878405278,-37.5));
#1031=VERTEX_POINT('',#1030);
#1032=CARTESIAN_POINT('',(489.839848603,219.878405278,-37.5));
#1033=DIRECTION('',(-0.,0.,1.));
#1034=VECTOR('',#1033,2.162578643);
#1035=LINE('',#1032,#1034);
#1036=EDGE_CURVE('',#1031,#1023,#1035,.T.);
#1037=ORIENTED_EDGE('',*,*,#1036,.F.);
#1038=CARTESIAN_POINT('',(489.839848603,221.13270697,-37.5));
#1039=VERTEX_POINT('',#1038);
#1040=CARTESIAN_POINT('',(489.839848603,221.13270697,-37.5));
#1041=DIRECTION('',(-0.,-1.,-0.));
#1042=VECTOR('',#1041,1.254301692);
#1043=LINE('',#1040,#1042);
#1044=EDGE_CURVE('',#1039,#1031,#1043,.T.);
#1045=ORIENTED_EDGE('',*,*,#1044,.F.);
#1046=CARTESIAN_POINT('',(489.839848603,221.53270697,-37.9));
#1047=VERTEX_POINT('',#1046);
#1048=CARTESIAN_POINT('',(489.839848603,221.53270697,-37.9));
#1049=DIRECTION('',(-0.,-0.707106781,0.707106781));
#1050=VECTOR('',#1049,0.565685425);
#1051=LINE('',#1048,#1050);
#1052=EDGE_CURVE('',#1047,#1039,#1051,.T.);
#1053=ORIENTED_EDGE('',*,*,#1052,.F.);
#1054=CARTESIAN_POINT('',(489.839848603,221.53270697,-39.6));
#1055=VERTEX_POINT('',#1054);
#1056=CARTESIAN_POINT('',(489.839848603,221.53270697,-39.6));
#1057=DIRECTION('',(-0.,0.,1.));
#1058=VECTOR('',#1057,1.7);
#1059=LINE('',#1056,#1058);
#1060=EDGE_CURVE('',#1055,#1047,#1059,.T.);
#1061=ORIENTED_EDGE('',*,*,#1060,.F.);
#1062=CARTESIAN_POINT('',(489.839848603,219.855579608,-41.25));
#1063=VERTEX_POINT('',#1062);
#1064=CARTESIAN_POINT('',(489.839848603,221.53270697,-39.6));
#1065=DIRECTION('',(-0.,-0.712848403,-0.701318154));
#1066=VECTOR('',#1065,2.352712517);
#1067=LINE('',#1064,#1066);
#1068=EDGE_CURVE('',#1055,#1063,#1067,.T.);
#1069=ORIENTED_EDGE('',*,*,#1068,.T.);
#1070=CARTESIAN_POINT('',(489.839848603,214.055579608,-41.25));
#1071=VERTEX_POINT('',#1070);
#1072=CARTESIAN_POINT('',(489.839848603,214.055579608,-41.25));
#1073=DIRECTION('',(0.,1.,0.));
#1074=VECTOR('',#1073,5.8);
#1075=LINE('',#1072,#1074);
#1076=EDGE_CURVE('',#1071,#1063,#1075,.T.);
#1077=ORIENTED_EDGE('',*,*,#1076,.F.);
#1078=CARTESIAN_POINT('',(489.839848603,212.378452247,-39.6));
#1079=VERTEX_POINT('',#1078);
#1080=CARTESIAN_POINT('',(489.839848603,214.055579608,-41.25));
#1081=DIRECTION('',(-0.,-0.712848403,0.701318154));
#1082=VECTOR('',#1081,2.352712517);
#1083=LINE('',#1080,#1082);
#1084=EDGE_CURVE('',#1071,#1079,#1083,.T.);
#1085=ORIENTED_EDGE('',*,*,#1084,.T.);
#1086=CARTESIAN_POINT('',(489.839848603,212.378452247,-37.9));
#1087=VERTEX_POINT('',#1086);
#1088=CARTESIAN_POINT('',(489.839848603,212.378452247,-37.9));
#1089=DIRECTION('',(0.,0.,-1.));
#1090=VECTOR('',#1089,1.7);
#1091=LINE('',#1088,#1090);
#1092=EDGE_CURVE('',#1087,#1079,#1091,.T.);
#1093=ORIENTED_EDGE('',*,*,#1092,.F.);
#1094=CARTESIAN_POINT('',(489.839848603,212.778452247,-37.5));
#1095=VERTEX_POINT('',#1094);
#1096=CARTESIAN_POINT('',(489.839848603,212.778452247,-37.5));
#1097=DIRECTION('',(-0.,-0.707106781,-0.707106781));
#1098=VECTOR('',#1097,0.565685425);
#1099=LINE('',#1096,#1098);
#1100=EDGE_CURVE('',#1095,#1087,#1099,.T.);
#1101=ORIENTED_EDGE('',*,*,#1100,.F.);
#1102=CARTESIAN_POINT('',(489.839848603,214.105579608,-37.5));
#1103=VERTEX_POINT('',#1102);
#1104=CARTESIAN_POINT('',(489.839848603,214.105579608,-37.5));
#1105=DIRECTION('',(-0.,-1.,-0.));
#1106=VECTOR('',#1105,1.327127361);
#1107=LINE('',#1104,#1106);
#1108=EDGE_CURVE('',#1103,#1095,#1107,.T.);
#1109=ORIENTED_EDGE('',*,*,#1108,.F.);
#1110=CARTESIAN_POINT('',(489.839848603,214.105579608,-35.337421357));
#1111=VERTEX_POINT('',#1110);
#1112=CARTESIAN_POINT('',(489.839848603,214.105579608,-35.337421357));
#1113=DIRECTION('',(0.,0.,-1.));
#1114=VECTOR('',#1113,2.162578643);
#1115=LINE('',#1112,#1114);
#1116=EDGE_CURVE('',#1111,#1103,#1115,.T.);
#1117=ORIENTED_EDGE('',*,*,#1116,.F.);
#1118=CARTESIAN_POINT('',(489.839848603,207.346992443,-35.337421357));
#1119=VERTEX_POINT('',#1118);
#1120=CARTESIAN_POINT('',(489.839848603,214.105579608,-35.337421357));
#1121=DIRECTION('',(-0.,-1.,-0.));
#1122=VECTOR('',#1121,6.758587165);
#1123=LINE('',#1120,#1122);
#1124=EDGE_CURVE('',#1111,#1119,#1123,.T.);
#1125=ORIENTED_EDGE('',*,*,#1124,.T.);
#1126=CARTESIAN_POINT('',(489.839848603,207.346992443,-29.537421357));
#1127=DIRECTION('',(0.,-0.,-1.));
#1128=VECTOR('',#1127,5.8);
#1129=LINE('',#1126,#1128);
#1130=EDGE_CURVE('',#129,#1119,#1129,.T.);
#1131=ORIENTED_EDGE('',*,*,#1130,.F.);
#1132=ORIENTED_EDGE('',*,*,#134,.F.);
#1133=ORIENTED_EDGE('',*,*,#87,.F.);
#1134=EDGE_LOOP('',(#1013,#1021,#1029,#1037,#1045,#1053,#1061,#1069,#1077,#1085,#1093,#1101,#1109,#1117,#1125,#1131,#1132,#1133));
#1135=FACE_BOUND('',#1134,.T.);
#1136=ADVANCED_FACE('',(#1135),#1012,.F.);
#1137=CARTESIAN_POINT('',(499.839848603,273.952572051,-55.596));
#1138=DIRECTION('',(-1.,0.,-0.));
#1139=DIRECTION('',(0.,0.,-1.));
#1140=AXIS2_PLACEMENT_3D('',#1137,#1138,#1139);
#1141=PLANE('',#1140);
#1142=ORIENTED_EDGE('',*,*,#125,.F.);
#1143=CARTESIAN_POINT('',(499.839848603,313.032922775,-39.537421357));
#1144=DIRECTION('',(-1.,-0.,-0.));
#1145=DIRECTION('',(0.,0.,-1.));
#1146=AXIS2_PLACEMENT_3D('',#1143,#1144,#1145);
#1147=CIRCLE('',#1146,10.);
#1148=EDGE_CURVE('',#114,#937,#1147,.T.);
#1149=ORIENTED_EDGE('',*,*,#1148,.T.);
#1150=ORIENTED_EDGE('',*,*,#990,.T.);
#1151=CARTESIAN_POINT('',(499.839848603,322.117913623,-62.124437556));
#1152=VERTEX_POINT('',#1151);
#1153=CARTESIAN_POINT('',(499.839848603,318.231430465,-52.910575789));
#1154=DIRECTION('',(-1.,-0.,-0.));
#1155=DIRECTION('',(0.,0.,-1.));
#1156=AXIS2_PLACEMENT_3D('',#1153,#1154,#1155);
#1157=CIRCLE('',#1156,10.);
#1158=EDGE_CURVE('',#939,#1152,#1157,.T.);
#1159=ORIENTED_EDGE('',*,*,#1158,.T.);
#1160=CARTESIAN_POINT('',(499.839848603,276.094673081,-81.537421357));
#1161=VERTEX_POINT('',#1160);
#1162=CARTESIAN_POINT('',(499.839848603,322.117913623,-62.124437556));
#1163=DIRECTION('',(0.,-0.921386177,-0.388648316));
#1164=VECTOR('',#1163,49.950001101);
#1165=LINE('',#1162,#1164);
#1166=EDGE_CURVE('',#1152,#1161,#1165,.T.);
#1167=ORIENTED_EDGE('',*,*,#1166,.T.);
#1168=CARTESIAN_POINT('',(499.839848603,275.952572051,-81.537421357));
#1169=VERTEX_POINT('',#1168);
#1170=CARTESIAN_POINT('',(499.839848603,275.952572051,-81.537421357));
#1171=DIRECTION('',(-0.,1.,0.));
#1172=VECTOR('',#1171,0.14210103);
#1173=LINE('',#1170,#1172);
#1174=EDGE_CURVE('',#1169,#1161,#1173,.T.);
#1175=ORIENTED_EDGE('',*,*,#1174,.F.);
#1176=CARTESIAN_POINT('',(499.839848603,275.952572051,-77.037421357));
#1177=VERTEX_POINT('',#1176);
#1178=CARTESIAN_POINT('',(499.839848603,275.952572051,-81.537421357));
#1179=DIRECTION('',(-0.,-0.,1.));
#1180=VECTOR('',#1179,4.5);
#1181=LINE('',#1178,#1180);
#1182=EDGE_CURVE('',#1169,#1177,#1181,.T.);
#1183=ORIENTED_EDGE('',*,*,#1182,.T.);
#1184=CARTESIAN_POINT('',(499.839848603,227.346992443,-77.037421357));
#1185=VERTEX_POINT('',#1184);
#1186=CARTESIAN_POINT('',(499.839848603,227.346992443,-77.037421357));
#1187=DIRECTION('',(0.,1.,0.));
#1188=VECTOR('',#1187,48.605579608);
#1189=LINE('',#1186,#1188);
#1190=EDGE_CURVE('',#1185,#1177,#1189,.T.);
#1191=ORIENTED_EDGE('',*,*,#1190,.F.);
#1192=CARTESIAN_POINT('',(499.839848603,227.346992443,-75.737421357));
#1193=VERTEX_POINT('',#1192);
#1194=CARTESIAN_POINT('',(499.839848603,227.346992443,-77.037421357));
#1195=DIRECTION('',(-0.,-0.,1.));
#1196=VECTOR('',#1195,1.3);
#1197=LINE('',#1194,#1196);
#1198=EDGE_CURVE('',#1185,#1193,#1197,.T.);
#1199=ORIENTED_EDGE('',*,*,#1198,.T.);
#1200=CARTESIAN_POINT('',(499.839848603,227.146992443,-75.737421357));
#1201=VERTEX_POINT('',#1200);
#1202=CARTESIAN_POINT('',(499.839848603,227.346992443,-75.737421357));
#1203=DIRECTION('',(-0.,-1.,-0.));
#1204=VECTOR('',#1203,0.2);
#1205=LINE('',#1202,#1204);
#1206=EDGE_CURVE('',#1193,#1201,#1205,.T.);
#1207=ORIENTED_EDGE('',*,*,#1206,.T.);
#1208=CARTESIAN_POINT('',(499.839848603,227.146992443,-68.423834191));
#1209=VERTEX_POINT('',#1208);
#1210=CARTESIAN_POINT('',(499.839848603,227.146992443,-75.737421357));
#1211=DIRECTION('',(-0.,0.,1.));
#1212=VECTOR('',#1211,7.313587165);
#1213=LINE('',#1210,#1212);
#1214=EDGE_CURVE('',#1201,#1209,#1213,.T.);
#1215=ORIENTED_EDGE('',*,*,#1214,.T.);
#1216=CARTESIAN_POINT('',(499.839848603,224.9844138,-68.423834191));
#1217=VERTEX_POINT('',#1216);
#1218=CARTESIAN_POINT('',(499.839848603,224.9844138,-68.423834191));
#1219=DIRECTION('',(-0.,1.,0.));
#1220=VECTOR('',#1219,2.162578643);
#1221=LINE('',#1218,#1220);
#1222=EDGE_CURVE('',#1217,#1209,#1221,.T.);
#1223=ORIENTED_EDGE('',*,*,#1222,.F.);
#1224=CARTESIAN_POINT('',(499.839848603,224.9844138,-69.678135883));
#1225=VERTEX_POINT('',#1224);
#1226=CARTESIAN_POINT('',(499.839848603,224.9844138,-69.678135883));
#1227=DIRECTION('',(-0.,-0.,1.));
#1228=VECTOR('',#1227,1.254301692);
#1229=LINE('',#1226,#1228);
#1230=EDGE_CURVE('',#1225,#1217,#1229,.T.);
#1231=ORIENTED_EDGE('',*,*,#1230,.F.);
#1232=CARTESIAN_POINT('',(499.839848603,224.5844138,-70.078135883));
#1233=VERTEX_POINT('',#1232);
#1234=CARTESIAN_POINT('',(499.839848603,224.5844138,-70.078135883));
#1235=DIRECTION('',(-0.,0.707106781,0.707106781));
#1236=VECTOR('',#1235,0.565685425);
#1237=LINE('',#1234,#1236);
#1238=EDGE_CURVE('',#1233,#1225,#1237,.T.);
#1239=ORIENTED_EDGE('',*,*,#1238,.F.);
#1240=CARTESIAN_POINT('',(499.839848603,222.8844138,-70.078135883));
#1241=VERTEX_POINT('',#1240);
#1242=CARTESIAN_POINT('',(499.839848603,222.8844138,-70.078135883));
#1243=DIRECTION('',(-0.,1.,0.));
#1244=VECTOR('',#1243,1.7);
#1245=LINE('',#1242,#1244);
#1246=EDGE_CURVE('',#1241,#1233,#1245,.T.);
#1247=ORIENTED_EDGE('',*,*,#1246,.F.);
#1248=CARTESIAN_POINT('',(499.839848603,221.2344138,-68.401008522));
#1249=VERTEX_POINT('',#1248);
#1250=CARTESIAN_POINT('',(499.839848603,222.8844138,-70.078135883));
#1251=DIRECTION('',(-0.,-0.701318154,0.712848403));
#1252=VECTOR('',#1251,2.352712517);
#1253=LINE('',#1250,#1252);
#1254=EDGE_CURVE('',#1241,#1249,#1253,.T.);
#1255=ORIENTED_EDGE('',*,*,#1254,.T.);
#1256=CARTESIAN_POINT('',(499.839848603,221.2344138,-62.601008522));
#1257=VERTEX_POINT('',#1256);
#1258=CARTESIAN_POINT('',(499.839848603,221.2344138,-62.601008522));
#1259=DIRECTION('',(0.,0.,-1.));
#1260=VECTOR('',#1259,5.8);
#1261=LINE('',#1258,#1260);
#1262=EDGE_CURVE('',#1257,#1249,#1261,.T.);
#1263=ORIENTED_EDGE('',*,*,#1262,.F.);
#1264=CARTESIAN_POINT('',(499.839848603,222.8844138,-60.923881161));
#1265=VERTEX_POINT('',#1264);
#1266=CARTESIAN_POINT('',(499.839848603,221.2344138,-62.601008522));
#1267=DIRECTION('',(-0.,0.701318154,0.712848403));
#1268=VECTOR('',#1267,2.352712517);
#1269=LINE('',#1266,#1268);
#1270=EDGE_CURVE('',#1257,#1265,#1269,.T.);
#1271=ORIENTED_EDGE('',*,*,#1270,.T.);
#1272=CARTESIAN_POINT('',(499.839848603,224.5844138,-60.923881161));
#1273=VERTEX_POINT('',#1272);
#1274=CARTESIAN_POINT('',(499.839848603,224.5844138,-60.923881161));
#1275=DIRECTION('',(0.,-1.,-0.));
#1276=VECTOR('',#1275,1.7);
#1277=LINE('',#1274,#1276);
#1278=EDGE_CURVE('',#1273,#1265,#1277,.T.);
#1279=ORIENTED_EDGE('',*,*,#1278,.F.);
#1280=CARTESIAN_POINT('',(499.839848603,224.9844138,-61.323881161));
#1281=VERTEX_POINT('',#1280);
#1282=CARTESIAN_POINT('',(499.839848603,224.9844138,-61.323881161));
#1283=DIRECTION('',(-0.,-0.707106781,0.707106781));
#1284=VECTOR('',#1283,0.565685425);
#1285=LINE('',#1282,#1284);
#1286=EDGE_CURVE('',#1281,#1273,#1285,.T.);
#1287=ORIENTED_EDGE('',*,*,#1286,.F.);
#1288=CARTESIAN_POINT('',(499.839848603,224.9844138,-62.651008522));
#1289=VERTEX_POINT('',#1288);
#1290=CARTESIAN_POINT('',(499.839848603,224.9844138,-62.651008522));
#1291=DIRECTION('',(-0.,-0.,1.));
#1292=VECTOR('',#1291,1.327127361);
#1293=LINE('',#1290,#1292);
#1294=EDGE_CURVE('',#1289,#1281,#1293,.T.);
#1295=ORIENTED_EDGE('',*,*,#1294,.F.);
#1296=CARTESIAN_POINT('',(499.839848603,227.146992443,-62.651008522));
#1297=VERTEX_POINT('',#1296);
#1298=CARTESIAN_POINT('',(499.839848603,227.146992443,-62.651008522));
#1299=DIRECTION('',(0.,-1.,-0.));
#1300=VECTOR('',#1299,2.162578643);
#1301=LINE('',#1298,#1300);
#1302=EDGE_CURVE('',#1297,#1289,#1301,.T.);
#1303=ORIENTED_EDGE('',*,*,#1302,.F.);
#1304=CARTESIAN_POINT('',(499.839848603,227.146992443,-48.423834191));
#1305=VERTEX_POINT('',#1304);
#1306=CARTESIAN_POINT('',(499.839848603,227.146992443,-62.651008522));
#1307=DIRECTION('',(-0.,0.,1.));
#1308=VECTOR('',#1307,14.227174331);
#1309=LINE('',#1306,#1308);
#1310=EDGE_CURVE('',#1297,#1305,#1309,.T.);
#1311=ORIENTED_EDGE('',*,*,#1310,.T.);
#1312=CARTESIAN_POINT('',(499.839848603,224.9844138,-48.423834191));
#1313=VERTEX_POINT('',#1312);
#1314=CARTESIAN_POINT('',(499.839848603,224.9844138,-48.423834191));
#1315=DIRECTION('',(-0.,1.,0.));
#1316=VECTOR('',#1315,2.162578643);
#1317=LINE('',#1314,#1316);
#1318=EDGE_CURVE('',#1313,#1305,#1317,.T.);
#1319=ORIENTED_EDGE('',*,*,#1318,.F.);
#1320=CARTESIAN_POINT('',(499.839848603,224.9844138,-49.678135883));
#1321=VERTEX_POINT('',#1320);
#1322=CARTESIAN_POINT('',(499.839848603,224.9844138,-49.678135883));
#1323=DIRECTION('',(-0.,-0.,1.));
#1324=VECTOR('',#1323,1.254301692);
#1325=LINE('',#1322,#1324);
#1326=EDGE_CURVE('',#1321,#1313,#1325,.T.);
#1327=ORIENTED_EDGE('',*,*,#1326,.F.);
#1328=CARTESIAN_POINT('',(499.839848603,224.5844138,-50.078135883));
#1329=VERTEX_POINT('',#1328);
#1330=CARTESIAN_POINT('',(499.839848603,224.5844138,-50.078135883));
#1331=DIRECTION('',(-0.,0.707106781,0.707106781));
#1332=VECTOR('',#1331,0.565685425);
#1333=LINE('',#1330,#1332);
#1334=EDGE_CURVE('',#1329,#1321,#1333,.T.);
#1335=ORIENTED_EDGE('',*,*,#1334,.F.);
#1336=CARTESIAN_POINT('',(499.839848603,222.8844138,-50.078135883));
#1337=VERTEX_POINT('',#1336);
#1338=CARTESIAN_POINT('',(499.839848603,222.8844138,-50.078135883));
#1339=DIRECTION('',(-0.,1.,0.));
#1340=VECTOR('',#1339,1.7);
#1341=LINE('',#1338,#1340);
#1342=EDGE_CURVE('',#1337,#1329,#1341,.T.);
#1343=ORIENTED_EDGE('',*,*,#1342,.F.);
#1344=CARTESIAN_POINT('',(499.839848603,221.2344138,-48.401008522));
#1345=VERTEX_POINT('',#1344);
#1346=CARTESIAN_POINT('',(499.839848603,222.8844138,-50.078135883));
#1347=DIRECTION('',(-0.,-0.701318154,0.712848403));
#1348=VECTOR('',#1347,2.352712517);
#1349=LINE('',#1346,#1348);
#1350=EDGE_CURVE('',#1337,#1345,#1349,.T.);
#1351=ORIENTED_EDGE('',*,*,#1350,.T.);
#1352=CARTESIAN_POINT('',(499.839848603,221.2344138,-42.601008522));
#1353=VERTEX_POINT('',#1352);
#1354=CARTESIAN_POINT('',(499.839848603,221.2344138,-42.601008522));
#1355=DIRECTION('',(0.,0.,-1.));
#1356=VECTOR('',#1355,5.8);
#1357=LINE('',#1354,#1356);
#1358=EDGE_CURVE('',#1353,#1345,#1357,.T.);
#1359=ORIENTED_EDGE('',*,*,#1358,.F.);
#1360=CARTESIAN_POINT('',(499.839848603,222.8844138,-40.923881161));
#1361=VERTEX_POINT('',#1360);
#1362=CARTESIAN_POINT('',(499.839848603,221.2344138,-42.601008522));
#1363=DIRECTION('',(-0.,0.701318154,0.712848403));
#1364=VECTOR('',#1363,2.352712517);
#1365=LINE('',#1362,#1364);
#1366=EDGE_CURVE('',#1353,#1361,#1365,.T.);
#1367=ORIENTED_EDGE('',*,*,#1366,.T.);
#1368=CARTESIAN_POINT('',(499.839848603,224.5844138,-40.923881161));
#1369=VERTEX_POINT('',#1368);
#1370=CARTESIAN_POINT('',(499.839848603,224.5844138,-40.923881161));
#1371=DIRECTION('',(0.,-1.,-0.));
#1372=VECTOR('',#1371,1.7);
#1373=LINE('',#1370,#1372);
#1374=EDGE_CURVE('',#1369,#1361,#1373,.T.);
#1375=ORIENTED_EDGE('',*,*,#1374,.F.);
#1376=CARTESIAN_POINT('',(499.839848603,224.9844138,-41.323881161));
#1377=VERTEX_POINT('',#1376);
#1378=CARTESIAN_POINT('',(499.839848603,224.9844138,-41.323881161));
#1379=DIRECTION('',(-0.,-0.707106781,0.707106781));
#1380=VECTOR('',#1379,0.565685425);
#1381=LINE('',#1378,#1380);
#1382=EDGE_CURVE('',#1377,#1369,#1381,.T.);
#1383=ORIENTED_EDGE('',*,*,#1382,.F.);
#1384=CARTESIAN_POINT('',(499.839848603,224.9844138,-42.651008522));
#1385=VERTEX_POINT('',#1384);
#1386=CARTESIAN_POINT('',(499.839848603,224.9844138,-42.651008522));
#1387=DIRECTION('',(-0.,-0.,1.));
#1388=VECTOR('',#1387,1.327127361);
#1389=LINE('',#1386,#1388);
#1390=EDGE_CURVE('',#1385,#1377,#1389,.T.);
#1391=ORIENTED_EDGE('',*,*,#1390,.F.);
#1392=CARTESIAN_POINT('',(499.839848603,227.146992443,-42.651008522));
#1393=VERTEX_POINT('',#1392);
#1394=CARTESIAN_POINT('',(499.839848603,227.146992443,-42.651008522));
#1395=DIRECTION('',(0.,-1.,-0.));
#1396=VECTOR('',#1395,2.162578643);
#1397=LINE('',#1394,#1396);
#1398=EDGE_CURVE('',#1393,#1385,#1397,.T.);
#1399=ORIENTED_EDGE('',*,*,#1398,.F.);
#1400=CARTESIAN_POINT('',(499.839848603,227.146992443,-35.337421357));
#1401=VERTEX_POINT('',#1400);
#1402=CARTESIAN_POINT('',(499.839848603,227.146992443,-42.651008522));
#1403=DIRECTION('',(-0.,0.,1.));
#1404=VECTOR('',#1403,7.313587165);
#1405=LINE('',#1402,#1404);
#1406=EDGE_CURVE('',#1393,#1401,#1405,.T.);
#1407=ORIENTED_EDGE('',*,*,#1406,.T.);
#1408=CARTESIAN_POINT('',(499.839848603,227.346992443,-35.337421357));
#1409=VERTEX_POINT('',#1408);
#1410=CARTESIAN_POINT('',(499.839848603,227.346992443,-35.337421357));
#1411=DIRECTION('',(-0.,-1.,-0.));
#1412=VECTOR('',#1411,0.2);
#1413=LINE('',#1410,#1412);
#1414=EDGE_CURVE('',#1409,#1401,#1413,.T.);
#1415=ORIENTED_EDGE('',*,*,#1414,.F.);
#1416=CARTESIAN_POINT('',(499.839848603,227.346992443,-34.037421356));
#1417=DIRECTION('',(0.,-0.,-1.));
#1418=VECTOR('',#1417,1.3);
#1419=LINE('',#1416,#1418);
#1420=EDGE_CURVE('',#33,#1409,#1419,.T.);
#1421=ORIENTED_EDGE('',*,*,#1420,.F.);
#1422=ORIENTED_EDGE('',*,*,#40,.T.);
#1423=ORIENTED_EDGE('',*,*,#78,.T.);
#1424=EDGE_LOOP('',(#1142,#1149,#1150,#1159,#1167,#1175,#1183,#1191,#1199,#1207,#1215,#1223,#1231,#1239,#1247,#1255,#1263,#1271,#1279,#1287,#1295,#1303,#1311,#1319,#1327,#1335,
#1343,#1351,#1359,#1367,#1375,#1383,#1391,#1399,#1407,#1415,#1421,#1422,#1423));
#1425=FACE_BOUND('',#1424,.T.);
#1426=CARTESIAN_POINT('',(499.839848603,236.405579608,-54.7));
#1427=VERTEX_POINT('',#1426);
#1428=CARTESIAN_POINT('',(499.839848603,247.405579608,-43.7));
#1429=VERTEX_POINT('',#1428);
#1430=CARTESIAN_POINT('',(499.839848603,236.405579608,-54.7));
#1431=CARTESIAN_POINT('',(499.839848603,236.405579608,-53.979496052));
#1432=CARTESIAN_POINT('',(499.839848603,236.47377699,-53.268201061));
#1433=CARTESIAN_POINT('',(499.839848603,236.612499566,-52.566429361));
#1434=CARTESIAN_POINT('',(499.839848603,236.681860853,-52.21554351));
#1435=CARTESIAN_POINT('',(499.839848603,236.768860895,-51.86703949));
#1436=CARTESIAN_POINT('',(499.839848603,236.873838407,-51.520963036));
#1437=CARTESIAN_POINT('',(499.839848603,236.926327163,-51.34792481));
#1438=CARTESIAN_POINT('',(499.839848603,236.983511819,-51.17497183));
#1439=CARTESIAN_POINT('',(499.839848603,237.044558429,-51.00444778));
#1440=CARTESIAN_POINT('',(499.839848603,237.105605039,-50.833923731));
#1441=CARTESIAN_POINT('',(499.839848603,237.170542616,-50.665623555));
#1442=CARTESIAN_POINT('',(499.839848603,237.239196441,-50.499447392));
#1443=CARTESIAN_POINT('',(499.839848603,237.513811741,-49.834742739));
#1444=CARTESIAN_POINT('',(499.839848603,237.847895844,-49.204027346));
#1445=CARTESIAN_POINT('',(499.839848603,238.243754898,-48.608619284));
#1446=CARTESIAN_POINT('',(499.839848603,238.441684425,-48.310915253));
#1447=CARTESIAN_POINT('',(499.839848603,238.655063606,-48.022041437));
#1448=CARTESIAN_POINT('',(499.839848603,238.884219302,-47.742184652));
#1449=CARTESIAN_POINT('',(499.839848603,239.113374998,-47.462327868));
#1450=CARTESIAN_POINT('',(499.839848603,239.358319842,-47.191749348));
#1451=CARTESIAN_POINT('',(499.839848603,239.615112373,-46.934138458));
#1452=CARTESIAN_POINT('',(499.839848603,240.128697434,-46.418916678));
#1453=CARTESIAN_POINT('',(499.839848603,240.683385833,-45.96093717));
#1454=CARTESIAN_POINT('',(499.839848603,241.279265445,-45.561474725));
#1455=CARTESIAN_POINT('',(499.839848603,241.577205252,-45.361743503));
#1456=CARTESIAN_POINT('',(499.839848603,241.885484399,-45.176604658));
#1457=CARTESIAN_POINT('',(499.839848603,242.204186446,-45.006176121));
#1458=CARTESIAN_POINT('',(499.839848603,242.522888494,-44.835747585));
#1459=CARTESIAN_POINT('',(499.839848603,242.85319427,-44.679723697));
#1460=CARTESIAN_POINT('',(499.839848603,243.186717316,-44.541201367));
#1461=CARTESIAN_POINT('',(499.839848603,243.853763408,-44.264156707));
#1462=CARTESIAN_POINT('',(499.839848603,244.539742941,-44.053336326));
#1463=CARTESIAN_POINT('',(499.839848603,245.245589346,-43.912005118));
#1464=CARTESIAN_POINT('',(499.839848603,245.598512548,-43.841339514));
#1465=CARTESIAN_POINT('',(499.839848603,245.957266788,-43.787971206));
#1466=CARTESIAN_POINT('',(499.839848603,246.319227515,-43.752586442));
#1467=CARTESIAN_POINT('',(499.839848603,246.681188242,-43.717201678));
#1468=CARTESIAN_POINT('',(499.839848603,247.043308476,-43.7));
#1469=CARTESIAN_POINT('',(499.839848603,247.405579608,-43.7));
#1470=B_SPLINE_CURVE_WITH_KNOTS('',3,(#1430,#1431,#1432,#1433,#1434,#1435,#1436,#1437,#1438,#1439,#1440,#1441,#1442,#1443,#1444,#1445,#1446,#1447,#1448,#1449,#1450,#1451,#1452,#1453,#1454,#1455,
#1456,#1457,#1458,#1459,#1460,#1461,#1462,#1463,#1464,#1465,#1466,#1467,#1468,#1469),.UNSPECIFIED.,.F.,.F.,(4,3,3,3,3,3,3,3,3,3,3,3,3,4),(0.006122157,0.008283669,0.009364425,0.009904803,0.01044518,0.012606692,0.013687448,0.014768204,0.016929716,0.018010472,0.019091228,0.02125274,0.022333496,0.023414252),.UNSPECIFIED.);
#1471=EDGE_CURVE('',#1427,#1429,#1470,.T.);
#1472=ORIENTED_EDGE('',*,*,#1471,.F.);
#1473=CARTESIAN_POINT('',(499.839848603,236.405579608,-56.3));
#1474=VERTEX_POINT('',#1473);
#1475=CARTESIAN_POINT('',(499.839848603,236.405579608,-56.3));
#1476=DIRECTION('',(-0.,0.,1.));
#1477=VECTOR('',#1476,1.6);
#1478=LINE('',#1475,#1477);
#1479=EDGE_CURVE('',#1474,#1427,#1478,.T.);
#1480=ORIENTED_EDGE('',*,*,#1479,.F.);
#1481=CARTESIAN_POINT('',(499.839848603,247.405579608,-67.3));
#1482=VERTEX_POINT('',#1481);
#1483=CARTESIAN_POINT('',(499.839848603,247.405579608,-67.3));
#1484=CARTESIAN_POINT('',(499.839848603,246.689260808,-67.3));
#1485=CARTESIAN_POINT('',(499.839848603,245.976320032,-67.232648345));
#1486=CARTESIAN_POINT('',(499.839848603,245.267050506,-67.092098674));
#1487=CARTESIAN_POINT('',(499.839848603,245.089733125,-67.056961256));
#1488=CARTESIAN_POINT('',(499.839848603,244.912217306,-67.017118202));
#1489=CARTESIAN_POINT('',(499.839848603,244.736772821,-66.973086685));
#1490=CARTESIAN_POINT('',(499.839848603,244.561328337,-66.929055169));
#1491=CARTESIAN_POINT('',(499.839848603,244.38762743,-66.880793627));
#1492=CARTESIAN_POINT('',(499.839848603,244.21562068,-66.828421959));
#1493=CARTESIAN_POINT('',(499.839848603,243.87160718,-66.723678623));
#1494=CARTESIAN_POINT('',(499.839848603,243.534367716,-66.602501066));
#1495=CARTESIAN_POINT('',(499.839848603,243.203539829,-66.465768637));
#1496=CARTESIAN_POINT('',(499.839848603,242.872711942,-66.329036208));
#1497=CARTESIAN_POINT('',(499.839848603,242.548298996,-66.176740745));
#1498=CARTESIAN_POINT('',(499.839848603,242.230668192,-66.007991395));
#1499=CARTESIAN_POINT('',(499.839848603,241.913037389,-65.839242045));
#1500=CARTESIAN_POINT('',(499.839848603,241.600786845,-65.653052141));
#1501=CARTESIAN_POINT('',(499.839848603,241.299617542,-65.45211318));
#1502=CARTESIAN_POINT('',(499.839848603,240.697278936,-65.050235257));
#1503=CARTESIAN_POINT('',(499.839848603,240.140498894,-64.591236842));
#1504=CARTESIAN_POINT('',(499.839848603,239.627106331,-64.077875939));
#1505=CARTESIAN_POINT('',(499.839848603,239.113713769,-63.564515035));
#1506=CARTESIAN_POINT('',(499.839848603,238.657655201,-63.010530475));
#1507=CARTESIAN_POINT('',(499.839848603,238.259721771,-62.4153617));
#1508=CARTESIAN_POINT('',(499.839848603,238.060755056,-62.117777313));
#1509=CARTESIAN_POINT('',(499.839848603,237.876322567,-61.809894787));
#1510=CARTESIAN_POINT('',(499.839848603,237.706541659,-61.491630972));
#1511=CARTESIAN_POINT('',(499.839848603,237.53676075,-61.173367158));
#1512=CARTESIAN_POINT('',(499.839848603,237.381360587,-60.843610498));
#1513=CARTESIAN_POINT('',(499.839848603,237.24339095,-60.510691134));
#1514=CARTESIAN_POINT('',(499.839848603,236.967451677,-59.844852407));
#1515=CARTESIAN_POINT('',(499.839848603,236.757479521,-59.160153761));
#1516=CARTESIAN_POINT('',(499.839848603,236.616720059,-58.455667289));
#1517=CARTESIAN_POINT('',(499.839848603,236.546340328,-58.103424053));
#1518=CARTESIAN_POINT('',(499.839848603,236.493187992,-57.745357855));
#1519=CARTESIAN_POINT('',(499.839848603,236.457949575,-57.384135382));
#1520=CARTESIAN_POINT('',(499.839848603,236.422711158,-57.022912908));
#1521=CARTESIAN_POINT('',(499.839848603,236.405579608,-56.661531596));
#1522=CARTESIAN_POINT('',(499.839848603,236.405579608,-56.3));
#1523=B_SPLINE_CURVE_WITH_KNOTS('',3,(#1483,#1484,#1485,#1486,#1487,#1488,#1489,#1490,#1491,#1492,#1493,#1494,#1495,#1496,#1497,#1498,#1499,#1500,#1501,#1502,#1503,#1504,#1505,#1506,#1507,#1508,
#1509,#1510,#1511,#1512,#1513,#1514,#1515,#1516,#1517,#1518,#1519,#1520,#1521,#1522),.UNSPECIFIED.,.F.,.F.,(4,3,3,3,3,3,3,3,3,3,3,3,3,4),(0.035260187,0.037409144,0.037946383,0.038483622,0.0395581,0.040632578,0.041707056,0.043856013,0.046004969,0.047079447,0.048153926,0.050302882,0.05137736,0.052451838),.UNSPECIFIED.);
#1524=EDGE_CURVE('',#1482,#1474,#1523,.T.);
#1525=ORIENTED_EDGE('',*,*,#1524,.F.);
#1526=CARTESIAN_POINT('',(499.839848603,254.205579608,-67.3));
#1527=VERTEX_POINT('',#1526);
#1528=CARTESIAN_POINT('',(499.839848603,254.205579608,-67.3));
#1529=DIRECTION('',(0.,-1.,0.));
#1530=VECTOR('',#1529,6.8);
#1531=LINE('',#1528,#1530);
#1532=EDGE_CURVE('',#1527,#1482,#1531,.T.);
#1533=ORIENTED_EDGE('',*,*,#1532,.F.);
#1534=CARTESIAN_POINT('',(499.839848603,265.205579608,-56.3));
#1535=VERTEX_POINT('',#1534);
#1536=CARTESIAN_POINT('',(499.839848603,265.205579608,-56.3));
#1537=CARTESIAN_POINT('',(499.839848603,265.205579608,-57.0163188));
#1538=CARTESIAN_POINT('',(499.839848603,265.138227954,-57.729259576));
#1539=CARTESIAN_POINT('',(499.839848603,264.997678282,-58.438529102));
#1540=CARTESIAN_POINT('',(499.839848603,264.962540864,-58.615846484));
#1541=CARTESIAN_POINT('',(499.839848603,264.922697811,-58.793362303));
#1542=CARTESIAN_POINT('',(499.839848603,264.878666294,-58.968806787));
#1543=CARTESIAN_POINT('',(499.839848603,264.834634777,-59.144251271));
#1544=CARTESIAN_POINT('',(499.839848603,264.786373236,-59.317952178));
#1545=CARTESIAN_POINT('',(499.839848603,264.734001568,-59.489958928));
#1546=CARTESIAN_POINT('',(499.839848603,264.629258232,-59.833972429));
#1547=CARTESIAN_POINT('',(499.839848603,264.508080674,-60.171211892));
#1548=CARTESIAN_POINT('',(499.839848603,264.371348245,-60.502039779));
#1549=CARTESIAN_POINT('',(499.839848603,264.234615816,-60.832867666));
#1550=CARTESIAN_POINT('',(499.839848603,264.082320353,-61.157280612));
#1551=CARTESIAN_POINT('',(499.839848603,263.913571003,-61.474911416));
#1552=CARTESIAN_POINT('',(499.839848603,263.744821653,-61.79254222));
#1553=CARTESIAN_POINT('',(499.839848603,263.558631749,-62.104792764));
#1554=CARTESIAN_POINT('',(499.839848603,263.357692788,-62.405962067));
#1555=CARTESIAN_POINT('',(499.839848603,262.955814865,-63.008300673));
#1556=CARTESIAN_POINT('',(499.839848603,262.496816451,-63.565080715));
#1557=CARTESIAN_POINT('',(499.839848603,261.983455547,-64.078473277));
#1558=CARTESIAN_POINT('',(499.839848603,261.470094643,-64.59186584));
#1559=CARTESIAN_POINT('',(499.839848603,260.916110084,-65.047924408));
#1560=CARTESIAN_POINT('',(499.839848603,260.320941309,-65.445857838));
#1561=CARTESIAN_POINT('',(499.839848603,260.023356921,-65.644824552));
#1562=CARTESIAN_POINT('',(499.839848603,259.715474395,-65.829257041));
#1563=CARTESIAN_POINT('',(499.839848603,259.397210581,-65.99903795));
#1564=CARTESIAN_POINT('',(499.839848603,259.078946766,-66.168818858));
#1565=CARTESIAN_POINT('',(499.839848603,258.749190106,-66.324219022));
#1566=CARTESIAN_POINT('',(499.839848603,258.416270743,-66.462188658));
#1567=CARTESIAN_POINT('',(499.839848603,257.750432016,-66.738127931));
#1568=CARTESIAN_POINT('',(499.839848603,257.06573337,-66.948100087));
#1569=CARTESIAN_POINT('',(499.839848603,256.361246898,-67.088859549));
#1570=CARTESIAN_POINT('',(499.839848603,256.009003661,-67.15923928));
#1571=CARTESIAN_POINT('',(499.839848603,255.650937464,-67.212391616));
#1572=CARTESIAN_POINT('',(499.839848603,255.28971499,-67.247630033));
#1573=CARTESIAN_POINT('',(499.839848603,254.928492516,-67.28286845));
#1574=CARTESIAN_POINT('',(499.839848603,254.567111204,-67.3));
#1575=CARTESIAN_POINT('',(499.839848603,254.205579608,-67.3));
#1576=B_SPLINE_CURVE_WITH_KNOTS('',3,(#1536,#1537,#1538,#1539,#1540,#1541,#1542,#1543,#1544,#1545,#1546,#1547,#1548,#1549,#1550,#1551,#1552,#1553,#1554,#1555,#1556,#1557,#1558,#1559,#1560,#1561,
#1562,#1563,#1564,#1565,#1566,#1567,#1568,#1569,#1570,#1571,#1572,#1573,#1574,#1575),.UNSPECIFIED.,.F.,.F.,(4,3,3,3,3,3,3,3,3,3,3,3,3,4),(0.035260187,0.037409144,0.037946383,0.038483622,0.0395581,0.040632578,0.041707056,0.043856013,0.046004969,0.047079447,0.048153926,0.050302882,0.05137736,0.052451838),.UNSPECIFIED.);
#1577=EDGE_CURVE('',#1535,#1527,#1576,.T.);
#1578=ORIENTED_EDGE('',*,*,#1577,.F.);
#1579=CARTESIAN_POINT('',(499.839848603,265.205579608,-54.7));
#1580=VERTEX_POINT('',#1579);
#1581=CARTESIAN_POINT('',(499.839848603,265.205579608,-54.7));
#1582=DIRECTION('',(0.,0.,-1.));
#1583=VECTOR('',#1582,1.6);
#1584=LINE('',#1581,#1583);
#1585=EDGE_CURVE('',#1580,#1535,#1584,.T.);
#1586=ORIENTED_EDGE('',*,*,#1585,.F.);
#1587=CARTESIAN_POINT('',(499.839848603,254.205579608,-43.7));
#1588=VERTEX_POINT('',#1587);
#1589=CARTESIAN_POINT('',(499.839848603,254.205579608,-43.7));
#1590=CARTESIAN_POINT('',(499.839848603,254.921898409,-43.7));
#1591=CARTESIAN_POINT('',(499.839848603,255.634839184,-43.767351655));
#1592=CARTESIAN_POINT('',(499.839848603,256.34410871,-43.907901326));
#1593=CARTESIAN_POINT('',(499.839848603,256.521426092,-43.943038744));
#1594=CARTESIAN_POINT('',(499.839848603,256.698941911,-43.982881798));
#1595=CARTESIAN_POINT('',(499.839848603,256.874386395,-44.026913314));
#1596=CARTESIAN_POINT('',(499.839848603,257.04983088,-44.070944831));
#1597=CARTESIAN_POINT('',(499.839848603,257.223531787,-44.119206373));
#1598=CARTESIAN_POINT('',(499.839848603,257.395538537,-44.171578041));
#1599=CARTESIAN_POINT('',(499.839848603,257.739552037,-44.276321377));
#1600=CARTESIAN_POINT('',(499.839848603,258.0767915,-44.397498934));
#1601=CARTESIAN_POINT('',(499.839848603,258.407619388,-44.534231363));
#1602=CARTESIAN_POINT('',(499.839848603,258.738447275,-44.670963792));
#1603=CARTESIAN_POINT('',(499.839848603,259.062860221,-44.823259255));
#1604=CARTESIAN_POINT('',(499.839848603,259.380491024,-44.992008605));
#1605=CARTESIAN_POINT('',(499.839848603,259.698121828,-45.160757955));
#1606=CARTESIAN_POINT('',(499.839848603,260.010372372,-45.346947859));
#1607=CARTESIAN_POINT('',(499.839848603,260.311541675,-45.54788682));
#1608=CARTESIAN_POINT('',(499.839848603,260.913880281,-45.949764743));
#1609=CARTESIAN_POINT('',(499.839848603,261.470660323,-46.408763158));
#1610=CARTESIAN_POINT('',(499.839848603,261.984052886,-46.922124061));
#1611=CARTESIAN_POINT('',(499.839848603,262.497445448,-47.435484965));
#1612=CARTESIAN_POINT('',(499.839848603,262.953504016,-47.989469525));
#1613=CARTESIAN_POINT('',(499.839848603,263.351437446,-48.5846383));
#1614=CARTESIAN_POINT('',(499.839848603,263.550404161,-48.882222687));
#1615=CARTESIAN_POINT('',(499.839848603,263.734836649,-49.190105213));
#1616=CARTESIAN_POINT('',(499.839848603,263.904617558,-49.508369028));
#1617=CARTESIAN_POINT('',(499.839848603,264.074398467,-49.826632842));
#1618=CARTESIAN_POINT('',(499.839848603,264.22979863,-50.156389502));
#1619=CARTESIAN_POINT('',(499.839848603,264.367768267,-50.489308866));
#1620=CARTESIAN_POINT('',(499.839848603,264.64370754,-51.155147593));
#1621=CARTESIAN_POINT('',(499.839848603,264.853679696,-51.839846239));
#1622=CARTESIAN_POINT('',(499.839848603,264.994439158,-52.544332711));
#1623=CARTESIAN_POINT('',(499.839848603,265.064818889,-52.896575947));
#1624=CARTESIAN_POINT('',(499.839848603,265.117971224,-53.254642145));
#1625=CARTESIAN_POINT('',(499.839848603,265.153209641,-53.615864618));
#1626=CARTESIAN_POINT('',(499.839848603,265.188448058,-53.977087092));
#1627=CARTESIAN_POINT('',(499.839848603,265.205579608,-54.338468404));
#1628=CARTESIAN_POINT('',(499.839848603,265.205579608,-54.7));
#1629=B_SPLINE_CURVE_WITH_KNOTS('',3,(#1589,#1590,#1591,#1592,#1593,#1594,#1595,#1596,#1597,#1598,#1599,#1600,#1601,#1602,#1603,#1604,#1605,#1606,#1607,#1608,#1609,#1610,#1611,#1612,#1613,#1614,
#1615,#1616,#1617,#1618,#1619,#1620,#1621,#1622,#1623,#1624,#1625,#1626,#1627,#1628),.UNSPECIFIED.,.F.,.F.,(4,3,3,3,3,3,3,3,3,3,3,3,3,4),(0.035260187,0.037409144,0.037946383,0.038483622,0.0395581,0.040632578,0.041707056,0.043856013,0.046004969,0.047079447,0.048153926,0.050302882,0.05137736,0.052451838),.UNSPECIFIED.);
#1630=EDGE_CURVE('',#1588,#1580,#1629,.T.);
#1631=ORIENTED_EDGE('',*,*,#1630,.F.);
#1632=CARTESIAN_POINT('',(499.839848603,247.405579608,-43.7));
#1633=DIRECTION('',(0.,1.,0.));
#1634=VECTOR('',#1633,6.8);
#1635=LINE('',#1632,#1634);
#1636=EDGE_CURVE('',#1429,#1588,#1635,.T.);
#1637=ORIENTED_EDGE('',*,*,#1636,.F.);
#1638=EDGE_LOOP('',(#1472,#1480,#1525,#1533,#1578,#1586,#1631,#1637));
#1639=FACE_BOUND('',#1638,.T.);
#1640=CARTESIAN_POINT('',(499.839848603,309.005579608,-59.789997));
#1641=VERTEX_POINT('',#1640);
#1642=CARTESIAN_POINT('',(499.839848603,306.779386984,-38.035780816));
#1643=VERTEX_POINT('',#1642);
#1644=CARTESIAN_POINT('',(499.839848603,306.779386984,-38.035780816));
#1645=CARTESIAN_POINT('',(499.839848603,307.490902385,-37.888547176));
#1646=CARTESIAN_POINT('',(499.839848603,308.205067783,-37.81563914));
#1647=CARTESIAN_POINT('',(499.839848603,308.921642792,-37.810314495));
#1648=CARTESIAN_POINT('',(499.839848603,309.279930297,-37.807652173));
#1649=CARTESIAN_POINT('',(499.839848603,309.638817232,-37.82180234));
#1650=CARTESIAN_POINT('',(499.839848603,309.998343796,-37.853892455));
#1651=CARTESIAN_POINT('',(499.839848603,310.357870361,-37.885982571));
#1652=CARTESIAN_POINT('',(499.839848603,310.718991218,-37.936411706));
#1653=CARTESIAN_POINT('',(499.839848603,311.072822026,-38.00412726));
#1654=CARTESIAN_POINT('',(499.839848603,311.780483642,-38.139558369));
#1655=CARTESIAN_POINT('',(499.839848603,312.466626301,-38.344329788));
#1656=CARTESIAN_POINT('',(499.839848603,313.132535148,-38.61430041));
#1657=CARTESIAN_POINT('',(499.839848603,313.465489572,-38.74928572));
#1658=CARTESIAN_POINT('',(499.839848603,313.794658284,-38.9011357));
#1659=CARTESIAN_POINT('',(499.839848603,314.115533094,-39.069051264));
#1660=CARTESIAN_POINT('',(499.839848603,314.436407903,-39.236966828));
#1661=CARTESIAN_POINT('',(499.839848603,314.746461389,-39.41947703));
#1662=CARTESIAN_POINT('',(499.839848603,315.045862109,-39.616354536));
#1663=CARTESIAN_POINT('',(499.839848603,315.644663549,-40.010109549));
#1664=CARTESIAN_POINT('',(499.839848603,316.200865201,-40.461318574));
#1665=CARTESIAN_POINT('',(499.839848603,316.715674133,-40.968353646));
#1666=CARTESIAN_POINT('',(499.839848603,316.844376366,-41.095112415));
#1667=CARTESIAN_POINT('',(499.839848603,316.970817513,-41.225698858));
#1668=CARTESIAN_POINT('',(499.839848603,317.093423867,-41.358654255));
#1669=CARTESIAN_POINT('',(499.839848603,317.216030222,-41.491609651));
#1670=CARTESIAN_POINT('',(499.839848603,317.334958982,-41.62705844));
#1671=CARTESIAN_POINT('',(499.839848603,317.450209229,-41.765001243));
#1672=CARTESIAN_POINT('',(499.839848603,317.680709723,-42.04088685));
#1673=CARTESIAN_POINT('',(499.839848603,317.896496841,-42.326748057));
#1674=CARTESIAN_POINT('',(499.839848603,318.097555014,-42.62259542));
#1675=CARTESIAN_POINT('',(499.839848603,318.298613187,-42.918442784));
#1676=CARTESIAN_POINT('',(499.839848603,318.484942419,-43.224276301));
#1677=CARTESIAN_POINT('',(499.839848603,318.656516327,-43.540113858));
#1678=CARTESIAN_POINT('',(499.839848603,318.742303281,-43.698032637));
#1679=CARTESIAN_POINT('',(499.839848603,318.824401235,-43.858452541));
#1680=CARTESIAN_POINT('',(499.839848603,318.902805853,-44.021376509));
#1681=CARTESIAN_POINT('',(499.839848603,318.981210471,-44.184300478));
#1682=CARTESIAN_POINT('',(499.839848603,319.056013826,-44.350001103));
#1683=CARTESIAN_POINT('',(499.839848603,319.126412618,-44.516429723));
#1684=CARTESIAN_POINT('',(499.839848603,319.408007788,-45.182144203));
#1685=CARTESIAN_POINT('',(499.839848603,319.622812835,-45.865619104));
#1686=CARTESIAN_POINT('',(499.839848603,319.768486851,-46.567476906));
#1687=CARTESIAN_POINT('',(499.839848603,319.84132386,-46.918405806));
#1688=CARTESIAN_POINT('',(499.839848603,319.89686999,-47.273932591));
#1689=CARTESIAN_POINT('',(499.839848603,319.934795137,-47.63414504));
#1690=CARTESIAN_POINT('',(499.839848603,319.972720284,-47.994357489));
#1691=CARTESIAN_POINT('',(499.839848603,319.992577043,-48.356317572));
#1692=CARTESIAN_POINT('',(499.839848603,319.995261597,-48.715591314));
#1693=CARTESIAN_POINT('',(499.839848603,320.000630706,-49.434138797));
#1694=CARTESIAN_POINT('',(499.839848603,319.938362597,-50.14751402));
#1695=CARTESIAN_POINT('',(499.839848603,319.803720475,-50.855354756));
#1696=CARTESIAN_POINT('',(499.839848603,319.736399414,-51.209275124));
#1697=CARTESIAN_POINT('',(499.839848603,319.650317296,-51.56361979));
#1698=CARTESIAN_POINT('',(499.839848603,319.547716503,-51.909691605));
#1699=CARTESIAN_POINT('',(499.839848603,319.445115711,-52.255763421));
#1700=CARTESIAN_POINT('',(499.839848603,319.326013809,-52.594588114));
#1701=CARTESIAN_POINT('',(499.839848603,319.191419761,-52.926608812));
#1702=CARTESIAN_POINT('',(499.839848603,318.922231666,-53.590650208));
#1703=CARTESIAN_POINT('',(499.839848603,318.591529789,-54.227675368));
#1704=CARTESIAN_POINT('',(499.839848603,318.192809693,-54.834827607));
#1705=CARTESIAN_POINT('',(499.839848603,317.794089597,-55.441979846));
#1706=CARTESIAN_POINT('',(499.839848603,317.340549216,-55.99897079));
#1707=CARTESIAN_POINT('',(499.839848603,316.837878615,-56.509431811));
#1708=CARTESIAN_POINT('',(499.839848603,316.586543314,-56.764662322));
#1709=CARTESIAN_POINT('',(499.839848603,316.322934724,-57.008409464));
#1710=CARTESIAN_POINT('',(499.839848603,316.04623755,-57.239910414));
#1711=CARTESIAN_POINT('',(499.839848603,315.769540377,-57.471411364));
#1712=CARTESIAN_POINT('',(499.839848603,315.478546311,-57.691258773));
#1713=CARTESIAN_POINT('',(499.839848603,315.180417222,-57.893742288));
#1714=CARTESIAN_POINT('',(499.839848603,314.584159043,-58.298709317));
#1715=CARTESIAN_POINT('',(499.839848603,313.954317151,-58.639184481));
#1716=CARTESIAN_POINT('',(499.839848603,313.292994457,-58.919206064));
#1717=CARTESIAN_POINT('',(499.839848603,312.962333109,-59.059216856));
#1718=CARTESIAN_POINT('',(499.839848603,312.622944097,-59.184500007));
#1719=CARTESIAN_POINT('',(499.839848603,312.277046175,-59.292903219));
#1720=CARTESIAN_POINT('',(499.839848603,311.931148253,-59.401306432));
#1721=CARTESIAN_POINT('',(499.839848603,311.58267304,-59.491676792));
#1722=CARTESIAN_POINT('',(499.839848603,311.231663474,-59.564314718));
#1723=CARTESIAN_POINT('',(499.839848603,310.529644341,-59.709590571));
#1724=CARTESIAN_POINT('',(499.839848603,309.817489487,-59.783948549));
#1725=CARTESIAN_POINT('',(499.839848603,309.095521453,-59.789645423));
#1726=CARTESIAN_POINT('',(499.839848603,308.734537436,-59.792493859));
#1727=CARTESIAN_POINT('',(499.839848603,308.370845817,-59.778041886));
#1728=CARTESIAN_POINT('',(499.839848603,308.012568761,-59.746053671));
#1729=CARTESIAN_POINT('',(499.839848603,307.654291705,-59.714065455));
#1730=CARTESIAN_POINT('',(499.839848603,307.299464665,-59.664617652));
#1731=CARTESIAN_POINT('',(499.839848603,306.948087084,-59.59771307));
#1732=CARTESIAN_POINT('',(499.839848603,306.596709503,-59.530808488));
#1733=CARTESIAN_POINT('',(499.839848603,306.248781383,-59.446447125));
#1734=CARTESIAN_POINT('',(499.839848603,305.904303765,-59.344623705));
#1735=CARTESIAN_POINT('',(499.839848603,305.732064956,-59.293711995));
#1736=CARTESIAN_POINT('',(499.839848603,305.560688798,-59.238434645));
#1737=CARTESIAN_POINT('',(499.839848603,305.390175574,-59.178790216));
#1738=CARTESIAN_POINT('',(499.839848603,305.219662351,-59.119145788));
#1739=CARTESIAN_POINT('',(499.839848603,305.049598092,-59.054952487));
#1740=CARTESIAN_POINT('',(499.839848603,304.881984433,-58.987061312));
#1741=CARTESIAN_POINT('',(499.839848603,304.211529797,-58.715496613));
#1742=CARTESIAN_POINT('',(499.839848603,303.576151263,-58.38420599));
#1743=CARTESIAN_POINT('',(499.839848603,302.976957262,-57.991302057));
#1744=CARTESIAN_POINT('',(499.839848603,302.677360261,-57.79485009));
#1745=CARTESIAN_POINT('',(499.839848603,302.386813689,-57.582987483));
#1746=CARTESIAN_POINT('',(499.839848603,302.105474798,-57.355446472));
#1747=CARTESIAN_POINT('',(499.839848603,301.964805352,-57.241675967));
#1748=CARTESIAN_POINT('',(499.839848603,301.826300707,-57.123828102));
#1749=CARTESIAN_POINT('',(499.839848603,301.691573783,-57.003395147));
#1750=CARTESIAN_POINT('',(499.839848603,301.556846858,-56.882962192));
#1751=CARTESIAN_POINT('',(499.839848603,301.425513398,-56.759649873));
#1752=CARTESIAN_POINT('',(499.839848603,301.297440054,-56.633571338));
#1753=CARTESIAN_POINT('',(499.839848603,300.785146677,-56.1292572));
#1754=CARTESIAN_POINT('',(499.839848603,300.324641789,-55.581000403));
#1755=CARTESIAN_POINT('',(499.839848603,299.919369216,-54.985878852));
#1756=CARTESIAN_POINT('',(499.839848603,299.716732929,-54.688318077));
#1757=CARTESIAN_POINT('',(499.839848603,299.527009154,-54.377190056));
#1758=CARTESIAN_POINT('',(499.839848603,299.354589456,-54.059787779));
#1759=CARTESIAN_POINT('',(499.839848603,299.182169759,-53.742385502));
#1760=CARTESIAN_POINT('',(499.839848603,299.026614719,-53.418515021));
#1761=CARTESIAN_POINT('',(499.839848603,298.886867772,-53.088581566));
#1762=CARTESIAN_POINT('',(499.839848603,298.607373877,-52.428714657));
#1763=CARTESIAN_POINT('',(499.839848603,298.390631231,-51.744780381));
#1764=CARTESIAN_POINT('',(499.839848603,298.243045855,-51.034321799));
#1765=CARTESIAN_POINT('',(499.839848603,298.169253167,-50.679092509));
#1766=CARTESIAN_POINT('',(499.839848603,298.11377108,-50.321596931));
#1767=CARTESIAN_POINT('',(499.839848603,298.076213607,-49.964424868));
#1768=CARTESIAN_POINT('',(499.839848603,298.038656134,-49.607252804));
#1769=CARTESIAN_POINT('',(499.839848603,298.018849964,-49.249584478));
#1770=CARTESIAN_POINT('',(499.839848603,298.01595236,-48.891443449));
#1771=CARTESIAN_POINT('',(499.839848603,298.013054756,-48.53330242));
#1772=CARTESIAN_POINT('',(499.839848603,298.026954038,-48.17469181));
#1773=CARTESIAN_POINT('',(499.839848603,298.058730378,-47.815581421));
#1774=CARTESIAN_POINT('',(499.839848603,298.090506717,-47.456471033));
#1775=CARTESIAN_POINT('',(499.839848603,298.140628363,-47.095210296));
#1776=CARTESIAN_POINT('',(499.839848603,298.208143162,-46.740945482));
#1777=CARTESIAN_POINT('',(499.839848603,298.34317276,-46.032415854));
#1778=CARTESIAN_POINT('',(499.839848603,298.547557838,-45.346147455));
#1779=CARTESIAN_POINT('',(499.839848603,298.816783198,-44.680691031));
#1780=CARTESIAN_POINT('',(499.839848603,299.086008559,-44.015234606));
#1781=CARTESIAN_POINT('',(499.839848603,299.423911524,-43.365991741));
#1782=CARTESIAN_POINT('',(499.839848603,299.817500038,-42.766466152));
#1783=CARTESIAN_POINT('',(499.839848603,300.211088552,-42.166940564));
#1784=CARTESIAN_POINT('',(499.839848603,300.661788627,-41.610719649));
#1785=CARTESIAN_POINT('',(499.839848603,301.167630546,-41.096309875));
#1786=CARTESIAN_POINT('',(499.839848603,301.420551506,-40.839104988));
#1787=CARTESIAN_POINT('',(499.839848603,301.687971341,-40.591860456));
#1788=CARTESIAN_POINT('',(499.839848603,301.963993036,-40.360878837));
#1789=CARTESIAN_POINT('',(499.839848603,302.240014731,-40.129897217));
#1790=CARTESIAN_POINT('',(499.839848603,302.525882391,-39.91378668));
#1791=CARTESIAN_POINT('',(499.839848603,302.821574118,-39.712514152));
#1792=CARTESIAN_POINT('',(499.839848603,303.117265846,-39.511241624));
#1793=CARTESIAN_POINT('',(499.839848603,303.422781646,-39.324807114));
#1794=CARTESIAN_POINT('',(499.839848603,303.738106857,-39.153188476));
#1795=CARTESIAN_POINT('',(499.839848603,304.053432069,-38.981569838));
#1796=CARTESIAN_POINT('',(499.839848603,304.37961768,-38.824333218));
#1797=CARTESIAN_POINT('',(499.839848603,304.713190689,-38.682901626));
#1798=CARTESIAN_POINT('',(499.839848603,305.380336708,-38.400038442));
#1799=CARTESIAN_POINT('',(499.839848603,306.068597203,-38.182864304));
#1800=CARTESIAN_POINT('',(499.839848603,306.779386984,-38.035780816));
#1801=B_SPLINE_CURVE_WITH_KNOTS('',3,(#1644,#1645,#1646,#1647,#1648,#1649,#1650,#1651,#1652,#1653,#1654,#1655,#1656,#1657,#1658,#1659,#1660,#1661,#1662,#1663,#1664,#1665,#1666,#1667,#1668,#1669,
#1670,#1671,#1672,#1673,#1674,#1675,#1676,#1677,#1678,#1679,#1680,#1681,#1682,#1683,#1684,#1685,#1686,#1687,#1688,#1689,#1690,#1691,#1692,#1693,#1694,
#1695,#1696,#1697,#1698,#1699,#1700,#1701,#1702,#1703,#1704,#1705,#1706,#1707,#1708,#1709,#1710,#1711,#1712,#1713,#1714,#1715,#1716,#1717,#1718,#1719,
#1720,#1721,#1722,#1723,#1724,#1725,#1726,#1727,#1728,#1729,#1730,#1731,#1732,#1733,#1734,#1735,#1736,#1737,#1738,#1739,#1740,#1741,#1742,#1743,#1744,
#1745,#1746,#1747,#1748,#1749,#1750,#1751,#1752,#1753,#1754,#1755,#1756,#1757,#1758,#1759,#1760,#1761,#1762,#1763,#1764,#1765,#1766,#1767,#1768,#1769,
#1770,#1771,#1772,#1773,#1774,#1775,#1776,#1777,#1778,#1779,#1780,#1781,#1782,#1783,#1784,#1785,#1786,#1787,#1788,#1789,#1790,#1791,#1792,#1793,#1794,
#1795,#1796,#1797,#1798,#1799,#1800),.UNSPECIFIED.,.T.,.F.,(4,3,3,3,3,3,3,3,3,3,3,3,3,3,3,3,3,3,3,3,3,3,3,3,3,3,
3,3,3,3,3,3,3,3,3,3,3,3,3,3,3,3,3,3,3,3,3,3,3,3,3,
3,4),(0.,0.002148929,0.003223394,0.004297858,0.006446787,0.007521252,0.008595717,0.010744646,0.011281878,0.01181911,0.012893575,0.013968039,0.014505272,0.015042504,0.017191433,0.018265898,0.019340362,0.021489291,0.022563756,0.02363822,0.02578715,0.027936079,0.029010543,0.030085008,0.032233937,0.033308402,
0.034382866,0.036531795,0.03760626,0.038680724,0.039755189,0.040292421,0.040829654,0.042978583,0.044053047,0.04459028,0.045127512,0.047276441,0.048350906,0.04942537,0.051574299,0.052648764,0.053723228,0.054797693,0.055872157,0.058021087,0.060170016,0.062318945,0.063393409,0.064467874,0.065542339,
0.066616803,0.068765732),.UNSPECIFIED.);
#1802=EDGE_CURVE('',#1641,#1643,#1801,.T.);
#1803=ORIENTED_EDGE('',*,*,#1802,.F.);
#1804=CARTESIAN_POINT('',(499.839848603,306.779386984,-38.035780816));
#1805=CARTESIAN_POINT('',(499.839848603,307.490902385,-37.888547176));
#1806=CARTESIAN_POINT('',(499.839848603,308.205067783,-37.81563914));
#1807=CARTESIAN_POINT('',(499.839848603,308.921642792,-37.810314495));
#1808=CARTESIAN_POINT('',(499.839848603,309.279930297,-37.807652173));
#1809=CARTESIAN_POINT('',(499.839848603,309.638817232,-37.82180234));
#1810=CARTESIAN_POINT('',(499.839848603,309.998343796,-37.853892455));
#1811=CARTESIAN_POINT('',(499.839848603,310.357870361,-37.885982571));
#1812=CARTESIAN_POINT('',(499.839848603,310.718991218,-37.936411706));
#1813=CARTESIAN_POINT('',(499.839848603,311.072822026,-38.00412726));
#1814=CARTESIAN_POINT('',(499.839848603,311.780483642,-38.139558369));
#1815=CARTESIAN_POINT('',(499.839848603,312.466626301,-38.344329788));
#1816=CARTESIAN_POINT('',(499.839848603,313.132535148,-38.61430041));
#1817=CARTESIAN_POINT('',(499.839848603,313.465489572,-38.74928572));
#1818=CARTESIAN_POINT('',(499.839848603,313.794658284,-38.9011357));
#1819=CARTESIAN_POINT('',(499.839848603,314.115533094,-39.069051264));
#1820=CARTESIAN_POINT('',(499.839848603,314.436407903,-39.236966828));
#1821=CARTESIAN_POINT('',(499.839848603,314.746461389,-39.41947703));
#1822=CARTESIAN_POINT('',(499.839848603,315.045862109,-39.616354536));
#1823=CARTESIAN_POINT('',(499.839848603,315.644663549,-40.010109549));
#1824=CARTESIAN_POINT('',(499.839848603,316.200865201,-40.461318574));
#1825=CARTESIAN_POINT('',(499.839848603,316.715674133,-40.968353646));
#1826=CARTESIAN_POINT('',(499.839848603,316.844376366,-41.095112415));
#1827=CARTESIAN_POINT('',(499.839848603,316.970817513,-41.225698858));
#1828=CARTESIAN_POINT('',(499.839848603,317.093423867,-41.358654255));
#1829=CARTESIAN_POINT('',(499.839848603,317.216030222,-41.491609651));
#1830=CARTESIAN_POINT('',(499.839848603,317.334958982,-41.62705844));
#1831=CARTESIAN_POINT('',(499.839848603,317.450209229,-41.765001243));
#1832=CARTESIAN_POINT('',(499.839848603,317.680709723,-42.04088685));
#1833=CARTESIAN_POINT('',(499.839848603,317.896496841,-42.326748057));
#1834=CARTESIAN_POINT('',(499.839848603,318.097555014,-42.62259542));
#1835=CARTESIAN_POINT('',(499.839848603,318.298613187,-42.918442784));
#1836=CARTESIAN_POINT('',(499.839848603,318.484942419,-43.224276301));
#1837=CARTESIAN_POINT('',(499.839848603,318.656516327,-43.540113858));
#1838=CARTESIAN_POINT('',(499.839848603,318.742303281,-43.698032637));
#1839=CARTESIAN_POINT('',(499.839848603,318.824401235,-43.858452541));
#1840=CARTESIAN_POINT('',(499.839848603,318.902805853,-44.021376509));
#1841=CARTESIAN_POINT('',(499.839848603,318.981210471,-44.184300478));
#1842=CARTESIAN_POINT('',(499.839848603,319.056013826,-44.350001103));
#1843=CARTESIAN_POINT('',(499.839848603,319.126412618,-44.516429723));
#1844=CARTESIAN_POINT('',(499.839848603,319.408007788,-45.182144203));
#1845=CARTESIAN_POINT('',(499.839848603,319.622812835,-45.865619104));
#1846=CARTESIAN_POINT('',(499.839848603,319.768486851,-46.567476906));
#1847=CARTESIAN_POINT('',(499.839848603,319.84132386,-46.918405806));
#1848=CARTESIAN_POINT('',(499.839848603,319.89686999,-47.273932591));
#1849=CARTESIAN_POINT('',(499.839848603,319.934795137,-47.63414504));
#1850=CARTESIAN_POINT('',(499.839848603,319.972720284,-47.994357489));
#1851=CARTESIAN_POINT('',(499.839848603,319.992577043,-48.356317572));
#1852=CARTESIAN_POINT('',(499.839848603,319.995261597,-48.715591314));
#1853=CARTESIAN_POINT('',(499.839848603,320.000630706,-49.434138797));
#1854=CARTESIAN_POINT('',(499.839848603,319.938362597,-50.14751402));
#1855=CARTESIAN_POINT('',(499.839848603,319.803720475,-50.855354756));
#1856=CARTESIAN_POINT('',(499.839848603,319.736399414,-51.209275124));
#1857=CARTESIAN_POINT('',(499.839848603,319.650317296,-51.56361979));
#1858=CARTESIAN_POINT('',(499.839848603,319.547716503,-51.909691605));
#1859=CARTESIAN_POINT('',(499.839848603,319.445115711,-52.255763421));
#1860=CARTESIAN_POINT('',(499.839848603,319.326013809,-52.594588114));
#1861=CARTESIAN_POINT('',(499.839848603,319.191419761,-52.926608812));
#1862=CARTESIAN_POINT('',(499.839848603,318.922231666,-53.590650208));
#1863=CARTESIAN_POINT('',(499.839848603,318.591529789,-54.227675368));
#1864=CARTESIAN_POINT('',(499.839848603,318.192809693,-54.834827607));
#1865=CARTESIAN_POINT('',(499.839848603,317.794089597,-55.441979846));
#1866=CARTESIAN_POINT('',(499.839848603,317.340549216,-55.99897079));
#1867=CARTESIAN_POINT('',(499.839848603,316.837878615,-56.509431811));
#1868=CARTESIAN_POINT('',(499.839848603,316.586543314,-56.764662322));
#1869=CARTESIAN_POINT('',(499.839848603,316.322934724,-57.008409464));
#1870=CARTESIAN_POINT('',(499.839848603,316.04623755,-57.239910414));
#1871=CARTESIAN_POINT('',(499.839848603,315.769540377,-57.471411364));
#1872=CARTESIAN_POINT('',(499.839848603,315.478546311,-57.691258773));
#1873=CARTESIAN_POINT('',(499.839848603,315.180417222,-57.893742288));
#1874=CARTESIAN_POINT('',(499.839848603,314.584159043,-58.298709317));
#1875=CARTESIAN_POINT('',(499.839848603,313.954317151,-58.639184481));
#1876=CARTESIAN_POINT('',(499.839848603,313.292994457,-58.919206064));
#1877=CARTESIAN_POINT('',(499.839848603,312.962333109,-59.059216856));
#1878=CARTESIAN_POINT('',(499.839848603,312.622944097,-59.184500007));
#1879=CARTESIAN_POINT('',(499.839848603,312.277046175,-59.292903219));
#1880=CARTESIAN_POINT('',(499.839848603,311.931148253,-59.401306432));
#1881=CARTESIAN_POINT('',(499.839848603,311.58267304,-59.491676792));
#1882=CARTESIAN_POINT('',(499.839848603,311.231663474,-59.564314718));
#1883=CARTESIAN_POINT('',(499.839848603,310.529644341,-59.709590571));
#1884=CARTESIAN_POINT('',(499.839848603,309.817489487,-59.783948549));
#1885=CARTESIAN_POINT('',(499.839848603,309.095521453,-59.789645423));
#1886=CARTESIAN_POINT('',(499.839848603,308.734537436,-59.792493859));
#1887=CARTESIAN_POINT('',(499.839848603,308.370845817,-59.778041886));
#1888=CARTESIAN_POINT('',(499.839848603,308.012568761,-59.746053671));
#1889=CARTESIAN_POINT('',(499.839848603,307.654291705,-59.714065455));
#1890=CARTESIAN_POINT('',(499.839848603,307.299464665,-59.664617652));
#1891=CARTESIAN_POINT('',(499.839848603,306.948087084,-59.59771307));
#1892=CARTESIAN_POINT('',(499.839848603,306.596709503,-59.530808488));
#1893=CARTESIAN_POINT('',(499.839848603,306.248781383,-59.446447125));
#1894=CARTESIAN_POINT('',(499.839848603,305.904303765,-59.344623705));
#1895=CARTESIAN_POINT('',(499.839848603,305.732064956,-59.293711995));
#1896=CARTESIAN_POINT('',(499.839848603,305.560688798,-59.238434645));
#1897=CARTESIAN_POINT('',(499.839848603,305.390175574,-59.178790216));
#1898=CARTESIAN_POINT('',(499.839848603,305.219662351,-59.119145788));
#1899=CARTESIAN_POINT('',(499.839848603,305.049598092,-59.054952487));
#1900=CARTESIAN_POINT('',(499.839848603,304.881984433,-58.987061312));
#1901=CARTESIAN_POINT('',(499.839848603,304.211529797,-58.715496613));
#1902=CARTESIAN_POINT('',(499.839848603,303.576151263,-58.38420599));
#1903=CARTESIAN_POINT('',(499.839848603,302.976957262,-57.991302057));
#1904=CARTESIAN_POINT('',(499.839848603,302.677360261,-57.79485009));
#1905=CARTESIAN_POINT('',(499.839848603,302.386813689,-57.582987483));
#1906=CARTESIAN_POINT('',(499.839848603,302.105474798,-57.355446472));
#1907=CARTESIAN_POINT('',(499.839848603,301.964805352,-57.241675967));
#1908=CARTESIAN_POINT('',(499.839848603,301.826300707,-57.123828102));
#1909=CARTESIAN_POINT('',(499.839848603,301.691573783,-57.003395147));
#1910=CARTESIAN_POINT('',(499.839848603,301.556846858,-56.882962192));
#1911=CARTESIAN_POINT('',(499.839848603,301.425513398,-56.759649873));
#1912=CARTESIAN_POINT('',(499.839848603,301.297440054,-56.633571338));
#1913=CARTESIAN_POINT('',(499.839848603,300.785146677,-56.1292572));
#1914=CARTESIAN_POINT('',(499.839848603,300.324641789,-55.581000403));
#1915=CARTESIAN_POINT('',(499.839848603,299.919369216,-54.985878852));
#1916=CARTESIAN_POINT('',(499.839848603,299.716732929,-54.688318077));
#1917=CARTESIAN_POINT('',(499.839848603,299.527009154,-54.377190056));
#1918=CARTESIAN_POINT('',(499.839848603,299.354589456,-54.059787779));
#1919=CARTESIAN_POINT('',(499.839848603,299.182169759,-53.742385502));
#1920=CARTESIAN_POINT('',(499.839848603,299.026614719,-53.418515021));
#1921=CARTESIAN_POINT('',(499.839848603,298.886867772,-53.088581566));
#1922=CARTESIAN_POINT('',(499.839848603,298.607373877,-52.428714657));
#1923=CARTESIAN_POINT('',(499.839848603,298.390631231,-51.744780381));
#1924=CARTESIAN_POINT('',(499.839848603,298.243045855,-51.034321799));
#1925=CARTESIAN_POINT('',(499.839848603,298.169253167,-50.679092509));
#1926=CARTESIAN_POINT('',(499.839848603,298.11377108,-50.321596931));
#1927=CARTESIAN_POINT('',(499.839848603,298.076213607,-49.964424868));
#1928=CARTESIAN_POINT('',(499.839848603,298.038656134,-49.607252804));
#1929=CARTESIAN_POINT('',(499.839848603,298.018849964,-49.249584478));
#1930=CARTESIAN_POINT('',(499.839848603,298.01595236,-48.891443449));
#1931=CARTESIAN_POINT('',(499.839848603,298.013054756,-48.53330242));
#1932=CARTESIAN_POINT('',(499.839848603,298.026954038,-48.17469181));
#1933=CARTESIAN_POINT('',(499.839848603,298.058730378,-47.815581421));
#1934=CARTESIAN_POINT('',(499.839848603,298.090506717,-47.456471033));
#1935=CARTESIAN_POINT('',(499.839848603,298.140628363,-47.095210296));
#1936=CARTESIAN_POINT('',(499.839848603,298.208143162,-46.740945482));
#1937=CARTESIAN_POINT('',(499.839848603,298.34317276,-46.032415854));
#1938=CARTESIAN_POINT('',(499.839848603,298.547557838,-45.346147455));
#1939=CARTESIAN_POINT('',(499.839848603,298.816783198,-44.680691031));
#1940=CARTESIAN_POINT('',(499.839848603,299.086008559,-44.015234606));
#1941=CARTESIAN_POINT('',(499.839848603,299.423911524,-43.365991741));
#1942=CARTESIAN_POINT('',(499.839848603,299.817500038,-42.766466152));
#1943=CARTESIAN_POINT('',(499.839848603,300.211088552,-42.166940564));
#1944=CARTESIAN_POINT('',(499.839848603,300.661788627,-41.610719649));
#1945=CARTESIAN_POINT('',(499.839848603,301.167630546,-41.096309875));
#1946=CARTESIAN_POINT('',(499.839848603,301.420551506,-40.839104988));
#1947=CARTESIAN_POINT('',(499.839848603,301.687971341,-40.591860456));
#1948=CARTESIAN_POINT('',(499.839848603,301.963993036,-40.360878837));
#1949=CARTESIAN_POINT('',(499.839848603,302.240014731,-40.129897217));
#1950=CARTESIAN_POINT('',(499.839848603,302.525882391,-39.91378668));
#1951=CARTESIAN_POINT('',(499.839848603,302.821574118,-39.712514152));
#1952=CARTESIAN_POINT('',(499.839848603,303.117265846,-39.511241624));
#1953=CARTESIAN_POINT('',(499.839848603,303.422781646,-39.324807114));
#1954=CARTESIAN_POINT('',(499.839848603,303.738106857,-39.153188476));
#1955=CARTESIAN_POINT('',(499.839848603,304.053432069,-38.981569838));
#1956=CARTESIAN_POINT('',(499.839848603,304.37961768,-38.824333218));
#1957=CARTESIAN_POINT('',(499.839848603,304.713190689,-38.682901626));
#1958=CARTESIAN_POINT('',(499.839848603,305.380336708,-38.400038442));
#1959=CARTESIAN_POINT('',(499.839848603,306.068597203,-38.182864304));
#1960=CARTESIAN_POINT('',(499.839848603,306.779386984,-38.035780816));
#1961=B_SPLINE_CURVE_WITH_KNOTS('',3,(#1804,#1805,#1806,#1807,#1808,#1809,#1810,#1811,#1812,#1813,#1814,#1815,#1816,#1817,#1818,#1819,#1820,#1821,#1822,#1823,#1824,#1825,#1826,#1827,#1828,#1829,
#1830,#1831,#1832,#1833,#1834,#1835,#1836,#1837,#1838,#1839,#1840,#1841,#1842,#1843,#1844,#1845,#1846,#1847,#1848,#1849,#1850,#1851,#1852,#1853,#1854,
#1855,#1856,#1857,#1858,#1859,#1860,#1861,#1862,#1863,#1864,#1865,#1866,#1867,#1868,#1869,#1870,#1871,#1872,#1873,#1874,#1875,#1876,#1877,#1878,#1879,
#1880,#1881,#1882,#1883,#1884,#1885,#1886,#1887,#1888,#1889,#1890,#1891,#1892,#1893,#1894,#1895,#1896,#1897,#1898,#1899,#1900,#1901,#1902,#1903,#1904,
#1905,#1906,#1907,#1908,#1909,#1910,#1911,#1912,#1913,#1914,#1915,#1916,#1917,#1918,#1919,#1920,#1921,#1922,#1923,#1924,#1925,#1926,#1927,#1928,#1929,
#1930,#1931,#1932,#1933,#1934,#1935,#1936,#1937,#1938,#1939,#1940,#1941,#1942,#1943,#1944,#1945,#1946,#1947,#1948,#1949,#1950,#1951,#1952,#1953,#1954,
#1955,#1956,#1957,#1958,#1959,#1960),.UNSPECIFIED.,.T.,.F.,(4,3,3,3,3,3,3,3,3,3,3,3,3,3,3,3,3,3,3,3,3,3,3,3,3,3,
3,3,3,3,3,3,3,3,3,3,3,3,3,3,3,3,3,3,3,3,3,3,3,3,3,
3,4),(0.,0.002148929,0.003223394,0.004297858,0.006446787,0.007521252,0.008595717,0.010744646,0.011281878,0.01181911,0.012893575,0.013968039,0.014505272,0.015042504,0.017191433,0.018265898,0.019340362,0.021489291,0.022563756,0.02363822,0.02578715,0.027936079,0.029010543,0.030085008,0.032233937,0.033308402,
0.034382866,0.036531795,0.03760626,0.038680724,0.039755189,0.040292421,0.040829654,0.042978583,0.044053047,0.04459028,0.045127512,0.047276441,0.048350906,0.04942537,0.051574299,0.052648764,0.053723228,0.054797693,0.055872157,0.058021087,0.060170016,0.062318945,0.063393409,0.064467874,0.065542339,
0.066616803,0.068765732),.UNSPECIFIED.);
#1962=EDGE_CURVE('',#1643,#1641,#1961,.T.);
#1963=ORIENTED_EDGE('',*,*,#1962,.F.);
#1964=EDGE_LOOP('',(#1803,#1963));
#1965=FACE_BOUND('',#1964,.T.);
#1966=ADVANCED_FACE('',(#1425,#1639,#1965),#1141,.T.);
#1967=CARTESIAN_POINT('',(498.839848603,247.405579608,-43.7));
#1968=DIRECTION('',(-0.,0.,1.));
#1969=DIRECTION('',(0.,1.,0.));
#1970=AXIS2_PLACEMENT_3D('',#1967,#1968,#1969);
#1971=PLANE('',#1970);
#1972=ORIENTED_EDGE('',*,*,#1636,.T.);
#1973=CARTESIAN_POINT('',(509.839848603,254.205579608,-43.7));
#1974=DIRECTION('',(-1.,-0.,-0.));
#1975=VECTOR('',#1974,10.);
#1976=LINE('',#1973,#1975);
#1977=EDGE_CURVE('',#773,#1588,#1976,.T.);
#1978=ORIENTED_EDGE('',*,*,#1977,.F.);
#1979=ORIENTED_EDGE('',*,*,#778,.F.);
#1980=CARTESIAN_POINT('',(509.839848603,247.405579608,-43.7));
#1981=DIRECTION('',(-1.,-0.,-0.));
#1982=VECTOR('',#1981,10.);
#1983=LINE('',#1980,#1982);
#1984=EDGE_CURVE('',#722,#1429,#1983,.T.);
#1985=ORIENTED_EDGE('',*,*,#1984,.T.);
#1986=EDGE_LOOP('',(#1972,#1978,#1979,#1985));
#1987=FACE_BOUND('',#1986,.T.);
#1988=ADVANCED_FACE('',(#1987),#1971,.F.);
#1989=CARTESIAN_POINT('',(499.839848603,254.205579608,-43.7));
#1990=CARTESIAN_POINT('',(499.839848603,255.663496774,-43.7));
#1991=CARTESIAN_POINT('',(499.839848603,257.067866787,-43.979391579));
#1992=CARTESIAN_POINT('',(499.839848603,259.762327942,-45.095258706));
#1993=CARTESIAN_POINT('',(499.839848603,260.952587376,-45.890799186));
#1994=CARTESIAN_POINT('',(499.839848603,263.014921027,-47.952851628));
#1995=CARTESIAN_POINT('',(499.839848603,263.810037704,-49.143087616));
#1996=CARTESIAN_POINT('',(499.839848603,264.926471228,-51.837876872));
#1997=CARTESIAN_POINT('',(499.839848603,265.205579608,-53.241049457));
#1998=CARTESIAN_POINT('',(499.839848603,265.205579608,-54.7));
#1999=CARTESIAN_POINT('',(509.839848603,254.205579608,-43.7));
#2000=CARTESIAN_POINT('',(509.839848603,255.663496774,-43.7));
#2001=CARTESIAN_POINT('',(509.839848603,257.067866787,-43.979391579));
#2002=CARTESIAN_POINT('',(509.839848603,259.762327942,-45.095258706));
#2003=CARTESIAN_POINT('',(509.839848603,260.952587376,-45.890799186));
#2004=CARTESIAN_POINT('',(509.839848603,263.014921027,-47.952851628));
#2005=CARTESIAN_POINT('',(509.839848603,263.810037704,-49.143087616));
#2006=CARTESIAN_POINT('',(509.839848603,264.926471228,-51.837876872));
#2007=CARTESIAN_POINT('',(509.839848603,265.205579608,-53.241049457));
#2008=CARTESIAN_POINT('',(509.839848603,265.205579608,-54.7));
#2009=B_SPLINE_SURFACE_WITH_KNOTS('',1,3,((#1989,#1990,#1991,#1992,#1993,#1994,#1995,#1996,#1997,#1998),(#1999,#2000,#2001,#2002,#2003,#2004,#2005,#2006,#2007,#2008)),.UNSPECIFIED.,.F.,.F.,.U.,(2,2),(4,2,2,2,4),(0.083333333,0.916666667),(0.,0.25,0.5,0.75,1.),.UNSPECIFIED.);
#2010=ORIENTED_EDGE('',*,*,#1630,.T.);
#2011=CARTESIAN_POINT('',(509.839848603,265.205579608,-54.7));
#2012=DIRECTION('',(-1.,-0.,-0.));
#2013=VECTOR('',#2012,10.);
#2014=LINE('',#2011,#2013);
#2015=EDGE_CURVE('',#781,#1580,#2014,.T.);
#2016=ORIENTED_EDGE('',*,*,#2015,.F.);
#2017=ORIENTED_EDGE('',*,*,#829,.F.);
#2018=ORIENTED_EDGE('',*,*,#1977,.T.);
#2019=EDGE_LOOP('',(#2010,#2016,#2017,#2018));
#2020=FACE_BOUND('',#2019,.T.);
#2021=ADVANCED_FACE('',(#2020),#2009,.F.);
#2022=CARTESIAN_POINT('',(498.839848603,265.205579608,-54.7));
#2023=DIRECTION('',(0.,1.,0.));
#2024=DIRECTION('',(0.,0.,-1.));
#2025=AXIS2_PLACEMENT_3D('',#2022,#2023,#2024);
#2026=PLANE('',#2025);
#2027=ORIENTED_EDGE('',*,*,#1585,.T.);
#2028=CARTESIAN_POINT('',(509.839848603,265.205579608,-56.3));
#2029=DIRECTION('',(-1.,-0.,-0.));
#2030=VECTOR('',#2029,10.);
#2031=LINE('',#2028,#2030);
#2032=EDGE_CURVE('',#832,#1535,#2031,.T.);
#2033=ORIENTED_EDGE('',*,*,#2032,.F.);
#2034=ORIENTED_EDGE('',*,*,#837,.F.);
#2035=ORIENTED_EDGE('',*,*,#2015,.T.);
#2036=EDGE_LOOP('',(#2027,#2033,#2034,#2035));
#2037=FACE_BOUND('',#2036,.T.);
#2038=ADVANCED_FACE('',(#2037),#2026,.F.);
#2039=CARTESIAN_POINT('',(499.839848603,265.205579608,-56.3));
#2040=CARTESIAN_POINT('',(499.839848603,265.205579608,-57.757917165));
#2041=CARTESIAN_POINT('',(499.839848603,264.926188029,-59.162287178));
#2042=CARTESIAN_POINT('',(499.839848603,263.810320903,-61.856748334));
#2043=CARTESIAN_POINT('',(499.839848603,263.014780423,-63.047007768));
#2044=CARTESIAN_POINT('',(499.839848603,260.95272798,-65.109341418));
#2045=CARTESIAN_POINT('',(499.839848603,259.762491992,-65.904458096));
#2046=CARTESIAN_POINT('',(499.839848603,257.067702737,-67.020891619));
#2047=CARTESIAN_POINT('',(499.839848603,255.664530151,-67.3));
#2048=CARTESIAN_POINT('',(499.839848603,254.205579608,-67.3));
#2049=CARTESIAN_POINT('',(509.839848603,265.205579608,-56.3));
#2050=CARTESIAN_POINT('',(509.839848603,265.205579608,-57.757917165));
#2051=CARTESIAN_POINT('',(509.839848603,264.926188029,-59.162287178));
#2052=CARTESIAN_POINT('',(509.839848603,263.810320903,-61.856748334));
#2053=CARTESIAN_POINT('',(509.839848603,263.014780423,-63.047007768));
#2054=CARTESIAN_POINT('',(509.839848603,260.95272798,-65.109341418));
#2055=CARTESIAN_POINT('',(509.839848603,259.762491992,-65.904458096));
#2056=CARTESIAN_POINT('',(509.839848603,257.067702737,-67.020891619));
#2057=CARTESIAN_POINT('',(509.839848603,255.664530151,-67.3));
#2058=CARTESIAN_POINT('',(509.839848603,254.205579608,-67.3));
#2059=B_SPLINE_SURFACE_WITH_KNOTS('',1,3,((#2039,#2040,#2041,#2042,#2043,#2044,#2045,#2046,#2047,#2048),(#2049,#2050,#2051,#2052,#2053,#2054,#2055,#2056,#2057,#2058)),.UNSPECIFIED.,.F.,.F.,.U.,(2,2),(4,2,2,2,4),(0.083333333,0.916666667),(0.,0.25,0.5,0.75,1.),.UNSPECIFIED.);
#2060=ORIENTED_EDGE('',*,*,#1577,.T.);
#2061=CARTESIAN_POINT('',(509.839848603,254.205579608,-67.3));
#2062=DIRECTION('',(-1.,-0.,-0.));
#2063=VECTOR('',#2062,10.);
#2064=LINE('',#2061,#2063);
#2065=EDGE_CURVE('',#840,#1527,#2064,.T.);
#2066=ORIENTED_EDGE('',*,*,#2065,.F.);
#2067=ORIENTED_EDGE('',*,*,#888,.F.);
#2068=ORIENTED_EDGE('',*,*,#2032,.T.);
#2069=EDGE_LOOP('',(#2060,#2066,#2067,#2068));
#2070=FACE_BOUND('',#2069,.T.);
#2071=ADVANCED_FACE('',(#2070),#2059,.F.);
#2072=CARTESIAN_POINT('',(498.839848603,254.205579608,-67.3));
#2073=DIRECTION('',(0.,0.,-1.));
#2074=DIRECTION('',(0.,-1.,0.));
#2075=AXIS2_PLACEMENT_3D('',#2072,#2073,#2074);
#2076=PLANE('',#2075);
#2077=ORIENTED_EDGE('',*,*,#1532,.T.);
#2078=CARTESIAN_POINT('',(509.839848603,247.405579608,-67.3));
#2079=DIRECTION('',(-1.,-0.,-0.));
#2080=VECTOR('',#2079,10.);
#2081=LINE('',#2078,#2080);
#2082=EDGE_CURVE('',#664,#1482,#2081,.T.);
#2083=ORIENTED_EDGE('',*,*,#2082,.F.);
#2084=ORIENTED_EDGE('',*,*,#894,.F.);
#2085=ORIENTED_EDGE('',*,*,#2065,.T.);
#2086=EDGE_LOOP('',(#2077,#2083,#2084,#2085));
#2087=FACE_BOUND('',#2086,.T.);
#2088=ADVANCED_FACE('',(#2087),#2076,.F.);
#2089=CARTESIAN_POINT('',(499.839848603,247.405579608,-67.3));
#2090=CARTESIAN_POINT('',(499.839848603,245.947662443,-67.3));
#2091=CARTESIAN_POINT('',(499.839848603,244.54329243,-67.020608421));
#2092=CARTESIAN_POINT('',(499.839848603,241.848831275,-65.904741294));
#2093=CARTESIAN_POINT('',(499.839848603,240.658571841,-65.109200814));
#2094=CARTESIAN_POINT('',(499.839848603,238.59623819,-63.047148372));
#2095=CARTESIAN_POINT('',(499.839848603,237.801121512,-61.856912384));
#2096=CARTESIAN_POINT('',(499.839848603,236.684687989,-59.162123128));
#2097=CARTESIAN_POINT('',(499.839848603,236.405579608,-57.758950543));
#2098=CARTESIAN_POINT('',(499.839848603,236.405579608,-56.3));
#2099=CARTESIAN_POINT('',(509.839848603,247.405579608,-67.3));
#2100=CARTESIAN_POINT('',(509.839848603,245.947662443,-67.3));
#2101=CARTESIAN_POINT('',(509.839848603,244.54329243,-67.020608421));
#2102=CARTESIAN_POINT('',(509.839848603,241.848831275,-65.904741294));
#2103=CARTESIAN_POINT('',(509.839848603,240.658571841,-65.109200814));
#2104=CARTESIAN_POINT('',(509.839848603,238.59623819,-63.047148372));
#2105=CARTESIAN_POINT('',(509.839848603,237.801121512,-61.856912384));
#2106=CARTESIAN_POINT('',(509.839848603,236.684687989,-59.162123128));
#2107=CARTESIAN_POINT('',(509.839848603,236.405579608,-57.758950543));
#2108=CARTESIAN_POINT('',(509.839848603,236.405579608,-56.3));
#2109=B_SPLINE_SURFACE_WITH_KNOTS('',1,3,((#2089,#2090,#2091,#2092,#2093,#2094,#2095,#2096,#2097,#2098),(#2099,#2100,#2101,#2102,#2103,#2104,#2105,#2106,#2107,#2108)),.UNSPECIFIED.,.F.,.F.,.U.,(2,2),(4,2,2,2,4),(0.083333333,0.916666667),(0.,0.25,0.5,0.75,1.),.UNSPECIFIED.);
#2110=ORIENTED_EDGE('',*,*,#1524,.T.);
#2111=CARTESIAN_POINT('',(509.839848603,236.405579608,-56.3));
#2112=DIRECTION('',(-1.,-0.,-0.));
#2113=VECTOR('',#2112,10.);
#2114=LINE('',#2111,#2113);
#2115=EDGE_CURVE('',#666,#1474,#2114,.T.);
#2116=ORIENTED_EDGE('',*,*,#2115,.F.);
#2117=ORIENTED_EDGE('',*,*,#711,.F.);
#2118=ORIENTED_EDGE('',*,*,#2082,.T.);
#2119=EDGE_LOOP('',(#2110,#2116,#2117,#2118));
#2120=FACE_BOUND('',#2119,.T.);
#2121=ADVANCED_FACE('',(#2120),#2109,.F.);
#2122=CARTESIAN_POINT('',(498.839848603,236.405579608,-56.3));
#2123=DIRECTION('',(0.,-1.,0.));
#2124=DIRECTION('',(-0.,0.,1.));
#2125=AXIS2_PLACEMENT_3D('',#2122,#2123,#2124);
#2126=PLANE('',#2125);
#2127=ORIENTED_EDGE('',*,*,#1479,.T.);
#2128=CARTESIAN_POINT('',(509.839848603,236.405579608,-54.7));
#2129=DIRECTION('',(-1.,-0.,-0.));
#2130=VECTOR('',#2129,10.);
#2131=LINE('',#2128,#2130);
#2132=EDGE_CURVE('',#714,#1427,#2131,.T.);
#2133=ORIENTED_EDGE('',*,*,#2132,.F.);
#2134=ORIENTED_EDGE('',*,*,#719,.F.);
#2135=ORIENTED_EDGE('',*,*,#2115,.T.);
#2136=EDGE_LOOP('',(#2127,#2133,#2134,#2135));
#2137=FACE_BOUND('',#2136,.T.);
#2138=ADVANCED_FACE('',(#2137),#2126,.F.);
#2139=CARTESIAN_POINT('',(499.839848603,236.405579608,-54.7));
#2140=CARTESIAN_POINT('',(499.839848603,236.405579608,-53.242082835));
#2141=CARTESIAN_POINT('',(499.839848603,236.684971188,-51.837712822));
#2142=CARTESIAN_POINT('',(499.839848603,237.800838314,-49.143251666));
#2143=CARTESIAN_POINT('',(499.839848603,238.596378794,-47.952992232));
#2144=CARTESIAN_POINT('',(499.839848603,240.658431237,-45.890658582));
#2145=CARTESIAN_POINT('',(499.839848603,241.848667225,-45.095541904));
#2146=CARTESIAN_POINT('',(499.839848603,244.54345648,-43.979108381));
#2147=CARTESIAN_POINT('',(499.839848603,245.946629066,-43.7));
#2148=CARTESIAN_POINT('',(499.839848603,247.405579608,-43.7));
#2149=CARTESIAN_POINT('',(509.839848603,236.405579608,-54.7));
#2150=CARTESIAN_POINT('',(509.839848603,236.405579608,-53.242082835));
#2151=CARTESIAN_POINT('',(509.839848603,236.684971188,-51.837712822));
#2152=CARTESIAN_POINT('',(509.839848603,237.800838314,-49.143251666));
#2153=CARTESIAN_POINT('',(509.839848603,238.596378794,-47.952992232));
#2154=CARTESIAN_POINT('',(509.839848603,240.658431237,-45.890658582));
#2155=CARTESIAN_POINT('',(509.839848603,241.848667225,-45.095541904));
#2156=CARTESIAN_POINT('',(509.839848603,244.54345648,-43.979108381));
#2157=CARTESIAN_POINT('',(509.839848603,245.946629066,-43.7));
#2158=CARTESIAN_POINT('',(509.839848603,247.405579608,-43.7));
#2159=B_SPLINE_SURFACE_WITH_KNOTS('',1,3,((#2139,#2140,#2141,#2142,#2143,#2144,#2145,#2146,#2147,#2148),(#2149,#2150,#2151,#2152,#2153,#2154,#2155,#2156,#2157,#2158)),.UNSPECIFIED.,.F.,.F.,.U.,(2,2),(4,2,2,2,4),(0.083333333,0.916666667),(0.,0.25,0.5,0.75,1.),.UNSPECIFIED.);
#2160=ORIENTED_EDGE('',*,*,#1471,.T.);
#2161=ORIENTED_EDGE('',*,*,#1984,.F.);
#2162=ORIENTED_EDGE('',*,*,#770,.F.);
#2163=ORIENTED_EDGE('',*,*,#2132,.T.);
#2164=EDGE_LOOP('',(#2160,#2161,#2162,#2163));
#2165=FACE_BOUND('',#2164,.T.);
#2166=ADVANCED_FACE('',(#2165),#2159,.F.);
#2167=CARTESIAN_POINT('',(489.839848603,434.242579871,-110.729421356));
#2168=DIRECTION('',(1.,-0.,0.));
#2169=DIRECTION('',(-0.,-1.,0.));
#2170=AXIS2_PLACEMENT_3D('',#2167,#2168,#2169);
#2171=PLANE('',#2170);
#2172=CARTESIAN_POINT('',(489.839848603,275.952572051,-81.537421357));
#2173=VERTEX_POINT('',#2172);
#2174=CARTESIAN_POINT('',(489.839848603,207.346992443,-81.537421357));
#2175=VERTEX_POINT('',#2174);
#2176=CARTESIAN_POINT('',(489.839848603,275.952572051,-81.537421357));
#2177=DIRECTION('',(-0.,-1.,-0.));
#2178=VECTOR('',#2177,68.605579608);
#2179=LINE('',#2176,#2178);
#2180=EDGE_CURVE('',#2173,#2175,#2179,.T.);
#2181=ORIENTED_EDGE('',*,*,#2180,.T.);
#2182=CARTESIAN_POINT('',(489.839848603,207.346992443,-75.737421357));
#2183=VERTEX_POINT('',#2182);
#2184=CARTESIAN_POINT('',(489.839848603,207.346992443,-75.737421357));
#2185=DIRECTION('',(0.,-0.,-1.));
#2186=VECTOR('',#2185,5.8);
#2187=LINE('',#2184,#2186);
#2188=EDGE_CURVE('',#2183,#2175,#2187,.T.);
#2189=ORIENTED_EDGE('',*,*,#2188,.F.);
#2190=CARTESIAN_POINT('',(489.839848603,214.105579608,-75.737421357));
#2191=VERTEX_POINT('',#2190);
#2192=CARTESIAN_POINT('',(489.839848603,207.346992443,-75.737421357));
#2193=DIRECTION('',(0.,1.,0.));
#2194=VECTOR('',#2193,6.758587165);
#2195=LINE('',#2192,#2194);
#2196=EDGE_CURVE('',#2183,#2191,#2195,.T.);
#2197=ORIENTED_EDGE('',*,*,#2196,.T.);
#2198=CARTESIAN_POINT('',(489.839848603,214.105579608,-73.574842713));
#2199=VERTEX_POINT('',#2198);
#2200=CARTESIAN_POINT('',(489.839848603,214.105579608,-73.574842713));
#2201=DIRECTION('',(0.,0.,-1.));
#2202=VECTOR('',#2201,2.162578644);
#2203=LINE('',#2200,#2202);
#2204=EDGE_CURVE('',#2199,#2191,#2203,.T.);
#2205=ORIENTED_EDGE('',*,*,#2204,.F.);
#2206=CARTESIAN_POINT('',(489.839848603,212.851277916,-73.574842713));
#2207=VERTEX_POINT('',#2206);
#2208=CARTESIAN_POINT('',(489.839848603,212.851277916,-73.574842713));
#2209=DIRECTION('',(0.,1.,0.));
#2210=VECTOR('',#2209,1.254301692);
#2211=LINE('',#2208,#2210);
#2212=EDGE_CURVE('',#2207,#2199,#2211,.T.);
#2213=ORIENTED_EDGE('',*,*,#2212,.F.);
#2214=CARTESIAN_POINT('',(489.839848603,212.451277916,-73.174842713));
#2215=VERTEX_POINT('',#2214);
#2216=CARTESIAN_POINT('',(489.839848603,212.451277916,-73.174842713));
#2217=DIRECTION('',(0.,0.707106781,-0.707106781));
#2218=VECTOR('',#2217,0.565685425);
#2219=LINE('',#2216,#2218);
#2220=EDGE_CURVE('',#2215,#2207,#2219,.T.);
#2221=ORIENTED_EDGE('',*,*,#2220,.F.);
#2222=CARTESIAN_POINT('',(489.839848603,212.451277916,-71.474842713));
#2223=VERTEX_POINT('',#2222);
#2224=CARTESIAN_POINT('',(489.839848603,212.451277916,-71.474842713));
#2225=DIRECTION('',(0.,0.,-1.));
#2226=VECTOR('',#2225,1.7);
#2227=LINE('',#2224,#2226);
#2228=EDGE_CURVE('',#2223,#2215,#2227,.T.);
#2229=ORIENTED_EDGE('',*,*,#2228,.F.);
#2230=CARTESIAN_POINT('',(489.839848603,214.128405278,-69.824842713));
#2231=VERTEX_POINT('',#2230);
#2232=CARTESIAN_POINT('',(489.839848603,212.451277916,-71.474842713));
#2233=DIRECTION('',(0.,0.712848403,0.701318154));
#2234=VECTOR('',#2233,2.352712517);
#2235=LINE('',#2232,#2234);
#2236=EDGE_CURVE('',#2223,#2231,#2235,.T.);
#2237=ORIENTED_EDGE('',*,*,#2236,.T.);
#2238=CARTESIAN_POINT('',(489.839848603,219.928405278,-69.824842713));
#2239=VERTEX_POINT('',#2238);
#2240=CARTESIAN_POINT('',(489.839848603,219.928405278,-69.824842713));
#2241=DIRECTION('',(-0.,-1.,-0.));
#2242=VECTOR('',#2241,5.8);
#2243=LINE('',#2240,#2242);
#2244=EDGE_CURVE('',#2239,#2231,#2243,.T.);
#2245=ORIENTED_EDGE('',*,*,#2244,.F.);
#2246=CARTESIAN_POINT('',(489.839848603,221.605532639,-71.474842713));
#2247=VERTEX_POINT('',#2246);
#2248=CARTESIAN_POINT('',(489.839848603,219.928405278,-69.824842713));
#2249=DIRECTION('',(0.,0.712848403,-0.701318154));
#2250=VECTOR('',#2249,2.352712517);
#2251=LINE('',#2248,#2250);
#2252=EDGE_CURVE('',#2239,#2247,#2251,.T.);
#2253=ORIENTED_EDGE('',*,*,#2252,.T.);
#2254=CARTESIAN_POINT('',(489.839848603,221.605532639,-73.174842713));
#2255=VERTEX_POINT('',#2254);
#2256=CARTESIAN_POINT('',(489.839848603,221.605532639,-73.174842713));
#2257=DIRECTION('',(-0.,0.,1.));
#2258=VECTOR('',#2257,1.7);
#2259=LINE('',#2256,#2258);
#2260=EDGE_CURVE('',#2255,#2247,#2259,.T.);
#2261=ORIENTED_EDGE('',*,*,#2260,.F.);
#2262=CARTESIAN_POINT('',(489.839848603,221.205532639,-73.574842713));
#2263=VERTEX_POINT('',#2262);
#2264=CARTESIAN_POINT('',(489.839848603,221.205532639,-73.574842713));
#2265=DIRECTION('',(0.,0.707106781,0.707106781));
#2266=VECTOR('',#2265,0.565685425);
#2267=LINE('',#2264,#2266);
#2268=EDGE_CURVE('',#2263,#2255,#2267,.T.);
#2269=ORIENTED_EDGE('',*,*,#2268,.F.);
#2270=CARTESIAN_POINT('',(489.839848603,219.878405278,-73.574842713));
#2271=VERTEX_POINT('',#2270);
#2272=CARTESIAN_POINT('',(489.839848603,219.878405278,-73.574842713));
#2273=DIRECTION('',(0.,1.,0.));
#2274=VECTOR('',#2273,1.327127361);
#2275=LINE('',#2272,#2274);
#2276=EDGE_CURVE('',#2271,#2263,#2275,.T.);
#2277=ORIENTED_EDGE('',*,*,#2276,.F.);
#2278=CARTESIAN_POINT('',(489.839848603,219.878405278,-75.737421357));
#2279=VERTEX_POINT('',#2278);
#2280=CARTESIAN_POINT('',(489.839848603,219.878405278,-75.737421357));
#2281=DIRECTION('',(-0.,0.,1.));
#2282=VECTOR('',#2281,2.162578644);
#2283=LINE('',#2280,#2282);
#2284=EDGE_CURVE('',#2279,#2271,#2283,.T.);
#2285=ORIENTED_EDGE('',*,*,#2284,.F.);
#2286=CARTESIAN_POINT('',(489.839848603,227.346992443,-75.737421357));
#2287=VERTEX_POINT('',#2286);
#2288=CARTESIAN_POINT('',(489.839848603,219.878405278,-75.737421357));
#2289=DIRECTION('',(0.,1.,0.));
#2290=VECTOR('',#2289,7.468587165);
#2291=LINE('',#2288,#2290);
#2292=EDGE_CURVE('',#2279,#2287,#2291,.T.);
#2293=ORIENTED_EDGE('',*,*,#2292,.T.);
#2294=CARTESIAN_POINT('',(489.839848603,227.346992443,-77.037421357));
#2295=VERTEX_POINT('',#2294);
#2296=CARTESIAN_POINT('',(489.839848603,227.346992443,-75.737421357));
#2297=DIRECTION('',(0.,-0.,-1.));
#2298=VECTOR('',#2297,1.3);
#2299=LINE('',#2296,#2298);
#2300=EDGE_CURVE('',#2287,#2295,#2299,.T.);
#2301=ORIENTED_EDGE('',*,*,#2300,.T.);
#2302=CARTESIAN_POINT('',(489.839848603,275.952572051,-77.037421357));
#2303=VERTEX_POINT('',#2302);
#2304=CARTESIAN_POINT('',(489.839848603,275.952572051,-77.037421357));
#2305=DIRECTION('',(-0.,-1.,-0.));
#2306=VECTOR('',#2305,48.605579608);
#2307=LINE('',#2304,#2306);
#2308=EDGE_CURVE('',#2303,#2295,#2307,.T.);
#2309=ORIENTED_EDGE('',*,*,#2308,.F.);
#2310=CARTESIAN_POINT('',(489.839848603,275.952572051,-81.537421357));
#2311=DIRECTION('',(-0.,-0.,1.));
#2312=VECTOR('',#2311,4.5);
#2313=LINE('',#2310,#2312);
#2314=EDGE_CURVE('',#2173,#2303,#2313,.T.);
#2315=ORIENTED_EDGE('',*,*,#2314,.F.);
#2316=EDGE_LOOP('',(#2181,#2189,#2197,#2205,#2213,#2221,#2229,#2237,#2245,#2253,#2261,#2269,#2277,#2285,#2293,#2301,#2309,#2315));
#2317=FACE_BOUND('',#2316,.T.);
#2318=ADVANCED_FACE('',(#2317),#2171,.F.);
#2319=CARTESIAN_POINT('',(534.645148693,174.460595248,-81.537421357));
#2320=DIRECTION('',(-0.,0.,-1.));
#2321=DIRECTION('',(1.,-0.,-0.));
#2322=AXIS2_PLACEMENT_3D('',#2319,#2320,#2321);
#2323=PLANE('',#2322);
#2324=ORIENTED_EDGE('',*,*,#644,.F.);
#2325=CARTESIAN_POINT('',(509.839848603,207.346992443,-81.537421357));
#2326=DIRECTION('',(-1.,0.,0.));
#2327=VECTOR('',#2326,20.);
#2328=LINE('',#2325,#2327);
#2329=EDGE_CURVE('',#631,#2175,#2328,.T.);
#2330=ORIENTED_EDGE('',*,*,#2329,.T.);
#2331=ORIENTED_EDGE('',*,*,#2180,.F.);
#2332=CARTESIAN_POINT('',(489.839848603,275.952572051,-81.537421357));
#2333=DIRECTION('',(1.,0.,-0.));
#2334=VECTOR('',#2333,10.);
#2335=LINE('',#2332,#2334);
#2336=EDGE_CURVE('',#2173,#1169,#2335,.T.);
#2337=ORIENTED_EDGE('',*,*,#2336,.T.);
#2338=ORIENTED_EDGE('',*,*,#1174,.T.);
#2339=CARTESIAN_POINT('',(499.839848603,276.094673081,-81.537421357));
#2340=DIRECTION('',(1.,0.,0.));
#2341=VECTOR('',#2340,10.);
#2342=LINE('',#2339,#2341);
#2343=EDGE_CURVE('',#1161,#639,#2342,.T.);
#2344=ORIENTED_EDGE('',*,*,#2343,.T.);
#2345=EDGE_LOOP('',(#2324,#2330,#2331,#2337,#2338,#2344));
#2346=FACE_BOUND('',#2345,.T.);
#2347=ADVANCED_FACE('',(#2346),#2323,.T.);
#2348=CARTESIAN_POINT('',(491.139848603,275.952572051,-81.537421357));
#2349=DIRECTION('',(0.,-1.,0.));
#2350=DIRECTION('',(-0.,0.,1.));
#2351=AXIS2_PLACEMENT_3D('',#2348,#2349,#2350);
#2352=PLANE('',#2351);
#2353=ORIENTED_EDGE('',*,*,#2314,.T.);
#2354=CARTESIAN_POINT('',(489.839848603,275.952572051,-77.037421357));
#2355=DIRECTION('',(1.,-0.,0.));
#2356=VECTOR('',#2355,10.);
#2357=LINE('',#2354,#2356);
#2358=EDGE_CURVE('',#2303,#1177,#2357,.T.);
#2359=ORIENTED_EDGE('',*,*,#2358,.T.);
#2360=ORIENTED_EDGE('',*,*,#1182,.F.);
#2361=ORIENTED_EDGE('',*,*,#2336,.F.);
#2362=EDGE_LOOP('',(#2353,#2359,#2360,#2361));
#2363=FACE_BOUND('',#2362,.T.);
#2364=ADVANCED_FACE('',(#2363),#2352,.F.);
#2365=CARTESIAN_POINT('',(498.839848603,239.027038145,-77.037421357));
#2366=DIRECTION('',(0.,0.,-1.));
#2367=DIRECTION('',(0.,-1.,0.));
#2368=AXIS2_PLACEMENT_3D('',#2365,#2366,#2367);
#2369=PLANE('',#2368);
#2370=CARTESIAN_POINT('',(499.839848603,227.346992443,-77.037421357));
#2371=DIRECTION('',(-1.,-0.,-0.));
#2372=VECTOR('',#2371,10.);
#2373=LINE('',#2370,#2372);
#2374=EDGE_CURVE('',#1185,#2295,#2373,.T.);
#2375=ORIENTED_EDGE('',*,*,#2374,.F.);
#2376=ORIENTED_EDGE('',*,*,#1190,.T.);
#2377=ORIENTED_EDGE('',*,*,#2358,.F.);
#2378=ORIENTED_EDGE('',*,*,#2308,.T.);
#2379=EDGE_LOOP('',(#2375,#2376,#2377,#2378));
#2380=FACE_BOUND('',#2379,.T.);
#2381=ADVANCED_FACE('',(#2380),#2369,.F.);
#2382=CARTESIAN_POINT('',(506.839848603,244.952572051,-55.596));
#2383=DIRECTION('',(-1.,0.,-0.));
#2384=DIRECTION('',(0.,0.,-1.));
#2385=AXIS2_PLACEMENT_3D('',#2382,#2383,#2384);
#2386=PLANE('',#2385);
#2387=CARTESIAN_POINT('',(506.839848603,309.005579608,-54.2));
#2388=VERTEX_POINT('',#2387);
#2389=CARTESIAN_POINT('',(506.839848603,309.005579608,-48.7));
#2390=DIRECTION('',(1.,0.,0.));
#2391=DIRECTION('',(0.,0.,-1.));
#2392=AXIS2_PLACEMENT_3D('',#2389,#2390,#2391);
#2393=CIRCLE('',#2392,5.5);
#2394=EDGE_CURVE('',#2388,#2388,#2393,.T.);
#2395=ORIENTED_EDGE('',*,*,#2394,.T.);
#2396=EDGE_LOOP('',(#2395));
#2397=FACE_BOUND('',#2396,.T.);
#2398=CARTESIAN_POINT('',(506.839848603,313.557123445,-58.803378799));
#2399=VERTEX_POINT('',#2398);
#2400=CARTESIAN_POINT('',(506.839848603,309.005579634,-59.790091291));
#2401=VERTEX_POINT('',#2400);
#2402=CARTESIAN_POINT('',(506.839848603,313.557123445,-58.803378799));
#2403=CARTESIAN_POINT('',(506.839848603,312.896308916,-59.103298142));
#2404=CARTESIAN_POINT('',(506.839848603,312.217771998,-59.335996002));
#2405=CARTESIAN_POINT('',(506.839848603,311.521187051,-59.500237222));
#2406=CARTESIAN_POINT('',(506.839848603,311.172894577,-59.582357832));
#2407=CARTESIAN_POINT('',(506.839848603,310.82006587,-59.64727239));
#2408=CARTESIAN_POINT('',(506.839848603,310.462617599,-59.694664822));
#2409=CARTESIAN_POINT('',(506.839848603,310.105169328,-59.742057254));
#2410=CARTESIAN_POINT('',(506.839848603,309.741891556,-59.771789726));
#2411=CARTESIAN_POINT('',(506.839848603,309.381809894,-59.783764596));
#2412=CARTESIAN_POINT('',(506.839848603,308.661646571,-59.807714338));
#2413=CARTESIAN_POINT('',(506.839848603,307.946994681,-59.763871358));
#2414=CARTESIAN_POINT('',(506.839848603,307.238129709,-59.648847063));
#2415=CARTESIAN_POINT('',(506.839848603,306.883697223,-59.591334916));
#2416=CARTESIAN_POINT('',(506.839848603,306.529747153,-59.515661081));
#2417=CARTESIAN_POINT('',(506.839848603,306.179408522,-59.422033007));
#2418=CARTESIAN_POINT('',(506.839848603,305.829069892,-59.328404934));
#2419=CARTESIAN_POINT('',(506.839848603,305.486224458,-59.217978496));
#2420=CARTESIAN_POINT('',(506.839848603,305.150394812,-59.091823958));
#2421=CARTESIAN_POINT('',(506.839848603,304.478735521,-58.839514882));
#2422=CARTESIAN_POINT('',(506.839848603,303.834414762,-58.525917865));
#2423=CARTESIAN_POINT('',(506.839848603,303.219723093,-58.145897903));
#2424=CARTESIAN_POINT('',(506.839848603,303.066050175,-58.050892912));
#2425=CARTESIAN_POINT('',(506.839848603,302.913817207,-57.951410147));
#2426=CARTESIAN_POINT('',(506.839848603,302.7647055,-57.848495871));
#2427=CARTESIAN_POINT('',(506.839848603,302.615593792,-57.745581594));
#2428=CARTESIAN_POINT('',(506.839848603,302.469656394,-57.639313324));
#2429=CARTESIAN_POINT('',(506.839848603,302.326813058,-57.52977585));
#2430=CARTESIAN_POINT('',(506.839848603,302.041126386,-57.310700902));
#2431=CARTESIAN_POINT('',(506.839848603,301.767812376,-57.078552928));
#2432=CARTESIAN_POINT('',(506.839848603,301.506274682,-56.833962032));
#2433=CARTESIAN_POINT('',(506.839848603,301.244736988,-56.589371135));
#2434=CARTESIAN_POINT('',(506.839848603,300.994785987,-56.332537673));
#2435=CARTESIAN_POINT('',(506.839848603,300.756827165,-56.063033204));
#2436=CARTESIAN_POINT('',(506.839848603,300.637847755,-55.92828097));
#2437=CARTESIAN_POINT('',(506.839848603,300.521891114,-55.79033486));
#2438=CARTESIAN_POINT('',(506.839848603,300.4090573,-55.649089153));
#2439=CARTESIAN_POINT('',(506.839848603,300.296223487,-55.507843445));
#2440=CARTESIAN_POINT('',(506.839848603,300.186236612,-55.362891689));
#2441=CARTESIAN_POINT('',(506.839848603,300.080501635,-55.215995498));
#2442=CARTESIAN_POINT('',(506.839848603,299.657561728,-54.628410731));
#2443=CARTESIAN_POINT('',(506.839848603,299.30004453,-54.007231477));
#2444=CARTESIAN_POINT('',(506.839848603,299.003626016,-53.354678117));
#2445=CARTESIAN_POINT('',(506.839848603,298.855416759,-53.028401438));
#2446=CARTESIAN_POINT('',(506.839848603,298.722240145,-52.694405513));
#2447=CARTESIAN_POINT('',(506.839848603,298.604867496,-52.35229427));
#2448=CARTESIAN_POINT('',(506.839848603,298.546181172,-52.181238648));
#2449=CARTESIAN_POINT('',(506.839848603,298.491400387,-52.007789321));
#2450=CARTESIAN_POINT('',(506.839848603,298.441274775,-51.834105517));
#2451=CARTESIAN_POINT('',(506.839848603,298.391149163,-51.660421713));
#2452=CARTESIAN_POINT('',(506.839848603,298.345528885,-51.486120415));
#2453=CARTESIAN_POINT('',(506.839848603,298.304371054,-51.311207501));
#2454=CARTESIAN_POINT('',(506.839848603,298.139739727,-50.611555844));
#2455=CARTESIAN_POINT('',(506.839848603,298.046479476,-49.902122178));
#2456=CARTESIAN_POINT('',(506.839848603,298.022076236,-49.183251075));
#2457=CARTESIAN_POINT('',(506.839848603,298.015975426,-49.003533299));
#2458=CARTESIAN_POINT('',(506.839848603,298.014162735,-48.823227801));
#2459=CARTESIAN_POINT('',(506.839848603,298.016661909,-48.642331324));
#2460=CARTESIAN_POINT('',(506.839848603,298.019161082,-48.461434848));
#2461=CARTESIAN_POINT('',(506.839848603,298.02604267,-48.279840425));
#2462=CARTESIAN_POINT('',(506.839848603,298.03730032,-48.09962886));
#2463=CARTESIAN_POINT('',(506.839848603,298.059815621,-47.73920573));
#2464=CARTESIAN_POINT('',(506.839848603,298.099822542,-47.382346755));
#2465=CARTESIAN_POINT('',(506.839848603,298.157276428,-47.029042836));
#2466=CARTESIAN_POINT('',(506.839848603,298.272184201,-46.322434998));
#2467=CARTESIAN_POINT('',(506.839848603,298.456867007,-45.63004477));
#2468=CARTESIAN_POINT('',(506.839848603,298.711122654,-44.951830953));
#2469=CARTESIAN_POINT('',(506.839848603,298.838250478,-44.612724045));
#2470=CARTESIAN_POINT('',(506.839848603,298.981438412,-44.280243633));
#2471=CARTESIAN_POINT('',(506.839848603,299.139164157,-43.957744036));
#2472=CARTESIAN_POINT('',(506.839848603,299.296889902,-43.635244439));
#2473=CARTESIAN_POINT('',(506.839848603,299.46967781,-43.321712806));
#2474=CARTESIAN_POINT('',(506.839848603,299.657744521,-43.017278124));
#2475=CARTESIAN_POINT('',(506.839848603,299.845811231,-42.712843442));
#2476=CARTESIAN_POINT('',(506.839848603,300.049156704,-42.417505687));
#2477=CARTESIAN_POINT('',(506.839848603,300.268014293,-42.131403797));
#2478=CARTESIAN_POINT('',(506.839848603,300.486871881,-41.845301906));
#2479=CARTESIAN_POINT('',(506.839848603,300.722503631,-41.567269509));
#2480=CARTESIAN_POINT('',(506.839848603,300.968727095,-41.303786994));
#2481=CARTESIAN_POINT('',(506.839848603,301.461174024,-40.776821964));
#2482=CARTESIAN_POINT('',(506.839848603,301.997461002,-40.302147389));
#2483=CARTESIAN_POINT('',(506.839848603,302.579576028,-39.882134463));
#2484=CARTESIAN_POINT('',(506.839848603,302.870633541,-39.672128));
#2485=CARTESIAN_POINT('',(506.839848603,303.173552136,-39.475665453));
#2486=CARTESIAN_POINT('',(506.839848603,303.487670657,-39.293800398));
#2487=CARTESIAN_POINT('',(506.839848603,303.801789178,-39.111935344));
#2488=CARTESIAN_POINT('',(506.839848603,304.122413078,-38.947329321));
#2489=CARTESIAN_POINT('',(506.839848603,304.449118077,-38.7988567));
#2490=CARTESIAN_POINT('',(506.839848603,305.102528076,-38.501911459));
#2491=CARTESIAN_POINT('',(506.839848603,305.77963314,-38.267830179));
#2492=CARTESIAN_POINT('',(506.839848603,306.482325613,-38.101633327));
#2493=CARTESIAN_POINT('',(506.839848603,306.83367185,-38.018534901));
#2494=CARTESIAN_POINT('',(506.839848603,307.192301465,-37.952618821));
#2495=CARTESIAN_POINT('',(506.839848603,307.549412674,-37.905293356));
#2496=CARTESIAN_POINT('',(506.839848603,307.906523883,-37.857967891));
#2497=CARTESIAN_POINT('',(506.839848603,308.264036094,-37.828672196));
#2498=CARTESIAN_POINT('',(506.839848603,308.621929375,-37.816510185));
#2499=CARTESIAN_POINT('',(506.839848603,308.979822657,-37.804348174));
#2500=CARTESIAN_POINT('',(506.839848603,309.338090891,-37.809044754));
#2501=CARTESIAN_POINT('',(506.839848603,309.696746302,-37.831149569));
#2502=CARTESIAN_POINT('',(506.839848603,310.055401714,-37.853254384));
#2503=CARTESIAN_POINT('',(506.839848603,310.41586785,-37.893150117));
#2504=CARTESIAN_POINT('',(506.839848603,310.773503537,-37.951204001));
#2505=CARTESIAN_POINT('',(506.839848603,311.48877491,-38.06731177));
#2506=CARTESIAN_POINT('',(506.839848603,312.181110365,-38.25349826));
#2507=CARTESIAN_POINT('',(506.839848603,312.85209415,-38.504922937));
#2508=CARTESIAN_POINT('',(506.839848603,313.187586043,-38.630635275));
#2509=CARTESIAN_POINT('',(506.839848603,313.51782403,-38.772400468));
#2510=CARTESIAN_POINT('',(506.839848603,313.842551663,-38.931002073));
#2511=CARTESIAN_POINT('',(506.839848603,314.00491548,-39.010302875));
#2512=CARTESIAN_POINT('',(506.839848603,314.166317509,-39.094098844));
#2513=CARTESIAN_POINT('',(506.839848603,314.32476635,-39.181455018));
#2514=CARTESIAN_POINT('',(506.839848603,314.483215191,-39.268811191));
#2515=CARTESIAN_POINT('',(506.839848603,314.638888564,-39.359784119));
#2516=CARTESIAN_POINT('',(506.839848603,314.791815146,-39.45433643));
#2517=CARTESIAN_POINT('',(506.839848603,315.403521475,-39.832545677));
#2518=CARTESIAN_POINT('',(506.839848603,315.971297807,-40.268000753));
#2519=CARTESIAN_POINT('',(506.839848603,316.496826441,-40.758509432));
#2520=CARTESIAN_POINT('',(506.839848603,316.628208599,-40.881136602));
#2521=CARTESIAN_POINT('',(506.839848603,316.756959099,-41.007193126));
#2522=CARTESIAN_POINT('',(506.839848603,316.883067619,-41.136692451));
#2523=CARTESIAN_POINT('',(506.839848603,317.009176139,-41.266191777));
#2524=CARTESIAN_POINT('',(506.839848603,317.132847111,-41.399446073));
#2525=CARTESIAN_POINT('',(506.839848603,317.252489813,-41.534880865));
#2526=CARTESIAN_POINT('',(506.839848603,317.491775218,-41.805750449));
#2527=CARTESIAN_POINT('',(506.839848603,317.716083952,-42.086409122));
#2528=CARTESIAN_POINT('',(506.839848603,317.925478768,-42.376815867));
#2529=CARTESIAN_POINT('',(506.839848603,318.344268401,-42.957629356));
#2530=CARTESIAN_POINT('',(506.839848603,318.703413464,-43.577427878));
#2531=CARTESIAN_POINT('',(506.839848603,319.003280762,-44.235971679));
#2532=CARTESIAN_POINT('',(506.839848603,319.078247587,-44.400607629));
#2533=CARTESIAN_POINT('',(506.839848603,319.149524084,-44.567737539));
#2534=CARTESIAN_POINT('',(506.839848603,319.216389576,-44.735461875));
#2535=CARTESIAN_POINT('',(506.839848603,319.283255067,-44.903186211));
#2536=CARTESIAN_POINT('',(506.839848603,319.345886826,-45.071959294));
#2537=CARTESIAN_POINT('',(506.839848603,319.404259382,-45.241787434));
#2538=CARTESIAN_POINT('',(506.839848603,319.521004493,-45.581443715));
#2539=CARTESIAN_POINT('',(506.839848603,319.620713867,-45.925319956));
#2540=CARTESIAN_POINT('',(506.839848603,319.703170877,-46.273469819));
#2541=CARTESIAN_POINT('',(506.839848603,319.785627887,-46.621619682));
#2542=CARTESIAN_POINT('',(506.839848603,319.850832583,-46.974043154));
#2543=CARTESIAN_POINT('',(506.839848603,319.898550801,-47.330798241));
#2544=CARTESIAN_POINT('',(506.839848603,319.94626902,-47.687553328));
#2545=CARTESIAN_POINT('',(506.839848603,319.976473459,-48.050573275));
#2546=CARTESIAN_POINT('',(506.839848603,319.988894266,-48.411229833));
#2547=CARTESIAN_POINT('',(506.839848603,320.013735881,-49.132542949));
#2548=CARTESIAN_POINT('',(506.839848603,319.970488639,-49.84749433));
#2549=CARTESIAN_POINT('',(506.839848603,319.85633326,-50.555820562));
#2550=CARTESIAN_POINT('',(506.839848603,319.742177881,-51.264146793));
#2551=CARTESIAN_POINT('',(506.839848603,319.553380799,-51.971562615));
#2552=CARTESIAN_POINT('',(506.839848603,319.301616808,-52.64395125));
#2553=CARTESIAN_POINT('',(506.839848603,319.049852816,-53.316339884));
#2554=CARTESIAN_POINT('',(506.839848603,318.73695729,-53.960670464));
#2555=CARTESIAN_POINT('',(506.839848603,318.358294383,-54.574815237));
#2556=CARTESIAN_POINT('',(506.839848603,318.168962929,-54.881887623));
#2557=CARTESIAN_POINT('',(506.839848603,317.962131703,-55.182327946));
#2558=CARTESIAN_POINT('',(506.839848603,317.743117034,-55.468632663));
#2559=CARTESIAN_POINT('',(506.839848603,317.524102364,-55.75493738));
#2560=CARTESIAN_POINT('',(506.839848603,317.292094291,-56.028681919));
#2561=CARTESIAN_POINT('',(506.839848603,317.047758268,-56.290509548));
#2562=CARTESIAN_POINT('',(506.839848603,316.803422245,-56.552337176));
#2563=CARTESIAN_POINT('',(506.839848603,316.546955975,-56.802439003));
#2564=CARTESIAN_POINT('',(506.839848603,316.277996814,-57.040464477));
#2565=CARTESIAN_POINT('',(506.839848603,316.009037653,-57.278489952));
#2566=CARTESIAN_POINT('',(506.839848603,315.726855573,-57.504785304));
#2567=CARTESIAN_POINT('',(506.839848603,315.432604483,-57.717150457));
#2568=CARTESIAN_POINT('',(506.839848603,314.844102302,-58.141880761));
#2569=CARTESIAN_POINT('',(506.839848603,314.218501325,-58.503203773));
#2570=CARTESIAN_POINT('',(506.839848603,313.557123445,-58.803378799));
#2571=B_SPLINE_CURVE_WITH_KNOTS('',3,(#2402,#2403,#2404,#2405,#2406,#2407,#2408,#2409,#2410,#2411,#2412,#2413,#2414,#2415,#2416,#2417,#2418,#2419,#2420,#2421,#2422,#2423,#2424,#2425,#2426,#2427,
#2428,#2429,#2430,#2431,#2432,#2433,#2434,#2435,#2436,#2437,#2438,#2439,#2440,#2441,#2442,#2443,#2444,#2445,#2446,#2447,#2448,#2449,#2450,#2451,#2452,
#2453,#2454,#2455,#2456,#2457,#2458,#2459,#2460,#2461,#2462,#2463,#2464,#2465,#2466,#2467,#2468,#2469,#2470,#2471,#2472,#2473,#2474,#2475,#2476,#2477,
#2478,#2479,#2480,#2481,#2482,#2483,#2484,#2485,#2486,#2487,#2488,#2489,#2490,#2491,#2492,#2493,#2494,#2495,#2496,#2497,#2498,#2499,#2500,#2501,#2502,
#2503,#2504,#2505,#2506,#2507,#2508,#2509,#2510,#2511,#2512,#2513,#2514,#2515,#2516,#2517,#2518,#2519,#2520,#2521,#2522,#2523,#2524,#2525,#2526,#2527,
#2528,#2529,#2530,#2531,#2532,#2533,#2534,#2535,#2536,#2537,#2538,#2539,#2540,#2541,#2542,#2543,#2544,#2545,#2546,#2547,#2548,#2549,#2550,#2551,#2552,
#2553,#2554,#2555,#2556,#2557,#2558,#2559,#2560,#2561,#2562,#2563,#2564,#2565,#2566,#2567,#2568,#2569,#2570),.UNSPECIFIED.,.T.,.F.,(4,3,3,3,3,3,3,3,3,3,3,3,3,3,3,3,3,3,3,3,3,3,3,3,3,3,
3,3,3,3,3,3,3,3,3,3,3,3,3,3,3,3,3,3,3,3,3,3,3,3,3,
3,3,3,3,3,4),(0.,0.002146318,0.003219477,0.004292637,0.006438955,0.007512114,0.008585273,0.010731592,0.011268171,0.011804751,0.01287791,0.013951069,0.014487649,0.015024228,0.017170546,0.018243706,0.018780285,0.019316865,0.021463183,0.021999763,0.022536342,0.023609501,0.02575582,0.026828979,0.027902138,0.028975297,
0.030048456,0.032194775,0.033267934,0.034341093,0.036487411,0.03756057,0.03863373,0.039706889,0.040780048,0.042926366,0.043999525,0.044536105,0.045072685,0.047219003,0.047755582,0.048292162,0.049365321,0.051511639,0.052048219,0.052584799,0.053657958,0.054731117,0.055804276,0.057950594,0.060096913,
0.062243231,0.06331639,0.064389549,0.065462709,0.066535868,0.068682186),.UNSPECIFIED.);
#2572=EDGE_CURVE('',#2399,#2401,#2571,.T.);
#2573=ORIENTED_EDGE('',*,*,#2572,.T.);
#2574=CARTESIAN_POINT('',(506.839848603,313.557123445,-58.803378799));
#2575=CARTESIAN_POINT('',(506.839848603,312.896308916,-59.103298142));
#2576=CARTESIAN_POINT('',(506.839848603,312.217771998,-59.335996002));
#2577=CARTESIAN_POINT('',(506.839848603,311.521187051,-59.500237222));
#2578=CARTESIAN_POINT('',(506.839848603,311.172894577,-59.582357832));
#2579=CARTESIAN_POINT('',(506.839848603,310.82006587,-59.64727239));
#2580=CARTESIAN_POINT('',(506.839848603,310.462617599,-59.694664822));
#2581=CARTESIAN_POINT('',(506.839848603,310.105169328,-59.742057254));
#2582=CARTESIAN_POINT('',(506.839848603,309.741891556,-59.771789726));
#2583=CARTESIAN_POINT('',(506.839848603,309.381809894,-59.783764596));
#2584=CARTESIAN_POINT('',(506.839848603,308.661646571,-59.807714338));
#2585=CARTESIAN_POINT('',(506.839848603,307.946994681,-59.763871358));
#2586=CARTESIAN_POINT('',(506.839848603,307.238129709,-59.648847063));
#2587=CARTESIAN_POINT('',(506.839848603,306.883697223,-59.591334916));
#2588=CARTESIAN_POINT('',(506.839848603,306.529747153,-59.515661081));
#2589=CARTESIAN_POINT('',(506.839848603,306.179408522,-59.422033007));
#2590=CARTESIAN_POINT('',(506.839848603,305.829069892,-59.328404934));
#2591=CARTESIAN_POINT('',(506.839848603,305.486224458,-59.217978496));
#2592=CARTESIAN_POINT('',(506.839848603,305.150394812,-59.091823958));
#2593=CARTESIAN_POINT('',(506.839848603,304.478735521,-58.839514882));
#2594=CARTESIAN_POINT('',(506.839848603,303.834414762,-58.525917865));
#2595=CARTESIAN_POINT('',(506.839848603,303.219723093,-58.145897903));
#2596=CARTESIAN_POINT('',(506.839848603,303.066050175,-58.050892912));
#2597=CARTESIAN_POINT('',(506.839848603,302.913817207,-57.951410147));
#2598=CARTESIAN_POINT('',(506.839848603,302.7647055,-57.848495871));
#2599=CARTESIAN_POINT('',(506.839848603,302.615593792,-57.745581594));
#2600=CARTESIAN_POINT('',(506.839848603,302.469656394,-57.639313324));
#2601=CARTESIAN_POINT('',(506.839848603,302.326813058,-57.52977585));
#2602=CARTESIAN_POINT('',(506.839848603,302.041126386,-57.310700902));
#2603=CARTESIAN_POINT('',(506.839848603,301.767812376,-57.078552928));
#2604=CARTESIAN_POINT('',(506.839848603,301.506274682,-56.833962032));
#2605=CARTESIAN_POINT('',(506.839848603,301.244736988,-56.589371135));
#2606=CARTESIAN_POINT('',(506.839848603,300.994785987,-56.332537673));
#2607=CARTESIAN_POINT('',(506.839848603,300.756827165,-56.063033204));
#2608=CARTESIAN_POINT('',(506.839848603,300.637847755,-55.92828097));
#2609=CARTESIAN_POINT('',(506.839848603,300.521891114,-55.79033486));
#2610=CARTESIAN_POINT('',(506.839848603,300.4090573,-55.649089153));
#2611=CARTESIAN_POINT('',(506.839848603,300.296223487,-55.507843445));
#2612=CARTESIAN_POINT('',(506.839848603,300.186236612,-55.362891689));
#2613=CARTESIAN_POINT('',(506.839848603,300.080501635,-55.215995498));
#2614=CARTESIAN_POINT('',(506.839848603,299.657561728,-54.628410731));
#2615=CARTESIAN_POINT('',(506.839848603,299.30004453,-54.007231477));
#2616=CARTESIAN_POINT('',(506.839848603,299.003626016,-53.354678117));
#2617=CARTESIAN_POINT('',(506.839848603,298.855416759,-53.028401438));
#2618=CARTESIAN_POINT('',(506.839848603,298.722240145,-52.694405513));
#2619=CARTESIAN_POINT('',(506.839848603,298.604867496,-52.35229427));
#2620=CARTESIAN_POINT('',(506.839848603,298.546181172,-52.181238648));
#2621=CARTESIAN_POINT('',(506.839848603,298.491400387,-52.007789321));
#2622=CARTESIAN_POINT('',(506.839848603,298.441274775,-51.834105517));
#2623=CARTESIAN_POINT('',(506.839848603,298.391149163,-51.660421713));
#2624=CARTESIAN_POINT('',(506.839848603,298.345528885,-51.486120415));
#2625=CARTESIAN_POINT('',(506.839848603,298.304371054,-51.311207501));
#2626=CARTESIAN_POINT('',(506.839848603,298.139739727,-50.611555844));
#2627=CARTESIAN_POINT('',(506.839848603,298.046479476,-49.902122178));
#2628=CARTESIAN_POINT('',(506.839848603,298.022076236,-49.183251075));
#2629=CARTESIAN_POINT('',(506.839848603,298.015975426,-49.003533299));
#2630=CARTESIAN_POINT('',(506.839848603,298.014162735,-48.823227801));
#2631=CARTESIAN_POINT('',(506.839848603,298.016661909,-48.642331324));
#2632=CARTESIAN_POINT('',(506.839848603,298.019161082,-48.461434848));
#2633=CARTESIAN_POINT('',(506.839848603,298.02604267,-48.279840425));
#2634=CARTESIAN_POINT('',(506.839848603,298.03730032,-48.09962886));
#2635=CARTESIAN_POINT('',(506.839848603,298.059815621,-47.73920573));
#2636=CARTESIAN_POINT('',(506.839848603,298.099822542,-47.382346755));
#2637=CARTESIAN_POINT('',(506.839848603,298.157276428,-47.029042836));
#2638=CARTESIAN_POINT('',(506.839848603,298.272184201,-46.322434998));
#2639=CARTESIAN_POINT('',(506.839848603,298.456867007,-45.63004477));
#2640=CARTESIAN_POINT('',(506.839848603,298.711122654,-44.951830953));
#2641=CARTESIAN_POINT('',(506.839848603,298.838250478,-44.612724045));
#2642=CARTESIAN_POINT('',(506.839848603,298.981438412,-44.280243633));
#2643=CARTESIAN_POINT('',(506.839848603,299.139164157,-43.957744036));
#2644=CARTESIAN_POINT('',(506.839848603,299.296889902,-43.635244439));
#2645=CARTESIAN_POINT('',(506.839848603,299.46967781,-43.321712806));
#2646=CARTESIAN_POINT('',(506.839848603,299.657744521,-43.017278124));
#2647=CARTESIAN_POINT('',(506.839848603,299.845811231,-42.712843442));
#2648=CARTESIAN_POINT('',(506.839848603,300.049156704,-42.417505687));
#2649=CARTESIAN_POINT('',(506.839848603,300.268014293,-42.131403797));
#2650=CARTESIAN_POINT('',(506.839848603,300.486871881,-41.845301906));
#2651=CARTESIAN_POINT('',(506.839848603,300.722503631,-41.567269509));
#2652=CARTESIAN_POINT('',(506.839848603,300.968727095,-41.303786994));
#2653=CARTESIAN_POINT('',(506.839848603,301.461174024,-40.776821964));
#2654=CARTESIAN_POINT('',(506.839848603,301.997461002,-40.302147389));
#2655=CARTESIAN_POINT('',(506.839848603,302.579576028,-39.882134463));
#2656=CARTESIAN_POINT('',(506.839848603,302.870633541,-39.672128));
#2657=CARTESIAN_POINT('',(506.839848603,303.173552136,-39.475665453));
#2658=CARTESIAN_POINT('',(506.839848603,303.487670657,-39.293800398));
#2659=CARTESIAN_POINT('',(506.839848603,303.801789178,-39.111935344));
#2660=CARTESIAN_POINT('',(506.839848603,304.122413078,-38.947329321));
#2661=CARTESIAN_POINT('',(506.839848603,304.449118077,-38.7988567));
#2662=CARTESIAN_POINT('',(506.839848603,305.102528076,-38.501911459));
#2663=CARTESIAN_POINT('',(506.839848603,305.77963314,-38.267830179));
#2664=CARTESIAN_POINT('',(506.839848603,306.482325613,-38.101633327));
#2665=CARTESIAN_POINT('',(506.839848603,306.83367185,-38.018534901));
#2666=CARTESIAN_POINT('',(506.839848603,307.192301465,-37.952618821));
#2667=CARTESIAN_POINT('',(506.839848603,307.549412674,-37.905293356));
#2668=CARTESIAN_POINT('',(506.839848603,307.906523883,-37.857967891));
#2669=CARTESIAN_POINT('',(506.839848603,308.264036094,-37.828672196));
#2670=CARTESIAN_POINT('',(506.839848603,308.621929375,-37.816510185));
#2671=CARTESIAN_POINT('',(506.839848603,308.979822657,-37.804348174));
#2672=CARTESIAN_POINT('',(506.839848603,309.338090891,-37.809044754));
#2673=CARTESIAN_POINT('',(506.839848603,309.696746302,-37.831149569));
#2674=CARTESIAN_POINT('',(506.839848603,310.055401714,-37.853254384));
#2675=CARTESIAN_POINT('',(506.839848603,310.41586785,-37.893150117));
#2676=CARTESIAN_POINT('',(506.839848603,310.773503537,-37.951204001));
#2677=CARTESIAN_POINT('',(506.839848603,311.48877491,-38.06731177));
#2678=CARTESIAN_POINT('',(506.839848603,312.181110365,-38.25349826));
#2679=CARTESIAN_POINT('',(506.839848603,312.85209415,-38.504922937));
#2680=CARTESIAN_POINT('',(506.839848603,313.187586043,-38.630635275));
#2681=CARTESIAN_POINT('',(506.839848603,313.51782403,-38.772400468));
#2682=CARTESIAN_POINT('',(506.839848603,313.842551663,-38.931002073));
#2683=CARTESIAN_POINT('',(506.839848603,314.00491548,-39.010302875));
#2684=CARTESIAN_POINT('',(506.839848603,314.166317509,-39.094098844));
#2685=CARTESIAN_POINT('',(506.839848603,314.32476635,-39.181455018));
#2686=CARTESIAN_POINT('',(506.839848603,314.483215191,-39.268811191));
#2687=CARTESIAN_POINT('',(506.839848603,314.638888564,-39.359784119));
#2688=CARTESIAN_POINT('',(506.839848603,314.791815146,-39.45433643));
#2689=CARTESIAN_POINT('',(506.839848603,315.403521475,-39.832545677));
#2690=CARTESIAN_POINT('',(506.839848603,315.971297807,-40.268000753));
#2691=CARTESIAN_POINT('',(506.839848603,316.496826441,-40.758509432));
#2692=CARTESIAN_POINT('',(506.839848603,316.628208599,-40.881136602));
#2693=CARTESIAN_POINT('',(506.839848603,316.756959099,-41.007193126));
#2694=CARTESIAN_POINT('',(506.839848603,316.883067619,-41.136692451));
#2695=CARTESIAN_POINT('',(506.839848603,317.009176139,-41.266191777));
#2696=CARTESIAN_POINT('',(506.839848603,317.132847111,-41.399446073));
#2697=CARTESIAN_POINT('',(506.839848603,317.252489813,-41.534880865));
#2698=CARTESIAN_POINT('',(506.839848603,317.491775218,-41.805750449));
#2699=CARTESIAN_POINT('',(506.839848603,317.716083952,-42.086409122));
#2700=CARTESIAN_POINT('',(506.839848603,317.925478768,-42.376815867));
#2701=CARTESIAN_POINT('',(506.839848603,318.344268401,-42.957629356));
#2702=CARTESIAN_POINT('',(506.839848603,318.703413464,-43.577427878));
#2703=CARTESIAN_POINT('',(506.839848603,319.003280762,-44.235971679));
#2704=CARTESIAN_POINT('',(506.839848603,319.078247587,-44.400607629));
#2705=CARTESIAN_POINT('',(506.839848603,319.149524084,-44.567737539));
#2706=CARTESIAN_POINT('',(506.839848603,319.216389576,-44.735461875));
#2707=CARTESIAN_POINT('',(506.839848603,319.283255067,-44.903186211));
#2708=CARTESIAN_POINT('',(506.839848603,319.345886826,-45.071959294));
#2709=CARTESIAN_POINT('',(506.839848603,319.404259382,-45.241787434));
#2710=CARTESIAN_POINT('',(506.839848603,319.521004493,-45.581443715));
#2711=CARTESIAN_POINT('',(506.839848603,319.620713867,-45.925319956));
#2712=CARTESIAN_POINT('',(506.839848603,319.703170877,-46.273469819));
#2713=CARTESIAN_POINT('',(506.839848603,319.785627887,-46.621619682));
#2714=CARTESIAN_POINT('',(506.839848603,319.850832583,-46.974043154));
#2715=CARTESIAN_POINT('',(506.839848603,319.898550801,-47.330798241));
#2716=CARTESIAN_POINT('',(506.839848603,319.94626902,-47.687553328));
#2717=CARTESIAN_POINT('',(506.839848603,319.976473459,-48.050573275));
#2718=CARTESIAN_POINT('',(506.839848603,319.988894266,-48.411229833));
#2719=CARTESIAN_POINT('',(506.839848603,320.013735881,-49.132542949));
#2720=CARTESIAN_POINT('',(506.839848603,319.970488639,-49.84749433));
#2721=CARTESIAN_POINT('',(506.839848603,319.85633326,-50.555820562));
#2722=CARTESIAN_POINT('',(506.839848603,319.742177881,-51.264146793));
#2723=CARTESIAN_POINT('',(506.839848603,319.553380799,-51.971562615));
#2724=CARTESIAN_POINT('',(506.839848603,319.301616808,-52.64395125));
#2725=CARTESIAN_POINT('',(506.839848603,319.049852816,-53.316339884));
#2726=CARTESIAN_POINT('',(506.839848603,318.73695729,-53.960670464));
#2727=CARTESIAN_POINT('',(506.839848603,318.358294383,-54.574815237));
#2728=CARTESIAN_POINT('',(506.839848603,318.168962929,-54.881887623));
#2729=CARTESIAN_POINT('',(506.839848603,317.962131703,-55.182327946));
#2730=CARTESIAN_POINT('',(506.839848603,317.743117034,-55.468632663));
#2731=CARTESIAN_POINT('',(506.839848603,317.524102364,-55.75493738));
#2732=CARTESIAN_POINT('',(506.839848603,317.292094291,-56.028681919));
#2733=CARTESIAN_POINT('',(506.839848603,317.047758268,-56.290509548));
#2734=CARTESIAN_POINT('',(506.839848603,316.803422245,-56.552337176));
#2735=CARTESIAN_POINT('',(506.839848603,316.546955975,-56.802439003));
#2736=CARTESIAN_POINT('',(506.839848603,316.277996814,-57.040464477));
#2737=CARTESIAN_POINT('',(506.839848603,316.009037653,-57.278489952));
#2738=CARTESIAN_POINT('',(506.839848603,315.726855573,-57.504785304));
#2739=CARTESIAN_POINT('',(506.839848603,315.432604483,-57.717150457));
#2740=CARTESIAN_POINT('',(506.839848603,314.844102302,-58.141880761));
#2741=CARTESIAN_POINT('',(506.839848603,314.218501325,-58.503203773));
#2742=CARTESIAN_POINT('',(506.839848603,313.557123445,-58.803378799));
#2743=B_SPLINE_CURVE_WITH_KNOTS('',3,(#2574,#2575,#2576,#2577,#2578,#2579,#2580,#2581,#2582,#2583,#2584,#2585,#2586,#2587,#2588,#2589,#2590,#2591,#2592,#2593,#2594,#2595,#2596,#2597,#2598,#2599,
#2600,#2601,#2602,#2603,#2604,#2605,#2606,#2607,#2608,#2609,#2610,#2611,#2612,#2613,#2614,#2615,#2616,#2617,#2618,#2619,#2620,#2621,#2622,#2623,#2624,
#2625,#2626,#2627,#2628,#2629,#2630,#2631,#2632,#2633,#2634,#2635,#2636,#2637,#2638,#2639,#2640,#2641,#2642,#2643,#2644,#2645,#2646,#2647,#2648,#2649,
#2650,#2651,#2652,#2653,#2654,#2655,#2656,#2657,#2658,#2659,#2660,#2661,#2662,#2663,#2664,#2665,#2666,#2667,#2668,#2669,#2670,#2671,#2672,#2673,#2674,
#2675,#2676,#2677,#2678,#2679,#2680,#2681,#2682,#2683,#2684,#2685,#2686,#2687,#2688,#2689,#2690,#2691,#2692,#2693,#2694,#2695,#2696,#2697,#2698,#2699,
#2700,#2701,#2702,#2703,#2704,#2705,#2706,#2707,#2708,#2709,#2710,#2711,#2712,#2713,#2714,#2715,#2716,#2717,#2718,#2719,#2720,#2721,#2722,#2723,#2724,
#2725,#2726,#2727,#2728,#2729,#2730,#2731,#2732,#2733,#2734,#2735,#2736,#2737,#2738,#2739,#2740,#2741,#2742),.UNSPECIFIED.,.T.,.F.,(4,3,3,3,3,3,3,3,3,3,3,3,3,3,3,3,3,3,3,3,3,3,3,3,3,3,
3,3,3,3,3,3,3,3,3,3,3,3,3,3,3,3,3,3,3,3,3,3,3,3,3,
3,3,3,3,3,4),(0.,0.002146318,0.003219477,0.004292637,0.006438955,0.007512114,0.008585273,0.010731592,0.011268171,0.011804751,0.01287791,0.013951069,0.014487649,0.015024228,0.017170546,0.018243706,0.018780285,0.019316865,0.021463183,0.021999763,0.022536342,0.023609501,0.02575582,0.026828979,0.027902138,0.028975297,
0.030048456,0.032194775,0.033267934,0.034341093,0.036487411,0.03756057,0.03863373,0.039706889,0.040780048,0.042926366,0.043999525,0.044536105,0.045072685,0.047219003,0.047755582,0.048292162,0.049365321,0.051511639,0.052048219,0.052584799,0.053657958,0.054731117,0.055804276,0.057950594,0.060096913,
0.062243231,0.06331639,0.064389549,0.065462709,0.066535868,0.068682186),.UNSPECIFIED.);
#2744=EDGE_CURVE('',#2401,#2399,#2743,.T.);
#2745=ORIENTED_EDGE('',*,*,#2744,.T.);
#2746=EDGE_LOOP('',(#2573,#2745));
#2747=FACE_BOUND('',#2746,.T.);
#2748=ADVANCED_FACE('',(#2397,#2747),#2386,.T.);
#2749=CARTESIAN_POINT('',(499.839848603,309.005579608,-59.79));
#2750=CARTESIAN_POINT('',(499.839848603,308.276830387,-59.790229154));
#2751=CARTESIAN_POINT('',(499.839848603,307.561938739,-59.720448733));
#2752=CARTESIAN_POINT('',(499.839848603,306.86107059,-59.580773659));
#2753=CARTESIAN_POINT('',(499.839848603,306.160107036,-59.441570547));
#2754=CARTESIAN_POINT('',(499.839848603,305.472985256,-59.232436043));
#2755=CARTESIAN_POINT('',(499.839848603,304.79988182,-58.953433218));
#2756=CARTESIAN_POINT('',(499.839848603,304.126614014,-58.674858219));
#2757=CARTESIAN_POINT('',(499.839848603,303.492846429,-58.33681349));
#2758=CARTESIAN_POINT('',(499.839848603,302.89875786,-57.939537489));
#2759=CARTESIAN_POINT('',(499.839848603,302.304399611,-57.542660463));
#2760=CARTESIAN_POINT('',(499.839848603,301.749567794,-57.086449011));
#2761=CARTESIAN_POINT('',(499.839848603,301.234470827,-56.57109827));
#2762=CARTESIAN_POINT('',(499.839848603,300.719058519,-56.056080095));
#2763=CARTESIAN_POINT('',(499.839848603,300.262897735,-55.501235134));
#2764=CARTESIAN_POINT('',(499.839848603,299.86606241,-54.906852116));
#2765=CARTESIAN_POINT('',(499.839848603,299.468825251,-54.3127345));
#2766=CARTESIAN_POINT('',(499.839848603,299.130812056,-53.678925132));
#2767=CARTESIAN_POINT('',(499.839848603,298.852140702,-53.005684055));
#2768=CARTESIAN_POINT('',(499.839848603,298.573050742,-52.332629553));
#2769=CARTESIAN_POINT('',(499.839848603,298.363943104,-51.645454476));
#2770=CARTESIAN_POINT('',(499.839848603,298.224775603,-50.944453866));
#2771=CARTESIAN_POINT('',(499.839848603,298.085135291,-50.243544681));
#2772=CARTESIAN_POINT('',(499.839848603,298.015400162,-49.52862913));
#2773=CARTESIAN_POINT('',(499.839848603,298.015579608,-48.799992568));
#2774=CARTESIAN_POINT('',(499.839848603,298.015300913,-48.071368185));
#2775=CARTESIAN_POINT('',(499.839848603,298.085081164,-47.356479167));
#2776=CARTESIAN_POINT('',(499.839848603,298.224768478,-46.655581955));
#2777=CARTESIAN_POINT('',(499.839848603,298.363983984,-45.954588271));
#2778=CARTESIAN_POINT('',(499.839848603,298.573143463,-45.267405947));
#2779=CARTESIAN_POINT('',(499.839848603,298.85214639,-44.594302212));
#2780=CARTESIAN_POINT('',(499.839848603,299.130721389,-43.921034406));
#2781=CARTESIAN_POINT('',(499.839848603,299.468766118,-43.28726682));
#2782=CARTESIAN_POINT('',(499.839848603,299.866042119,-42.693178252));
#2783=CARTESIAN_POINT('',(499.839848603,300.262919145,-42.098820003));
#2784=CARTESIAN_POINT('',(499.839848603,300.719130597,-41.543988186));
#2785=CARTESIAN_POINT('',(499.839848603,301.234481339,-41.028891219));
#2786=CARTESIAN_POINT('',(499.839848603,301.749499513,-40.51347891));
#2787=CARTESIAN_POINT('',(499.839848603,302.304344474,-40.057318127));
#2788=CARTESIAN_POINT('',(499.839848603,302.898727493,-39.660482802));
#2789=CARTESIAN_POINT('',(499.839848603,303.492845109,-39.263245643));
#2790=CARTESIAN_POINT('',(499.839848603,304.126654476,-38.925232447));
#2791=CARTESIAN_POINT('',(499.839848603,304.799895553,-38.646561093));
#2792=CARTESIAN_POINT('',(499.839848603,305.472950055,-38.367471133));
#2793=CARTESIAN_POINT('',(499.839848603,306.160125133,-38.158363496));
#2794=CARTESIAN_POINT('',(499.839848603,306.861125742,-38.019195995));
#2795=CARTESIAN_POINT('',(499.839848603,307.562034927,-37.879555683));
#2796=CARTESIAN_POINT('',(499.839848603,308.276950479,-37.809820554));
#2797=CARTESIAN_POINT('',(499.839848603,309.005587041,-37.81));
#2798=CARTESIAN_POINT('',(499.839848603,309.734211423,-37.809721305));
#2799=CARTESIAN_POINT('',(499.839848603,310.449100441,-37.879501556));
#2800=CARTESIAN_POINT('',(499.839848603,311.149997653,-38.01918887));
#2801=CARTESIAN_POINT('',(499.839848603,311.850991337,-38.158404376));
#2802=CARTESIAN_POINT('',(499.839848603,312.538173661,-38.367563855));
#2803=CARTESIAN_POINT('',(499.839848603,313.211277397,-38.646566782));
#2804=CARTESIAN_POINT('',(499.839848603,313.884545203,-38.925141781));
#2805=CARTESIAN_POINT('',(499.839848603,314.518312788,-39.26318651));
#2806=CARTESIAN_POINT('',(499.839848603,315.112401356,-39.660462511));
#2807=CARTESIAN_POINT('',(499.839848603,315.706759606,-40.057339537));
#2808=CARTESIAN_POINT('',(499.839848603,316.261591423,-40.513550989));
#2809=CARTESIAN_POINT('',(499.839848603,316.776688389,-41.02890173));
#2810=CARTESIAN_POINT('',(499.839848603,317.292100698,-41.543919905));
#2811=CARTESIAN_POINT('',(499.839848603,317.748261482,-42.098764866));
#2812=CARTESIAN_POINT('',(499.839848603,318.145096807,-42.693147884));
#2813=CARTESIAN_POINT('',(499.839848603,318.542333966,-43.2872655));
#2814=CARTESIAN_POINT('',(499.839848603,318.880347161,-43.921074868));
#2815=CARTESIAN_POINT('',(499.839848603,319.159018515,-44.594315945));
#2816=CARTESIAN_POINT('',(499.839848603,319.438108475,-45.267370447));
#2817=CARTESIAN_POINT('',(499.839848603,319.647216113,-45.954545524));
#2818=CARTESIAN_POINT('',(499.839848603,319.786383614,-46.655546134));
#2819=CARTESIAN_POINT('',(499.839848603,319.926023926,-47.356455319));
#2820=CARTESIAN_POINT('',(499.839848603,319.995759055,-48.07137087));
#2821=CARTESIAN_POINT('',(499.839848603,319.995579609,-48.800007432));
#2822=CARTESIAN_POINT('',(499.839848603,319.995858303,-49.528631815));
#2823=CARTESIAN_POINT('',(499.839848603,319.926078053,-50.243520833));
#2824=CARTESIAN_POINT('',(499.839848603,319.786390739,-50.944418045));
#2825=CARTESIAN_POINT('',(499.839848603,319.647175232,-51.645411729));
#2826=CARTESIAN_POINT('',(499.839848603,319.438015754,-52.332594053));
#2827=CARTESIAN_POINT('',(499.839848603,319.159012827,-53.005697788));
#2828=CARTESIAN_POINT('',(499.839848603,318.880437827,-53.678965594));
#2829=CARTESIAN_POINT('',(499.839848603,318.542393099,-54.31273318));
#2830=CARTESIAN_POINT('',(499.839848603,318.145117098,-54.906821748));
#2831=CARTESIAN_POINT('',(499.839848603,317.748240072,-55.501179997));
#2832=CARTESIAN_POINT('',(499.839848603,317.29202862,-56.056011814));
#2833=CARTESIAN_POINT('',(499.839848603,316.776677878,-56.571108781));
#2834=CARTESIAN_POINT('',(499.839848603,316.261658515,-57.086522134));
#2835=CARTESIAN_POINT('',(499.839848603,315.706873423,-57.542658042));
#2836=CARTESIAN_POINT('',(499.839848603,315.112520976,-57.939480426));
#2837=CARTESIAN_POINT('',(499.839848603,314.51843418,-58.336704612));
#2838=CARTESIAN_POINT('',(499.839848603,313.884625286,-58.674717575));
#2839=CARTESIAN_POINT('',(499.839848603,313.211263664,-58.953438907));
#2840=CARTESIAN_POINT('',(499.839848603,312.538085524,-59.232579826));
#2841=CARTESIAN_POINT('',(499.839848603,311.850970156,-59.441712146));
#2842=CARTESIAN_POINT('',(499.839848603,311.150031699,-59.580878945));
#2843=CARTESIAN_POINT('',(499.839848603,310.449185986,-59.720518679));
#2844=CARTESIAN_POINT('',(499.839848603,309.734333956,-59.790228822));
#2845=CARTESIAN_POINT('',(499.839848603,309.005579608,-59.79));
#2846=CARTESIAN_POINT('',(501.583148693,309.005579608,-59.79));
#2847=CARTESIAN_POINT('',(501.583148693,308.276830387,-59.790229154));
#2848=CARTESIAN_POINT('',(501.583148693,307.561938739,-59.720448733));
#2849=CARTESIAN_POINT('',(501.583148693,306.86107059,-59.580773659));
#2850=CARTESIAN_POINT('',(501.583148693,306.160107036,-59.441570547));
#2851=CARTESIAN_POINT('',(501.583148693,305.472985256,-59.232436043));
#2852=CARTESIAN_POINT('',(501.583148693,304.79988182,-58.953433218));
#2853=CARTESIAN_POINT('',(501.583148693,304.126614014,-58.674858219));
#2854=CARTESIAN_POINT('',(501.583148693,303.492846429,-58.33681349));
#2855=CARTESIAN_POINT('',(501.583148693,302.89875786,-57.939537489));
#2856=CARTESIAN_POINT('',(501.583148693,302.304399611,-57.542660463));
#2857=CARTESIAN_POINT('',(501.583148693,301.749567794,-57.086449011));
#2858=CARTESIAN_POINT('',(501.583148693,301.234470827,-56.57109827));
#2859=CARTESIAN_POINT('',(501.583148693,300.719058519,-56.056080095));
#2860=CARTESIAN_POINT('',(501.583148693,300.262897735,-55.501235134));
#2861=CARTESIAN_POINT('',(501.583148693,299.86606241,-54.906852116));
#2862=CARTESIAN_POINT('',(501.583148693,299.468825251,-54.3127345));
#2863=CARTESIAN_POINT('',(501.583148693,299.130812056,-53.678925132));
#2864=CARTESIAN_POINT('',(501.583148693,298.852140702,-53.005684055));
#2865=CARTESIAN_POINT('',(501.583148693,298.573050742,-52.332629553));
#2866=CARTESIAN_POINT('',(501.583148693,298.363943104,-51.645454476));
#2867=CARTESIAN_POINT('',(501.583148693,298.224775603,-50.944453866));
#2868=CARTESIAN_POINT('',(501.583148693,298.085135291,-50.243544681));
#2869=CARTESIAN_POINT('',(501.583148693,298.015400162,-49.52862913));
#2870=CARTESIAN_POINT('',(501.583148693,298.015579608,-48.799992568));
#2871=CARTESIAN_POINT('',(501.583148693,298.015300913,-48.071368185));
#2872=CARTESIAN_POINT('',(501.583148693,298.085081164,-47.356479167));
#2873=CARTESIAN_POINT('',(501.583148693,298.224768478,-46.655581955));
#2874=CARTESIAN_POINT('',(501.583148693,298.363983984,-45.954588271));
#2875=CARTESIAN_POINT('',(501.583148693,298.573143463,-45.267405947));
#2876=CARTESIAN_POINT('',(501.583148693,298.85214639,-44.594302212));
#2877=CARTESIAN_POINT('',(501.583148693,299.130721389,-43.921034406));
#2878=CARTESIAN_POINT('',(501.583148693,299.468766118,-43.28726682));
#2879=CARTESIAN_POINT('',(501.583148693,299.866042119,-42.693178252));
#2880=CARTESIAN_POINT('',(501.583148693,300.262919145,-42.098820003));
#2881=CARTESIAN_POINT('',(501.583148693,300.719130597,-41.543988186));
#2882=CARTESIAN_POINT('',(501.583148693,301.234481339,-41.028891219));
#2883=CARTESIAN_POINT('',(501.583148693,301.749499513,-40.51347891));
#2884=CARTESIAN_POINT('',(501.583148693,302.304344474,-40.057318127));
#2885=CARTESIAN_POINT('',(501.583148693,302.898727493,-39.660482802));
#2886=CARTESIAN_POINT('',(501.583148693,303.492845109,-39.263245643));
#2887=CARTESIAN_POINT('',(501.583148693,304.126654476,-38.925232447));
#2888=CARTESIAN_POINT('',(501.583148693,304.799895553,-38.646561093));
#2889=CARTESIAN_POINT('',(501.583148693,305.472950055,-38.367471133));
#2890=CARTESIAN_POINT('',(501.583148693,306.160125133,-38.158363496));
#2891=CARTESIAN_POINT('',(501.583148693,306.861125742,-38.019195995));
#2892=CARTESIAN_POINT('',(501.583148693,307.562034927,-37.879555683));
#2893=CARTESIAN_POINT('',(501.583148693,308.276950479,-37.809820554));
#2894=CARTESIAN_POINT('',(501.583148693,309.005587041,-37.81));
#2895=CARTESIAN_POINT('',(501.583148693,309.734211423,-37.809721305));
#2896=CARTESIAN_POINT('',(501.583148693,310.449100441,-37.879501556));
#2897=CARTESIAN_POINT('',(501.583148693,311.149997653,-38.01918887));
#2898=CARTESIAN_POINT('',(501.583148693,311.850991337,-38.158404376));
#2899=CARTESIAN_POINT('',(501.583148693,312.538173661,-38.367563855));
#2900=CARTESIAN_POINT('',(501.583148693,313.211277397,-38.646566782));
#2901=CARTESIAN_POINT('',(501.583148693,313.884545203,-38.925141781));
#2902=CARTESIAN_POINT('',(501.583148693,314.518312788,-39.26318651));
#2903=CARTESIAN_POINT('',(501.583148693,315.112401356,-39.660462511));
#2904=CARTESIAN_POINT('',(501.583148693,315.706759606,-40.057339537));
#2905=CARTESIAN_POINT('',(501.583148693,316.261591423,-40.513550989));
#2906=CARTESIAN_POINT('',(501.583148693,316.776688389,-41.02890173));
#2907=CARTESIAN_POINT('',(501.583148693,317.292100698,-41.543919905));
#2908=CARTESIAN_POINT('',(501.583148693,317.748261482,-42.098764866));
#2909=CARTESIAN_POINT('',(501.583148693,318.145096807,-42.693147884));
#2910=CARTESIAN_POINT('',(501.583148693,318.542333966,-43.2872655));
#2911=CARTESIAN_POINT('',(501.583148693,318.880347161,-43.921074868));
#2912=CARTESIAN_POINT('',(501.583148693,319.159018515,-44.594315945));
#2913=CARTESIAN_POINT('',(501.583148693,319.438108475,-45.267370447));
#2914=CARTESIAN_POINT('',(501.583148693,319.647216113,-45.954545524));
#2915=CARTESIAN_POINT('',(501.583148693,319.786383614,-46.655546134));
#2916=CARTESIAN_POINT('',(501.583148693,319.926023926,-47.356455319));
#2917=CARTESIAN_POINT('',(501.583148693,319.995759055,-48.07137087));
#2918=CARTESIAN_POINT('',(501.583148693,319.995579609,-48.800007432));
#2919=CARTESIAN_POINT('',(501.583148693,319.995858303,-49.528631815));
#2920=CARTESIAN_POINT('',(501.583148693,319.926078053,-50.243520833));
#2921=CARTESIAN_POINT('',(501.583148693,319.786390739,-50.944418045));
#2922=CARTESIAN_POINT('',(501.583148693,319.647175232,-51.645411729));
#2923=CARTESIAN_POINT('',(501.583148693,319.438015754,-52.332594053));
#2924=CARTESIAN_POINT('',(501.583148693,319.159012827,-53.005697788));
#2925=CARTESIAN_POINT('',(501.583148693,318.880437827,-53.678965594));
#2926=CARTESIAN_POINT('',(501.583148693,318.542393099,-54.31273318));
#2927=CARTESIAN_POINT('',(501.583148693,318.145117098,-54.906821748));
#2928=CARTESIAN_POINT('',(501.583148693,317.748240072,-55.501179997));
#2929=CARTESIAN_POINT('',(501.583148693,317.29202862,-56.056011814));
#2930=CARTESIAN_POINT('',(501.583148693,316.776677878,-56.571108781));
#2931=CARTESIAN_POINT('',(501.583148693,316.261658515,-57.086522134));
#2932=CARTESIAN_POINT('',(501.583148693,315.706873423,-57.542658042));
#2933=CARTESIAN_POINT('',(501.583148693,315.112520976,-57.939480426));
#2934=CARTESIAN_POINT('',(501.583148693,314.51843418,-58.336704612));
#2935=CARTESIAN_POINT('',(501.583148693,313.884625286,-58.674717575));
#2936=CARTESIAN_POINT('',(501.583148693,313.211263664,-58.953438907));
#2937=CARTESIAN_POINT('',(501.583148693,312.538085524,-59.232579826));
#2938=CARTESIAN_POINT('',(501.583148693,311.850970156,-59.441712146));
#2939=CARTESIAN_POINT('',(501.583148693,311.150031699,-59.580878945));
#2940=CARTESIAN_POINT('',(501.583148693,310.449185986,-59.720518679));
#2941=CARTESIAN_POINT('',(501.583148693,309.734333956,-59.790228822));
#2942=CARTESIAN_POINT('',(501.583148693,309.005579608,-59.79));
#2943=CARTESIAN_POINT('',(505.339848603,309.005579608,-59.79));
#2944=CARTESIAN_POINT('',(505.339848603,308.276830387,-59.790229154));
#2945=CARTESIAN_POINT('',(505.339848603,307.561938739,-59.720448733));
#2946=CARTESIAN_POINT('',(505.339848603,306.86107059,-59.580773659));
#2947=CARTESIAN_POINT('',(505.339848603,306.160107036,-59.441570547));
#2948=CARTESIAN_POINT('',(505.339848603,305.472985256,-59.232436043));
#2949=CARTESIAN_POINT('',(505.339848603,304.79988182,-58.953433218));
#2950=CARTESIAN_POINT('',(505.339848603,304.126614014,-58.674858219));
#2951=CARTESIAN_POINT('',(505.339848603,303.492846429,-58.33681349));
#2952=CARTESIAN_POINT('',(505.339848603,302.89875786,-57.939537489));
#2953=CARTESIAN_POINT('',(505.339848603,302.304399611,-57.542660463));
#2954=CARTESIAN_POINT('',(505.339848603,301.749567794,-57.086449011));
#2955=CARTESIAN_POINT('',(505.339848603,301.234470827,-56.57109827));
#2956=CARTESIAN_POINT('',(505.339848603,300.719058519,-56.056080095));
#2957=CARTESIAN_POINT('',(505.339848603,300.262897735,-55.501235134));
#2958=CARTESIAN_POINT('',(505.339848603,299.86606241,-54.906852116));
#2959=CARTESIAN_POINT('',(505.339848603,299.468825251,-54.3127345));
#2960=CARTESIAN_POINT('',(505.339848603,299.130812056,-53.678925132));
#2961=CARTESIAN_POINT('',(505.339848603,298.852140702,-53.005684055));
#2962=CARTESIAN_POINT('',(505.339848603,298.573050742,-52.332629553));
#2963=CARTESIAN_POINT('',(505.339848603,298.363943104,-51.645454476));
#2964=CARTESIAN_POINT('',(505.339848603,298.224775603,-50.944453866));
#2965=CARTESIAN_POINT('',(505.339848603,298.085135291,-50.243544681));
#2966=CARTESIAN_POINT('',(505.339848603,298.015400162,-49.52862913));
#2967=CARTESIAN_POINT('',(505.339848603,298.015579608,-48.799992568));
#2968=CARTESIAN_POINT('',(505.339848603,298.015300913,-48.071368185));
#2969=CARTESIAN_POINT('',(505.339848603,298.085081164,-47.356479167));
#2970=CARTESIAN_POINT('',(505.339848603,298.224768478,-46.655581955));
#2971=CARTESIAN_POINT('',(505.339848603,298.363983984,-45.954588271));
#2972=CARTESIAN_POINT('',(505.339848603,298.573143463,-45.267405947));
#2973=CARTESIAN_POINT('',(505.339848603,298.85214639,-44.594302212));
#2974=CARTESIAN_POINT('',(505.339848603,299.130721389,-43.921034406));
#2975=CARTESIAN_POINT('',(505.339848603,299.468766118,-43.28726682));
#2976=CARTESIAN_POINT('',(505.339848603,299.866042119,-42.693178252));
#2977=CARTESIAN_POINT('',(505.339848603,300.262919145,-42.098820003));
#2978=CARTESIAN_POINT('',(505.339848603,300.719130597,-41.543988186));
#2979=CARTESIAN_POINT('',(505.339848603,301.234481339,-41.028891219));
#2980=CARTESIAN_POINT('',(505.339848603,301.749499513,-40.51347891));
#2981=CARTESIAN_POINT('',(505.339848603,302.304344474,-40.057318127));
#2982=CARTESIAN_POINT('',(505.339848603,302.898727493,-39.660482802));
#2983=CARTESIAN_POINT('',(505.339848603,303.492845109,-39.263245643));
#2984=CARTESIAN_POINT('',(505.339848603,304.126654476,-38.925232447));
#2985=CARTESIAN_POINT('',(505.339848603,304.799895553,-38.646561093));
#2986=CARTESIAN_POINT('',(505.339848603,305.472950055,-38.367471133));
#2987=CARTESIAN_POINT('',(505.339848603,306.160125133,-38.158363496));
#2988=CARTESIAN_POINT('',(505.339848603,306.861125742,-38.019195995));
#2989=CARTESIAN_POINT('',(505.339848603,307.562034927,-37.879555683));
#2990=CARTESIAN_POINT('',(505.339848603,308.276950479,-37.809820554));
#2991=CARTESIAN_POINT('',(505.339848603,309.005587041,-37.81));
#2992=CARTESIAN_POINT('',(505.339848603,309.734211423,-37.809721305));
#2993=CARTESIAN_POINT('',(505.339848603,310.449100441,-37.879501556));
#2994=CARTESIAN_POINT('',(505.339848603,311.149997653,-38.01918887));
#2995=CARTESIAN_POINT('',(505.339848603,311.850991337,-38.158404376));
#2996=CARTESIAN_POINT('',(505.339848603,312.538173661,-38.367563855));
#2997=CARTESIAN_POINT('',(505.339848603,313.211277397,-38.646566782));
#2998=CARTESIAN_POINT('',(505.339848603,313.884545203,-38.925141781));
#2999=CARTESIAN_POINT('',(505.339848603,314.518312788,-39.26318651));
#3000=CARTESIAN_POINT('',(505.339848603,315.112401356,-39.660462511));
#3001=CARTESIAN_POINT('',(505.339848603,315.706759606,-40.057339537));
#3002=CARTESIAN_POINT('',(505.339848603,316.261591423,-40.513550989));
#3003=CARTESIAN_POINT('',(505.339848603,316.776688389,-41.02890173));
#3004=CARTESIAN_POINT('',(505.339848603,317.292100698,-41.543919905));
#3005=CARTESIAN_POINT('',(505.339848603,317.748261482,-42.098764866));
#3006=CARTESIAN_POINT('',(505.339848603,318.145096807,-42.693147884));
#3007=CARTESIAN_POINT('',(505.339848603,318.542333966,-43.2872655));
#3008=CARTESIAN_POINT('',(505.339848603,318.880347161,-43.921074868));
#3009=CARTESIAN_POINT('',(505.339848603,319.159018515,-44.594315945));
#3010=CARTESIAN_POINT('',(505.339848603,319.438108475,-45.267370447));
#3011=CARTESIAN_POINT('',(505.339848603,319.647216113,-45.954545524));
#3012=CARTESIAN_POINT('',(505.339848603,319.786383614,-46.655546134));
#3013=CARTESIAN_POINT('',(505.339848603,319.926023926,-47.356455319));
#3014=CARTESIAN_POINT('',(505.339848603,319.995759055,-48.07137087));
#3015=CARTESIAN_POINT('',(505.339848603,319.995579609,-48.800007432));
#3016=CARTESIAN_POINT('',(505.339848603,319.995858303,-49.528631815));
#3017=CARTESIAN_POINT('',(505.339848603,319.926078053,-50.243520833));
#3018=CARTESIAN_POINT('',(505.339848603,319.786390739,-50.944418045));
#3019=CARTESIAN_POINT('',(505.339848603,319.647175232,-51.645411729));
#3020=CARTESIAN_POINT('',(505.339848603,319.438015754,-52.332594053));
#3021=CARTESIAN_POINT('',(505.339848603,319.159012827,-53.005697788));
#3022=CARTESIAN_POINT('',(505.339848603,318.880437827,-53.678965594));
#3023=CARTESIAN_POINT('',(505.339848603,318.542393099,-54.31273318));
#3024=CARTESIAN_POINT('',(505.339848603,318.145117098,-54.906821748));
#3025=CARTESIAN_POINT('',(505.339848603,317.748240072,-55.501179997));
#3026=CARTESIAN_POINT('',(505.339848603,317.29202862,-56.056011814));
#3027=CARTESIAN_POINT('',(505.339848603,316.776677878,-56.571108781));
#3028=CARTESIAN_POINT('',(505.339848603,316.261658515,-57.086522134));
#3029=CARTESIAN_POINT('',(505.339848603,315.706873423,-57.542658042));
#3030=CARTESIAN_POINT('',(505.339848603,315.112520976,-57.939480426));
#3031=CARTESIAN_POINT('',(505.339848603,314.51843418,-58.336704612));
#3032=CARTESIAN_POINT('',(505.339848603,313.884625286,-58.674717575));
#3033=CARTESIAN_POINT('',(505.339848603,313.211263664,-58.953438907));
#3034=CARTESIAN_POINT('',(505.339848603,312.538085524,-59.232579826));
#3035=CARTESIAN_POINT('',(505.339848603,311.850970156,-59.441712146));
#3036=CARTESIAN_POINT('',(505.339848603,311.150031699,-59.580878945));
#3037=CARTESIAN_POINT('',(505.339848603,310.449185986,-59.720518679));
#3038=CARTESIAN_POINT('',(505.339848603,309.734333956,-59.790228822));
#3039=CARTESIAN_POINT('',(505.339848603,309.005579608,-59.79));
#3040=CARTESIAN_POINT('',(505.839848603,309.005579608,-59.79));
#3041=CARTESIAN_POINT('',(505.839848603,308.276830387,-59.790229154));
#3042=CARTESIAN_POINT('',(505.839848603,307.561938739,-59.720448733));
#3043=CARTESIAN_POINT('',(505.839848603,306.86107059,-59.580773659));
#3044=CARTESIAN_POINT('',(505.839848603,306.160107036,-59.441570547));
#3045=CARTESIAN_POINT('',(505.839848603,305.472985256,-59.232436043));
#3046=CARTESIAN_POINT('',(505.839848603,304.79988182,-58.953433218));
#3047=CARTESIAN_POINT('',(505.839848603,304.126614014,-58.674858219));
#3048=CARTESIAN_POINT('',(505.839848603,303.492846429,-58.33681349));
#3049=CARTESIAN_POINT('',(505.839848603,302.89875786,-57.939537489));
#3050=CARTESIAN_POINT('',(505.839848603,302.304399611,-57.542660463));
#3051=CARTESIAN_POINT('',(505.839848603,301.749567794,-57.086449011));
#3052=CARTESIAN_POINT('',(505.839848603,301.234470827,-56.57109827));
#3053=CARTESIAN_POINT('',(505.839848603,300.719058519,-56.056080095));
#3054=CARTESIAN_POINT('',(505.839848603,300.262897735,-55.501235134));
#3055=CARTESIAN_POINT('',(505.839848603,299.86606241,-54.906852116));
#3056=CARTESIAN_POINT('',(505.839848603,299.468825251,-54.3127345));
#3057=CARTESIAN_POINT('',(505.839848603,299.130812056,-53.678925132));
#3058=CARTESIAN_POINT('',(505.839848603,298.852140702,-53.005684055));
#3059=CARTESIAN_POINT('',(505.839848603,298.573050742,-52.332629553));
#3060=CARTESIAN_POINT('',(505.839848603,298.363943104,-51.645454476));
#3061=CARTESIAN_POINT('',(505.839848603,298.224775603,-50.944453866));
#3062=CARTESIAN_POINT('',(505.839848603,298.085135291,-50.243544681));
#3063=CARTESIAN_POINT('',(505.839848603,298.015400162,-49.52862913));
#3064=CARTESIAN_POINT('',(505.839848603,298.015579608,-48.799992568));
#3065=CARTESIAN_POINT('',(505.839848603,298.015300913,-48.071368185));
#3066=CARTESIAN_POINT('',(505.839848603,298.085081164,-47.356479167));
#3067=CARTESIAN_POINT('',(505.839848603,298.224768478,-46.655581955));
#3068=CARTESIAN_POINT('',(505.839848603,298.363983984,-45.954588271));
#3069=CARTESIAN_POINT('',(505.839848603,298.573143463,-45.267405947));
#3070=CARTESIAN_POINT('',(505.839848603,298.85214639,-44.594302212));
#3071=CARTESIAN_POINT('',(505.839848603,299.130721389,-43.921034406));
#3072=CARTESIAN_POINT('',(505.839848603,299.468766118,-43.28726682));
#3073=CARTESIAN_POINT('',(505.839848603,299.866042119,-42.693178252));
#3074=CARTESIAN_POINT('',(505.839848603,300.262919145,-42.098820003));
#3075=CARTESIAN_POINT('',(505.839848603,300.719130597,-41.543988186));
#3076=CARTESIAN_POINT('',(505.839848603,301.234481339,-41.028891219));
#3077=CARTESIAN_POINT('',(505.839848603,301.749499513,-40.51347891));
#3078=CARTESIAN_POINT('',(505.839848603,302.304344474,-40.057318127));
#3079=CARTESIAN_POINT('',(505.839848603,302.898727493,-39.660482802));
#3080=CARTESIAN_POINT('',(505.839848603,303.492845109,-39.263245643));
#3081=CARTESIAN_POINT('',(505.839848603,304.126654476,-38.925232447));
#3082=CARTESIAN_POINT('',(505.839848603,304.799895553,-38.646561093));
#3083=CARTESIAN_POINT('',(505.839848603,305.472950055,-38.367471133));
#3084=CARTESIAN_POINT('',(505.839848603,306.160125133,-38.158363496));
#3085=CARTESIAN_POINT('',(505.839848603,306.861125742,-38.019195995));
#3086=CARTESIAN_POINT('',(505.839848603,307.562034927,-37.879555683));
#3087=CARTESIAN_POINT('',(505.839848603,308.276950479,-37.809820554));
#3088=CARTESIAN_POINT('',(505.839848603,309.005587041,-37.81));
#3089=CARTESIAN_POINT('',(505.839848603,309.734211423,-37.809721305));
#3090=CARTESIAN_POINT('',(505.839848603,310.449100441,-37.879501556));
#3091=CARTESIAN_POINT('',(505.839848603,311.149997653,-38.01918887));
#3092=CARTESIAN_POINT('',(505.839848603,311.850991337,-38.158404376));
#3093=CARTESIAN_POINT('',(505.839848603,312.538173661,-38.367563855));
#3094=CARTESIAN_POINT('',(505.839848603,313.211277397,-38.646566782));
#3095=CARTESIAN_POINT('',(505.839848603,313.884545203,-38.925141781));
#3096=CARTESIAN_POINT('',(505.839848603,314.518312788,-39.26318651));
#3097=CARTESIAN_POINT('',(505.839848603,315.112401356,-39.660462511));
#3098=CARTESIAN_POINT('',(505.839848603,315.706759606,-40.057339537));
#3099=CARTESIAN_POINT('',(505.839848603,316.261591423,-40.513550989));
#3100=CARTESIAN_POINT('',(505.839848603,316.776688389,-41.02890173));
#3101=CARTESIAN_POINT('',(505.839848603,317.292100698,-41.543919905));
#3102=CARTESIAN_POINT('',(505.839848603,317.748261482,-42.098764866));
#3103=CARTESIAN_POINT('',(505.839848603,318.145096807,-42.693147884));
#3104=CARTESIAN_POINT('',(505.839848603,318.542333966,-43.2872655));
#3105=CARTESIAN_POINT('',(505.839848603,318.880347161,-43.921074868));
#3106=CARTESIAN_POINT('',(505.839848603,319.159018515,-44.594315945));
#3107=CARTESIAN_POINT('',(505.839848603,319.438108475,-45.267370447));
#3108=CARTESIAN_POINT('',(505.839848603,319.647216113,-45.954545524));
#3109=CARTESIAN_POINT('',(505.839848603,319.786383614,-46.655546134));
#3110=CARTESIAN_POINT('',(505.839848603,319.926023926,-47.356455319));
#3111=CARTESIAN_POINT('',(505.839848603,319.995759055,-48.07137087));
#3112=CARTESIAN_POINT('',(505.839848603,319.995579609,-48.800007432));
#3113=CARTESIAN_POINT('',(505.839848603,319.995858303,-49.528631815));
#3114=CARTESIAN_POINT('',(505.839848603,319.926078053,-50.243520833));
#3115=CARTESIAN_POINT('',(505.839848603,319.786390739,-50.944418045));
#3116=CARTESIAN_POINT('',(505.839848603,319.647175232,-51.645411729));
#3117=CARTESIAN_POINT('',(505.839848603,319.438015754,-52.332594053));
#3118=CARTESIAN_POINT('',(505.839848603,319.159012827,-53.005697788));
#3119=CARTESIAN_POINT('',(505.839848603,318.880437827,-53.678965594));
#3120=CARTESIAN_POINT('',(505.839848603,318.542393099,-54.31273318));
#3121=CARTESIAN_POINT('',(505.839848603,318.145117098,-54.906821748));
#3122=CARTESIAN_POINT('',(505.839848603,317.748240072,-55.501179997));
#3123=CARTESIAN_POINT('',(505.839848603,317.29202862,-56.056011814));
#3124=CARTESIAN_POINT('',(505.839848603,316.776677878,-56.571108781));
#3125=CARTESIAN_POINT('',(505.839848603,316.261658515,-57.086522134));
#3126=CARTESIAN_POINT('',(505.839848603,315.706873423,-57.542658042));
#3127=CARTESIAN_POINT('',(505.839848603,315.112520976,-57.939480426));
#3128=CARTESIAN_POINT('',(505.839848603,314.51843418,-58.336704612));
#3129=CARTESIAN_POINT('',(505.839848603,313.884625286,-58.674717575));
#3130=CARTESIAN_POINT('',(505.839848603,313.211263664,-58.953438907));
#3131=CARTESIAN_POINT('',(505.839848603,312.538085524,-59.232579826));
#3132=CARTESIAN_POINT('',(505.839848603,311.850970156,-59.441712146));
#3133=CARTESIAN_POINT('',(505.839848603,311.150031699,-59.580878945));
#3134=CARTESIAN_POINT('',(505.839848603,310.449185986,-59.720518679));
#3135=CARTESIAN_POINT('',(505.839848603,309.734333956,-59.790228822));
#3136=CARTESIAN_POINT('',(505.839848603,309.005579608,-59.79));
#3137=CARTESIAN_POINT('',(506.839848603,309.005579608,-59.79));
#3138=CARTESIAN_POINT('',(506.839848603,308.276830387,-59.790229154));
#3139=CARTESIAN_POINT('',(506.839848603,307.561938739,-59.720448733));
#3140=CARTESIAN_POINT('',(506.839848603,306.86107059,-59.580773659));
#3141=CARTESIAN_POINT('',(506.839848603,306.160107036,-59.441570547));
#3142=CARTESIAN_POINT('',(506.839848603,305.472985256,-59.232436043));
#3143=CARTESIAN_POINT('',(506.839848603,304.79988182,-58.953433218));
#3144=CARTESIAN_POINT('',(506.839848603,304.126614014,-58.674858219));
#3145=CARTESIAN_POINT('',(506.839848603,303.492846429,-58.33681349));
#3146=CARTESIAN_POINT('',(506.839848603,302.89875786,-57.939537489));
#3147=CARTESIAN_POINT('',(506.839848603,302.304399611,-57.542660463));
#3148=CARTESIAN_POINT('',(506.839848603,301.749567794,-57.086449011));
#3149=CARTESIAN_POINT('',(506.839848603,301.234470827,-56.57109827));
#3150=CARTESIAN_POINT('',(506.839848603,300.719058519,-56.056080095));
#3151=CARTESIAN_POINT('',(506.839848603,300.262897735,-55.501235134));
#3152=CARTESIAN_POINT('',(506.839848603,299.86606241,-54.906852116));
#3153=CARTESIAN_POINT('',(506.839848603,299.468825251,-54.3127345));
#3154=CARTESIAN_POINT('',(506.839848603,299.130812056,-53.678925132));
#3155=CARTESIAN_POINT('',(506.839848603,298.852140702,-53.005684055));
#3156=CARTESIAN_POINT('',(506.839848603,298.573050742,-52.332629553));
#3157=CARTESIAN_POINT('',(506.839848603,298.363943104,-51.645454476));
#3158=CARTESIAN_POINT('',(506.839848603,298.224775603,-50.944453866));
#3159=CARTESIAN_POINT('',(506.839848603,298.085135291,-50.243544681));
#3160=CARTESIAN_POINT('',(506.839848603,298.015400162,-49.52862913));
#3161=CARTESIAN_POINT('',(506.839848603,298.015579608,-48.799992568));
#3162=CARTESIAN_POINT('',(506.839848603,298.015300913,-48.071368185));
#3163=CARTESIAN_POINT('',(506.839848603,298.085081164,-47.356479167));
#3164=CARTESIAN_POINT('',(506.839848603,298.224768478,-46.655581955));
#3165=CARTESIAN_POINT('',(506.839848603,298.363983984,-45.954588271));
#3166=CARTESIAN_POINT('',(506.839848603,298.573143463,-45.267405947));
#3167=CARTESIAN_POINT('',(506.839848603,298.85214639,-44.594302212));
#3168=CARTESIAN_POINT('',(506.839848603,299.130721389,-43.921034406));
#3169=CARTESIAN_POINT('',(506.839848603,299.468766118,-43.28726682));
#3170=CARTESIAN_POINT('',(506.839848603,299.866042119,-42.693178252));
#3171=CARTESIAN_POINT('',(506.839848603,300.262919145,-42.098820003));
#3172=CARTESIAN_POINT('',(506.839848603,300.719130597,-41.543988186));
#3173=CARTESIAN_POINT('',(506.839848603,301.234481339,-41.028891219));
#3174=CARTESIAN_POINT('',(506.839848603,301.749499513,-40.51347891));
#3175=CARTESIAN_POINT('',(506.839848603,302.304344474,-40.057318127));
#3176=CARTESIAN_POINT('',(506.839848603,302.898727493,-39.660482802));
#3177=CARTESIAN_POINT('',(506.839848603,303.492845109,-39.263245643));
#3178=CARTESIAN_POINT('',(506.839848603,304.126654476,-38.925232447));
#3179=CARTESIAN_POINT('',(506.839848603,304.799895553,-38.646561093));
#3180=CARTESIAN_POINT('',(506.839848603,305.472950055,-38.367471133));
#3181=CARTESIAN_POINT('',(506.839848603,306.160125133,-38.158363496));
#3182=CARTESIAN_POINT('',(506.839848603,306.861125742,-38.019195995));
#3183=CARTESIAN_POINT('',(506.839848603,307.562034927,-37.879555683));
#3184=CARTESIAN_POINT('',(506.839848603,308.276950479,-37.809820554));
#3185=CARTESIAN_POINT('',(506.839848603,309.005587041,-37.81));
#3186=CARTESIAN_POINT('',(506.839848603,309.734211423,-37.809721305));
#3187=CARTESIAN_POINT('',(506.839848603,310.449100441,-37.879501556));
#3188=CARTESIAN_POINT('',(506.839848603,311.149997653,-38.01918887));
#3189=CARTESIAN_POINT('',(506.839848603,311.850991337,-38.158404376));
#3190=CARTESIAN_POINT('',(506.839848603,312.538173661,-38.367563855));
#3191=CARTESIAN_POINT('',(506.839848603,313.211277397,-38.646566782));
#3192=CARTESIAN_POINT('',(506.839848603,313.884545203,-38.925141781));
#3193=CARTESIAN_POINT('',(506.839848603,314.518312788,-39.26318651));
#3194=CARTESIAN_POINT('',(506.839848603,315.112401356,-39.660462511));
#3195=CARTESIAN_POINT('',(506.839848603,315.706759606,-40.057339537));
#3196=CARTESIAN_POINT('',(506.839848603,316.261591423,-40.513550989));
#3197=CARTESIAN_POINT('',(506.839848603,316.776688389,-41.02890173));
#3198=CARTESIAN_POINT('',(506.839848603,317.292100698,-41.543919905));
#3199=CARTESIAN_POINT('',(506.839848603,317.748261482,-42.098764866));
#3200=CARTESIAN_POINT('',(506.839848603,318.145096807,-42.693147884));
#3201=CARTESIAN_POINT('',(506.839848603,318.542333966,-43.2872655));
#3202=CARTESIAN_POINT('',(506.839848603,318.880347161,-43.921074868));
#3203=CARTESIAN_POINT('',(506.839848603,319.159018515,-44.594315945));
#3204=CARTESIAN_POINT('',(506.839848603,319.438108475,-45.267370447));
#3205=CARTESIAN_POINT('',(506.839848603,319.647216113,-45.954545524));
#3206=CARTESIAN_POINT('',(506.839848603,319.786383614,-46.655546134));
#3207=CARTESIAN_POINT('',(506.839848603,319.926023926,-47.356455319));
#3208=CARTESIAN_POINT('',(506.839848603,319.995759055,-48.07137087));
#3209=CARTESIAN_POINT('',(506.839848603,319.995579609,-48.800007432));
#3210=CARTESIAN_POINT('',(506.839848603,319.995858303,-49.528631815));
#3211=CARTESIAN_POINT('',(506.839848603,319.926078053,-50.243520833));
#3212=CARTESIAN_POINT('',(506.839848603,319.786390739,-50.944418045));
#3213=CARTESIAN_POINT('',(506.839848603,319.647175232,-51.645411729));
#3214=CARTESIAN_POINT('',(506.839848603,319.438015754,-52.332594053));
#3215=CARTESIAN_POINT('',(506.839848603,319.159012827,-53.005697788));
#3216=CARTESIAN_POINT('',(506.839848603,318.880437827,-53.678965594));
#3217=CARTESIAN_POINT('',(506.839848603,318.542393099,-54.31273318));
#3218=CARTESIAN_POINT('',(506.839848603,318.145117098,-54.906821748));
#3219=CARTESIAN_POINT('',(506.839848603,317.748240072,-55.501179997));
#3220=CARTESIAN_POINT('',(506.839848603,317.29202862,-56.056011814));
#3221=CARTESIAN_POINT('',(506.839848603,316.776677878,-56.571108781));
#3222=CARTESIAN_POINT('',(506.839848603,316.261658515,-57.086522134));
#3223=CARTESIAN_POINT('',(506.839848603,315.706873423,-57.542658042));
#3224=CARTESIAN_POINT('',(506.839848603,315.112520976,-57.939480426));
#3225=CARTESIAN_POINT('',(506.839848603,314.51843418,-58.336704612));
#3226=CARTESIAN_POINT('',(506.839848603,313.884625286,-58.674717575));
#3227=CARTESIAN_POINT('',(506.839848603,313.211263664,-58.953438907));
#3228=CARTESIAN_POINT('',(506.839848603,312.538085524,-59.232579826));
#3229=CARTESIAN_POINT('',(506.839848603,311.850970156,-59.441712146));
#3230=CARTESIAN_POINT('',(506.839848603,311.150031699,-59.580878945));
#3231=CARTESIAN_POINT('',(506.839848603,310.449185986,-59.720518679));
#3232=CARTESIAN_POINT('',(506.839848603,309.734333956,-59.790228822));
#3233=CARTESIAN_POINT('',(506.839848603,309.005579608,-59.79));
#3234=B_SPLINE_SURFACE_WITH_KNOTS('',1,3,((#2749,#2750,#2751,#2752,#2753,#2754,#2755,#2756,#2757,#2758,#2759,#2760,#2761,#2762,#2763,#2764,#2765,#2766,#2767,#2768,#2769,#2770,#2771,#2772,#2773,#2774,
#2775,#2776,#2777,#2778,#2779,#2780,#2781,#2782,#2783,#2784,#2785,#2786,#2787,#2788,#2789,#2790,#2791,#2792,#2793,#2794,#2795,#2796,#2797,#2798,#2799,
#2800,#2801,#2802,#2803,#2804,#2805,#2806,#2807,#2808,#2809,#2810,#2811,#2812,#2813,#2814,#2815,#2816,#2817,#2818,#2819,#2820,#2821,#2822,#2823,#2824,
#2825,#2826,#2827,#2828,#2829,#2830,#2831,#2832,#2833,#2834,#2835,#2836,#2837,#2838,#2839,#2840,#2841,#2842,#2843,#2844,#2845),(#2846,#2847,#2848,#2849,#2850,#2851,#2852,#2853,#2854,#2855,#2856,#2857,#2858,#2859,#2860,#2861,#2862,#2863,#2864,#2865,#2866,#2867,#2868,#2869,#2870,#2871,
#2872,#2873,#2874,#2875,#2876,#2877,#2878,#2879,#2880,#2881,#2882,#2883,#2884,#2885,#2886,#2887,#2888,#2889,#2890,#2891,#2892,#2893,#2894,#2895,#2896,
#2897,#2898,#2899,#2900,#2901,#2902,#2903,#2904,#2905,#2906,#2907,#2908,#2909,#2910,#2911,#2912,#2913,#2914,#2915,#2916,#2917,#2918,#2919,#2920,#2921,
#2922,#2923,#2924,#2925,#2926,#2927,#2928,#2929,#2930,#2931,#2932,#2933,#2934,#2935,#2936,#2937,#2938,#2939,#2940,#2941,#2942),(#2943,#2944,#2945,#2946,#2947,#2948,#2949,#2950,#2951,#2952,#2953,#2954,#2955,#2956,#2957,#2958,#2959,#2960,#2961,#2962,#2963,#2964,#2965,#2966,#2967,#2968,
#2969,#2970,#2971,#2972,#2973,#2974,#2975,#2976,#2977,#2978,#2979,#2980,#2981,#2982,#2983,#2984,#2985,#2986,#2987,#2988,#2989,#2990,#2991,#2992,#2993,
#2994,#2995,#2996,#2997,#2998,#2999,#3000,#3001,#3002,#3003,#3004,#3005,#3006,#3007,#3008,#3009,#3010,#3011,#3012,#3013,#3014,#3015,#3016,#3017,#3018,
#3019,#3020,#3021,#3022,#3023,#3024,#3025,#3026,#3027,#3028,#3029,#3030,#3031,#3032,#3033,#3034,#3035,#3036,#3037,#3038,#3039),(#3040,#3041,#3042,#3043,#3044,#3045,#3046,#3047,#3048,#3049,#3050,#3051,#3052,#3053,#3054,#3055,#3056,#3057,#3058,#3059,#3060,#3061,#3062,#3063,#3064,#3065,
#3066,#3067,#3068,#3069,#3070,#3071,#3072,#3073,#3074,#3075,#3076,#3077,#3078,#3079,#3080,#3081,#3082,#3083,#3084,#3085,#3086,#3087,#3088,#3089,#3090,
#3091,#3092,#3093,#3094,#3095,#3096,#3097,#3098,#3099,#3100,#3101,#3102,#3103,#3104,#3105,#3106,#3107,#3108,#3109,#3110,#3111,#3112,#3113,#3114,#3115,
#3116,#3117,#3118,#3119,#3120,#3121,#3122,#3123,#3124,#3125,#3126,#3127,#3128,#3129,#3130,#3131,#3132,#3133,#3134,#3135,#3136),(#3137,#3138,#3139,#3140,#3141,#3142,#3143,#3144,#3145,#3146,#3147,#3148,#3149,#3150,#3151,#3152,#3153,#3154,#3155,#3156,#3157,#3158,#3159,#3160,#3161,#3162,
#3163,#3164,#3165,#3166,#3167,#3168,#3169,#3170,#3171,#3172,#3173,#3174,#3175,#3176,#3177,#3178,#3179,#3180,#3181,#3182,#3183,#3184,#3185,#3186,#3187,
#3188,#3189,#3190,#3191,#3192,#3193,#3194,#3195,#3196,#3197,#3198,#3199,#3200,#3201,#3202,#3203,#3204,#3205,#3206,#3207,#3208,#3209,#3210,#3211,#3212,
#3213,#3214,#3215,#3216,#3217,#3218,#3219,#3220,#3221,#3222,#3223,#3224,#3225,#3226,#3227,#3228,#3229,#3230,#3231,#3232,#3233)),.UNSPECIFIED.,.F.,.T.,.U.,(2,1,1,1,2),(4,3,3,3,3,3,3,3,3,3,3,3,3,3,3,3,3,3,3,3,3,3,3,3,3,3,
3,3,3,3,3,3,4),(0.704525409,1.,1.636728798,1.721474561,1.890966086),(0.,0.03125,0.0625,0.09375,0.125,0.15625,0.1875,0.21875,0.25,0.28125,0.3125,0.34375,0.375,0.40625,0.4375,0.46875,0.5,0.53125,0.5625,0.59375,0.625,0.65625,0.6875,0.71875,0.75,0.78125,
0.8125,0.84375,0.875,0.90625,0.9375,0.96875,1.),.UNSPECIFIED.);
#3235=CARTESIAN_POINT('',(506.839848603,309.005579608,-59.79));
#3236=CARTESIAN_POINT('',(505.839848603,309.005579608,-59.79));
#3237=CARTESIAN_POINT('',(505.339848603,309.005579608,-59.79));
#3238=CARTESIAN_POINT('',(501.583148693,309.005579608,-59.79));
#3239=CARTESIAN_POINT('',(499.839848603,309.005579608,-59.79));
#3240=B_SPLINE_CURVE_WITH_KNOTS('',1,(#3235,#3236,#3237,#3238,#3239),.UNSPECIFIED.,.F.,.F.,(2,1,1,1,2),(0.,0.169491525,0.254237288,0.890966086,1.186440678),.UNSPECIFIED.);
#3241=EDGE_CURVE('',#2401,#1641,#3240,.T.);
#3242=ORIENTED_EDGE('',*,*,#3241,.F.);
#3243=ORIENTED_EDGE('',*,*,#2572,.F.);
#3244=ORIENTED_EDGE('',*,*,#2744,.F.);
#3245=ORIENTED_EDGE('',*,*,#3241,.T.);
#3246=ORIENTED_EDGE('',*,*,#1802,.T.);
#3247=ORIENTED_EDGE('',*,*,#1962,.T.);
#3248=EDGE_LOOP('',(#3242,#3243,#3244,#3245,#3246,#3247));
#3249=FACE_BOUND('',#3248,.T.);
#3250=ADVANCED_FACE('',(#3249),#3234,.F.);
#3251=CARTESIAN_POINT('',(176.436397116,70.73651819,-168.159190865));
#3252=DIRECTION('',(0.,0.388648316,-0.921386177));
#3253=DIRECTION('',(-0.,0.921386177,0.388648316));
#3254=AXIS2_PLACEMENT_3D('',#3251,#3252,#3253);
#3255=PLANE('',#3254);
#3256=ORIENTED_EDGE('',*,*,#1166,.F.);
#3257=CARTESIAN_POINT('',(499.839848603,322.117913623,-62.124437556));
#3258=DIRECTION('',(1.,0.,0.));
#3259=VECTOR('',#3258,10.);
#3260=LINE('',#3257,#3259);
#3261=EDGE_CURVE('',#1152,#647,#3260,.T.);
#3262=ORIENTED_EDGE('',*,*,#3261,.T.);
#3263=ORIENTED_EDGE('',*,*,#652,.T.);
#3264=ORIENTED_EDGE('',*,*,#2343,.F.);
#3265=EDGE_LOOP('',(#3256,#3262,#3263,#3264));
#3266=FACE_BOUND('',#3265,.T.);
#3267=ADVANCED_FACE('',(#3266),#3255,.T.);
#3268=CARTESIAN_POINT('',(537.839848603,309.005579608,-48.7));
#3269=DIRECTION('',(-1.,0.,-0.));
#3270=DIRECTION('',(0.,0.,-1.));
#3271=AXIS2_PLACEMENT_3D('',#3268,#3269,#3270);
#3272=CYLINDRICAL_SURFACE('',#3271,5.5);
#3273=CARTESIAN_POINT('',(506.839848603,309.005579608,-54.2));
#3274=DIRECTION('',(1.,-0.,0.));
#3275=VECTOR('',#3274,3.);
#3276=LINE('',#3273,#3275);
#3277=EDGE_CURVE('',#2388,#901,#3276,.T.);
#3278=ORIENTED_EDGE('',*,*,#3277,.F.);
#3279=ORIENTED_EDGE('',*,*,#2394,.F.);
#3280=ORIENTED_EDGE('',*,*,#3277,.T.);
#3281=ORIENTED_EDGE('',*,*,#907,.F.);
#3282=ORIENTED_EDGE('',*,*,#914,.F.);
#3283=EDGE_LOOP('',(#3278,#3279,#3280,#3281,#3282));
#3284=FACE_BOUND('',#3283,.T.);
#3285=ADVANCED_FACE('',(#3284),#3272,.F.);
#3286=CARTESIAN_POINT('',(508.625548513,207.346992443,-35.037421357));
#3287=DIRECTION('',(0.,-1.,0.));
#3288=DIRECTION('',(-1.,-0.,-0.));
#3289=AXIS2_PLACEMENT_3D('',#3286,#3287,#3288);
#3290=PLANE('',#3289);
#3291=ORIENTED_EDGE('',*,*,#220,.T.);
#3292=ORIENTED_EDGE('',*,*,#140,.T.);
#3293=ORIENTED_EDGE('',*,*,#1130,.T.);
#3294=CARTESIAN_POINT('',(489.839848603,207.346992443,-35.337421357));
#3295=DIRECTION('',(1.,0.,0.));
#3296=VECTOR('',#3295,20.);
#3297=LINE('',#3294,#3296);
#3298=EDGE_CURVE('',#1119,#215,#3297,.T.);
#3299=ORIENTED_EDGE('',*,*,#3298,.T.);
#3300=EDGE_LOOP('',(#3291,#3292,#3293,#3299));
#3301=FACE_BOUND('',#3300,.T.);
#3302=ADVANCED_FACE('',(#3301),#3290,.T.);
#3303=CARTESIAN_POINT('',(508.839848603,214.105579608,-35.337421357));
#3304=DIRECTION('',(0.,0.,-1.));
#3305=DIRECTION('',(0.,-1.,0.));
#3306=AXIS2_PLACEMENT_3D('',#3303,#3304,#3305);
#3307=PLANE('',#3306);
#3308=ORIENTED_EDGE('',*,*,#3298,.F.);
#3309=ORIENTED_EDGE('',*,*,#1124,.F.);
#3310=CARTESIAN_POINT('',(489.839848603,214.105579608,-35.337421357));
#3311=DIRECTION('',(1.,-0.,0.));
#3312=VECTOR('',#3311,20.);
#3313=LINE('',#3310,#3312);
#3314=EDGE_CURVE('',#1111,#223,#3313,.T.);
#3315=ORIENTED_EDGE('',*,*,#3314,.T.);
#3316=ORIENTED_EDGE('',*,*,#228,.F.);
#3317=EDGE_LOOP('',(#3308,#3309,#3315,#3316));
#3318=FACE_BOUND('',#3317,.T.);
#3319=ADVANCED_FACE('',(#3318),#3307,.T.);
#3320=CARTESIAN_POINT('',(508.839848603,214.105579608,-35.437421356));
#3321=DIRECTION('',(0.,1.,0.));
#3322=DIRECTION('',(0.,0.,-1.));
#3323=AXIS2_PLACEMENT_3D('',#3320,#3321,#3322);
#3324=PLANE('',#3323);
#3325=ORIENTED_EDGE('',*,*,#3314,.F.);
#3326=ORIENTED_EDGE('',*,*,#1116,.T.);
#3327=CARTESIAN_POINT('',(489.839848603,214.105579608,-37.5));
#3328=DIRECTION('',(1.,0.,0.));
#3329=VECTOR('',#3328,20.);
#3330=LINE('',#3327,#3329);
#3331=EDGE_CURVE('',#1103,#231,#3330,.T.);
#3332=ORIENTED_EDGE('',*,*,#3331,.T.);
#3333=ORIENTED_EDGE('',*,*,#236,.F.);
#3334=EDGE_LOOP('',(#3325,#3326,#3332,#3333));
#3335=FACE_BOUND('',#3334,.T.);
#3336=ADVANCED_FACE('',(#3335),#3324,.F.);
#3337=CARTESIAN_POINT('',(508.839848603,214.105579608,-37.5));
#3338=DIRECTION('',(0.,0.,-1.));
#3339=DIRECTION('',(0.,-1.,0.));
#3340=AXIS2_PLACEMENT_3D('',#3337,#3338,#3339);
#3341=PLANE('',#3340);
#3342=ORIENTED_EDGE('',*,*,#3331,.F.);
#3343=ORIENTED_EDGE('',*,*,#1108,.T.);
#3344=CARTESIAN_POINT('',(489.839848603,212.778452247,-37.5));
#3345=DIRECTION('',(1.,-0.,0.));
#3346=VECTOR('',#3345,20.);
#3347=LINE('',#3344,#3346);
#3348=EDGE_CURVE('',#1095,#239,#3347,.T.);
#3349=ORIENTED_EDGE('',*,*,#3348,.T.);
#3350=ORIENTED_EDGE('',*,*,#244,.F.);
#3351=EDGE_LOOP('',(#3342,#3343,#3349,#3350));
#3352=FACE_BOUND('',#3351,.T.);
#3353=ADVANCED_FACE('',(#3352),#3341,.F.);
#3354=CARTESIAN_POINT('',(508.839848603,212.778452247,-37.5));
#3355=DIRECTION('',(0.,0.707106781,-0.707106781));
#3356=DIRECTION('',(0.,-0.707106781,-0.707106781));
#3357=AXIS2_PLACEMENT_3D('',#3354,#3355,#3356);
#3358=PLANE('',#3357);
#3359=ORIENTED_EDGE('',*,*,#3348,.F.);
#3360=ORIENTED_EDGE('',*,*,#1100,.T.);
#3361=CARTESIAN_POINT('',(489.839848603,212.378452247,-37.9));
#3362=DIRECTION('',(1.,-0.,0.));
#3363=VECTOR('',#3362,20.);
#3364=LINE('',#3361,#3363);
#3365=EDGE_CURVE('',#1087,#247,#3364,.T.);
#3366=ORIENTED_EDGE('',*,*,#3365,.T.);
#3367=ORIENTED_EDGE('',*,*,#252,.F.);
#3368=EDGE_LOOP('',(#3359,#3360,#3366,#3367));
#3369=FACE_BOUND('',#3368,.T.);
#3370=ADVANCED_FACE('',(#3369),#3358,.F.);
#3371=CARTESIAN_POINT('',(508.839848603,212.378452247,-37.9));
#3372=DIRECTION('',(0.,1.,0.));
#3373=DIRECTION('',(0.,0.,-1.));
#3374=AXIS2_PLACEMENT_3D('',#3371,#3372,#3373);
#3375=PLANE('',#3374);
#3376=ORIENTED_EDGE('',*,*,#3365,.F.);
#3377=ORIENTED_EDGE('',*,*,#1092,.T.);
#3378=CARTESIAN_POINT('',(489.839848603,212.378452247,-39.6));
#3379=DIRECTION('',(1.,0.,0.));
#3380=VECTOR('',#3379,20.);
#3381=LINE('',#3378,#3380);
#3382=EDGE_CURVE('',#1079,#255,#3381,.T.);
#3383=ORIENTED_EDGE('',*,*,#3382,.T.);
#3384=ORIENTED_EDGE('',*,*,#260,.F.);
#3385=EDGE_LOOP('',(#3376,#3377,#3383,#3384));
#3386=FACE_BOUND('',#3385,.T.);
#3387=ADVANCED_FACE('',(#3386),#3375,.F.);
#3388=CARTESIAN_POINT('',(508.839848603,214.055579608,-41.25));
#3389=DIRECTION('',(0.,-0.701318154,-0.712848403));
#3390=DIRECTION('',(-0.,-0.712848403,0.701318154));
#3391=AXIS2_PLACEMENT_3D('',#3388,#3389,#3390);
#3392=PLANE('',#3391);
#3393=ORIENTED_EDGE('',*,*,#3382,.F.);
#3394=ORIENTED_EDGE('',*,*,#1084,.F.);
#3395=CARTESIAN_POINT('',(489.839848603,214.055579608,-41.25));
#3396=DIRECTION('',(1.,0.,0.));
#3397=VECTOR('',#3396,20.);
#3398=LINE('',#3395,#3397);
#3399=EDGE_CURVE('',#1071,#263,#3398,.T.);
#3400=ORIENTED_EDGE('',*,*,#3399,.T.);
#3401=ORIENTED_EDGE('',*,*,#268,.F.);
#3402=EDGE_LOOP('',(#3393,#3394,#3400,#3401));
#3403=FACE_BOUND('',#3402,.T.);
#3404=ADVANCED_FACE('',(#3403),#3392,.T.);
#3405=CARTESIAN_POINT('',(508.839848603,214.055579608,-41.25));
#3406=DIRECTION('',(-0.,0.,1.));
#3407=DIRECTION('',(0.,1.,0.));
#3408=AXIS2_PLACEMENT_3D('',#3405,#3406,#3407);
#3409=PLANE('',#3408);
#3410=ORIENTED_EDGE('',*,*,#3399,.F.);
#3411=ORIENTED_EDGE('',*,*,#1076,.T.);
#3412=CARTESIAN_POINT('',(489.839848603,219.855579608,-41.25));
#3413=DIRECTION('',(1.,0.,0.));
#3414=VECTOR('',#3413,20.);
#3415=LINE('',#3412,#3414);
#3416=EDGE_CURVE('',#1063,#271,#3415,.T.);
#3417=ORIENTED_EDGE('',*,*,#3416,.T.);
#3418=ORIENTED_EDGE('',*,*,#276,.F.);
#3419=EDGE_LOOP('',(#3410,#3411,#3417,#3418));
#3420=FACE_BOUND('',#3419,.T.);
#3421=ADVANCED_FACE('',(#3420),#3409,.F.);
#3422=CARTESIAN_POINT('',(508.839848603,221.53270697,-39.6));
#3423=DIRECTION('',(0.,0.701318154,-0.712848403));
#3424=DIRECTION('',(0.,-0.712848403,-0.701318154));
#3425=AXIS2_PLACEMENT_3D('',#3422,#3423,#3424);
#3426=PLANE('',#3425);
#3427=ORIENTED_EDGE('',*,*,#3416,.F.);
#3428=ORIENTED_EDGE('',*,*,#1068,.F.);
#3429=CARTESIAN_POINT('',(489.839848603,221.53270697,-39.6));
#3430=DIRECTION('',(1.,0.,0.));
#3431=VECTOR('',#3430,20.);
#3432=LINE('',#3429,#3431);
#3433=EDGE_CURVE('',#1055,#279,#3432,.T.);
#3434=ORIENTED_EDGE('',*,*,#3433,.T.);
#3435=ORIENTED_EDGE('',*,*,#284,.F.);
#3436=EDGE_LOOP('',(#3427,#3428,#3434,#3435));
#3437=FACE_BOUND('',#3436,.T.);
#3438=ADVANCED_FACE('',(#3437),#3426,.T.);
#3439=CARTESIAN_POINT('',(508.839848603,221.53270697,-39.6));
#3440=DIRECTION('',(0.,-1.,0.));
#3441=DIRECTION('',(-0.,0.,1.));
#3442=AXIS2_PLACEMENT_3D('',#3439,#3440,#3441);
#3443=PLANE('',#3442);
#3444=ORIENTED_EDGE('',*,*,#3433,.F.);
#3445=ORIENTED_EDGE('',*,*,#1060,.T.);
#3446=CARTESIAN_POINT('',(489.839848603,221.53270697,-37.9));
#3447=DIRECTION('',(1.,-0.,0.));
#3448=VECTOR('',#3447,20.);
#3449=LINE('',#3446,#3448);
#3450=EDGE_CURVE('',#1047,#287,#3449,.T.);
#3451=ORIENTED_EDGE('',*,*,#3450,.T.);
#3452=ORIENTED_EDGE('',*,*,#292,.F.);
#3453=EDGE_LOOP('',(#3444,#3445,#3451,#3452));
#3454=FACE_BOUND('',#3453,.T.);
#3455=ADVANCED_FACE('',(#3454),#3443,.F.);
#3456=CARTESIAN_POINT('',(508.839848603,221.53270697,-37.9));
#3457=DIRECTION('',(0.,-0.707106781,-0.707106781));
#3458=DIRECTION('',(-0.,-0.707106781,0.707106781));
#3459=AXIS2_PLACEMENT_3D('',#3456,#3457,#3458);
#3460=PLANE('',#3459);
#3461=ORIENTED_EDGE('',*,*,#3450,.F.);
#3462=ORIENTED_EDGE('',*,*,#1052,.T.);
#3463=CARTESIAN_POINT('',(489.839848603,221.13270697,-37.5));
#3464=DIRECTION('',(1.,-0.,0.));
#3465=VECTOR('',#3464,20.);
#3466=LINE('',#3463,#3465);
#3467=EDGE_CURVE('',#1039,#295,#3466,.T.);
#3468=ORIENTED_EDGE('',*,*,#3467,.T.);
#3469=ORIENTED_EDGE('',*,*,#300,.F.);
#3470=EDGE_LOOP('',(#3461,#3462,#3468,#3469));
#3471=FACE_BOUND('',#3470,.T.);
#3472=ADVANCED_FACE('',(#3471),#3460,.F.);
#3473=CARTESIAN_POINT('',(508.839848603,221.13270697,-37.5));
#3474=DIRECTION('',(0.,0.,-1.));
#3475=DIRECTION('',(0.,-1.,0.));
#3476=AXIS2_PLACEMENT_3D('',#3473,#3474,#3475);
#3477=PLANE('',#3476);
#3478=ORIENTED_EDGE('',*,*,#3467,.F.);
#3479=ORIENTED_EDGE('',*,*,#1044,.T.);
#3480=CARTESIAN_POINT('',(489.839848603,219.878405278,-37.5));
#3481=DIRECTION('',(1.,0.,0.));
#3482=VECTOR('',#3481,20.);
#3483=LINE('',#3480,#3482);
#3484=EDGE_CURVE('',#1031,#303,#3483,.T.);
#3485=ORIENTED_EDGE('',*,*,#3484,.T.);
#3486=ORIENTED_EDGE('',*,*,#308,.F.);
#3487=EDGE_LOOP('',(#3478,#3479,#3485,#3486));
#3488=FACE_BOUND('',#3487,.T.);
#3489=ADVANCED_FACE('',(#3488),#3477,.F.);
#3490=CARTESIAN_POINT('',(508.839848603,219.878405278,-37.5));
#3491=DIRECTION('',(0.,-1.,0.));
#3492=DIRECTION('',(-0.,0.,1.));
#3493=AXIS2_PLACEMENT_3D('',#3490,#3491,#3492);
#3494=PLANE('',#3493);
#3495=ORIENTED_EDGE('',*,*,#3484,.F.);
#3496=ORIENTED_EDGE('',*,*,#1036,.T.);
#3497=CARTESIAN_POINT('',(489.839848603,219.878405278,-35.337421357));
#3498=DIRECTION('',(1.,-0.,0.));
#3499=VECTOR('',#3498,20.);
#3500=LINE('',#3497,#3499);
#3501=EDGE_CURVE('',#1023,#311,#3500,.T.);
#3502=ORIENTED_EDGE('',*,*,#3501,.T.);
#3503=ORIENTED_EDGE('',*,*,#316,.F.);
#3504=EDGE_LOOP('',(#3495,#3496,#3502,#3503));
#3505=FACE_BOUND('',#3504,.T.);
#3506=ADVANCED_FACE('',(#3505),#3494,.F.);
#3507=CARTESIAN_POINT('',(498.839848603,227.146992443,-76.137421357));
#3508=DIRECTION('',(0.,1.,0.));
#3509=DIRECTION('',(0.,0.,-1.));
#3510=AXIS2_PLACEMENT_3D('',#3507,#3508,#3509);
#3511=PLANE('',#3510);
#3512=CARTESIAN_POINT('',(509.839848603,227.146992443,-42.651008522));
#3513=DIRECTION('',(-1.,0.,0.));
#3514=VECTOR('',#3513,10.);
#3515=LINE('',#3512,#3514);
#3516=EDGE_CURVE('',#327,#1393,#3515,.T.);
#3517=ORIENTED_EDGE('',*,*,#3516,.F.);
#3518=ORIENTED_EDGE('',*,*,#332,.T.);
#3519=CARTESIAN_POINT('',(499.839848603,227.146992443,-35.337421357));
#3520=DIRECTION('',(1.,-0.,0.));
#3521=VECTOR('',#3520,10.);
#3522=LINE('',#3519,#3521);
#3523=EDGE_CURVE('',#1401,#319,#3522,.T.);
#3524=ORIENTED_EDGE('',*,*,#3523,.F.);
#3525=ORIENTED_EDGE('',*,*,#1406,.F.);
#3526=EDGE_LOOP('',(#3517,#3518,#3524,#3525));
#3527=FACE_BOUND('',#3526,.T.);
#3528=ADVANCED_FACE('',(#3527),#3511,.F.);
#3529=CARTESIAN_POINT('',(508.839848603,227.046992443,-42.651008522));
#3530=DIRECTION('',(0.,0.,-1.));
#3531=DIRECTION('',(0.,-1.,-0.));
#3532=AXIS2_PLACEMENT_3D('',#3529,#3530,#3531);
#3533=PLANE('',#3532);
#3534=ORIENTED_EDGE('',*,*,#340,.F.);
#3535=ORIENTED_EDGE('',*,*,#3516,.T.);
#3536=ORIENTED_EDGE('',*,*,#1398,.T.);
#3537=CARTESIAN_POINT('',(499.839848603,224.9844138,-42.651008522));
#3538=DIRECTION('',(1.,0.,0.));
#3539=VECTOR('',#3538,10.);
#3540=LINE('',#3537,#3539);
#3541=EDGE_CURVE('',#1385,#335,#3540,.T.);
#3542=ORIENTED_EDGE('',*,*,#3541,.T.);
#3543=EDGE_LOOP('',(#3534,#3535,#3536,#3542));
#3544=FACE_BOUND('',#3543,.T.);
#3545=ADVANCED_FACE('',(#3544),#3533,.F.);
#3546=CARTESIAN_POINT('',(508.839848603,224.9844138,-42.651008522));
#3547=DIRECTION('',(0.,-1.,-0.));
#3548=DIRECTION('',(0.,-0.,1.));
#3549=AXIS2_PLACEMENT_3D('',#3546,#3547,#3548);
#3550=PLANE('',#3549);
#3551=ORIENTED_EDGE('',*,*,#3541,.F.);
#3552=ORIENTED_EDGE('',*,*,#1390,.T.);
#3553=CARTESIAN_POINT('',(499.839848603,224.9844138,-41.323881161));
#3554=DIRECTION('',(1.,0.,0.));
#3555=VECTOR('',#3554,10.);
#3556=LINE('',#3553,#3555);
#3557=EDGE_CURVE('',#1377,#343,#3556,.T.);
#3558=ORIENTED_EDGE('',*,*,#3557,.T.);
#3559=ORIENTED_EDGE('',*,*,#348,.F.);
#3560=EDGE_LOOP('',(#3551,#3552,#3558,#3559));
#3561=FACE_BOUND('',#3560,.T.);
#3562=ADVANCED_FACE('',(#3561),#3550,.F.);
#3563=CARTESIAN_POINT('',(508.839848603,224.9844138,-41.323881161));
#3564=DIRECTION('',(0.,-0.707106781,-0.707106781));
#3565=DIRECTION('',(0.,-0.707106781,0.707106781));
#3566=AXIS2_PLACEMENT_3D('',#3563,#3564,#3565);
#3567=PLANE('',#3566);
#3568=ORIENTED_EDGE('',*,*,#3557,.F.);
#3569=ORIENTED_EDGE('',*,*,#1382,.T.);
#3570=CARTESIAN_POINT('',(499.839848603,224.5844138,-40.923881161));
#3571=DIRECTION('',(1.,0.,0.));
#3572=VECTOR('',#3571,10.);
#3573=LINE('',#3570,#3572);
#3574=EDGE_CURVE('',#1369,#351,#3573,.T.);
#3575=ORIENTED_EDGE('',*,*,#3574,.T.);
#3576=ORIENTED_EDGE('',*,*,#356,.F.);
#3577=EDGE_LOOP('',(#3568,#3569,#3575,#3576));
#3578=FACE_BOUND('',#3577,.T.);
#3579=ADVANCED_FACE('',(#3578),#3567,.F.);
#3580=CARTESIAN_POINT('',(508.839848603,224.5844138,-40.923881161));
#3581=DIRECTION('',(0.,0.,-1.));
#3582=DIRECTION('',(0.,-1.,-0.));
#3583=AXIS2_PLACEMENT_3D('',#3580,#3581,#3582);
#3584=PLANE('',#3583);
#3585=ORIENTED_EDGE('',*,*,#3574,.F.);
#3586=ORIENTED_EDGE('',*,*,#1374,.T.);
#3587=CARTESIAN_POINT('',(499.839848603,222.8844138,-40.923881161));
#3588=DIRECTION('',(1.,0.,0.));
#3589=VECTOR('',#3588,10.);
#3590=LINE('',#3587,#3589);
#3591=EDGE_CURVE('',#1361,#359,#3590,.T.);
#3592=ORIENTED_EDGE('',*,*,#3591,.T.);
#3593=ORIENTED_EDGE('',*,*,#364,.F.);
#3594=EDGE_LOOP('',(#3585,#3586,#3592,#3593));
#3595=FACE_BOUND('',#3594,.T.);
#3596=ADVANCED_FACE('',(#3595),#3584,.F.);
#3597=CARTESIAN_POINT('',(508.839848603,221.2344138,-42.601008522));
#3598=DIRECTION('',(0.,-0.712848403,0.701318154));
#3599=DIRECTION('',(-0.,0.701318154,0.712848403));
#3600=AXIS2_PLACEMENT_3D('',#3597,#3598,#3599);
#3601=PLANE('',#3600);
#3602=ORIENTED_EDGE('',*,*,#3591,.F.);
#3603=ORIENTED_EDGE('',*,*,#1366,.F.);
#3604=CARTESIAN_POINT('',(499.839848603,221.2344138,-42.601008522));
#3605=DIRECTION('',(1.,0.,0.));
#3606=VECTOR('',#3605,10.);
#3607=LINE('',#3604,#3606);
#3608=EDGE_CURVE('',#1353,#367,#3607,.T.);
#3609=ORIENTED_EDGE('',*,*,#3608,.T.);
#3610=ORIENTED_EDGE('',*,*,#372,.F.);
#3611=EDGE_LOOP('',(#3602,#3603,#3609,#3610));
#3612=FACE_BOUND('',#3611,.T.);
#3613=ADVANCED_FACE('',(#3612),#3601,.T.);
#3614=CARTESIAN_POINT('',(508.839848603,221.2344138,-42.601008522));
#3615=DIRECTION('',(-0.,1.,0.));
#3616=DIRECTION('',(0.,0.,-1.));
#3617=AXIS2_PLACEMENT_3D('',#3614,#3615,#3616);
#3618=PLANE('',#3617);
#3619=ORIENTED_EDGE('',*,*,#3608,.F.);
#3620=ORIENTED_EDGE('',*,*,#1358,.T.);
#3621=CARTESIAN_POINT('',(499.839848603,221.2344138,-48.401008522));
#3622=DIRECTION('',(1.,0.,0.));
#3623=VECTOR('',#3622,10.);
#3624=LINE('',#3621,#3623);
#3625=EDGE_CURVE('',#1345,#375,#3624,.T.);
#3626=ORIENTED_EDGE('',*,*,#3625,.T.);
#3627=ORIENTED_EDGE('',*,*,#380,.F.);
#3628=EDGE_LOOP('',(#3619,#3620,#3626,#3627));
#3629=FACE_BOUND('',#3628,.T.);
#3630=ADVANCED_FACE('',(#3629),#3618,.F.);
#3631=CARTESIAN_POINT('',(508.839848603,222.8844138,-50.078135883));
#3632=DIRECTION('',(0.,-0.712848403,-0.701318154));
#3633=DIRECTION('',(0.,-0.701318154,0.712848403));
#3634=AXIS2_PLACEMENT_3D('',#3631,#3632,#3633);
#3635=PLANE('',#3634);
#3636=ORIENTED_EDGE('',*,*,#3625,.F.);
#3637=ORIENTED_EDGE('',*,*,#1350,.F.);
#3638=CARTESIAN_POINT('',(499.839848603,222.8844138,-50.078135883));
#3639=DIRECTION('',(1.,0.,0.));
#3640=VECTOR('',#3639,10.);
#3641=LINE('',#3638,#3640);
#3642=EDGE_CURVE('',#1337,#383,#3641,.T.);
#3643=ORIENTED_EDGE('',*,*,#3642,.T.);
#3644=ORIENTED_EDGE('',*,*,#388,.F.);
#3645=EDGE_LOOP('',(#3636,#3637,#3643,#3644));
#3646=FACE_BOUND('',#3645,.T.);
#3647=ADVANCED_FACE('',(#3646),#3635,.T.);
#3648=CARTESIAN_POINT('',(508.839848603,222.8844138,-50.078135883));
#3649=DIRECTION('',(0.,-0.,1.));
#3650=DIRECTION('',(-0.,1.,0.));
#3651=AXIS2_PLACEMENT_3D('',#3648,#3649,#3650);
#3652=PLANE('',#3651);
#3653=ORIENTED_EDGE('',*,*,#3642,.F.);
#3654=ORIENTED_EDGE('',*,*,#1342,.T.);
#3655=CARTESIAN_POINT('',(499.839848603,224.5844138,-50.078135883));
#3656=DIRECTION('',(1.,0.,0.));
#3657=VECTOR('',#3656,10.);
#3658=LINE('',#3655,#3657);
#3659=EDGE_CURVE('',#1329,#391,#3658,.T.);
#3660=ORIENTED_EDGE('',*,*,#3659,.T.);
#3661=ORIENTED_EDGE('',*,*,#396,.F.);
#3662=EDGE_LOOP('',(#3653,#3654,#3660,#3661));
#3663=FACE_BOUND('',#3662,.T.);
#3664=ADVANCED_FACE('',(#3663),#3652,.F.);
#3665=CARTESIAN_POINT('',(508.839848603,224.5844138,-50.078135883));
#3666=DIRECTION('',(0.,-0.707106781,0.707106781));
#3667=DIRECTION('',(-0.,0.707106781,0.707106781));
#3668=AXIS2_PLACEMENT_3D('',#3665,#3666,#3667);
#3669=PLANE('',#3668);
#3670=ORIENTED_EDGE('',*,*,#3659,.F.);
#3671=ORIENTED_EDGE('',*,*,#1334,.T.);
#3672=CARTESIAN_POINT('',(499.839848603,224.9844138,-49.678135883));
#3673=DIRECTION('',(1.,0.,0.));
#3674=VECTOR('',#3673,10.);
#3675=LINE('',#3672,#3674);
#3676=EDGE_CURVE('',#1321,#399,#3675,.T.);
#3677=ORIENTED_EDGE('',*,*,#3676,.T.);
#3678=ORIENTED_EDGE('',*,*,#404,.F.);
#3679=EDGE_LOOP('',(#3670,#3671,#3677,#3678));
#3680=FACE_BOUND('',#3679,.T.);
#3681=ADVANCED_FACE('',(#3680),#3669,.F.);
#3682=CARTESIAN_POINT('',(508.839848603,224.9844138,-49.678135883));
#3683=DIRECTION('',(0.,-1.,-0.));
#3684=DIRECTION('',(0.,-0.,1.));
#3685=AXIS2_PLACEMENT_3D('',#3682,#3683,#3684);
#3686=PLANE('',#3685);
#3687=ORIENTED_EDGE('',*,*,#3676,.F.);
#3688=ORIENTED_EDGE('',*,*,#1326,.T.);
#3689=CARTESIAN_POINT('',(499.839848603,224.9844138,-48.423834191));
#3690=DIRECTION('',(1.,0.,0.));
#3691=VECTOR('',#3690,10.);
#3692=LINE('',#3689,#3691);
#3693=EDGE_CURVE('',#1313,#407,#3692,.T.);
#3694=ORIENTED_EDGE('',*,*,#3693,.T.);
#3695=ORIENTED_EDGE('',*,*,#412,.F.);
#3696=EDGE_LOOP('',(#3687,#3688,#3694,#3695));
#3697=FACE_BOUND('',#3696,.T.);
#3698=ADVANCED_FACE('',(#3697),#3686,.F.);
#3699=CARTESIAN_POINT('',(508.839848603,224.9844138,-48.423834191));
#3700=DIRECTION('',(0.,-0.,1.));
#3701=DIRECTION('',(-0.,1.,0.));
#3702=AXIS2_PLACEMENT_3D('',#3699,#3700,#3701);
#3703=PLANE('',#3702);
#3704=ORIENTED_EDGE('',*,*,#1318,.T.);
#3705=CARTESIAN_POINT('',(499.839848603,227.146992443,-48.423834191));
#3706=DIRECTION('',(1.,0.,-0.));
#3707=VECTOR('',#3706,10.);
#3708=LINE('',#3705,#3707);
#3709=EDGE_CURVE('',#1305,#415,#3708,.T.);
#3710=ORIENTED_EDGE('',*,*,#3709,.T.);
#3711=ORIENTED_EDGE('',*,*,#420,.F.);
#3712=ORIENTED_EDGE('',*,*,#3693,.F.);
#3713=EDGE_LOOP('',(#3704,#3710,#3711,#3712));
#3714=FACE_BOUND('',#3713,.T.);
#3715=ADVANCED_FACE('',(#3714),#3703,.F.);
#3716=CARTESIAN_POINT('',(498.839848603,227.146992443,-76.137421357));
#3717=DIRECTION('',(0.,1.,0.));
#3718=DIRECTION('',(0.,0.,-1.));
#3719=AXIS2_PLACEMENT_3D('',#3716,#3717,#3718);
#3720=PLANE('',#3719);
#3721=ORIENTED_EDGE('',*,*,#3709,.F.);
#3722=ORIENTED_EDGE('',*,*,#1310,.F.);
#3723=CARTESIAN_POINT('',(509.839848603,227.146992443,-62.651008522));
#3724=DIRECTION('',(-1.,0.,0.));
#3725=VECTOR('',#3724,10.);
#3726=LINE('',#3723,#3725);
#3727=EDGE_CURVE('',#423,#1297,#3726,.T.);
#3728=ORIENTED_EDGE('',*,*,#3727,.F.);
#3729=ORIENTED_EDGE('',*,*,#428,.T.);
#3730=EDGE_LOOP('',(#3721,#3722,#3728,#3729));
#3731=FACE_BOUND('',#3730,.T.);
#3732=ADVANCED_FACE('',(#3731),#3720,.F.);
#3733=CARTESIAN_POINT('',(508.839848603,227.046992443,-62.651008522));
#3734=DIRECTION('',(0.,0.,-1.));
#3735=DIRECTION('',(0.,-1.,-0.));
#3736=AXIS2_PLACEMENT_3D('',#3733,#3734,#3735);
#3737=PLANE('',#3736);
#3738=ORIENTED_EDGE('',*,*,#436,.F.);
#3739=ORIENTED_EDGE('',*,*,#3727,.T.);
#3740=ORIENTED_EDGE('',*,*,#1302,.T.);
#3741=CARTESIAN_POINT('',(499.839848603,224.9844138,-62.651008522));
#3742=DIRECTION('',(1.,0.,0.));
#3743=VECTOR('',#3742,10.);
#3744=LINE('',#3741,#3743);
#3745=EDGE_CURVE('',#1289,#431,#3744,.T.);
#3746=ORIENTED_EDGE('',*,*,#3745,.T.);
#3747=EDGE_LOOP('',(#3738,#3739,#3740,#3746));
#3748=FACE_BOUND('',#3747,.T.);
#3749=ADVANCED_FACE('',(#3748),#3737,.F.);
#3750=CARTESIAN_POINT('',(508.839848603,224.9844138,-62.651008522));
#3751=DIRECTION('',(0.,-1.,-0.));
#3752=DIRECTION('',(0.,-0.,1.));
#3753=AXIS2_PLACEMENT_3D('',#3750,#3751,#3752);
#3754=PLANE('',#3753);
#3755=ORIENTED_EDGE('',*,*,#3745,.F.);
#3756=ORIENTED_EDGE('',*,*,#1294,.T.);
#3757=CARTESIAN_POINT('',(499.839848603,224.9844138,-61.323881161));
#3758=DIRECTION('',(1.,0.,0.));
#3759=VECTOR('',#3758,10.);
#3760=LINE('',#3757,#3759);
#3761=EDGE_CURVE('',#1281,#439,#3760,.T.);
#3762=ORIENTED_EDGE('',*,*,#3761,.T.);
#3763=ORIENTED_EDGE('',*,*,#444,.F.);
#3764=EDGE_LOOP('',(#3755,#3756,#3762,#3763));
#3765=FACE_BOUND('',#3764,.T.);
#3766=ADVANCED_FACE('',(#3765),#3754,.F.);
#3767=CARTESIAN_POINT('',(508.839848603,224.9844138,-61.323881161));
#3768=DIRECTION('',(0.,-0.707106781,-0.707106781));
#3769=DIRECTION('',(0.,-0.707106781,0.707106781));
#3770=AXIS2_PLACEMENT_3D('',#3767,#3768,#3769);
#3771=PLANE('',#3770);
#3772=ORIENTED_EDGE('',*,*,#3761,.F.);
#3773=ORIENTED_EDGE('',*,*,#1286,.T.);
#3774=CARTESIAN_POINT('',(499.839848603,224.5844138,-60.923881161));
#3775=DIRECTION('',(1.,0.,0.));
#3776=VECTOR('',#3775,10.);
#3777=LINE('',#3774,#3776);
#3778=EDGE_CURVE('',#1273,#447,#3777,.T.);
#3779=ORIENTED_EDGE('',*,*,#3778,.T.);
#3780=ORIENTED_EDGE('',*,*,#452,.F.);
#3781=EDGE_LOOP('',(#3772,#3773,#3779,#3780));
#3782=FACE_BOUND('',#3781,.T.);
#3783=ADVANCED_FACE('',(#3782),#3771,.F.);
#3784=CARTESIAN_POINT('',(508.839848603,224.5844138,-60.923881161));
#3785=DIRECTION('',(0.,0.,-1.));
#3786=DIRECTION('',(0.,-1.,-0.));
#3787=AXIS2_PLACEMENT_3D('',#3784,#3785,#3786);
#3788=PLANE('',#3787);
#3789=ORIENTED_EDGE('',*,*,#3778,.F.);
#3790=ORIENTED_EDGE('',*,*,#1278,.T.);
#3791=CARTESIAN_POINT('',(499.839848603,222.8844138,-60.923881161));
#3792=DIRECTION('',(1.,0.,0.));
#3793=VECTOR('',#3792,10.);
#3794=LINE('',#3791,#3793);
#3795=EDGE_CURVE('',#1265,#455,#3794,.T.);
#3796=ORIENTED_EDGE('',*,*,#3795,.T.);
#3797=ORIENTED_EDGE('',*,*,#460,.F.);
#3798=EDGE_LOOP('',(#3789,#3790,#3796,#3797));
#3799=FACE_BOUND('',#3798,.T.);
#3800=ADVANCED_FACE('',(#3799),#3788,.F.);
#3801=CARTESIAN_POINT('',(508.839848603,221.2344138,-62.601008522));
#3802=DIRECTION('',(0.,-0.712848403,0.701318154));
#3803=DIRECTION('',(-0.,0.701318154,0.712848403));
#3804=AXIS2_PLACEMENT_3D('',#3801,#3802,#3803);
#3805=PLANE('',#3804);
#3806=ORIENTED_EDGE('',*,*,#3795,.F.);
#3807=ORIENTED_EDGE('',*,*,#1270,.F.);
#3808=CARTESIAN_POINT('',(499.839848603,221.2344138,-62.601008522));
#3809=DIRECTION('',(1.,0.,0.));
#3810=VECTOR('',#3809,10.);
#3811=LINE('',#3808,#3810);
#3812=EDGE_CURVE('',#1257,#463,#3811,.T.);
#3813=ORIENTED_EDGE('',*,*,#3812,.T.);
#3814=ORIENTED_EDGE('',*,*,#468,.F.);
#3815=EDGE_LOOP('',(#3806,#3807,#3813,#3814));
#3816=FACE_BOUND('',#3815,.T.);
#3817=ADVANCED_FACE('',(#3816),#3805,.T.);
#3818=CARTESIAN_POINT('',(508.839848603,221.2344138,-62.601008522));
#3819=DIRECTION('',(-0.,1.,0.));
#3820=DIRECTION('',(0.,0.,-1.));
#3821=AXIS2_PLACEMENT_3D('',#3818,#3819,#3820);
#3822=PLANE('',#3821);
#3823=ORIENTED_EDGE('',*,*,#3812,.F.);
#3824=ORIENTED_EDGE('',*,*,#1262,.T.);
#3825=CARTESIAN_POINT('',(499.839848603,221.2344138,-68.401008522));
#3826=DIRECTION('',(1.,0.,0.));
#3827=VECTOR('',#3826,10.);
#3828=LINE('',#3825,#3827);
#3829=EDGE_CURVE('',#1249,#471,#3828,.T.);
#3830=ORIENTED_EDGE('',*,*,#3829,.T.);
#3831=ORIENTED_EDGE('',*,*,#476,.F.);
#3832=EDGE_LOOP('',(#3823,#3824,#3830,#3831));
#3833=FACE_BOUND('',#3832,.T.);
#3834=ADVANCED_FACE('',(#3833),#3822,.F.);
#3835=CARTESIAN_POINT('',(508.839848603,222.8844138,-70.078135883));
#3836=DIRECTION('',(0.,-0.712848403,-0.701318154));
#3837=DIRECTION('',(0.,-0.701318154,0.712848403));
#3838=AXIS2_PLACEMENT_3D('',#3835,#3836,#3837);
#3839=PLANE('',#3838);
#3840=ORIENTED_EDGE('',*,*,#3829,.F.);
#3841=ORIENTED_EDGE('',*,*,#1254,.F.);
#3842=CARTESIAN_POINT('',(499.839848603,222.8844138,-70.078135883));
#3843=DIRECTION('',(1.,0.,0.));
#3844=VECTOR('',#3843,10.);
#3845=LINE('',#3842,#3844);
#3846=EDGE_CURVE('',#1241,#479,#3845,.T.);
#3847=ORIENTED_EDGE('',*,*,#3846,.T.);
#3848=ORIENTED_EDGE('',*,*,#484,.F.);
#3849=EDGE_LOOP('',(#3840,#3841,#3847,#3848));
#3850=FACE_BOUND('',#3849,.T.);
#3851=ADVANCED_FACE('',(#3850),#3839,.T.);
#3852=CARTESIAN_POINT('',(508.839848603,222.8844138,-70.078135883));
#3853=DIRECTION('',(0.,-0.,1.));
#3854=DIRECTION('',(-0.,1.,0.));
#3855=AXIS2_PLACEMENT_3D('',#3852,#3853,#3854);
#3856=PLANE('',#3855);
#3857=ORIENTED_EDGE('',*,*,#3846,.F.);
#3858=ORIENTED_EDGE('',*,*,#1246,.T.);
#3859=CARTESIAN_POINT('',(499.839848603,224.5844138,-70.078135883));
#3860=DIRECTION('',(1.,0.,0.));
#3861=VECTOR('',#3860,10.);
#3862=LINE('',#3859,#3861);
#3863=EDGE_CURVE('',#1233,#487,#3862,.T.);
#3864=ORIENTED_EDGE('',*,*,#3863,.T.);
#3865=ORIENTED_EDGE('',*,*,#492,.F.);
#3866=EDGE_LOOP('',(#3857,#3858,#3864,#3865));
#3867=FACE_BOUND('',#3866,.T.);
#3868=ADVANCED_FACE('',(#3867),#3856,.F.);
#3869=CARTESIAN_POINT('',(508.839848603,224.5844138,-70.078135883));
#3870=DIRECTION('',(0.,-0.707106781,0.707106781));
#3871=DIRECTION('',(-0.,0.707106781,0.707106781));
#3872=AXIS2_PLACEMENT_3D('',#3869,#3870,#3871);
#3873=PLANE('',#3872);
#3874=ORIENTED_EDGE('',*,*,#3863,.F.);
#3875=ORIENTED_EDGE('',*,*,#1238,.T.);
#3876=CARTESIAN_POINT('',(499.839848603,224.9844138,-69.678135883));
#3877=DIRECTION('',(1.,0.,0.));
#3878=VECTOR('',#3877,10.);
#3879=LINE('',#3876,#3878);
#3880=EDGE_CURVE('',#1225,#495,#3879,.T.);
#3881=ORIENTED_EDGE('',*,*,#3880,.T.);
#3882=ORIENTED_EDGE('',*,*,#500,.F.);
#3883=EDGE_LOOP('',(#3874,#3875,#3881,#3882));
#3884=FACE_BOUND('',#3883,.T.);
#3885=ADVANCED_FACE('',(#3884),#3873,.F.);
#3886=CARTESIAN_POINT('',(508.839848603,224.9844138,-69.678135883));
#3887=DIRECTION('',(0.,-1.,-0.));
#3888=DIRECTION('',(0.,-0.,1.));
#3889=AXIS2_PLACEMENT_3D('',#3886,#3887,#3888);
#3890=PLANE('',#3889);
#3891=ORIENTED_EDGE('',*,*,#3880,.F.);
#3892=ORIENTED_EDGE('',*,*,#1230,.T.);
#3893=CARTESIAN_POINT('',(499.839848603,224.9844138,-68.423834191));
#3894=DIRECTION('',(1.,0.,0.));
#3895=VECTOR('',#3894,10.);
#3896=LINE('',#3893,#3895);
#3897=EDGE_CURVE('',#1217,#503,#3896,.T.);
#3898=ORIENTED_EDGE('',*,*,#3897,.T.);
#3899=ORIENTED_EDGE('',*,*,#508,.F.);
#3900=EDGE_LOOP('',(#3891,#3892,#3898,#3899));
#3901=FACE_BOUND('',#3900,.T.);
#3902=ADVANCED_FACE('',(#3901),#3890,.F.);
#3903=CARTESIAN_POINT('',(508.839848603,224.9844138,-68.423834191));
#3904=DIRECTION('',(0.,-0.,1.));
#3905=DIRECTION('',(-0.,1.,0.));
#3906=AXIS2_PLACEMENT_3D('',#3903,#3904,#3905);
#3907=PLANE('',#3906);
#3908=ORIENTED_EDGE('',*,*,#1222,.T.);
#3909=CARTESIAN_POINT('',(499.839848603,227.146992443,-68.423834191));
#3910=DIRECTION('',(1.,0.,-0.));
#3911=VECTOR('',#3910,10.);
#3912=LINE('',#3909,#3911);
#3913=EDGE_CURVE('',#1209,#511,#3912,.T.);
#3914=ORIENTED_EDGE('',*,*,#3913,.T.);
#3915=ORIENTED_EDGE('',*,*,#516,.F.);
#3916=ORIENTED_EDGE('',*,*,#3897,.F.);
#3917=EDGE_LOOP('',(#3908,#3914,#3915,#3916));
#3918=FACE_BOUND('',#3917,.T.);
#3919=ADVANCED_FACE('',(#3918),#3907,.F.);
#3920=CARTESIAN_POINT('',(498.839848603,227.146992443,-76.137421357));
#3921=DIRECTION('',(0.,1.,0.));
#3922=DIRECTION('',(0.,0.,-1.));
#3923=AXIS2_PLACEMENT_3D('',#3920,#3921,#3922);
#3924=PLANE('',#3923);
#3925=ORIENTED_EDGE('',*,*,#3913,.F.);
#3926=ORIENTED_EDGE('',*,*,#1214,.F.);
#3927=CARTESIAN_POINT('',(509.839848603,227.146992443,-75.737421357));
#3928=DIRECTION('',(-1.,-0.,-0.));
#3929=VECTOR('',#3928,10.);
#3930=LINE('',#3927,#3929);
#3931=EDGE_CURVE('',#519,#1201,#3930,.T.);
#3932=ORIENTED_EDGE('',*,*,#3931,.F.);
#3933=ORIENTED_EDGE('',*,*,#524,.T.);
#3934=EDGE_LOOP('',(#3925,#3926,#3932,#3933));
#3935=FACE_BOUND('',#3934,.T.);
#3936=ADVANCED_FACE('',(#3935),#3924,.F.);
#3937=CARTESIAN_POINT('',(508.839848603,227.346992443,-35.337421357));
#3938=DIRECTION('',(0.,0.,-1.));
#3939=DIRECTION('',(0.,-1.,0.));
#3940=AXIS2_PLACEMENT_3D('',#3937,#3938,#3939);
#3941=PLANE('',#3940);
#3942=ORIENTED_EDGE('',*,*,#3501,.F.);
#3943=ORIENTED_EDGE('',*,*,#1028,.F.);
#3944=CARTESIAN_POINT('',(489.839848603,227.346992443,-35.337421357));
#3945=DIRECTION('',(1.,0.,0.));
#3946=VECTOR('',#3945,10.);
#3947=LINE('',#3944,#3946);
#3948=EDGE_CURVE('',#1015,#1409,#3947,.T.);
#3949=ORIENTED_EDGE('',*,*,#3948,.T.);
#3950=ORIENTED_EDGE('',*,*,#1414,.T.);
#3951=ORIENTED_EDGE('',*,*,#3523,.T.);
#3952=ORIENTED_EDGE('',*,*,#324,.F.);
#3953=EDGE_LOOP('',(#3942,#3943,#3949,#3950,#3951,#3952));
#3954=FACE_BOUND('',#3953,.T.);
#3955=ADVANCED_FACE('',(#3954),#3941,.T.);
#3956=CARTESIAN_POINT('',(498.839848603,219.878405278,-75.637421357));
#3957=DIRECTION('',(0.,-1.,0.));
#3958=DIRECTION('',(-0.,0.,1.));
#3959=AXIS2_PLACEMENT_3D('',#3956,#3957,#3958);
#3960=PLANE('',#3959);
#3961=CARTESIAN_POINT('',(509.839848603,219.878405278,-73.574842713));
#3962=DIRECTION('',(-1.,0.,-0.));
#3963=VECTOR('',#3962,20.);
#3964=LINE('',#3961,#3963);
#3965=EDGE_CURVE('',#535,#2271,#3964,.T.);
#3966=ORIENTED_EDGE('',*,*,#3965,.F.);
#3967=ORIENTED_EDGE('',*,*,#540,.F.);
#3968=CARTESIAN_POINT('',(509.839848603,219.878405278,-75.737421357));
#3969=DIRECTION('',(-1.,-0.,-0.));
#3970=VECTOR('',#3969,20.);
#3971=LINE('',#3968,#3970);
#3972=EDGE_CURVE('',#527,#2279,#3971,.T.);
#3973=ORIENTED_EDGE('',*,*,#3972,.T.);
#3974=ORIENTED_EDGE('',*,*,#2284,.T.);
#3975=EDGE_LOOP('',(#3966,#3967,#3973,#3974));
#3976=FACE_BOUND('',#3975,.T.);
#3977=ADVANCED_FACE('',(#3976),#3960,.F.);
#3978=CARTESIAN_POINT('',(498.839848603,219.878405278,-73.574842713));
#3979=DIRECTION('',(-0.,0.,1.));
#3980=DIRECTION('',(0.,1.,0.));
#3981=AXIS2_PLACEMENT_3D('',#3978,#3979,#3980);
#3982=PLANE('',#3981);
#3983=CARTESIAN_POINT('',(509.839848603,221.205532639,-73.574842713));
#3984=DIRECTION('',(-1.,-0.,-0.));
#3985=VECTOR('',#3984,20.);
#3986=LINE('',#3983,#3985);
#3987=EDGE_CURVE('',#543,#2263,#3986,.T.);
#3988=ORIENTED_EDGE('',*,*,#3987,.F.);
#3989=ORIENTED_EDGE('',*,*,#548,.F.);
#3990=ORIENTED_EDGE('',*,*,#3965,.T.);
#3991=ORIENTED_EDGE('',*,*,#2276,.T.);
#3992=EDGE_LOOP('',(#3988,#3989,#3990,#3991));
#3993=FACE_BOUND('',#3992,.T.);
#3994=ADVANCED_FACE('',(#3993),#3982,.F.);
#3995=CARTESIAN_POINT('',(498.839848603,221.205532639,-73.574842713));
#3996=DIRECTION('',(-0.,-0.707106781,0.707106781));
#3997=DIRECTION('',(-0.,0.707106781,0.707106781));
#3998=AXIS2_PLACEMENT_3D('',#3995,#3996,#3997);
#3999=PLANE('',#3998);
#4000=CARTESIAN_POINT('',(509.839848603,221.605532639,-73.174842713));
#4001=DIRECTION('',(-1.,-0.,-0.));
#4002=VECTOR('',#4001,20.);
#4003=LINE('',#4000,#4002);
#4004=EDGE_CURVE('',#551,#2255,#4003,.T.);
#4005=ORIENTED_EDGE('',*,*,#4004,.F.);
#4006=ORIENTED_EDGE('',*,*,#556,.F.);
#4007=ORIENTED_EDGE('',*,*,#3987,.T.);
#4008=ORIENTED_EDGE('',*,*,#2268,.T.);
#4009=EDGE_LOOP('',(#4005,#4006,#4007,#4008));
#4010=FACE_BOUND('',#4009,.T.);
#4011=ADVANCED_FACE('',(#4010),#3999,.F.);
#4012=CARTESIAN_POINT('',(498.839848603,221.605532639,-73.174842713));
#4013=DIRECTION('',(0.,-1.,0.));
#4014=DIRECTION('',(-0.,0.,1.));
#4015=AXIS2_PLACEMENT_3D('',#4012,#4013,#4014);
#4016=PLANE('',#4015);
#4017=CARTESIAN_POINT('',(509.839848603,221.605532639,-71.474842713));
#4018=DIRECTION('',(-1.,0.,-0.));
#4019=VECTOR('',#4018,20.);
#4020=LINE('',#4017,#4019);
#4021=EDGE_CURVE('',#559,#2247,#4020,.T.);
#4022=ORIENTED_EDGE('',*,*,#4021,.F.);
#4023=ORIENTED_EDGE('',*,*,#564,.F.);
#4024=ORIENTED_EDGE('',*,*,#4004,.T.);
#4025=ORIENTED_EDGE('',*,*,#2260,.T.);
#4026=EDGE_LOOP('',(#4022,#4023,#4024,#4025));
#4027=FACE_BOUND('',#4026,.T.);
#4028=ADVANCED_FACE('',(#4027),#4016,.F.);
#4029=CARTESIAN_POINT('',(498.839848603,219.928405278,-69.824842713));
#4030=DIRECTION('',(-0.,0.701318154,0.712848403));
#4031=DIRECTION('',(0.,0.712848403,-0.701318154));
#4032=AXIS2_PLACEMENT_3D('',#4029,#4030,#4031);
#4033=PLANE('',#4032);
#4034=CARTESIAN_POINT('',(509.839848603,219.928405278,-69.824842713));
#4035=DIRECTION('',(-1.,0.,-0.));
#4036=VECTOR('',#4035,20.);
#4037=LINE('',#4034,#4036);
#4038=EDGE_CURVE('',#567,#2239,#4037,.T.);
#4039=ORIENTED_EDGE('',*,*,#4038,.F.);
#4040=ORIENTED_EDGE('',*,*,#572,.F.);
#4041=ORIENTED_EDGE('',*,*,#4021,.T.);
#4042=ORIENTED_EDGE('',*,*,#2252,.F.);
#4043=EDGE_LOOP('',(#4039,#4040,#4041,#4042));
#4044=FACE_BOUND('',#4043,.T.);
#4045=ADVANCED_FACE('',(#4044),#4033,.T.);
#4046=CARTESIAN_POINT('',(498.839848603,219.928405278,-69.824842713));
#4047=DIRECTION('',(0.,0.,-1.));
#4048=DIRECTION('',(0.,-1.,0.));
#4049=AXIS2_PLACEMENT_3D('',#4046,#4047,#4048);
#4050=PLANE('',#4049);
#4051=CARTESIAN_POINT('',(509.839848603,214.128405278,-69.824842713));
#4052=DIRECTION('',(-1.,0.,-0.));
#4053=VECTOR('',#4052,20.);
#4054=LINE('',#4051,#4053);
#4055=EDGE_CURVE('',#575,#2231,#4054,.T.);
#4056=ORIENTED_EDGE('',*,*,#4055,.F.);
#4057=ORIENTED_EDGE('',*,*,#580,.F.);
#4058=ORIENTED_EDGE('',*,*,#4038,.T.);
#4059=ORIENTED_EDGE('',*,*,#2244,.T.);
#4060=EDGE_LOOP('',(#4056,#4057,#4058,#4059));
#4061=FACE_BOUND('',#4060,.T.);
#4062=ADVANCED_FACE('',(#4061),#4050,.F.);
#4063=CARTESIAN_POINT('',(498.839848603,212.451277916,-71.474842713));
#4064=DIRECTION('',(-0.,-0.701318154,0.712848403));
#4065=DIRECTION('',(-0.,0.712848403,0.701318154));
#4066=AXIS2_PLACEMENT_3D('',#4063,#4064,#4065);
#4067=PLANE('',#4066);
#4068=CARTESIAN_POINT('',(509.839848603,212.451277916,-71.474842713));
#4069=DIRECTION('',(-1.,0.,-0.));
#4070=VECTOR('',#4069,20.);
#4071=LINE('',#4068,#4070);
#4072=EDGE_CURVE('',#583,#2223,#4071,.T.);
#4073=ORIENTED_EDGE('',*,*,#4072,.F.);
#4074=ORIENTED_EDGE('',*,*,#588,.F.);
#4075=ORIENTED_EDGE('',*,*,#4055,.T.);
#4076=ORIENTED_EDGE('',*,*,#2236,.F.);
#4077=EDGE_LOOP('',(#4073,#4074,#4075,#4076));
#4078=FACE_BOUND('',#4077,.T.);
#4079=ADVANCED_FACE('',(#4078),#4067,.T.);
#4080=CARTESIAN_POINT('',(498.839848603,212.451277916,-71.474842713));
#4081=DIRECTION('',(0.,1.,0.));
#4082=DIRECTION('',(0.,0.,-1.));
#4083=AXIS2_PLACEMENT_3D('',#4080,#4081,#4082);
#4084=PLANE('',#4083);
#4085=CARTESIAN_POINT('',(509.839848603,212.451277916,-73.174842713));
#4086=DIRECTION('',(-1.,-0.,-0.));
#4087=VECTOR('',#4086,20.);
#4088=LINE('',#4085,#4087);
#4089=EDGE_CURVE('',#591,#2215,#4088,.T.);
#4090=ORIENTED_EDGE('',*,*,#4089,.F.);
#4091=ORIENTED_EDGE('',*,*,#596,.F.);
#4092=ORIENTED_EDGE('',*,*,#4072,.T.);
#4093=ORIENTED_EDGE('',*,*,#2228,.T.);
#4094=EDGE_LOOP('',(#4090,#4091,#4092,#4093));
#4095=FACE_BOUND('',#4094,.T.);
#4096=ADVANCED_FACE('',(#4095),#4084,.F.);
#4097=CARTESIAN_POINT('',(498.839848603,212.451277916,-73.174842713));
#4098=DIRECTION('',(-0.,0.707106781,0.707106781));
#4099=DIRECTION('',(0.,0.707106781,-0.707106781));
#4100=AXIS2_PLACEMENT_3D('',#4097,#4098,#4099);
#4101=PLANE('',#4100);
#4102=CARTESIAN_POINT('',(509.839848603,212.851277916,-73.574842713));
#4103=DIRECTION('',(-1.,-0.,-0.));
#4104=VECTOR('',#4103,20.);
#4105=LINE('',#4102,#4104);
#4106=EDGE_CURVE('',#599,#2207,#4105,.T.);
#4107=ORIENTED_EDGE('',*,*,#4106,.F.);
#4108=ORIENTED_EDGE('',*,*,#604,.F.);
#4109=ORIENTED_EDGE('',*,*,#4089,.T.);
#4110=ORIENTED_EDGE('',*,*,#2220,.T.);
#4111=EDGE_LOOP('',(#4107,#4108,#4109,#4110));
#4112=FACE_BOUND('',#4111,.T.);
#4113=ADVANCED_FACE('',(#4112),#4101,.F.);
#4114=CARTESIAN_POINT('',(498.839848603,212.851277916,-73.574842713));
#4115=DIRECTION('',(-0.,0.,1.));
#4116=DIRECTION('',(0.,1.,0.));
#4117=AXIS2_PLACEMENT_3D('',#4114,#4115,#4116);
#4118=PLANE('',#4117);
#4119=CARTESIAN_POINT('',(509.839848603,214.105579608,-73.574842713));
#4120=DIRECTION('',(-1.,0.,-0.));
#4121=VECTOR('',#4120,20.);
#4122=LINE('',#4119,#4121);
#4123=EDGE_CURVE('',#607,#2199,#4122,.T.);
#4124=ORIENTED_EDGE('',*,*,#4123,.F.);
#4125=ORIENTED_EDGE('',*,*,#612,.F.);
#4126=ORIENTED_EDGE('',*,*,#4106,.T.);
#4127=ORIENTED_EDGE('',*,*,#2212,.T.);
#4128=EDGE_LOOP('',(#4124,#4125,#4126,#4127));
#4129=FACE_BOUND('',#4128,.T.);
#4130=ADVANCED_FACE('',(#4129),#4118,.F.);
#4131=CARTESIAN_POINT('',(498.839848603,214.105579608,-73.574842713));
#4132=DIRECTION('',(0.,1.,0.));
#4133=DIRECTION('',(0.,0.,-1.));
#4134=AXIS2_PLACEMENT_3D('',#4131,#4132,#4133);
#4135=PLANE('',#4134);
#4136=CARTESIAN_POINT('',(509.839848603,214.105579608,-75.737421357));
#4137=DIRECTION('',(-1.,-0.,-0.));
#4138=VECTOR('',#4137,20.);
#4139=LINE('',#4136,#4138);
#4140=EDGE_CURVE('',#615,#2191,#4139,.T.);
#4141=ORIENTED_EDGE('',*,*,#4140,.F.);
#4142=ORIENTED_EDGE('',*,*,#620,.F.);
#4143=ORIENTED_EDGE('',*,*,#4123,.T.);
#4144=ORIENTED_EDGE('',*,*,#2204,.T.);
#4145=EDGE_LOOP('',(#4141,#4142,#4143,#4144));
#4146=FACE_BOUND('',#4145,.T.);
#4147=ADVANCED_FACE('',(#4146),#4135,.F.);
#4148=CARTESIAN_POINT('',(498.839848603,207.346992443,-75.737421357));
#4149=DIRECTION('',(-0.,0.,1.));
#4150=DIRECTION('',(0.,1.,0.));
#4151=AXIS2_PLACEMENT_3D('',#4148,#4149,#4150);
#4152=PLANE('',#4151);
#4153=CARTESIAN_POINT('',(509.839848603,207.346992443,-75.737421357));
#4154=DIRECTION('',(-1.,0.,-0.));
#4155=VECTOR('',#4154,20.);
#4156=LINE('',#4153,#4155);
#4157=EDGE_CURVE('',#623,#2183,#4156,.T.);
#4158=ORIENTED_EDGE('',*,*,#4157,.F.);
#4159=ORIENTED_EDGE('',*,*,#628,.F.);
#4160=ORIENTED_EDGE('',*,*,#4140,.T.);
#4161=ORIENTED_EDGE('',*,*,#2196,.F.);
#4162=EDGE_LOOP('',(#4158,#4159,#4160,#4161));
#4163=FACE_BOUND('',#4162,.T.);
#4164=ADVANCED_FACE('',(#4163),#4152,.T.);
#4165=CARTESIAN_POINT('',(499.054148693,207.346992443,-35.037421357));
#4166=DIRECTION('',(-0.,-1.,0.));
#4167=DIRECTION('',(1.,-0.,0.));
#4168=AXIS2_PLACEMENT_3D('',#4165,#4166,#4167);
#4169=PLANE('',#4168);
#4170=ORIENTED_EDGE('',*,*,#2329,.F.);
#4171=ORIENTED_EDGE('',*,*,#636,.T.);
#4172=ORIENTED_EDGE('',*,*,#4157,.T.);
#4173=ORIENTED_EDGE('',*,*,#2188,.T.);
#4174=EDGE_LOOP('',(#4170,#4171,#4172,#4173));
#4175=FACE_BOUND('',#4174,.T.);
#4176=ADVANCED_FACE('',(#4175),#4169,.T.);
#4177=CARTESIAN_POINT('',(498.839848603,219.878405278,-75.737421357));
#4178=DIRECTION('',(-0.,0.,1.));
#4179=DIRECTION('',(0.,1.,0.));
#4180=AXIS2_PLACEMENT_3D('',#4177,#4178,#4179);
#4181=PLANE('',#4180);
#4182=ORIENTED_EDGE('',*,*,#3972,.F.);
#4183=ORIENTED_EDGE('',*,*,#532,.F.);
#4184=ORIENTED_EDGE('',*,*,#3931,.T.);
#4185=ORIENTED_EDGE('',*,*,#1206,.F.);
#4186=CARTESIAN_POINT('',(499.839848603,227.346992443,-75.737421357));
#4187=DIRECTION('',(-1.,0.,-0.));
#4188=VECTOR('',#4187,10.);
#4189=LINE('',#4186,#4188);
#4190=EDGE_CURVE('',#1193,#2287,#4189,.T.);
#4191=ORIENTED_EDGE('',*,*,#4190,.T.);
#4192=ORIENTED_EDGE('',*,*,#2292,.F.);
#4193=EDGE_LOOP('',(#4182,#4183,#4184,#4185,#4191,#4192));
#4194=FACE_BOUND('',#4193,.T.);
#4195=ADVANCED_FACE('',(#4194),#4181,.T.);
#4196=CARTESIAN_POINT('',(508.839848603,227.346992443,-34.037421356));
#4197=DIRECTION('',(0.,1.,0.));
#4198=DIRECTION('',(0.,0.,-1.));
#4199=AXIS2_PLACEMENT_3D('',#4196,#4197,#4198);
#4200=PLANE('',#4199);
#4201=ORIENTED_EDGE('',*,*,#1420,.T.);
#4202=ORIENTED_EDGE('',*,*,#3948,.F.);
#4203=ORIENTED_EDGE('',*,*,#1020,.F.);
#4204=ORIENTED_EDGE('',*,*,#48,.T.);
#4205=EDGE_LOOP('',(#4201,#4202,#4203,#4204));
#4206=FACE_BOUND('',#4205,.T.);
#4207=ADVANCED_FACE('',(#4206),#4200,.T.);
#4208=CARTESIAN_POINT('',(498.839848603,227.346992443,-76.137421357));
#4209=DIRECTION('',(0.,1.,0.));
#4210=DIRECTION('',(0.,0.,-1.));
#4211=AXIS2_PLACEMENT_3D('',#4208,#4209,#4210);
#4212=PLANE('',#4211);
#4213=ORIENTED_EDGE('',*,*,#1198,.F.);
#4214=ORIENTED_EDGE('',*,*,#2374,.T.);
#4215=ORIENTED_EDGE('',*,*,#2300,.F.);
#4216=ORIENTED_EDGE('',*,*,#4190,.F.);
#4217=EDGE_LOOP('',(#4213,#4214,#4215,#4216));
#4218=FACE_BOUND('',#4217,.T.);
#4219=ADVANCED_FACE('',(#4218),#4212,.T.);
#4220=CARTESIAN_POINT('',(504.839848603,318.231430465,-52.910575789));
#4221=DIRECTION('',(-1.,0.,-0.));
#4222=DIRECTION('',(-0.,0.,1.));
#4223=AXIS2_PLACEMENT_3D('',#4220,#4221,#4222);
#4224=CYLINDRICAL_SURFACE('',#4223,10.);
#4225=ORIENTED_EDGE('',*,*,#659,.F.);
#4226=ORIENTED_EDGE('',*,*,#3261,.F.);
#4227=ORIENTED_EDGE('',*,*,#1158,.F.);
#4228=ORIENTED_EDGE('',*,*,#1003,.F.);
#4229=EDGE_LOOP('',(#4225,#4226,#4227,#4228));
#4230=FACE_BOUND('',#4229,.T.);
#4231=ADVANCED_FACE('',(#4230),#4224,.T.);
#4232=CARTESIAN_POINT('',(504.839848603,313.032922775,-39.537421357));
#4233=DIRECTION('',(-1.,0.,-0.));
#4234=DIRECTION('',(-0.,0.,1.));
#4235=AXIS2_PLACEMENT_3D('',#4232,#4233,#4234);
#4236=CYLINDRICAL_SURFACE('',#4235,10.);
#4237=ORIENTED_EDGE('',*,*,#211,.F.);
#4238=ORIENTED_EDGE('',*,*,#996,.F.);
#4239=ORIENTED_EDGE('',*,*,#1148,.F.);
#4240=ORIENTED_EDGE('',*,*,#119,.F.);
#4241=EDGE_LOOP('',(#4237,#4238,#4239,#4240));
#4242=FACE_BOUND('',#4241,.T.);
#4243=ADVANCED_FACE('',(#4242),#4236,.T.);
#4244=CLOSED_SHELL('',(#66,#97,#144,#918,#1007,#1136,#1966,#1988,#2021,#2038,#2071,#2088,#2121,#2138,#2166,#2318,#2347,#2364,#2381,#2748,#3250,#3267,#3285,#3302,#3319,#3336,
#3353,#3370,#3387,#3404,#3421,#3438,#3455,#3472,#3489,#3506,#3528,#3545,#3562,#3579,#3596,#3613,#3630,#3647,#3664,#3681,#3698,#3715,#3732,#3749,#3766,
#3783,#3800,#3817,#3834,#3851,#3868,#3885,#3902,#3919,#3936,#3955,#3977,#3994,#4011,#4028,#4045,#4062,#4079,#4096,#4113,#4130,#4147,#4164,#4176,#4195,
#4207,#4219,#4231,#4243));
#4245=MANIFOLD_SOLID_BREP('rear bearing holder tool-less left',#4244);
#4246=COLOUR_RGB('',0.400000006,0.745098054,0.450980395);
#4247=FILL_AREA_STYLE_COLOUR('',#4246);
#4248=FILL_AREA_STYLE('',(#4247));
#4249=SURFACE_STYLE_FILL_AREA(#4248);
#4250=SURFACE_SIDE_STYLE('',(#4249));
#4251=SURFACE_STYLE_USAGE(.BOTH.,#4250);
#4252=PRESENTATION_STYLE_ASSIGNMENT((#4251));
#26=STYLED_ITEM('',(#4252),#4245);
#16=SHAPE_REPRESENTATION('rear bearing holder tool-less left',(#15),#10);
#17=ADVANCED_BREP_SHAPE_REPRESENTATION('rear bearing holder tool-less left',(#4245),#10);
#4260=SHAPE_REPRESENTATION_RELATIONSHIP('','',#16,#17);
#4261=CARTESIAN_POINT('',(0.,0.,0.));
#4262=DIRECTION('',(0.,0.,1.));
#4263=DIRECTION('',(1.,0.,0.));
#4264=AXIS2_PLACEMENT_3D('',#4261,#4262,#4263);
#4266=MAPPED_ITEM('',#4265,#4264);
#4265=REPRESENTATION_MAP(#4264,#16);
#4267=APPLICATION_CONTEXT('Managed model based 3d engineering');
#4268=APPLICATION_PROTOCOL_DEFINITION('international standard','ap242_managed_model_based_3d_engineering',2014,#4267);
#4269=PRODUCT_CONTEXT('',#4267,'mechanical');
#4270=PRODUCT_DEFINITION_CONTEXT('part definition',#4267,'design');
#24=PRODUCT('rear bearing holder tool-less left','rear bearing holder tool-less left','',(#4269));
#4271=PRODUCT_RELATED_PRODUCT_CATEGORY('part','',(#24));
#4272=PRODUCT_DEFINITION_FORMATION_WITH_SPECIFIED_SOURCE('','',#24,.NOT_KNOWN.);
#25=PRODUCT_DEFINITION('design','',#4272,#4270);
#23=PRODUCT_DEFINITION_SHAPE('','',#25);
#4273=SHAPE_DEFINITION_REPRESENTATION(#23,#16);
#11=DRAUGHTING_MODEL('',(#4266),#10);
#4274=DESCRIPTIVE_REPRESENTATION_ITEM('KEY','C:\\Users\\cdeit\\AppData\\Local\\Packages\\Shapr3D.Shapr3D_j403pzjkqtqbj\\TempState\\2f340774-b50a-4021-86b0-d9685964dda4.tmp');
#4275=PROPERTY_DEFINITION('KEY','',#25);
#4276=REPRESENTATION('',(#4274),#10);
#4277=PROPERTY_DEFINITION_REPRESENTATION(#4275,#4276);
#4278=GENERAL_PROPERTY('','KEY','');
#4279=GENERAL_PROPERTY_ASSOCIATION('','',#4278,#4275);
#1=MECHANICAL_DESIGN_GEOMETRIC_PRESENTATION_REPRESENTATION('',(#26),#10);
ENDSEC;
END-ISO-10303-21;
